ISO-10303-21;
HEADER;
FILE_DESCRIPTION(('FreeCAD Model'),'2;1');
FILE_NAME('Open CASCADE Shape Model','2026-09-24T18:20:21',('FreeCAD'),(
    'FreeCAD'),'Open CASCADE STEP processor 7.8','FreeCAD','Unknown');
FILE_SCHEMA(('AUTOMOTIVE_DESIGN { 1 0 10303 214 1 1 1 1 }'));
ENDSEC;
DATA;
#1 = APPLICATION_PROTOCOL_DEFINITION('international standard',
  'automotive_design',2000,#2);
#2 = APPLICATION_CONTEXT(
  'core data for automotive mechanical design processes');
#3 = SHAPE_DEFINITION_REPRESENTATION(#4,#10);
#4 = PRODUCT_DEFINITION_SHAPE('','',#5);
#5 = PRODUCT_DEFINITION('design','',#6,#9);
#6 = PRODUCT_DEFINITION_FORMATION('','',#7);
#7 = PRODUCT('Open CASCADE STEP translator 7.8 1',
  'Open CASCADE STEP translator 7.8 1','',(#8));
#8 = PRODUCT_CONTEXT('',#2,'mechanical');
#9 = PRODUCT_DEFINITION_CONTEXT('part definition',#2,'design');
#10 = ADVANCED_BREP_SHAPE_REPRESENTATION('',(#11,#15),#8484);
#11 = AXIS2_PLACEMENT_3D('',#12,#13,#14);
#12 = CARTESIAN_POINT('',(0.,0.,0.));
#13 = DIRECTION('',(0.,0.,1.));
#14 = DIRECTION('',(1.,0.,-0.));
#15 = MANIFOLD_SOLID_BREP('',#16);
#16 = CLOSED_SHELL('',(#17,#597,#796,#821,#846,#897,#928,#952,#976,#993,
    #1024,#1049,#1071,#1093,#1115,#1140,#1165,#1187,#1209,#1225,#1253,
    #1278,#1303,#1328,#1353,#1378,#1403,#1428,#1453,#1478,#1503,#1528,
    #1553,#1578,#1603,#1628,#1653,#1678,#1703,#1725,#1750,#1775,#1800,
    #1825,#1850,#1875,#1900,#1925,#1950,#1975,#2000,#2025,#2050,#2075,
    #2100,#2125,#2150,#2175,#2200,#2225,#2250,#2269,#2297,#2319,#2344,
    #2369,#2394,#2419,#2441,#2466,#2491,#2516,#2541,#2557,#2778,#2999,
    #3016,#3033,#3622,#3647,#3672,#3907,#3932,#3967,#4002,#4027,#4073,
    #4301,#4329,#4354,#4379,#4397,#4447,#4569,#4591,#4608,#4625,#4637,
    #4659,#4676,#4693,#4705,#4727,#4744,#4761,#4773,#4795,#4812,#4829,
    #4841,#4863,#4880,#4897,#4909,#4931,#4948,#4965,#4977,#4999,#5016,
    #5033,#5045,#5067,#5084,#5101,#5113,#5135,#5152,#5169,#5181,#5203,
    #5220,#5237,#5249,#5271,#5288,#5305,#5317,#5339,#5356,#5373,#5385,
    #5413,#5438,#5463,#5488,#5513,#5538,#5563,#5585,#5610,#5635,#5660,
    #5685,#5710,#5729,#5757,#5782,#5807,#5832,#5854,#5870,#5887,#5915,
    #5937,#5962,#5984,#6009,#6031,#6053,#6075,#6097,#6113,#6141,#6166,
    #6191,#6216,#6241,#6263,#6285,#6307,#6329,#6351,#6373,#6395,#6417,
    #6433,#6464,#6489,#6514,#6539,#6564,#6589,#6614,#6639,#6664,#6689,
    #6714,#6739,#6764,#6786,#6811,#6836,#6861,#6886,#6911,#6936,#6961,
    #6986,#7011,#7036,#7061,#7083,#7105,#7127,#7143,#7152,#7161,#7239,
    #7248,#7257,#7285,#7307,#7332,#7357,#7382,#7407,#7423,#7451,#7473,
    #7498,#7523,#7548,#7564,#7586,#7655,#7673,#7743,#7780,#7805,#7830,
    #7845,#7859,#7887,#7909,#7934,#7959,#7984,#8009,#8025,#8053,#8075,
    #8100,#8125,#8150,#8169,#8189,#8209,#8224,#8238,#8263,#8288,#8297,
    #8306,#8340,#8361,#8386,#8395,#8429,#8450,#8475));
#17 = ADVANCED_FACE('',(#18,#52,#86,#162,#498),#592,.F.);
#18 = FACE_BOUND('',#19,.F.);
#19 = EDGE_LOOP('',(#20,#30,#38,#46));
#20 = ORIENTED_EDGE('',*,*,#21,.F.);
#21 = EDGE_CURVE('',#22,#24,#26,.T.);
#22 = VERTEX_POINT('',#23);
#23 = CARTESIAN_POINT('',(-63.88,-39.56,53.4));
#24 = VERTEX_POINT('',#25);
#25 = CARTESIAN_POINT('',(-63.88,39.56,53.4));
#26 = LINE('',#27,#28);
#27 = CARTESIAN_POINT('',(-63.88,-42.74,53.4));
#28 = VECTOR('',#29,1.);
#29 = DIRECTION('',(-0.,1.,0.));
#30 = ORIENTED_EDGE('',*,*,#31,.F.);
#31 = EDGE_CURVE('',#32,#22,#34,.T.);
#32 = VERTEX_POINT('',#33);
#33 = CARTESIAN_POINT('',(-63.88,-39.56,0.));
#34 = LINE('',#35,#36);
#35 = CARTESIAN_POINT('',(-63.88,-39.56,0.));
#36 = VECTOR('',#37,1.);
#37 = DIRECTION('',(0.,0.,1.));
#38 = ORIENTED_EDGE('',*,*,#39,.T.);
#39 = EDGE_CURVE('',#32,#40,#42,.T.);
#40 = VERTEX_POINT('',#41);
#41 = CARTESIAN_POINT('',(-63.88,39.56,0.));
#42 = LINE('',#43,#44);
#43 = CARTESIAN_POINT('',(-63.88,-42.74,0.));
#44 = VECTOR('',#45,1.);
#45 = DIRECTION('',(-0.,1.,0.));
#46 = ORIENTED_EDGE('',*,*,#47,.T.);
#47 = EDGE_CURVE('',#40,#24,#48,.T.);
#48 = LINE('',#49,#50);
#49 = CARTESIAN_POINT('',(-63.88,39.56,0.));
#50 = VECTOR('',#51,1.);
#51 = DIRECTION('',(0.,0.,1.));
#52 = FACE_BOUND('',#53,.F.);
#53 = EDGE_LOOP('',(#54,#64,#72,#80));
#54 = ORIENTED_EDGE('',*,*,#55,.T.);
#55 = EDGE_CURVE('',#56,#58,#60,.T.);
#56 = VERTEX_POINT('',#57);
#57 = CARTESIAN_POINT('',(-63.88,20.5,18.3));
#58 = VERTEX_POINT('',#59);
#59 = CARTESIAN_POINT('',(-63.88,9.5,18.3));
#60 = LINE('',#61,#62);
#61 = CARTESIAN_POINT('',(-63.88,-16.62,18.3));
#62 = VECTOR('',#63,1.);
#63 = DIRECTION('',(0.,-1.,0.));
#64 = ORIENTED_EDGE('',*,*,#65,.T.);
#65 = EDGE_CURVE('',#58,#66,#68,.T.);
#66 = VERTEX_POINT('',#67);
#67 = CARTESIAN_POINT('',(-63.88,9.5,24.3));
#68 = LINE('',#69,#70);
#69 = CARTESIAN_POINT('',(-63.88,9.5,9.15));
#70 = VECTOR('',#71,1.);
#71 = DIRECTION('',(0.,0.,1.));
#72 = ORIENTED_EDGE('',*,*,#73,.F.);
#73 = EDGE_CURVE('',#74,#66,#76,.T.);
#74 = VERTEX_POINT('',#75);
#75 = CARTESIAN_POINT('',(-63.88,20.5,24.3));
#76 = LINE('',#77,#78);
#77 = CARTESIAN_POINT('',(-63.88,-16.62,24.3));
#78 = VECTOR('',#79,1.);
#79 = DIRECTION('',(0.,-1.,0.));
#80 = ORIENTED_EDGE('',*,*,#81,.F.);
#81 = EDGE_CURVE('',#56,#74,#82,.T.);
#82 = LINE('',#83,#84);
#83 = CARTESIAN_POINT('',(-63.88,20.5,9.15));
#84 = VECTOR('',#85,1.);
#85 = DIRECTION('',(0.,0.,1.));
#86 = FACE_BOUND('',#87,.F.);
#87 = EDGE_LOOP('',(#88,#98,#105,#112,#119,#127,#135,#142,#149,#156));
#88 = ORIENTED_EDGE('',*,*,#89,.F.);
#89 = EDGE_CURVE('',#90,#92,#94,.T.);
#90 = VERTEX_POINT('',#91);
#91 = CARTESIAN_POINT('',(-63.88,16.487077826725,28.587812041116));
#92 = VERTEX_POINT('',#93);
#93 = CARTESIAN_POINT('',(-63.88,17.813069016153,27.164757709251));
#94 = B_SPLINE_CURVE_WITH_KNOTS('',2,(#95,#96,#97),.UNSPECIFIED.,.F.,.F.
  ,(3,3),(0.,1.),.PIECEWISE_BEZIER_KNOTS.);
#95 = CARTESIAN_POINT('',(-63.88,16.487077826725,28.587812041116));
#96 = CARTESIAN_POINT('',(-63.88,16.487077826725,27.164757709251));
#97 = CARTESIAN_POINT('',(-63.88,17.813069016153,27.164757709251));
#98 = ORIENTED_EDGE('',*,*,#99,.F.);
#99 = EDGE_CURVE('',#100,#90,#102,.T.);
#100 = VERTEX_POINT('',#101);
#101 = CARTESIAN_POINT('',(-63.88,16.487077826725,30.378854625551));
#102 = B_SPLINE_CURVE_WITH_KNOTS('',1,(#103,#104),.UNSPECIFIED.,.F.,.F.,
  (2,2),(0.,1.791042584435),.PIECEWISE_BEZIER_KNOTS.);
#103 = CARTESIAN_POINT('',(-63.88,16.487077826725,30.378854625551));
#104 = CARTESIAN_POINT('',(-63.88,16.487077826725,28.587812041116));
#105 = ORIENTED_EDGE('',*,*,#106,.F.);
#106 = EDGE_CURVE('',#107,#100,#109,.T.);
#107 = VERTEX_POINT('',#108);
#108 = CARTESIAN_POINT('',(-63.88,17.198531571219,30.378854625551));
#109 = B_SPLINE_CURVE_WITH_KNOTS('',1,(#110,#111),.UNSPECIFIED.,.F.,.F.,
  (2,2),(0.,0.711453744493),.PIECEWISE_BEZIER_KNOTS.);
#110 = CARTESIAN_POINT('',(-63.88,17.198531571219,30.378854625551));
#111 = CARTESIAN_POINT('',(-63.88,16.487077826725,30.378854625551));
#112 = ORIENTED_EDGE('',*,*,#113,.F.);
#113 = EDGE_CURVE('',#114,#107,#116,.T.);
#114 = VERTEX_POINT('',#115);
#115 = CARTESIAN_POINT('',(-63.88,17.198531571219,28.51953010279));
#116 = B_SPLINE_CURVE_WITH_KNOTS('',1,(#117,#118),.UNSPECIFIED.,.F.,.F.,
  (2,2),(0.,1.859324522761),.PIECEWISE_BEZIER_KNOTS.);
#117 = CARTESIAN_POINT('',(-63.88,17.198531571219,28.51953010279));
#118 = CARTESIAN_POINT('',(-63.88,17.198531571219,30.378854625551));
#119 = ORIENTED_EDGE('',*,*,#120,.F.);
#120 = EDGE_CURVE('',#121,#114,#123,.T.);
#121 = VERTEX_POINT('',#122);
#122 = CARTESIAN_POINT('',(-63.88,17.786637298091,27.779295154185));
#123 = B_SPLINE_CURVE_WITH_KNOTS('',2,(#124,#125,#126),.UNSPECIFIED.,.F.
  ,.F.,(3,3),(0.,1.),.PIECEWISE_BEZIER_KNOTS.);
#124 = CARTESIAN_POINT('',(-63.88,17.786637298091,27.779295154185));
#125 = CARTESIAN_POINT('',(-63.88,17.198531571219,27.779295154185));
#126 = CARTESIAN_POINT('',(-63.88,17.198531571219,28.51953010279));
#127 = ORIENTED_EDGE('',*,*,#128,.F.);
#128 = EDGE_CURVE('',#129,#121,#131,.T.);
#129 = VERTEX_POINT('',#130);
#130 = CARTESIAN_POINT('',(-63.88,18.385756240822,28.545961820852));
#131 = B_SPLINE_CURVE_WITH_KNOTS('',2,(#132,#133,#134),.UNSPECIFIED.,.F.
  ,.F.,(3,3),(0.,1.),.PIECEWISE_BEZIER_KNOTS.);
#132 = CARTESIAN_POINT('',(-63.88,18.385756240822,28.545961820852));
#133 = CARTESIAN_POINT('',(-63.88,18.385756240822,27.779295154185));
#134 = CARTESIAN_POINT('',(-63.88,17.786637298091,27.779295154185));
#135 = ORIENTED_EDGE('',*,*,#136,.F.);
#136 = EDGE_CURVE('',#137,#129,#139,.T.);
#137 = VERTEX_POINT('',#138);
#138 = CARTESIAN_POINT('',(-63.88,18.385756240822,30.378854625551));
#139 = B_SPLINE_CURVE_WITH_KNOTS('',1,(#140,#141),.UNSPECIFIED.,.F.,.F.,
  (2,2),(0.,1.832892804699),.PIECEWISE_BEZIER_KNOTS.);
#140 = CARTESIAN_POINT('',(-63.88,18.385756240822,30.378854625551));
#141 = CARTESIAN_POINT('',(-63.88,18.385756240822,28.545961820852));
#142 = ORIENTED_EDGE('',*,*,#143,.F.);
#143 = EDGE_CURVE('',#144,#137,#146,.T.);
#144 = VERTEX_POINT('',#145);
#145 = CARTESIAN_POINT('',(-63.88,19.099412628488,30.378854625551));
#146 = B_SPLINE_CURVE_WITH_KNOTS('',1,(#147,#148),.UNSPECIFIED.,.F.,.F.,
  (2,2),(0.,0.713656387665),.PIECEWISE_BEZIER_KNOTS.);
#147 = CARTESIAN_POINT('',(-63.88,19.099412628488,30.378854625551));
#148 = CARTESIAN_POINT('',(-63.88,18.385756240822,30.378854625551));
#149 = ORIENTED_EDGE('',*,*,#150,.F.);
#150 = EDGE_CURVE('',#151,#144,#153,.T.);
#151 = VERTEX_POINT('',#152);
#152 = CARTESIAN_POINT('',(-63.88,19.099412628488,28.554772393539));
#153 = B_SPLINE_CURVE_WITH_KNOTS('',1,(#154,#155),.UNSPECIFIED.,.F.,.F.,
  (2,2),(0.,1.824082232012),.PIECEWISE_BEZIER_KNOTS.);
#154 = CARTESIAN_POINT('',(-63.88,19.099412628488,28.554772393539));
#155 = CARTESIAN_POINT('',(-63.88,19.099412628488,30.378854625551));
#156 = ORIENTED_EDGE('',*,*,#157,.F.);
#157 = EDGE_CURVE('',#92,#151,#158,.T.);
#158 = B_SPLINE_CURVE_WITH_KNOTS('',2,(#159,#160,#161),.UNSPECIFIED.,.F.
  ,.F.,(3,3),(0.,1.),.PIECEWISE_BEZIER_KNOTS.);
#159 = CARTESIAN_POINT('',(-63.88,17.813069016153,27.164757709251));
#160 = CARTESIAN_POINT('',(-63.88,19.099412628488,27.164757709251));
#161 = CARTESIAN_POINT('',(-63.88,19.099412628488,28.554772393539));
#162 = FACE_BOUND('',#163,.F.);
#163 = EDGE_LOOP('',(#164,#173,#181,#189,#197,#205,#213,#221,#229,#237,
    #245,#253,#261,#269,#277,#285,#293,#301,#309,#317,#325,#333,#341,
    #349,#356,#364,#372,#380,#388,#396,#404,#412,#420,#428,#436,#444,
    #452,#460,#468,#476,#484,#492));
#164 = ORIENTED_EDGE('',*,*,#165,.F.);
#165 = EDGE_CURVE('',#166,#168,#170,.T.);
#166 = VERTEX_POINT('',#167);
#167 = CARTESIAN_POINT('',(-63.88,15.946255506608,27.340528634361));
#168 = VERTEX_POINT('',#169);
#169 = CARTESIAN_POINT('',(-63.88,15.946255506608,28.04375917768));
#170 = B_SPLINE_CURVE_WITH_KNOTS('',1,(#171,#172),.UNSPECIFIED.,.F.,.F.,
  (2,2),(0.,0.703230543319),.PIECEWISE_BEZIER_KNOTS.);
#171 = CARTESIAN_POINT('',(-63.88,15.946255506608,27.340528634361));
#172 = CARTESIAN_POINT('',(-63.88,15.946255506608,28.04375917768));
#173 = ORIENTED_EDGE('',*,*,#174,.F.);
#174 = EDGE_CURVE('',#175,#166,#177,.T.);
#175 = VERTEX_POINT('',#176);
#176 = CARTESIAN_POINT('',(-63.88,15.539941262849,27.208810572687));
#177 = B_SPLINE_CURVE_WITH_KNOTS('',2,(#178,#179,#180),.UNSPECIFIED.,.F.
  ,.F.,(3,3),(0.,1.),.PIECEWISE_BEZIER_KNOTS.);
#178 = CARTESIAN_POINT('',(-63.88,15.539941262849,27.208810572687));
#179 = CARTESIAN_POINT('',(-63.88,15.774449339207,27.252716593245));
#180 = CARTESIAN_POINT('',(-63.88,15.946255506608,27.340528634361));
#181 = ORIENTED_EDGE('',*,*,#182,.F.);
#182 = EDGE_CURVE('',#183,#175,#185,.T.);
#183 = VERTEX_POINT('',#184);
#184 = CARTESIAN_POINT('',(-63.88,15.045374449339,27.164757709251));
#185 = B_SPLINE_CURVE_WITH_KNOTS('',2,(#186,#187,#188),.UNSPECIFIED.,.F.
  ,.F.,(3,3),(0.,1.),.PIECEWISE_BEZIER_KNOTS.);
#186 = CARTESIAN_POINT('',(-63.88,15.045374449339,27.164757709251));
#187 = CARTESIAN_POINT('',(-63.88,15.305286343612,27.164757709251));
#188 = CARTESIAN_POINT('',(-63.88,15.539941262849,27.208810572687));
#189 = ORIENTED_EDGE('',*,*,#190,.F.);
#190 = EDGE_CURVE('',#191,#183,#193,.T.);
#191 = VERTEX_POINT('',#192);
#192 = CARTESIAN_POINT('',(-63.88,14.564170337739,27.213362701909));
#193 = B_SPLINE_CURVE_WITH_KNOTS('',2,(#194,#195,#196),.UNSPECIFIED.,.F.
  ,.F.,(3,3),(0.,1.),.PIECEWISE_BEZIER_KNOTS.);
#194 = CARTESIAN_POINT('',(-63.88,14.564170337739,27.213362701909));
#195 = CARTESIAN_POINT('',(-63.88,14.792070484581,27.164757709251));
#196 = CARTESIAN_POINT('',(-63.88,15.045374449339,27.164757709251));
#197 = ORIENTED_EDGE('',*,*,#198,.F.);
#198 = EDGE_CURVE('',#199,#191,#201,.T.);
#199 = VERTEX_POINT('',#200);
#200 = CARTESIAN_POINT('',(-63.88,14.164317180617,27.373127753304));
#201 = B_SPLINE_CURVE_WITH_KNOTS('',2,(#202,#203,#204),.UNSPECIFIED.,.F.
  ,.F.,(3,3),(0.,1.),.PIECEWISE_BEZIER_KNOTS.);
#202 = CARTESIAN_POINT('',(-63.88,14.164317180617,27.373127753304));
#203 = CARTESIAN_POINT('',(-63.88,14.336123348018,27.261820851689));
#204 = CARTESIAN_POINT('',(-63.88,14.564170337739,27.213362701909));
#205 = ORIENTED_EDGE('',*,*,#206,.F.);
#206 = EDGE_CURVE('',#207,#199,#209,.T.);
#207 = VERTEX_POINT('',#208);
#208 = CARTESIAN_POINT('',(-63.88,13.892364170338,27.664317180617));
#209 = B_SPLINE_CURVE_WITH_KNOTS('',2,(#210,#211,#212),.UNSPECIFIED.,.F.
  ,.F.,(3,3),(0.,1.),.PIECEWISE_BEZIER_KNOTS.);
#210 = CARTESIAN_POINT('',(-63.88,13.892364170338,27.664317180617));
#211 = CARTESIAN_POINT('',(-63.88,13.992511013216,27.484581497797));
#212 = CARTESIAN_POINT('',(-63.88,14.164317180617,27.373127753304));
#213 = ORIENTED_EDGE('',*,*,#214,.F.);
#214 = EDGE_CURVE('',#215,#207,#217,.T.);
#215 = VERTEX_POINT('',#216);
#216 = CARTESIAN_POINT('',(-63.88,13.792070484581,28.108663729809));
#217 = B_SPLINE_CURVE_WITH_KNOTS('',2,(#218,#219,#220),.UNSPECIFIED.,.F.
  ,.F.,(3,3),(0.,1.),.PIECEWISE_BEZIER_KNOTS.);
#218 = CARTESIAN_POINT('',(-63.88,13.792070484581,28.108663729809));
#219 = CARTESIAN_POINT('',(-63.88,13.792070484581,27.844052863436));
#220 = CARTESIAN_POINT('',(-63.88,13.892364170338,27.664317180617));
#221 = ORIENTED_EDGE('',*,*,#222,.F.);
#222 = EDGE_CURVE('',#223,#215,#225,.T.);
#223 = VERTEX_POINT('',#224);
#224 = CARTESIAN_POINT('',(-63.88,13.849339207048,28.444933920705));
#225 = B_SPLINE_CURVE_WITH_KNOTS('',2,(#226,#227,#228),.UNSPECIFIED.,.F.
  ,.F.,(3,3),(0.,1.),.PIECEWISE_BEZIER_KNOTS.);
#226 = CARTESIAN_POINT('',(-63.88,13.849339207048,28.444933920705));
#227 = CARTESIAN_POINT('',(-63.88,13.792070484581,28.300587371512));
#228 = CARTESIAN_POINT('',(-63.88,13.792070484581,28.108663729809));
#229 = ORIENTED_EDGE('',*,*,#230,.F.);
#230 = EDGE_CURVE('',#231,#223,#233,.T.);
#231 = VERTEX_POINT('',#232);
#232 = CARTESIAN_POINT('',(-63.88,14.014537444934,28.701908957416));
#233 = B_SPLINE_CURVE_WITH_KNOTS('',2,(#234,#235,#236),.UNSPECIFIED.,.F.
  ,.F.,(3,3),(0.,1.),.PIECEWISE_BEZIER_KNOTS.);
#234 = CARTESIAN_POINT('',(-63.88,14.014537444934,28.701908957416));
#235 = CARTESIAN_POINT('',(-63.88,13.906607929515,28.589427312775));
#236 = CARTESIAN_POINT('',(-63.88,13.849339207048,28.444933920705));
#237 = ORIENTED_EDGE('',*,*,#238,.F.);
#238 = EDGE_CURVE('',#239,#231,#241,.T.);
#239 = VERTEX_POINT('',#240);
#240 = CARTESIAN_POINT('',(-63.88,14.27342143906,28.903671071953));
#241 = B_SPLINE_CURVE_WITH_KNOTS('',2,(#242,#243,#244),.UNSPECIFIED.,.F.
  ,.F.,(3,3),(0.,1.),.PIECEWISE_BEZIER_KNOTS.);
#242 = CARTESIAN_POINT('',(-63.88,14.27342143906,28.903671071953));
#243 = CARTESIAN_POINT('',(-63.88,14.122466960352,28.814390602056));
#244 = CARTESIAN_POINT('',(-63.88,14.014537444934,28.701908957416));
#245 = ORIENTED_EDGE('',*,*,#246,.F.);
#246 = EDGE_CURVE('',#247,#239,#249,.T.);
#247 = VERTEX_POINT('',#248);
#248 = CARTESIAN_POINT('',(-63.88,14.613656387665,29.072393538913));
#249 = B_SPLINE_CURVE_WITH_KNOTS('',2,(#250,#251,#252),.UNSPECIFIED.,.F.
  ,.F.,(3,3),(0.,1.),.PIECEWISE_BEZIER_KNOTS.);
#250 = CARTESIAN_POINT('',(-63.88,14.613656387665,29.072393538913));
#251 = CARTESIAN_POINT('',(-63.88,14.42422907489,28.99295154185));
#252 = CARTESIAN_POINT('',(-63.88,14.27342143906,28.903671071953));
#253 = ORIENTED_EDGE('',*,*,#254,.F.);
#254 = EDGE_CURVE('',#255,#247,#257,.T.);
#255 = VERTEX_POINT('',#256);
#256 = CARTESIAN_POINT('',(-63.88,14.862555066079,29.183700440529));
#257 = B_SPLINE_CURVE_WITH_KNOTS('',2,(#258,#259,#260),.UNSPECIFIED.,.F.
  ,.F.,(3,3),(0.,1.),.PIECEWISE_BEZIER_KNOTS.);
#258 = CARTESIAN_POINT('',(-63.88,14.862555066079,29.183700440529));
#259 = CARTESIAN_POINT('',(-63.88,14.752422907489,29.12966226138));
#260 = CARTESIAN_POINT('',(-63.88,14.613656387665,29.072393538913));
#261 = ORIENTED_EDGE('',*,*,#262,.F.);
#262 = EDGE_CURVE('',#263,#255,#265,.T.);
#263 = VERTEX_POINT('',#264);
#264 = CARTESIAN_POINT('',(-63.88,15.049779735683,29.293979441997));
#265 = B_SPLINE_CURVE_WITH_KNOTS('',2,(#266,#267,#268),.UNSPECIFIED.,.F.
  ,.F.,(3,3),(0.,1.),.PIECEWISE_BEZIER_KNOTS.);
#266 = CARTESIAN_POINT('',(-63.88,15.049779735683,29.293979441997));
#267 = CARTESIAN_POINT('',(-63.88,14.97268722467,29.237738619677));
#268 = CARTESIAN_POINT('',(-63.88,14.862555066079,29.183700440529));
#269 = ORIENTED_EDGE('',*,*,#270,.F.);
#270 = EDGE_CURVE('',#271,#263,#273,.T.);
#271 = VERTEX_POINT('',#272);
#272 = CARTESIAN_POINT('',(-63.88,15.16872246696,29.413069016153));
#273 = B_SPLINE_CURVE_WITH_KNOTS('',2,(#274,#275,#276),.UNSPECIFIED.,.F.
  ,.F.,(3,3),(0.,1.),.PIECEWISE_BEZIER_KNOTS.);
#274 = CARTESIAN_POINT('',(-63.88,15.16872246696,29.413069016153));
#275 = CARTESIAN_POINT('',(-63.88,15.126872246696,29.350220264317));
#276 = CARTESIAN_POINT('',(-63.88,15.049779735683,29.293979441997));
#277 = ORIENTED_EDGE('',*,*,#278,.F.);
#278 = EDGE_CURVE('',#279,#271,#281,.T.);
#279 = VERTEX_POINT('',#280);
#280 = CARTESIAN_POINT('',(-63.88,15.210572687225,29.555359765051));
#281 = B_SPLINE_CURVE_WITH_KNOTS('',2,(#282,#283,#284),.UNSPECIFIED.,.F.
  ,.F.,(3,3),(0.,1.),.PIECEWISE_BEZIER_KNOTS.);
#282 = CARTESIAN_POINT('',(-63.88,15.210572687225,29.555359765051));
#283 = CARTESIAN_POINT('',(-63.88,15.210572687225,29.475917767988));
#284 = CARTESIAN_POINT('',(-63.88,15.16872246696,29.413069016153));
#285 = ORIENTED_EDGE('',*,*,#286,.F.);
#286 = EDGE_CURVE('',#287,#279,#289,.T.);
#287 = VERTEX_POINT('',#288);
#288 = CARTESIAN_POINT('',(-63.88,15.173127753304,29.686784140969));
#289 = B_SPLINE_CURVE_WITH_KNOTS('',2,(#290,#291,#292),.UNSPECIFIED.,.F.
  ,.F.,(3,3),(0.,1.),.PIECEWISE_BEZIER_KNOTS.);
#290 = CARTESIAN_POINT('',(-63.88,15.173127753304,29.686784140969));
#291 = CARTESIAN_POINT('',(-63.88,15.210572687225,29.628340675477));
#292 = CARTESIAN_POINT('',(-63.88,15.210572687225,29.555359765051));
#293 = ORIENTED_EDGE('',*,*,#294,.F.);
#294 = EDGE_CURVE('',#295,#287,#297,.T.);
#295 = VERTEX_POINT('',#296);
#296 = CARTESIAN_POINT('',(-63.88,15.067400881057,29.787371512482));
#297 = B_SPLINE_CURVE_WITH_KNOTS('',2,(#298,#299,#300),.UNSPECIFIED.,.F.
  ,.F.,(3,3),(0.,1.),.PIECEWISE_BEZIER_KNOTS.);
#298 = CARTESIAN_POINT('',(-63.88,15.067400881057,29.787371512482));
#299 = CARTESIAN_POINT('',(-63.88,15.135682819383,29.745374449339));
#300 = CARTESIAN_POINT('',(-63.88,15.173127753304,29.686784140969));
#301 = ORIENTED_EDGE('',*,*,#302,.F.);
#302 = EDGE_CURVE('',#303,#295,#305,.T.);
#303 = VERTEX_POINT('',#304);
#304 = CARTESIAN_POINT('',(-63.88,14.9,29.852569750367));
#305 = B_SPLINE_CURVE_WITH_KNOTS('',2,(#306,#307,#308),.UNSPECIFIED.,.F.
  ,.F.,(3,3),(0.,1.),.PIECEWISE_BEZIER_KNOTS.);
#306 = CARTESIAN_POINT('',(-63.88,14.9,29.852569750367));
#307 = CARTESIAN_POINT('',(-63.88,14.999118942731,29.829368575624));
#308 = CARTESIAN_POINT('',(-63.88,15.067400881057,29.787371512482));
#309 = ORIENTED_EDGE('',*,*,#310,.F.);
#310 = EDGE_CURVE('',#311,#303,#313,.T.);
#311 = VERTEX_POINT('',#312);
#312 = CARTESIAN_POINT('',(-63.88,14.679735682819,29.87577092511));
#313 = B_SPLINE_CURVE_WITH_KNOTS('',2,(#314,#315,#316),.UNSPECIFIED.,.F.
  ,.F.,(3,3),(0.,1.),.PIECEWISE_BEZIER_KNOTS.);
#314 = CARTESIAN_POINT('',(-63.88,14.679735682819,29.87577092511));
#315 = CARTESIAN_POINT('',(-63.88,14.800881057269,29.87577092511));
#316 = CARTESIAN_POINT('',(-63.88,14.9,29.852569750367));
#317 = ORIENTED_EDGE('',*,*,#318,.F.);
#318 = EDGE_CURVE('',#319,#311,#321,.T.);
#319 = VERTEX_POINT('',#320);
#320 = CARTESIAN_POINT('',(-63.88,14.493685756241,29.862701908957));
#321 = B_SPLINE_CURVE_WITH_KNOTS('',2,(#322,#323,#324),.UNSPECIFIED.,.F.
  ,.F.,(3,3),(0.,1.),.PIECEWISE_BEZIER_KNOTS.);
#322 = CARTESIAN_POINT('',(-63.88,14.493685756241,29.862701908957));
#323 = CARTESIAN_POINT('',(-63.88,14.591629955947,29.87577092511));
#324 = CARTESIAN_POINT('',(-63.88,14.679735682819,29.87577092511));
#325 = ORIENTED_EDGE('',*,*,#326,.F.);
#326 = EDGE_CURVE('',#327,#319,#329,.T.);
#327 = VERTEX_POINT('',#328);
#328 = CARTESIAN_POINT('',(-63.88,14.296475770925,29.822760646109));
#329 = B_SPLINE_CURVE_WITH_KNOTS('',2,(#330,#331,#332),.UNSPECIFIED.,.F.
  ,.F.,(3,3),(0.,1.),.PIECEWISE_BEZIER_KNOTS.);
#330 = CARTESIAN_POINT('',(-63.88,14.296475770925,29.822760646109));
#331 = CARTESIAN_POINT('',(-63.88,14.395594713656,29.849779735683));
#332 = CARTESIAN_POINT('',(-63.88,14.493685756241,29.862701908957));
#333 = ORIENTED_EDGE('',*,*,#334,.F.);
#334 = EDGE_CURVE('',#335,#327,#337,.T.);
#335 = VERTEX_POINT('',#336);
#336 = CARTESIAN_POINT('',(-63.88,14.103817914831,29.754625550661));
#337 = B_SPLINE_CURVE_WITH_KNOTS('',2,(#338,#339,#340),.UNSPECIFIED.,.F.
  ,.F.,(3,3),(0.,1.),.PIECEWISE_BEZIER_KNOTS.);
#338 = CARTESIAN_POINT('',(-63.88,14.103817914831,29.754625550661));
#339 = CARTESIAN_POINT('',(-63.88,14.197356828194,29.795741556535));
#340 = CARTESIAN_POINT('',(-63.88,14.296475770925,29.822760646109));
#341 = ORIENTED_EDGE('',*,*,#342,.F.);
#342 = EDGE_CURVE('',#343,#335,#345,.T.);
#343 = VERTEX_POINT('',#344);
#344 = CARTESIAN_POINT('',(-63.88,13.930837004405,29.659618208517));
#345 = B_SPLINE_CURVE_WITH_KNOTS('',2,(#346,#347,#348),.UNSPECIFIED.,.F.
  ,.F.,(3,3),(0.,1.),.PIECEWISE_BEZIER_KNOTS.);
#346 = CARTESIAN_POINT('',(-63.88,13.930837004405,29.659618208517));
#347 = CARTESIAN_POINT('',(-63.88,14.01013215859,29.713656387665));
#348 = CARTESIAN_POINT('',(-63.88,14.103817914831,29.754625550661));
#349 = ORIENTED_EDGE('',*,*,#350,.F.);
#350 = EDGE_CURVE('',#351,#343,#353,.T.);
#351 = VERTEX_POINT('',#352);
#352 = CARTESIAN_POINT('',(-63.88,13.930837004405,30.314684287812));
#353 = B_SPLINE_CURVE_WITH_KNOTS('',1,(#354,#355),.UNSPECIFIED.,.F.,.F.,
  (2,2),(0.,0.655066079295),.PIECEWISE_BEZIER_KNOTS.);
#354 = CARTESIAN_POINT('',(-63.88,13.930837004405,30.314684287812));
#355 = CARTESIAN_POINT('',(-63.88,13.930837004405,29.659618208517));
#356 = ORIENTED_EDGE('',*,*,#357,.F.);
#357 = EDGE_CURVE('',#358,#351,#360,.T.);
#358 = VERTEX_POINT('',#359);
#359 = CARTESIAN_POINT('',(-63.88,14.282232011747,30.405580029369));
#360 = B_SPLINE_CURVE_WITH_KNOTS('',2,(#361,#362,#363),.UNSPECIFIED.,.F.
  ,.F.,(3,3),(0.,1.),.PIECEWISE_BEZIER_KNOTS.);
#361 = CARTESIAN_POINT('',(-63.88,14.282232011747,30.405580029369));
#362 = CARTESIAN_POINT('',(-63.88,14.091629955947,30.376064610866));
#363 = CARTESIAN_POINT('',(-63.88,13.930837004405,30.314684287812));
#364 = ORIENTED_EDGE('',*,*,#365,.F.);
#365 = EDGE_CURVE('',#366,#358,#368,.T.);
#366 = VERTEX_POINT('',#367);
#367 = CARTESIAN_POINT('',(-63.88,14.719383259912,30.435242290749));
#368 = B_SPLINE_CURVE_WITH_KNOTS('',2,(#369,#370,#371),.UNSPECIFIED.,.F.
  ,.F.,(3,3),(0.,1.),.PIECEWISE_BEZIER_KNOTS.);
#369 = CARTESIAN_POINT('',(-63.88,14.719383259912,30.435242290749));
#370 = CARTESIAN_POINT('',(-63.88,14.47268722467,30.435242290749));
#371 = CARTESIAN_POINT('',(-63.88,14.282232011747,30.405580029369));
#372 = ORIENTED_EDGE('',*,*,#373,.F.);
#373 = EDGE_CURVE('',#374,#366,#376,.T.);
#374 = VERTEX_POINT('',#375);
#375 = CARTESIAN_POINT('',(-63.88,15.195154185022,30.381204111601));
#376 = B_SPLINE_CURVE_WITH_KNOTS('',2,(#377,#378,#379),.UNSPECIFIED.,.F.
  ,.F.,(3,3),(0.,1.),.PIECEWISE_BEZIER_KNOTS.);
#377 = CARTESIAN_POINT('',(-63.88,15.195154185022,30.381204111601));
#378 = CARTESIAN_POINT('',(-63.88,14.970484581498,30.435242290749));
#379 = CARTESIAN_POINT('',(-63.88,14.719383259912,30.435242290749));
#380 = ORIENTED_EDGE('',*,*,#381,.F.);
#381 = EDGE_CURVE('',#382,#374,#384,.T.);
#382 = VERTEX_POINT('',#383);
#383 = CARTESIAN_POINT('',(-63.88,15.5906020558,30.21248164464));
#384 = B_SPLINE_CURVE_WITH_KNOTS('',2,(#385,#386,#387),.UNSPECIFIED.,.F.
  ,.F.,(3,3),(0.,1.),.PIECEWISE_BEZIER_KNOTS.);
#385 = CARTESIAN_POINT('',(-63.88,15.5906020558,30.21248164464));
#386 = CARTESIAN_POINT('',(-63.88,15.419823788546,30.327165932452));
#387 = CARTESIAN_POINT('',(-63.88,15.195154185022,30.381204111601));
#388 = ORIENTED_EDGE('',*,*,#389,.F.);
#389 = EDGE_CURVE('',#390,#382,#392,.T.);
#390 = VERTEX_POINT('',#391);
#391 = CARTESIAN_POINT('',(-63.88,15.860352422907,29.920264317181));
#392 = B_SPLINE_CURVE_WITH_KNOTS('',2,(#393,#394,#395),.UNSPECIFIED.,.F.
  ,.F.,(3,3),(0.,1.),.PIECEWISE_BEZIER_KNOTS.);
#393 = CARTESIAN_POINT('',(-63.88,15.860352422907,29.920264317181));
#394 = CARTESIAN_POINT('',(-63.88,15.761233480176,30.097797356828));
#395 = CARTESIAN_POINT('',(-63.88,15.5906020558,30.21248164464));
#396 = ORIENTED_EDGE('',*,*,#397,.F.);
#397 = EDGE_CURVE('',#398,#390,#400,.T.);
#398 = VERTEX_POINT('',#399);
#399 = CARTESIAN_POINT('',(-63.88,15.959471365639,29.495741556535));
#400 = B_SPLINE_CURVE_WITH_KNOTS('',2,(#401,#402,#403),.UNSPECIFIED.,.F.
  ,.F.,(3,3),(0.,1.),.PIECEWISE_BEZIER_KNOTS.);
#401 = CARTESIAN_POINT('',(-63.88,15.959471365639,29.495741556535));
#402 = CARTESIAN_POINT('',(-63.88,15.959471365639,29.742731277533));
#403 = CARTESIAN_POINT('',(-63.88,15.860352422907,29.920264317181));
#404 = ORIENTED_EDGE('',*,*,#405,.F.);
#405 = EDGE_CURVE('',#406,#398,#408,.T.);
#406 = VERTEX_POINT('',#407);
#407 = CARTESIAN_POINT('',(-63.88,15.777826725404,28.957562408223));
#408 = B_SPLINE_CURVE_WITH_KNOTS('',2,(#409,#410,#411),.UNSPECIFIED.,.F.
  ,.F.,(3,3),(0.,1.),.PIECEWISE_BEZIER_KNOTS.);
#409 = CARTESIAN_POINT('',(-63.88,15.777826725404,28.957562408223));
#410 = CARTESIAN_POINT('',(-63.88,15.959471365639,29.180323054332));
#411 = CARTESIAN_POINT('',(-63.88,15.959471365639,29.495741556535));
#412 = ORIENTED_EDGE('',*,*,#413,.F.);
#413 = EDGE_CURVE('',#414,#406,#416,.T.);
#414 = VERTEX_POINT('',#415);
#415 = CARTESIAN_POINT('',(-63.88,15.225991189427,28.58046989721));
#416 = B_SPLINE_CURVE_WITH_KNOTS('',2,(#417,#418,#419),.UNSPECIFIED.,.F.
  ,.F.,(3,3),(0.,1.),.PIECEWISE_BEZIER_KNOTS.);
#417 = CARTESIAN_POINT('',(-63.88,15.225991189427,28.58046989721));
#418 = CARTESIAN_POINT('',(-63.88,15.596035242291,28.734948604993));
#419 = CARTESIAN_POINT('',(-63.88,15.777826725404,28.957562408223));
#420 = ORIENTED_EDGE('',*,*,#421,.F.);
#421 = EDGE_CURVE('',#422,#414,#424,.T.);
#422 = VERTEX_POINT('',#423);
#423 = CARTESIAN_POINT('',(-63.88,14.955066079295,28.463582966226));
#424 = B_SPLINE_CURVE_WITH_KNOTS('',2,(#425,#426,#427),.UNSPECIFIED.,.F.
  ,.F.,(3,3),(0.,1.),.PIECEWISE_BEZIER_KNOTS.);
#425 = CARTESIAN_POINT('',(-63.88,14.955066079295,28.463582966226));
#426 = CARTESIAN_POINT('',(-63.88,15.080616740088,28.520998531571));
#427 = CARTESIAN_POINT('',(-63.88,15.225991189427,28.58046989721));
#428 = ORIENTED_EDGE('',*,*,#429,.F.);
#429 = EDGE_CURVE('',#430,#422,#432,.T.);
#430 = VERTEX_POINT('',#431);
#431 = CARTESIAN_POINT('',(-63.88,14.738179148311,28.34449339207));
#432 = B_SPLINE_CURVE_WITH_KNOTS('',2,(#433,#434,#435),.UNSPECIFIED.,.F.
  ,.F.,(3,3),(0.,1.),.PIECEWISE_BEZIER_KNOTS.);
#433 = CARTESIAN_POINT('',(-63.88,14.738179148311,28.34449339207));
#434 = CARTESIAN_POINT('',(-63.88,14.829515418502,28.406314243759));
#435 = CARTESIAN_POINT('',(-63.88,14.955066079295,28.463582966226));
#436 = ORIENTED_EDGE('',*,*,#437,.F.);
#437 = EDGE_CURVE('',#438,#430,#440,.T.);
#438 = VERTEX_POINT('',#439);
#439 = CARTESIAN_POINT('',(-63.88,14.593832599119,28.209985315712));
#440 = B_SPLINE_CURVE_WITH_KNOTS('',2,(#441,#442,#443),.UNSPECIFIED.,.F.
  ,.F.,(3,3),(0.,1.),.PIECEWISE_BEZIER_KNOTS.);
#441 = CARTESIAN_POINT('',(-63.88,14.593832599119,28.209985315712));
#442 = CARTESIAN_POINT('',(-63.88,14.646696035242,28.28281938326));
#443 = CARTESIAN_POINT('',(-63.88,14.738179148311,28.34449339207));
#444 = ORIENTED_EDGE('',*,*,#445,.F.);
#445 = EDGE_CURVE('',#446,#438,#448,.T.);
#446 = VERTEX_POINT('',#447);
#447 = CARTESIAN_POINT('',(-63.88,14.540969162996,28.044640234949));
#448 = B_SPLINE_CURVE_WITH_KNOTS('',2,(#449,#450,#451),.UNSPECIFIED.,.F.
  ,.F.,(3,3),(0.,1.),.PIECEWISE_BEZIER_KNOTS.);
#449 = CARTESIAN_POINT('',(-63.88,14.540969162996,28.044640234949));
#450 = CARTESIAN_POINT('',(-63.88,14.540969162996,28.137298091043));
#451 = CARTESIAN_POINT('',(-63.88,14.593832599119,28.209985315712));
#452 = ORIENTED_EDGE('',*,*,#453,.F.);
#453 = EDGE_CURVE('',#454,#446,#456,.T.);
#454 = VERTEX_POINT('',#455);
#455 = CARTESIAN_POINT('',(-63.88,14.574008810573,27.917621145374));
#456 = B_SPLINE_CURVE_WITH_KNOTS('',2,(#457,#458,#459),.UNSPECIFIED.,.F.
  ,.F.,(3,3),(0.,1.),.PIECEWISE_BEZIER_KNOTS.);
#457 = CARTESIAN_POINT('',(-63.88,14.574008810573,27.917621145374));
#458 = CARTESIAN_POINT('',(-63.88,14.540969162996,27.976211453744));
#459 = CARTESIAN_POINT('',(-63.88,14.540969162996,28.044640234949));
#460 = ORIENTED_EDGE('',*,*,#461,.F.);
#461 = EDGE_CURVE('',#462,#454,#464,.T.);
#462 = VERTEX_POINT('',#463);
#463 = CARTESIAN_POINT('',(-63.88,14.674302496329,27.815859030837));
#464 = B_SPLINE_CURVE_WITH_KNOTS('',2,(#465,#466,#467),.UNSPECIFIED.,.F.
  ,.F.,(3,3),(0.,1.),.PIECEWISE_BEZIER_KNOTS.);
#465 = CARTESIAN_POINT('',(-63.88,14.674302496329,27.815859030837));
#466 = CARTESIAN_POINT('',(-63.88,14.60704845815,27.859030837004));
#467 = CARTESIAN_POINT('',(-63.88,14.574008810573,27.917621145374));
#468 = ORIENTED_EDGE('',*,*,#469,.F.);
#469 = EDGE_CURVE('',#470,#462,#472,.T.);
#470 = VERTEX_POINT('',#471);
#471 = CARTESIAN_POINT('',(-63.88,14.841703377386,27.74845814978));
#472 = B_SPLINE_CURVE_WITH_KNOTS('',2,(#473,#474,#475),.UNSPECIFIED.,.F.
  ,.F.,(3,3),(0.,1.),.PIECEWISE_BEZIER_KNOTS.);
#473 = CARTESIAN_POINT('',(-63.88,14.841703377386,27.74845814978));
#474 = CARTESIAN_POINT('',(-63.88,14.74140969163,27.772834067548));
#475 = CARTESIAN_POINT('',(-63.88,14.674302496329,27.815859030837));
#476 = ORIENTED_EDGE('',*,*,#477,.F.);
#477 = EDGE_CURVE('',#478,#470,#480,.T.);
#478 = VERTEX_POINT('',#479);
#479 = CARTESIAN_POINT('',(-63.88,15.076211453744,27.72422907489));
#480 = B_SPLINE_CURVE_WITH_KNOTS('',2,(#481,#482,#483),.UNSPECIFIED.,.F.
  ,.F.,(3,3),(0.,1.),.PIECEWISE_BEZIER_KNOTS.);
#481 = CARTESIAN_POINT('',(-63.88,15.076211453744,27.72422907489));
#482 = CARTESIAN_POINT('',(-63.88,14.941850220264,27.72422907489));
#483 = CARTESIAN_POINT('',(-63.88,14.841703377386,27.74845814978));
#484 = ORIENTED_EDGE('',*,*,#485,.F.);
#485 = EDGE_CURVE('',#486,#478,#488,.T.);
#486 = VERTEX_POINT('',#487);
#487 = CARTESIAN_POINT('',(-63.88,15.529955947137,27.804111600587));
#488 = B_SPLINE_CURVE_WITH_KNOTS('',2,(#489,#490,#491),.UNSPECIFIED.,.F.
  ,.F.,(3,3),(0.,1.),.PIECEWISE_BEZIER_KNOTS.);
#489 = CARTESIAN_POINT('',(-63.88,15.529955947137,27.804111600587));
#490 = CARTESIAN_POINT('',(-63.88,15.305286343612,27.72422907489));
#491 = CARTESIAN_POINT('',(-63.88,15.076211453744,27.72422907489));
#492 = ORIENTED_EDGE('',*,*,#493,.F.);
#493 = EDGE_CURVE('',#168,#486,#494,.T.);
#494 = B_SPLINE_CURVE_WITH_KNOTS('',2,(#495,#496,#497),.UNSPECIFIED.,.F.
  ,.F.,(3,3),(0.,1.),.PIECEWISE_BEZIER_KNOTS.);
#495 = CARTESIAN_POINT('',(-63.88,15.946255506608,28.04375917768));
#496 = CARTESIAN_POINT('',(-63.88,15.754625550661,27.883994126285));
#497 = CARTESIAN_POINT('',(-63.88,15.529955947137,27.804111600587));
#498 = FACE_BOUND('',#499,.F.);
#499 = EDGE_LOOP('',(#500,#509,#516,#524,#532,#540,#548,#555,#563,#571,
    #579,#587));
#500 = ORIENTED_EDGE('',*,*,#501,.F.);
#501 = EDGE_CURVE('',#502,#504,#506,.T.);
#502 = VERTEX_POINT('',#503);
#503 = CARTESIAN_POINT('',(-63.88,13.272834067548,27.221145374449));
#504 = VERTEX_POINT('',#505);
#505 = CARTESIAN_POINT('',(-63.88,13.272834067548,30.378854625551));
#506 = B_SPLINE_CURVE_WITH_KNOTS('',1,(#507,#508),.UNSPECIFIED.,.F.,.F.,
  (2,2),(0.,3.157709251101),.PIECEWISE_BEZIER_KNOTS.);
#507 = CARTESIAN_POINT('',(-63.88,13.272834067548,27.221145374449));
#508 = CARTESIAN_POINT('',(-63.88,13.272834067548,30.378854625551));
#509 = ORIENTED_EDGE('',*,*,#510,.F.);
#510 = EDGE_CURVE('',#511,#502,#513,.T.);
#511 = VERTEX_POINT('',#512);
#512 = CARTESIAN_POINT('',(-63.88,12.059177679883,27.221145374449));
#513 = B_SPLINE_CURVE_WITH_KNOTS('',1,(#514,#515),.UNSPECIFIED.,.F.,.F.,
  (2,2),(0.,1.213656387665),.PIECEWISE_BEZIER_KNOTS.);
#514 = CARTESIAN_POINT('',(-63.88,12.059177679883,27.221145374449));
#515 = CARTESIAN_POINT('',(-63.88,13.272834067548,27.221145374449));
#516 = ORIENTED_EDGE('',*,*,#517,.F.);
#517 = EDGE_CURVE('',#518,#511,#520,.T.);
#518 = VERTEX_POINT('',#519);
#519 = CARTESIAN_POINT('',(-63.88,11.211160058737,27.476064610866));
#520 = B_SPLINE_CURVE_WITH_KNOTS('',2,(#521,#522,#523),.UNSPECIFIED.,.F.
  ,.F.,(3,3),(0.,1.),.PIECEWISE_BEZIER_KNOTS.);
#521 = CARTESIAN_POINT('',(-63.88,11.211160058737,27.476064610866));
#522 = CARTESIAN_POINT('',(-63.88,11.521732745962,27.221145374449));
#523 = CARTESIAN_POINT('',(-63.88,12.059177679883,27.221145374449));
#524 = ORIENTED_EDGE('',*,*,#525,.F.);
#525 = EDGE_CURVE('',#526,#518,#528,.T.);
#526 = VERTEX_POINT('',#527);
#527 = CARTESIAN_POINT('',(-63.88,10.900587371512,28.165785609398));
#528 = B_SPLINE_CURVE_WITH_KNOTS('',2,(#529,#530,#531),.UNSPECIFIED.,.F.
  ,.F.,(3,3),(0.,1.),.PIECEWISE_BEZIER_KNOTS.);
#529 = CARTESIAN_POINT('',(-63.88,10.900587371512,28.165785609398));
#530 = CARTESIAN_POINT('',(-63.88,10.900587371512,27.730983847283));
#531 = CARTESIAN_POINT('',(-63.88,11.211160058737,27.476064610866));
#532 = ORIENTED_EDGE('',*,*,#533,.F.);
#533 = EDGE_CURVE('',#534,#526,#536,.T.);
#534 = VERTEX_POINT('',#535);
#535 = CARTESIAN_POINT('',(-63.88,11.102202643172,28.671218795888));
#536 = B_SPLINE_CURVE_WITH_KNOTS('',2,(#537,#538,#539),.UNSPECIFIED.,.F.
  ,.F.,(3,3),(0.,1.),.PIECEWISE_BEZIER_KNOTS.);
#537 = CARTESIAN_POINT('',(-63.88,11.102202643172,28.671218795888));
#538 = CARTESIAN_POINT('',(-63.88,10.900587371512,28.463729809104));
#539 = CARTESIAN_POINT('',(-63.88,10.900587371512,28.165785609398));
#540 = ORIENTED_EDGE('',*,*,#541,.F.);
#541 = EDGE_CURVE('',#542,#534,#544,.T.);
#542 = VERTEX_POINT('',#543);
#543 = CARTESIAN_POINT('',(-63.88,11.640675477239,28.920704845815));
#544 = B_SPLINE_CURVE_WITH_KNOTS('',2,(#545,#546,#547),.UNSPECIFIED.,.F.
  ,.F.,(3,3),(0.,1.),.PIECEWISE_BEZIER_KNOTS.);
#545 = CARTESIAN_POINT('',(-63.88,11.640675477239,28.920704845815));
#546 = CARTESIAN_POINT('',(-63.88,11.303671071953,28.878707782673));
#547 = CARTESIAN_POINT('',(-63.88,11.102202643172,28.671218795888));
#548 = ORIENTED_EDGE('',*,*,#549,.F.);
#549 = EDGE_CURVE('',#550,#542,#552,.T.);
#550 = VERTEX_POINT('',#551);
#551 = CARTESIAN_POINT('',(-63.88,11.640675477239,28.929515418502));
#552 = B_SPLINE_CURVE_WITH_KNOTS('',1,(#553,#554),.UNSPECIFIED.,.F.,.F.,
  (2,2),(0.,8.810572687225E-03),.PIECEWISE_BEZIER_KNOTS.);
#553 = CARTESIAN_POINT('',(-63.88,11.640675477239,28.929515418502));
#554 = CARTESIAN_POINT('',(-63.88,11.640675477239,28.920704845815));
#555 = ORIENTED_EDGE('',*,*,#556,.F.);
#556 = EDGE_CURVE('',#557,#550,#559,.T.);
#557 = VERTEX_POINT('',#558);
#558 = CARTESIAN_POINT('',(-63.88,11.199118942731,29.195154185022));
#559 = B_SPLINE_CURVE_WITH_KNOTS('',2,(#560,#561,#562),.UNSPECIFIED.,.F.
  ,.F.,(3,3),(0.,1.),.PIECEWISE_BEZIER_KNOTS.);
#560 = CARTESIAN_POINT('',(-63.88,11.199118942731,29.195154185022));
#561 = CARTESIAN_POINT('',(-63.88,11.371953010279,29.004111600587));
#562 = CARTESIAN_POINT('',(-63.88,11.640675477239,28.929515418502));
#563 = ORIENTED_EDGE('',*,*,#564,.F.);
#564 = EDGE_CURVE('',#565,#557,#567,.T.);
#565 = VERTEX_POINT('',#566);
#566 = CARTESIAN_POINT('',(-63.88,11.026138032305,29.640969162996));
#567 = B_SPLINE_CURVE_WITH_KNOTS('',2,(#568,#569,#570),.UNSPECIFIED.,.F.
  ,.F.,(3,3),(0.,1.),.PIECEWISE_BEZIER_KNOTS.);
#568 = CARTESIAN_POINT('',(-63.88,11.026138032305,29.640969162996));
#569 = CARTESIAN_POINT('',(-63.88,11.026138032305,29.386343612335));
#570 = CARTESIAN_POINT('',(-63.88,11.199118942731,29.195154185022));
#571 = ORIENTED_EDGE('',*,*,#572,.F.);
#572 = EDGE_CURVE('',#573,#565,#575,.T.);
#573 = VERTEX_POINT('',#574);
#574 = CARTESIAN_POINT('',(-63.88,11.310279001468,30.185609397944));
#575 = B_SPLINE_CURVE_WITH_KNOTS('',2,(#576,#577,#578),.UNSPECIFIED.,.F.
  ,.F.,(3,3),(0.,1.),.PIECEWISE_BEZIER_KNOTS.);
#576 = CARTESIAN_POINT('',(-63.88,11.310279001468,30.185609397944));
#577 = CARTESIAN_POINT('',(-63.88,11.026138032305,29.992364170338));
#578 = CARTESIAN_POINT('',(-63.88,11.026138032305,29.640969162996));
#579 = ORIENTED_EDGE('',*,*,#580,.F.);
#580 = EDGE_CURVE('',#581,#573,#583,.T.);
#581 = VERTEX_POINT('',#582);
#582 = CARTESIAN_POINT('',(-63.88,12.123054331865,30.378854625551));
#583 = B_SPLINE_CURVE_WITH_KNOTS('',2,(#584,#585,#586),.UNSPECIFIED.,.F.
  ,.F.,(3,3),(0.,1.),.PIECEWISE_BEZIER_KNOTS.);
#584 = CARTESIAN_POINT('',(-63.88,12.123054331865,30.378854625551));
#585 = CARTESIAN_POINT('',(-63.88,11.594419970631,30.378854625551));
#586 = CARTESIAN_POINT('',(-63.88,11.310279001468,30.185609397944));
#587 = ORIENTED_EDGE('',*,*,#588,.F.);
#588 = EDGE_CURVE('',#504,#581,#589,.T.);
#589 = B_SPLINE_CURVE_WITH_KNOTS('',1,(#590,#591),.UNSPECIFIED.,.F.,.F.,
  (2,2),(0.,1.149779735683),.PIECEWISE_BEZIER_KNOTS.);
#590 = CARTESIAN_POINT('',(-63.88,13.272834067548,30.378854625551));
#591 = CARTESIAN_POINT('',(-63.88,12.123054331865,30.378854625551));
#592 = PLANE('',#593);
#593 = AXIS2_PLACEMENT_3D('',#594,#595,#596);
#594 = CARTESIAN_POINT('',(-63.88,-42.74,0.));
#595 = DIRECTION('',(1.,0.,-0.));
#596 = DIRECTION('',(0.,0.,1.));
#597 = ADVANCED_FACE('',(#598,#659,#670,#681,#769,#780),#791,.T.);
#598 = FACE_BOUND('',#599,.T.);
#599 = EDGE_LOOP('',(#600,#601,#610,#618,#627,#635,#644,#652));
#600 = ORIENTED_EDGE('',*,*,#21,.F.);
#601 = ORIENTED_EDGE('',*,*,#602,.T.);
#602 = EDGE_CURVE('',#22,#603,#605,.T.);
#603 = VERTEX_POINT('',#604);
#604 = CARTESIAN_POINT('',(-60.7,-42.74,53.4));
#605 = CIRCLE('',#606,3.18);
#606 = AXIS2_PLACEMENT_3D('',#607,#608,#609);
#607 = CARTESIAN_POINT('',(-60.7,-39.56,53.4));
#608 = DIRECTION('',(0.,0.,1.));
#609 = DIRECTION('',(0.,-1.,0.));
#610 = ORIENTED_EDGE('',*,*,#611,.T.);
#611 = EDGE_CURVE('',#603,#612,#614,.T.);
#612 = VERTEX_POINT('',#613);
#613 = CARTESIAN_POINT('',(60.7,-42.74,53.4));
#614 = LINE('',#615,#616);
#615 = CARTESIAN_POINT('',(-63.88,-42.74,53.4));
#616 = VECTOR('',#617,1.);
#617 = DIRECTION('',(1.,0.,-0.));
#618 = ORIENTED_EDGE('',*,*,#619,.F.);
#619 = EDGE_CURVE('',#620,#612,#622,.T.);
#620 = VERTEX_POINT('',#621);
#621 = CARTESIAN_POINT('',(63.88,-39.56,53.4));
#622 = CIRCLE('',#623,3.18);
#623 = AXIS2_PLACEMENT_3D('',#624,#625,#626);
#624 = CARTESIAN_POINT('',(60.7,-39.56,53.4));
#625 = DIRECTION('',(-0.,-0.,-1.));
#626 = DIRECTION('',(0.,-1.,0.));
#627 = ORIENTED_EDGE('',*,*,#628,.T.);
#628 = EDGE_CURVE('',#620,#629,#631,.T.);
#629 = VERTEX_POINT('',#630);
#630 = CARTESIAN_POINT('',(63.88,39.56,53.4));
#631 = LINE('',#632,#633);
#632 = CARTESIAN_POINT('',(63.88,-42.74,53.4));
#633 = VECTOR('',#634,1.);
#634 = DIRECTION('',(-0.,1.,0.));
#635 = ORIENTED_EDGE('',*,*,#636,.T.);
#636 = EDGE_CURVE('',#629,#637,#639,.T.);
#637 = VERTEX_POINT('',#638);
#638 = CARTESIAN_POINT('',(60.7,42.74,53.4));
#639 = CIRCLE('',#640,3.18);
#640 = AXIS2_PLACEMENT_3D('',#641,#642,#643);
#641 = CARTESIAN_POINT('',(60.7,39.56,53.4));
#642 = DIRECTION('',(0.,0.,1.));
#643 = DIRECTION('',(0.,-1.,0.));
#644 = ORIENTED_EDGE('',*,*,#645,.F.);
#645 = EDGE_CURVE('',#646,#637,#648,.T.);
#646 = VERTEX_POINT('',#647);
#647 = CARTESIAN_POINT('',(-60.7,42.74,53.4));
#648 = LINE('',#649,#650);
#649 = CARTESIAN_POINT('',(-63.88,42.74,53.4));
#650 = VECTOR('',#651,1.);
#651 = DIRECTION('',(1.,0.,-0.));
#652 = ORIENTED_EDGE('',*,*,#653,.F.);
#653 = EDGE_CURVE('',#24,#646,#654,.T.);
#654 = CIRCLE('',#655,3.18);
#655 = AXIS2_PLACEMENT_3D('',#656,#657,#658);
#656 = CARTESIAN_POINT('',(-60.7,39.56,53.4));
#657 = DIRECTION('',(-0.,-0.,-1.));
#658 = DIRECTION('',(0.,-1.,0.));
#659 = FACE_BOUND('',#660,.T.);
#660 = EDGE_LOOP('',(#661));
#661 = ORIENTED_EDGE('',*,*,#662,.F.);
#662 = EDGE_CURVE('',#663,#663,#665,.T.);
#663 = VERTEX_POINT('',#664);
#664 = CARTESIAN_POINT('',(-56.48,-37.34,53.4));
#665 = CIRCLE('',#666,2.);
#666 = AXIS2_PLACEMENT_3D('',#667,#668,#669);
#667 = CARTESIAN_POINT('',(-58.48,-37.34,53.4));
#668 = DIRECTION('',(0.,0.,1.));
#669 = DIRECTION('',(1.,0.,-0.));
#670 = FACE_BOUND('',#671,.T.);
#671 = EDGE_LOOP('',(#672));
#672 = ORIENTED_EDGE('',*,*,#673,.F.);
#673 = EDGE_CURVE('',#674,#674,#676,.T.);
#674 = VERTEX_POINT('',#675);
#675 = CARTESIAN_POINT('',(60.48,-37.34,53.4));
#676 = CIRCLE('',#677,2.);
#677 = AXIS2_PLACEMENT_3D('',#678,#679,#680);
#678 = CARTESIAN_POINT('',(58.48,-37.34,53.4));
#679 = DIRECTION('',(0.,0.,1.));
#680 = DIRECTION('',(1.,0.,-0.));
#681 = FACE_BOUND('',#682,.T.);
#682 = EDGE_LOOP('',(#683,#693,#702,#711,#719,#728,#737,#745,#754,#762)
  );
#683 = ORIENTED_EDGE('',*,*,#684,.T.);
#684 = EDGE_CURVE('',#685,#687,#689,.T.);
#685 = VERTEX_POINT('',#686);
#686 = CARTESIAN_POINT('',(56.490025125787,-40.34,53.4));
#687 = VERTEX_POINT('',#688);
#688 = CARTESIAN_POINT('',(-56.49002512578,-40.34,53.4));
#689 = LINE('',#690,#691);
#690 = CARTESIAN_POINT('',(-62.68,-40.34,53.4));
#691 = VECTOR('',#692,1.);
#692 = DIRECTION('',(-1.,-0.,0.));
#693 = ORIENTED_EDGE('',*,*,#694,.T.);
#694 = EDGE_CURVE('',#687,#695,#697,.T.);
#695 = VERTEX_POINT('',#696);
#696 = CARTESIAN_POINT('',(-54.88,-37.34,53.4));
#697 = CIRCLE('',#698,3.6);
#698 = AXIS2_PLACEMENT_3D('',#699,#700,#701);
#699 = CARTESIAN_POINT('',(-58.48,-37.34,53.4));
#700 = DIRECTION('',(0.,0.,1.));
#701 = DIRECTION('',(1.,0.,-0.));
#702 = ORIENTED_EDGE('',*,*,#703,.T.);
#703 = EDGE_CURVE('',#695,#704,#706,.T.);
#704 = VERTEX_POINT('',#705);
#705 = CARTESIAN_POINT('',(-61.48,-35.35002512578,53.4));
#706 = CIRCLE('',#707,3.6);
#707 = AXIS2_PLACEMENT_3D('',#708,#709,#710);
#708 = CARTESIAN_POINT('',(-58.48,-37.34,53.4));
#709 = DIRECTION('',(0.,0.,1.));
#710 = DIRECTION('',(1.,0.,-0.));
#711 = ORIENTED_EDGE('',*,*,#712,.T.);
#712 = EDGE_CURVE('',#704,#713,#715,.T.);
#713 = VERTEX_POINT('',#714);
#714 = CARTESIAN_POINT('',(-61.48,35.350025125787,53.4));
#715 = LINE('',#716,#717);
#716 = CARTESIAN_POINT('',(-61.48,-41.54,53.4));
#717 = VECTOR('',#718,1.);
#718 = DIRECTION('',(-0.,1.,0.));
#719 = ORIENTED_EDGE('',*,*,#720,.T.);
#720 = EDGE_CURVE('',#713,#721,#723,.T.);
#721 = VERTEX_POINT('',#722);
#722 = CARTESIAN_POINT('',(-54.88,37.34,53.4));
#723 = CIRCLE('',#724,3.6);
#724 = AXIS2_PLACEMENT_3D('',#725,#726,#727);
#725 = CARTESIAN_POINT('',(-58.48,37.34,53.4));
#726 = DIRECTION('',(0.,0.,1.));
#727 = DIRECTION('',(1.,0.,-0.));
#728 = ORIENTED_EDGE('',*,*,#729,.T.);
#729 = EDGE_CURVE('',#721,#730,#732,.T.);
#730 = VERTEX_POINT('',#731);
#731 = CARTESIAN_POINT('',(-56.49002512578,40.34,53.4));
#732 = CIRCLE('',#733,3.6);
#733 = AXIS2_PLACEMENT_3D('',#734,#735,#736);
#734 = CARTESIAN_POINT('',(-58.48,37.34,53.4));
#735 = DIRECTION('',(0.,0.,1.));
#736 = DIRECTION('',(1.,0.,-0.));
#737 = ORIENTED_EDGE('',*,*,#738,.F.);
#738 = EDGE_CURVE('',#739,#730,#741,.T.);
#739 = VERTEX_POINT('',#740);
#740 = CARTESIAN_POINT('',(56.490025125787,40.34,53.4));
#741 = LINE('',#742,#743);
#742 = CARTESIAN_POINT('',(-62.68,40.34,53.4));
#743 = VECTOR('',#744,1.);
#744 = DIRECTION('',(-1.,-0.,0.));
#745 = ORIENTED_EDGE('',*,*,#746,.T.);
#746 = EDGE_CURVE('',#739,#747,#749,.T.);
#747 = VERTEX_POINT('',#748);
#748 = CARTESIAN_POINT('',(61.48,35.350025125787,53.4));
#749 = CIRCLE('',#750,3.6);
#750 = AXIS2_PLACEMENT_3D('',#751,#752,#753);
#751 = CARTESIAN_POINT('',(58.48,37.34,53.4));
#752 = DIRECTION('',(0.,0.,1.));
#753 = DIRECTION('',(1.,0.,-0.));
#754 = ORIENTED_EDGE('',*,*,#755,.F.);
#755 = EDGE_CURVE('',#756,#747,#758,.T.);
#756 = VERTEX_POINT('',#757);
#757 = CARTESIAN_POINT('',(61.48,-35.35002512578,53.4));
#758 = LINE('',#759,#760);
#759 = CARTESIAN_POINT('',(61.48,-41.54,53.4));
#760 = VECTOR('',#761,1.);
#761 = DIRECTION('',(-0.,1.,0.));
#762 = ORIENTED_EDGE('',*,*,#763,.T.);
#763 = EDGE_CURVE('',#756,#685,#764,.T.);
#764 = CIRCLE('',#765,3.6);
#765 = AXIS2_PLACEMENT_3D('',#766,#767,#768);
#766 = CARTESIAN_POINT('',(58.48,-37.34,53.4));
#767 = DIRECTION('',(0.,0.,1.));
#768 = DIRECTION('',(1.,0.,-0.));
#769 = FACE_BOUND('',#770,.T.);
#770 = EDGE_LOOP('',(#771));
#771 = ORIENTED_EDGE('',*,*,#772,.F.);
#772 = EDGE_CURVE('',#773,#773,#775,.T.);
#773 = VERTEX_POINT('',#774);
#774 = CARTESIAN_POINT('',(-56.48,37.34,53.4));
#775 = CIRCLE('',#776,2.);
#776 = AXIS2_PLACEMENT_3D('',#777,#778,#779);
#777 = CARTESIAN_POINT('',(-58.48,37.34,53.4));
#778 = DIRECTION('',(0.,0.,1.));
#779 = DIRECTION('',(1.,0.,-0.));
#780 = FACE_BOUND('',#781,.T.);
#781 = EDGE_LOOP('',(#782));
#782 = ORIENTED_EDGE('',*,*,#783,.F.);
#783 = EDGE_CURVE('',#784,#784,#786,.T.);
#784 = VERTEX_POINT('',#785);
#785 = CARTESIAN_POINT('',(60.48,37.34,53.4));
#786 = CIRCLE('',#787,2.);
#787 = AXIS2_PLACEMENT_3D('',#788,#789,#790);
#788 = CARTESIAN_POINT('',(58.48,37.34,53.4));
#789 = DIRECTION('',(0.,0.,1.));
#790 = DIRECTION('',(1.,0.,-0.));
#791 = PLANE('',#792);
#792 = AXIS2_PLACEMENT_3D('',#793,#794,#795);
#793 = CARTESIAN_POINT('',(-63.88,-42.74,53.4));
#794 = DIRECTION('',(0.,0.,1.));
#795 = DIRECTION('',(1.,0.,-0.));
#796 = ADVANCED_FACE('',(#797),#816,.T.);
#797 = FACE_BOUND('',#798,.T.);
#798 = EDGE_LOOP('',(#799,#808,#814,#815));
#799 = ORIENTED_EDGE('',*,*,#800,.T.);
#800 = EDGE_CURVE('',#32,#801,#803,.T.);
#801 = VERTEX_POINT('',#802);
#802 = CARTESIAN_POINT('',(-60.7,-42.74,0.));
#803 = CIRCLE('',#804,3.18);
#804 = AXIS2_PLACEMENT_3D('',#805,#806,#807);
#805 = CARTESIAN_POINT('',(-60.7,-39.56,0.));
#806 = DIRECTION('',(0.,0.,1.));
#807 = DIRECTION('',(0.,-1.,0.));
#808 = ORIENTED_EDGE('',*,*,#809,.T.);
#809 = EDGE_CURVE('',#801,#603,#810,.T.);
#810 = LINE('',#811,#812);
#811 = CARTESIAN_POINT('',(-60.7,-42.74,0.));
#812 = VECTOR('',#813,1.);
#813 = DIRECTION('',(0.,0.,1.));
#814 = ORIENTED_EDGE('',*,*,#602,.F.);
#815 = ORIENTED_EDGE('',*,*,#31,.F.);
#816 = CYLINDRICAL_SURFACE('',#817,3.18);
#817 = AXIS2_PLACEMENT_3D('',#818,#819,#820);
#818 = CARTESIAN_POINT('',(-60.7,-39.56,0.));
#819 = DIRECTION('',(0.,0.,1.));
#820 = DIRECTION('',(-1.,-0.,0.));
#821 = ADVANCED_FACE('',(#822),#841,.T.);
#822 = FACE_BOUND('',#823,.F.);
#823 = EDGE_LOOP('',(#824,#833,#839,#840));
#824 = ORIENTED_EDGE('',*,*,#825,.T.);
#825 = EDGE_CURVE('',#40,#826,#828,.T.);
#826 = VERTEX_POINT('',#827);
#827 = CARTESIAN_POINT('',(-60.7,42.74,0.));
#828 = CIRCLE('',#829,3.18);
#829 = AXIS2_PLACEMENT_3D('',#830,#831,#832);
#830 = CARTESIAN_POINT('',(-60.7,39.56,0.));
#831 = DIRECTION('',(-0.,-0.,-1.));
#832 = DIRECTION('',(0.,-1.,0.));
#833 = ORIENTED_EDGE('',*,*,#834,.T.);
#834 = EDGE_CURVE('',#826,#646,#835,.T.);
#835 = LINE('',#836,#837);
#836 = CARTESIAN_POINT('',(-60.7,42.74,0.));
#837 = VECTOR('',#838,1.);
#838 = DIRECTION('',(0.,0.,1.));
#839 = ORIENTED_EDGE('',*,*,#653,.F.);
#840 = ORIENTED_EDGE('',*,*,#47,.F.);
#841 = CYLINDRICAL_SURFACE('',#842,3.18);
#842 = AXIS2_PLACEMENT_3D('',#843,#844,#845);
#843 = CARTESIAN_POINT('',(-60.7,39.56,0.));
#844 = DIRECTION('',(0.,0.,1.));
#845 = DIRECTION('',(-1.,-0.,0.));
#846 = ADVANCED_FACE('',(#847),#892,.F.);
#847 = FACE_BOUND('',#848,.F.);
#848 = EDGE_LOOP('',(#849,#850,#851,#859,#868,#876,#885,#891));
#849 = ORIENTED_EDGE('',*,*,#39,.F.);
#850 = ORIENTED_EDGE('',*,*,#800,.T.);
#851 = ORIENTED_EDGE('',*,*,#852,.T.);
#852 = EDGE_CURVE('',#801,#853,#855,.T.);
#853 = VERTEX_POINT('',#854);
#854 = CARTESIAN_POINT('',(60.7,-42.74,0.));
#855 = LINE('',#856,#857);
#856 = CARTESIAN_POINT('',(-63.88,-42.74,0.));
#857 = VECTOR('',#858,1.);
#858 = DIRECTION('',(1.,0.,-0.));
#859 = ORIENTED_EDGE('',*,*,#860,.F.);
#860 = EDGE_CURVE('',#861,#853,#863,.T.);
#861 = VERTEX_POINT('',#862);
#862 = CARTESIAN_POINT('',(63.88,-39.56,0.));
#863 = CIRCLE('',#864,3.18);
#864 = AXIS2_PLACEMENT_3D('',#865,#866,#867);
#865 = CARTESIAN_POINT('',(60.7,-39.56,0.));
#866 = DIRECTION('',(-0.,-0.,-1.));
#867 = DIRECTION('',(0.,-1.,0.));
#868 = ORIENTED_EDGE('',*,*,#869,.T.);
#869 = EDGE_CURVE('',#861,#870,#872,.T.);
#870 = VERTEX_POINT('',#871);
#871 = CARTESIAN_POINT('',(63.88,39.56,0.));
#872 = LINE('',#873,#874);
#873 = CARTESIAN_POINT('',(63.88,-42.74,0.));
#874 = VECTOR('',#875,1.);
#875 = DIRECTION('',(-0.,1.,0.));
#876 = ORIENTED_EDGE('',*,*,#877,.T.);
#877 = EDGE_CURVE('',#870,#878,#880,.T.);
#878 = VERTEX_POINT('',#879);
#879 = CARTESIAN_POINT('',(60.7,42.74,0.));
#880 = CIRCLE('',#881,3.18);
#881 = AXIS2_PLACEMENT_3D('',#882,#883,#884);
#882 = CARTESIAN_POINT('',(60.7,39.56,0.));
#883 = DIRECTION('',(0.,0.,1.));
#884 = DIRECTION('',(0.,-1.,0.));
#885 = ORIENTED_EDGE('',*,*,#886,.F.);
#886 = EDGE_CURVE('',#826,#878,#887,.T.);
#887 = LINE('',#888,#889);
#888 = CARTESIAN_POINT('',(-63.88,42.74,0.));
#889 = VECTOR('',#890,1.);
#890 = DIRECTION('',(1.,0.,-0.));
#891 = ORIENTED_EDGE('',*,*,#825,.F.);
#892 = PLANE('',#893);
#893 = AXIS2_PLACEMENT_3D('',#894,#895,#896);
#894 = CARTESIAN_POINT('',(-63.88,-42.74,0.));
#895 = DIRECTION('',(0.,0.,1.));
#896 = DIRECTION('',(1.,0.,-0.));
#897 = ADVANCED_FACE('',(#898),#923,.T.);
#898 = FACE_BOUND('',#899,.T.);
#899 = EDGE_LOOP('',(#900,#908,#909,#917));
#900 = ORIENTED_EDGE('',*,*,#901,.F.);
#901 = EDGE_CURVE('',#56,#902,#904,.T.);
#902 = VERTEX_POINT('',#903);
#903 = CARTESIAN_POINT('',(-61.48,20.5,18.3));
#904 = LINE('',#905,#906);
#905 = CARTESIAN_POINT('',(-64.88,20.5,18.3));
#906 = VECTOR('',#907,1.);
#907 = DIRECTION('',(1.,0.,-0.));
#908 = ORIENTED_EDGE('',*,*,#55,.T.);
#909 = ORIENTED_EDGE('',*,*,#910,.T.);
#910 = EDGE_CURVE('',#58,#911,#913,.T.);
#911 = VERTEX_POINT('',#912);
#912 = CARTESIAN_POINT('',(-61.48,9.5,18.3));
#913 = LINE('',#914,#915);
#914 = CARTESIAN_POINT('',(-64.88,9.5,18.3));
#915 = VECTOR('',#916,1.);
#916 = DIRECTION('',(1.,0.,-0.));
#917 = ORIENTED_EDGE('',*,*,#918,.F.);
#918 = EDGE_CURVE('',#902,#911,#919,.T.);
#919 = LINE('',#920,#921);
#920 = CARTESIAN_POINT('',(-61.48,-15.42,18.3));
#921 = VECTOR('',#922,1.);
#922 = DIRECTION('',(0.,-1.,0.));
#923 = PLANE('',#924);
#924 = AXIS2_PLACEMENT_3D('',#925,#926,#927);
#925 = CARTESIAN_POINT('',(-64.88,9.5,18.3));
#926 = DIRECTION('',(0.,0.,1.));
#927 = DIRECTION('',(1.,0.,-0.));
#928 = ADVANCED_FACE('',(#929),#947,.F.);
#929 = FACE_BOUND('',#930,.F.);
#930 = EDGE_LOOP('',(#931,#932,#933,#941));
#931 = ORIENTED_EDGE('',*,*,#901,.F.);
#932 = ORIENTED_EDGE('',*,*,#81,.T.);
#933 = ORIENTED_EDGE('',*,*,#934,.T.);
#934 = EDGE_CURVE('',#74,#935,#937,.T.);
#935 = VERTEX_POINT('',#936);
#936 = CARTESIAN_POINT('',(-61.48,20.5,24.3));
#937 = LINE('',#938,#939);
#938 = CARTESIAN_POINT('',(-64.88,20.5,24.3));
#939 = VECTOR('',#940,1.);
#940 = DIRECTION('',(1.,0.,-0.));
#941 = ORIENTED_EDGE('',*,*,#942,.F.);
#942 = EDGE_CURVE('',#902,#935,#943,.T.);
#943 = LINE('',#944,#945);
#944 = CARTESIAN_POINT('',(-61.48,20.5,10.35));
#945 = VECTOR('',#946,1.);
#946 = DIRECTION('',(0.,0.,1.));
#947 = PLANE('',#948);
#948 = AXIS2_PLACEMENT_3D('',#949,#950,#951);
#949 = CARTESIAN_POINT('',(-64.88,20.5,18.3));
#950 = DIRECTION('',(-0.,1.,0.));
#951 = DIRECTION('',(0.,0.,1.));
#952 = ADVANCED_FACE('',(#953),#971,.T.);
#953 = FACE_BOUND('',#954,.T.);
#954 = EDGE_LOOP('',(#955,#956,#957,#965));
#955 = ORIENTED_EDGE('',*,*,#910,.F.);
#956 = ORIENTED_EDGE('',*,*,#65,.T.);
#957 = ORIENTED_EDGE('',*,*,#958,.T.);
#958 = EDGE_CURVE('',#66,#959,#961,.T.);
#959 = VERTEX_POINT('',#960);
#960 = CARTESIAN_POINT('',(-61.48,9.5,24.3));
#961 = LINE('',#962,#963);
#962 = CARTESIAN_POINT('',(-64.88,9.5,24.3));
#963 = VECTOR('',#964,1.);
#964 = DIRECTION('',(1.,0.,-0.));
#965 = ORIENTED_EDGE('',*,*,#966,.F.);
#966 = EDGE_CURVE('',#911,#959,#967,.T.);
#967 = LINE('',#968,#969);
#968 = CARTESIAN_POINT('',(-61.48,9.5,10.35));
#969 = VECTOR('',#970,1.);
#970 = DIRECTION('',(0.,0.,1.));
#971 = PLANE('',#972);
#972 = AXIS2_PLACEMENT_3D('',#973,#974,#975);
#973 = CARTESIAN_POINT('',(-64.88,9.5,18.3));
#974 = DIRECTION('',(-0.,1.,0.));
#975 = DIRECTION('',(0.,0.,1.));
#976 = ADVANCED_FACE('',(#977),#988,.F.);
#977 = FACE_BOUND('',#978,.F.);
#978 = EDGE_LOOP('',(#979,#980,#981,#982));
#979 = ORIENTED_EDGE('',*,*,#934,.F.);
#980 = ORIENTED_EDGE('',*,*,#73,.T.);
#981 = ORIENTED_EDGE('',*,*,#958,.T.);
#982 = ORIENTED_EDGE('',*,*,#983,.F.);
#983 = EDGE_CURVE('',#935,#959,#984,.T.);
#984 = LINE('',#985,#986);
#985 = CARTESIAN_POINT('',(-61.48,-15.42,24.3));
#986 = VECTOR('',#987,1.);
#987 = DIRECTION('',(0.,-1.,0.));
#988 = PLANE('',#989);
#989 = AXIS2_PLACEMENT_3D('',#990,#991,#992);
#990 = CARTESIAN_POINT('',(-64.88,9.5,24.3));
#991 = DIRECTION('',(0.,0.,1.));
#992 = DIRECTION('',(1.,0.,-0.));
#993 = ADVANCED_FACE('',(#994),#1017,.T.);
#994 = FACE_BOUND('',#995,.T.);
#995 = EDGE_LOOP('',(#996,#1003,#1011,#1016));
#996 = ORIENTED_EDGE('',*,*,#997,.T.);
#997 = EDGE_CURVE('',#90,#998,#1000,.T.);
#998 = VERTEX_POINT('',#999);
#999 = CARTESIAN_POINT('',(-63.28,16.487077826725,28.587812041116));
#1000 = B_SPLINE_CURVE_WITH_KNOTS('',1,(#1001,#1002),.UNSPECIFIED.,.F.,
  .F.,(2,2),(0.,0.6),.PIECEWISE_BEZIER_KNOTS.);
#1001 = CARTESIAN_POINT('',(-63.88,16.487077826725,28.587812041116));
#1002 = CARTESIAN_POINT('',(-63.28,16.487077826725,28.587812041116));
#1003 = ORIENTED_EDGE('',*,*,#1004,.T.);
#1004 = EDGE_CURVE('',#998,#1005,#1007,.T.);
#1005 = VERTEX_POINT('',#1006);
#1006 = CARTESIAN_POINT('',(-63.28,17.813069016153,27.164757709251));
#1007 = B_SPLINE_CURVE_WITH_KNOTS('',2,(#1008,#1009,#1010),
  .UNSPECIFIED.,.F.,.F.,(3,3),(0.,1.),.PIECEWISE_BEZIER_KNOTS.);
#1008 = CARTESIAN_POINT('',(-63.28,16.487077826725,28.587812041116));
#1009 = CARTESIAN_POINT('',(-63.28,16.487077826725,27.164757709251));
#1010 = CARTESIAN_POINT('',(-63.28,17.813069016153,27.164757709251));
#1011 = ORIENTED_EDGE('',*,*,#1012,.F.);
#1012 = EDGE_CURVE('',#92,#1005,#1013,.T.);
#1013 = B_SPLINE_CURVE_WITH_KNOTS('',1,(#1014,#1015),.UNSPECIFIED.,.F.,
  .F.,(2,2),(0.,0.6),.PIECEWISE_BEZIER_KNOTS.);
#1014 = CARTESIAN_POINT('',(-63.88,17.813069016153,27.164757709251));
#1015 = CARTESIAN_POINT('',(-63.28,17.813069016153,27.164757709251));
#1016 = ORIENTED_EDGE('',*,*,#89,.F.);
#1017 = B_SPLINE_SURFACE_WITH_KNOTS('',2,1,(
    (#1018,#1019)
    ,(#1020,#1021)
    ,(#1022,#1023
    )),.UNSPECIFIED.,.F.,.F.,.F.,(3,3),(2,2),(0.,1.),(-0.6,0.),
  .PIECEWISE_BEZIER_KNOTS.);
#1018 = CARTESIAN_POINT('',(-63.28,16.487077826725,28.587812041116));
#1019 = CARTESIAN_POINT('',(-63.88,16.487077826725,28.587812041116));
#1020 = CARTESIAN_POINT('',(-63.28,16.487077826725,27.164757709251));
#1021 = CARTESIAN_POINT('',(-63.88,16.487077826725,27.164757709251));
#1022 = CARTESIAN_POINT('',(-63.28,17.813069016153,27.164757709251));
#1023 = CARTESIAN_POINT('',(-63.88,17.813069016153,27.164757709251));
#1024 = ADVANCED_FACE('',(#1025),#1042,.T.);
#1025 = FACE_BOUND('',#1026,.T.);
#1026 = EDGE_LOOP('',(#1027,#1028,#1036,#1041));
#1027 = ORIENTED_EDGE('',*,*,#1012,.T.);
#1028 = ORIENTED_EDGE('',*,*,#1029,.T.);
#1029 = EDGE_CURVE('',#1005,#1030,#1032,.T.);
#1030 = VERTEX_POINT('',#1031);
#1031 = CARTESIAN_POINT('',(-63.28,19.099412628488,28.554772393539));
#1032 = B_SPLINE_CURVE_WITH_KNOTS('',2,(#1033,#1034,#1035),
  .UNSPECIFIED.,.F.,.F.,(3,3),(0.,1.),.PIECEWISE_BEZIER_KNOTS.);
#1033 = CARTESIAN_POINT('',(-63.28,17.813069016153,27.164757709251));
#1034 = CARTESIAN_POINT('',(-63.28,19.099412628488,27.164757709251));
#1035 = CARTESIAN_POINT('',(-63.28,19.099412628488,28.554772393539));
#1036 = ORIENTED_EDGE('',*,*,#1037,.F.);
#1037 = EDGE_CURVE('',#151,#1030,#1038,.T.);
#1038 = B_SPLINE_CURVE_WITH_KNOTS('',1,(#1039,#1040),.UNSPECIFIED.,.F.,
  .F.,(2,2),(0.,0.6),.PIECEWISE_BEZIER_KNOTS.);
#1039 = CARTESIAN_POINT('',(-63.88,19.099412628488,28.554772393539));
#1040 = CARTESIAN_POINT('',(-63.28,19.099412628488,28.554772393539));
#1041 = ORIENTED_EDGE('',*,*,#157,.F.);
#1042 = B_SPLINE_SURFACE_WITH_KNOTS('',2,1,(
    (#1043,#1044)
    ,(#1045,#1046)
    ,(#1047,#1048
    )),.UNSPECIFIED.,.F.,.F.,.F.,(3,3),(2,2),(0.,1.),(-0.6,0.),
  .PIECEWISE_BEZIER_KNOTS.);
#1043 = CARTESIAN_POINT('',(-63.28,17.813069016153,27.164757709251));
#1044 = CARTESIAN_POINT('',(-63.88,17.813069016153,27.164757709251));
#1045 = CARTESIAN_POINT('',(-63.28,19.099412628488,27.164757709251));
#1046 = CARTESIAN_POINT('',(-63.88,19.099412628488,27.164757709251));
#1047 = CARTESIAN_POINT('',(-63.28,19.099412628488,28.554772393539));
#1048 = CARTESIAN_POINT('',(-63.88,19.099412628488,28.554772393539));
#1049 = ADVANCED_FACE('',(#1050),#1066,.T.);
#1050 = FACE_BOUND('',#1051,.T.);
#1051 = EDGE_LOOP('',(#1052,#1053,#1060,#1065));
#1052 = ORIENTED_EDGE('',*,*,#1037,.T.);
#1053 = ORIENTED_EDGE('',*,*,#1054,.T.);
#1054 = EDGE_CURVE('',#1030,#1055,#1057,.T.);
#1055 = VERTEX_POINT('',#1056);
#1056 = CARTESIAN_POINT('',(-63.28,19.099412628488,30.378854625551));
#1057 = B_SPLINE_CURVE_WITH_KNOTS('',1,(#1058,#1059),.UNSPECIFIED.,.F.,
  .F.,(2,2),(0.,1.824082232012),.PIECEWISE_BEZIER_KNOTS.);
#1058 = CARTESIAN_POINT('',(-63.28,19.099412628488,28.554772393539));
#1059 = CARTESIAN_POINT('',(-63.28,19.099412628488,30.378854625551));
#1060 = ORIENTED_EDGE('',*,*,#1061,.F.);
#1061 = EDGE_CURVE('',#144,#1055,#1062,.T.);
#1062 = B_SPLINE_CURVE_WITH_KNOTS('',1,(#1063,#1064),.UNSPECIFIED.,.F.,
  .F.,(2,2),(0.,0.6),.PIECEWISE_BEZIER_KNOTS.);
#1063 = CARTESIAN_POINT('',(-63.88,19.099412628488,30.378854625551));
#1064 = CARTESIAN_POINT('',(-63.28,19.099412628488,30.378854625551));
#1065 = ORIENTED_EDGE('',*,*,#150,.F.);
#1066 = B_SPLINE_SURFACE_WITH_KNOTS('',1,1,(
    (#1067,#1068)
    ,(#1069,#1070
    )),.UNSPECIFIED.,.F.,.F.,.F.,(2,2),(2,2),(0.,1.824082232012),(-0.6,
    0.),.PIECEWISE_BEZIER_KNOTS.);
#1067 = CARTESIAN_POINT('',(-63.28,19.099412628488,28.554772393539));
#1068 = CARTESIAN_POINT('',(-63.88,19.099412628488,28.554772393539));
#1069 = CARTESIAN_POINT('',(-63.28,19.099412628488,30.378854625551));
#1070 = CARTESIAN_POINT('',(-63.88,19.099412628488,30.378854625551));
#1071 = ADVANCED_FACE('',(#1072),#1088,.T.);
#1072 = FACE_BOUND('',#1073,.T.);
#1073 = EDGE_LOOP('',(#1074,#1075,#1082,#1087));
#1074 = ORIENTED_EDGE('',*,*,#1061,.T.);
#1075 = ORIENTED_EDGE('',*,*,#1076,.T.);
#1076 = EDGE_CURVE('',#1055,#1077,#1079,.T.);
#1077 = VERTEX_POINT('',#1078);
#1078 = CARTESIAN_POINT('',(-63.28,18.385756240822,30.378854625551));
#1079 = B_SPLINE_CURVE_WITH_KNOTS('',1,(#1080,#1081),.UNSPECIFIED.,.F.,
  .F.,(2,2),(0.,0.713656387665),.PIECEWISE_BEZIER_KNOTS.);
#1080 = CARTESIAN_POINT('',(-63.28,19.099412628488,30.378854625551));
#1081 = CARTESIAN_POINT('',(-63.28,18.385756240822,30.378854625551));
#1082 = ORIENTED_EDGE('',*,*,#1083,.F.);
#1083 = EDGE_CURVE('',#137,#1077,#1084,.T.);
#1084 = B_SPLINE_CURVE_WITH_KNOTS('',1,(#1085,#1086),.UNSPECIFIED.,.F.,
  .F.,(2,2),(0.,0.6),.PIECEWISE_BEZIER_KNOTS.);
#1085 = CARTESIAN_POINT('',(-63.88,18.385756240822,30.378854625551));
#1086 = CARTESIAN_POINT('',(-63.28,18.385756240822,30.378854625551));
#1087 = ORIENTED_EDGE('',*,*,#143,.F.);
#1088 = B_SPLINE_SURFACE_WITH_KNOTS('',1,1,(
    (#1089,#1090)
    ,(#1091,#1092
    )),.UNSPECIFIED.,.F.,.F.,.F.,(2,2),(2,2),(0.,0.713656387665),(-0.6,
    0.),.PIECEWISE_BEZIER_KNOTS.);
#1089 = CARTESIAN_POINT('',(-63.28,19.099412628488,30.378854625551));
#1090 = CARTESIAN_POINT('',(-63.88,19.099412628488,30.378854625551));
#1091 = CARTESIAN_POINT('',(-63.28,18.385756240822,30.378854625551));
#1092 = CARTESIAN_POINT('',(-63.88,18.385756240822,30.378854625551));
#1093 = ADVANCED_FACE('',(#1094),#1110,.T.);
#1094 = FACE_BOUND('',#1095,.T.);
#1095 = EDGE_LOOP('',(#1096,#1097,#1104,#1109));
#1096 = ORIENTED_EDGE('',*,*,#1083,.T.);
#1097 = ORIENTED_EDGE('',*,*,#1098,.T.);
#1098 = EDGE_CURVE('',#1077,#1099,#1101,.T.);
#1099 = VERTEX_POINT('',#1100);
#1100 = CARTESIAN_POINT('',(-63.28,18.385756240822,28.545961820852));
#1101 = B_SPLINE_CURVE_WITH_KNOTS('',1,(#1102,#1103),.UNSPECIFIED.,.F.,
  .F.,(2,2),(0.,1.832892804699),.PIECEWISE_BEZIER_KNOTS.);
#1102 = CARTESIAN_POINT('',(-63.28,18.385756240822,30.378854625551));
#1103 = CARTESIAN_POINT('',(-63.28,18.385756240822,28.545961820852));
#1104 = ORIENTED_EDGE('',*,*,#1105,.F.);
#1105 = EDGE_CURVE('',#129,#1099,#1106,.T.);
#1106 = B_SPLINE_CURVE_WITH_KNOTS('',1,(#1107,#1108),.UNSPECIFIED.,.F.,
  .F.,(2,2),(0.,0.6),.PIECEWISE_BEZIER_KNOTS.);
#1107 = CARTESIAN_POINT('',(-63.88,18.385756240822,28.545961820852));
#1108 = CARTESIAN_POINT('',(-63.28,18.385756240822,28.545961820852));
#1109 = ORIENTED_EDGE('',*,*,#136,.F.);
#1110 = B_SPLINE_SURFACE_WITH_KNOTS('',1,1,(
    (#1111,#1112)
    ,(#1113,#1114
    )),.UNSPECIFIED.,.F.,.F.,.F.,(2,2),(2,2),(0.,1.832892804699),(-0.6,
    0.),.PIECEWISE_BEZIER_KNOTS.);
#1111 = CARTESIAN_POINT('',(-63.28,18.385756240822,30.378854625551));
#1112 = CARTESIAN_POINT('',(-63.88,18.385756240822,30.378854625551));
#1113 = CARTESIAN_POINT('',(-63.28,18.385756240822,28.545961820852));
#1114 = CARTESIAN_POINT('',(-63.88,18.385756240822,28.545961820852));
#1115 = ADVANCED_FACE('',(#1116),#1133,.T.);
#1116 = FACE_BOUND('',#1117,.T.);
#1117 = EDGE_LOOP('',(#1118,#1119,#1127,#1132));
#1118 = ORIENTED_EDGE('',*,*,#1105,.T.);
#1119 = ORIENTED_EDGE('',*,*,#1120,.T.);
#1120 = EDGE_CURVE('',#1099,#1121,#1123,.T.);
#1121 = VERTEX_POINT('',#1122);
#1122 = CARTESIAN_POINT('',(-63.28,17.786637298091,27.779295154185));
#1123 = B_SPLINE_CURVE_WITH_KNOTS('',2,(#1124,#1125,#1126),
  .UNSPECIFIED.,.F.,.F.,(3,3),(0.,1.),.PIECEWISE_BEZIER_KNOTS.);
#1124 = CARTESIAN_POINT('',(-63.28,18.385756240822,28.545961820852));
#1125 = CARTESIAN_POINT('',(-63.28,18.385756240822,27.779295154185));
#1126 = CARTESIAN_POINT('',(-63.28,17.786637298091,27.779295154185));
#1127 = ORIENTED_EDGE('',*,*,#1128,.F.);
#1128 = EDGE_CURVE('',#121,#1121,#1129,.T.);
#1129 = B_SPLINE_CURVE_WITH_KNOTS('',1,(#1130,#1131),.UNSPECIFIED.,.F.,
  .F.,(2,2),(0.,0.6),.PIECEWISE_BEZIER_KNOTS.);
#1130 = CARTESIAN_POINT('',(-63.88,17.786637298091,27.779295154185));
#1131 = CARTESIAN_POINT('',(-63.28,17.786637298091,27.779295154185));
#1132 = ORIENTED_EDGE('',*,*,#128,.F.);
#1133 = B_SPLINE_SURFACE_WITH_KNOTS('',2,1,(
    (#1134,#1135)
    ,(#1136,#1137)
    ,(#1138,#1139
    )),.UNSPECIFIED.,.F.,.F.,.F.,(3,3),(2,2),(0.,1.),(-0.6,0.),
  .PIECEWISE_BEZIER_KNOTS.);
#1134 = CARTESIAN_POINT('',(-63.28,18.385756240822,28.545961820852));
#1135 = CARTESIAN_POINT('',(-63.88,18.385756240822,28.545961820852));
#1136 = CARTESIAN_POINT('',(-63.28,18.385756240822,27.779295154185));
#1137 = CARTESIAN_POINT('',(-63.88,18.385756240822,27.779295154185));
#1138 = CARTESIAN_POINT('',(-63.28,17.786637298091,27.779295154185));
#1139 = CARTESIAN_POINT('',(-63.88,17.786637298091,27.779295154185));
#1140 = ADVANCED_FACE('',(#1141),#1158,.T.);
#1141 = FACE_BOUND('',#1142,.T.);
#1142 = EDGE_LOOP('',(#1143,#1144,#1152,#1157));
#1143 = ORIENTED_EDGE('',*,*,#1128,.T.);
#1144 = ORIENTED_EDGE('',*,*,#1145,.T.);
#1145 = EDGE_CURVE('',#1121,#1146,#1148,.T.);
#1146 = VERTEX_POINT('',#1147);
#1147 = CARTESIAN_POINT('',(-63.28,17.198531571219,28.51953010279));
#1148 = B_SPLINE_CURVE_WITH_KNOTS('',2,(#1149,#1150,#1151),
  .UNSPECIFIED.,.F.,.F.,(3,3),(0.,1.),.PIECEWISE_BEZIER_KNOTS.);
#1149 = CARTESIAN_POINT('',(-63.28,17.786637298091,27.779295154185));
#1150 = CARTESIAN_POINT('',(-63.28,17.198531571219,27.779295154185));
#1151 = CARTESIAN_POINT('',(-63.28,17.198531571219,28.51953010279));
#1152 = ORIENTED_EDGE('',*,*,#1153,.F.);
#1153 = EDGE_CURVE('',#114,#1146,#1154,.T.);
#1154 = B_SPLINE_CURVE_WITH_KNOTS('',1,(#1155,#1156),.UNSPECIFIED.,.F.,
  .F.,(2,2),(0.,0.6),.PIECEWISE_BEZIER_KNOTS.);
#1155 = CARTESIAN_POINT('',(-63.88,17.198531571219,28.51953010279));
#1156 = CARTESIAN_POINT('',(-63.28,17.198531571219,28.51953010279));
#1157 = ORIENTED_EDGE('',*,*,#120,.F.);
#1158 = B_SPLINE_SURFACE_WITH_KNOTS('',2,1,(
    (#1159,#1160)
    ,(#1161,#1162)
    ,(#1163,#1164
    )),.UNSPECIFIED.,.F.,.F.,.F.,(3,3),(2,2),(0.,1.),(-0.6,0.),
  .PIECEWISE_BEZIER_KNOTS.);
#1159 = CARTESIAN_POINT('',(-63.28,17.786637298091,27.779295154185));
#1160 = CARTESIAN_POINT('',(-63.88,17.786637298091,27.779295154185));
#1161 = CARTESIAN_POINT('',(-63.28,17.198531571219,27.779295154185));
#1162 = CARTESIAN_POINT('',(-63.88,17.198531571219,27.779295154185));
#1163 = CARTESIAN_POINT('',(-63.28,17.198531571219,28.51953010279));
#1164 = CARTESIAN_POINT('',(-63.88,17.198531571219,28.51953010279));
#1165 = ADVANCED_FACE('',(#1166),#1182,.T.);
#1166 = FACE_BOUND('',#1167,.T.);
#1167 = EDGE_LOOP('',(#1168,#1169,#1176,#1181));
#1168 = ORIENTED_EDGE('',*,*,#1153,.T.);
#1169 = ORIENTED_EDGE('',*,*,#1170,.T.);
#1170 = EDGE_CURVE('',#1146,#1171,#1173,.T.);
#1171 = VERTEX_POINT('',#1172);
#1172 = CARTESIAN_POINT('',(-63.28,17.198531571219,30.378854625551));
#1173 = B_SPLINE_CURVE_WITH_KNOTS('',1,(#1174,#1175),.UNSPECIFIED.,.F.,
  .F.,(2,2),(0.,1.859324522761),.PIECEWISE_BEZIER_KNOTS.);
#1174 = CARTESIAN_POINT('',(-63.28,17.198531571219,28.51953010279));
#1175 = CARTESIAN_POINT('',(-63.28,17.198531571219,30.378854625551));
#1176 = ORIENTED_EDGE('',*,*,#1177,.F.);
#1177 = EDGE_CURVE('',#107,#1171,#1178,.T.);
#1178 = B_SPLINE_CURVE_WITH_KNOTS('',1,(#1179,#1180),.UNSPECIFIED.,.F.,
  .F.,(2,2),(0.,0.6),.PIECEWISE_BEZIER_KNOTS.);
#1179 = CARTESIAN_POINT('',(-63.88,17.198531571219,30.378854625551));
#1180 = CARTESIAN_POINT('',(-63.28,17.198531571219,30.378854625551));
#1181 = ORIENTED_EDGE('',*,*,#113,.F.);
#1182 = B_SPLINE_SURFACE_WITH_KNOTS('',1,1,(
    (#1183,#1184)
    ,(#1185,#1186
    )),.UNSPECIFIED.,.F.,.F.,.F.,(2,2),(2,2),(0.,1.859324522761),(-0.6,
    0.),.PIECEWISE_BEZIER_KNOTS.);
#1183 = CARTESIAN_POINT('',(-63.28,17.198531571219,28.51953010279));
#1184 = CARTESIAN_POINT('',(-63.88,17.198531571219,28.51953010279));
#1185 = CARTESIAN_POINT('',(-63.28,17.198531571219,30.378854625551));
#1186 = CARTESIAN_POINT('',(-63.88,17.198531571219,30.378854625551));
#1187 = ADVANCED_FACE('',(#1188),#1204,.T.);
#1188 = FACE_BOUND('',#1189,.T.);
#1189 = EDGE_LOOP('',(#1190,#1191,#1198,#1203));
#1190 = ORIENTED_EDGE('',*,*,#1177,.T.);
#1191 = ORIENTED_EDGE('',*,*,#1192,.T.);
#1192 = EDGE_CURVE('',#1171,#1193,#1195,.T.);
#1193 = VERTEX_POINT('',#1194);
#1194 = CARTESIAN_POINT('',(-63.28,16.487077826725,30.378854625551));
#1195 = B_SPLINE_CURVE_WITH_KNOTS('',1,(#1196,#1197),.UNSPECIFIED.,.F.,
  .F.,(2,2),(0.,0.711453744493),.PIECEWISE_BEZIER_KNOTS.);
#1196 = CARTESIAN_POINT('',(-63.28,17.198531571219,30.378854625551));
#1197 = CARTESIAN_POINT('',(-63.28,16.487077826725,30.378854625551));
#1198 = ORIENTED_EDGE('',*,*,#1199,.F.);
#1199 = EDGE_CURVE('',#100,#1193,#1200,.T.);
#1200 = B_SPLINE_CURVE_WITH_KNOTS('',1,(#1201,#1202),.UNSPECIFIED.,.F.,
  .F.,(2,2),(0.,0.6),.PIECEWISE_BEZIER_KNOTS.);
#1201 = CARTESIAN_POINT('',(-63.88,16.487077826725,30.378854625551));
#1202 = CARTESIAN_POINT('',(-63.28,16.487077826725,30.378854625551));
#1203 = ORIENTED_EDGE('',*,*,#106,.F.);
#1204 = B_SPLINE_SURFACE_WITH_KNOTS('',1,1,(
    (#1205,#1206)
    ,(#1207,#1208
    )),.UNSPECIFIED.,.F.,.F.,.F.,(2,2),(2,2),(0.,0.711453744493),(-0.6,
    0.),.PIECEWISE_BEZIER_KNOTS.);
#1205 = CARTESIAN_POINT('',(-63.28,17.198531571219,30.378854625551));
#1206 = CARTESIAN_POINT('',(-63.88,17.198531571219,30.378854625551));
#1207 = CARTESIAN_POINT('',(-63.28,16.487077826725,30.378854625551));
#1208 = CARTESIAN_POINT('',(-63.88,16.487077826725,30.378854625551));
#1209 = ADVANCED_FACE('',(#1210),#1220,.T.);
#1210 = FACE_BOUND('',#1211,.T.);
#1211 = EDGE_LOOP('',(#1212,#1213,#1218,#1219));
#1212 = ORIENTED_EDGE('',*,*,#1199,.T.);
#1213 = ORIENTED_EDGE('',*,*,#1214,.T.);
#1214 = EDGE_CURVE('',#1193,#998,#1215,.T.);
#1215 = B_SPLINE_CURVE_WITH_KNOTS('',1,(#1216,#1217),.UNSPECIFIED.,.F.,
  .F.,(2,2),(0.,1.791042584435),.PIECEWISE_BEZIER_KNOTS.);
#1216 = CARTESIAN_POINT('',(-63.28,16.487077826725,30.378854625551));
#1217 = CARTESIAN_POINT('',(-63.28,16.487077826725,28.587812041116));
#1218 = ORIENTED_EDGE('',*,*,#997,.F.);
#1219 = ORIENTED_EDGE('',*,*,#99,.F.);
#1220 = B_SPLINE_SURFACE_WITH_KNOTS('',1,1,(
    (#1221,#1222)
    ,(#1223,#1224
    )),.UNSPECIFIED.,.F.,.F.,.F.,(2,2),(2,2),(0.,1.791042584435),(-0.6,
    0.),.PIECEWISE_BEZIER_KNOTS.);
#1221 = CARTESIAN_POINT('',(-63.28,16.487077826725,30.378854625551));
#1222 = CARTESIAN_POINT('',(-63.88,16.487077826725,30.378854625551));
#1223 = CARTESIAN_POINT('',(-63.28,16.487077826725,28.587812041116));
#1224 = CARTESIAN_POINT('',(-63.88,16.487077826725,28.587812041116));
#1225 = ADVANCED_FACE('',(#1226),#1248,.T.);
#1226 = FACE_BOUND('',#1227,.T.);
#1227 = EDGE_LOOP('',(#1228,#1235,#1242,#1247));
#1228 = ORIENTED_EDGE('',*,*,#1229,.T.);
#1229 = EDGE_CURVE('',#166,#1230,#1232,.T.);
#1230 = VERTEX_POINT('',#1231);
#1231 = CARTESIAN_POINT('',(-63.28,15.946255506608,27.340528634361));
#1232 = B_SPLINE_CURVE_WITH_KNOTS('',1,(#1233,#1234),.UNSPECIFIED.,.F.,
  .F.,(2,2),(0.,0.6),.PIECEWISE_BEZIER_KNOTS.);
#1233 = CARTESIAN_POINT('',(-63.88,15.946255506608,27.340528634361));
#1234 = CARTESIAN_POINT('',(-63.28,15.946255506608,27.340528634361));
#1235 = ORIENTED_EDGE('',*,*,#1236,.T.);
#1236 = EDGE_CURVE('',#1230,#1237,#1239,.T.);
#1237 = VERTEX_POINT('',#1238);
#1238 = CARTESIAN_POINT('',(-63.28,15.946255506608,28.04375917768));
#1239 = B_SPLINE_CURVE_WITH_KNOTS('',1,(#1240,#1241),.UNSPECIFIED.,.F.,
  .F.,(2,2),(0.,0.703230543319),.PIECEWISE_BEZIER_KNOTS.);
#1240 = CARTESIAN_POINT('',(-63.28,15.946255506608,27.340528634361));
#1241 = CARTESIAN_POINT('',(-63.28,15.946255506608,28.04375917768));
#1242 = ORIENTED_EDGE('',*,*,#1243,.F.);
#1243 = EDGE_CURVE('',#168,#1237,#1244,.T.);
#1244 = B_SPLINE_CURVE_WITH_KNOTS('',1,(#1245,#1246),.UNSPECIFIED.,.F.,
  .F.,(2,2),(0.,0.6),.PIECEWISE_BEZIER_KNOTS.);
#1245 = CARTESIAN_POINT('',(-63.88,15.946255506608,28.04375917768));
#1246 = CARTESIAN_POINT('',(-63.28,15.946255506608,28.04375917768));
#1247 = ORIENTED_EDGE('',*,*,#165,.F.);
#1248 = B_SPLINE_SURFACE_WITH_KNOTS('',1,1,(
    (#1249,#1250)
    ,(#1251,#1252
    )),.UNSPECIFIED.,.F.,.F.,.F.,(2,2),(2,2),(0.,0.703230543319),(-0.6,
    0.),.PIECEWISE_BEZIER_KNOTS.);
#1249 = CARTESIAN_POINT('',(-63.28,15.946255506608,27.340528634361));
#1250 = CARTESIAN_POINT('',(-63.88,15.946255506608,27.340528634361));
#1251 = CARTESIAN_POINT('',(-63.28,15.946255506608,28.04375917768));
#1252 = CARTESIAN_POINT('',(-63.88,15.946255506608,28.04375917768));
#1253 = ADVANCED_FACE('',(#1254),#1271,.T.);
#1254 = FACE_BOUND('',#1255,.T.);
#1255 = EDGE_LOOP('',(#1256,#1257,#1265,#1270));
#1256 = ORIENTED_EDGE('',*,*,#1243,.T.);
#1257 = ORIENTED_EDGE('',*,*,#1258,.T.);
#1258 = EDGE_CURVE('',#1237,#1259,#1261,.T.);
#1259 = VERTEX_POINT('',#1260);
#1260 = CARTESIAN_POINT('',(-63.28,15.529955947137,27.804111600587));
#1261 = B_SPLINE_CURVE_WITH_KNOTS('',2,(#1262,#1263,#1264),
  .UNSPECIFIED.,.F.,.F.,(3,3),(0.,1.),.PIECEWISE_BEZIER_KNOTS.);
#1262 = CARTESIAN_POINT('',(-63.28,15.946255506608,28.04375917768));
#1263 = CARTESIAN_POINT('',(-63.28,15.754625550661,27.883994126285));
#1264 = CARTESIAN_POINT('',(-63.28,15.529955947137,27.804111600587));
#1265 = ORIENTED_EDGE('',*,*,#1266,.F.);
#1266 = EDGE_CURVE('',#486,#1259,#1267,.T.);
#1267 = B_SPLINE_CURVE_WITH_KNOTS('',1,(#1268,#1269),.UNSPECIFIED.,.F.,
  .F.,(2,2),(0.,0.6),.PIECEWISE_BEZIER_KNOTS.);
#1268 = CARTESIAN_POINT('',(-63.88,15.529955947137,27.804111600587));
#1269 = CARTESIAN_POINT('',(-63.28,15.529955947137,27.804111600587));
#1270 = ORIENTED_EDGE('',*,*,#493,.F.);
#1271 = B_SPLINE_SURFACE_WITH_KNOTS('',2,1,(
    (#1272,#1273)
    ,(#1274,#1275)
    ,(#1276,#1277
    )),.UNSPECIFIED.,.F.,.F.,.F.,(3,3),(2,2),(0.,1.),(-0.6,0.),
  .PIECEWISE_BEZIER_KNOTS.);
#1272 = CARTESIAN_POINT('',(-63.28,15.946255506608,28.04375917768));
#1273 = CARTESIAN_POINT('',(-63.88,15.946255506608,28.04375917768));
#1274 = CARTESIAN_POINT('',(-63.28,15.754625550661,27.883994126285));
#1275 = CARTESIAN_POINT('',(-63.88,15.754625550661,27.883994126285));
#1276 = CARTESIAN_POINT('',(-63.28,15.529955947137,27.804111600587));
#1277 = CARTESIAN_POINT('',(-63.88,15.529955947137,27.804111600587));
#1278 = ADVANCED_FACE('',(#1279),#1296,.T.);
#1279 = FACE_BOUND('',#1280,.T.);
#1280 = EDGE_LOOP('',(#1281,#1282,#1290,#1295));
#1281 = ORIENTED_EDGE('',*,*,#1266,.T.);
#1282 = ORIENTED_EDGE('',*,*,#1283,.T.);
#1283 = EDGE_CURVE('',#1259,#1284,#1286,.T.);
#1284 = VERTEX_POINT('',#1285);
#1285 = CARTESIAN_POINT('',(-63.28,15.076211453744,27.72422907489));
#1286 = B_SPLINE_CURVE_WITH_KNOTS('',2,(#1287,#1288,#1289),
  .UNSPECIFIED.,.F.,.F.,(3,3),(0.,1.),.PIECEWISE_BEZIER_KNOTS.);
#1287 = CARTESIAN_POINT('',(-63.28,15.529955947137,27.804111600587));
#1288 = CARTESIAN_POINT('',(-63.28,15.305286343612,27.72422907489));
#1289 = CARTESIAN_POINT('',(-63.28,15.076211453744,27.72422907489));
#1290 = ORIENTED_EDGE('',*,*,#1291,.F.);
#1291 = EDGE_CURVE('',#478,#1284,#1292,.T.);
#1292 = B_SPLINE_CURVE_WITH_KNOTS('',1,(#1293,#1294),.UNSPECIFIED.,.F.,
  .F.,(2,2),(0.,0.6),.PIECEWISE_BEZIER_KNOTS.);
#1293 = CARTESIAN_POINT('',(-63.88,15.076211453744,27.72422907489));
#1294 = CARTESIAN_POINT('',(-63.28,15.076211453744,27.72422907489));
#1295 = ORIENTED_EDGE('',*,*,#485,.F.);
#1296 = B_SPLINE_SURFACE_WITH_KNOTS('',2,1,(
    (#1297,#1298)
    ,(#1299,#1300)
    ,(#1301,#1302
    )),.UNSPECIFIED.,.F.,.F.,.F.,(3,3),(2,2),(0.,1.),(-0.6,0.),
  .PIECEWISE_BEZIER_KNOTS.);
#1297 = CARTESIAN_POINT('',(-63.28,15.529955947137,27.804111600587));
#1298 = CARTESIAN_POINT('',(-63.88,15.529955947137,27.804111600587));
#1299 = CARTESIAN_POINT('',(-63.28,15.305286343612,27.72422907489));
#1300 = CARTESIAN_POINT('',(-63.88,15.305286343612,27.72422907489));
#1301 = CARTESIAN_POINT('',(-63.28,15.076211453744,27.72422907489));
#1302 = CARTESIAN_POINT('',(-63.88,15.076211453744,27.72422907489));
#1303 = ADVANCED_FACE('',(#1304),#1321,.T.);
#1304 = FACE_BOUND('',#1305,.T.);
#1305 = EDGE_LOOP('',(#1306,#1307,#1315,#1320));
#1306 = ORIENTED_EDGE('',*,*,#1291,.T.);
#1307 = ORIENTED_EDGE('',*,*,#1308,.T.);
#1308 = EDGE_CURVE('',#1284,#1309,#1311,.T.);
#1309 = VERTEX_POINT('',#1310);
#1310 = CARTESIAN_POINT('',(-63.28,14.841703377386,27.74845814978));
#1311 = B_SPLINE_CURVE_WITH_KNOTS('',2,(#1312,#1313,#1314),
  .UNSPECIFIED.,.F.,.F.,(3,3),(0.,1.),.PIECEWISE_BEZIER_KNOTS.);
#1312 = CARTESIAN_POINT('',(-63.28,15.076211453744,27.72422907489));
#1313 = CARTESIAN_POINT('',(-63.28,14.941850220264,27.72422907489));
#1314 = CARTESIAN_POINT('',(-63.28,14.841703377386,27.74845814978));
#1315 = ORIENTED_EDGE('',*,*,#1316,.F.);
#1316 = EDGE_CURVE('',#470,#1309,#1317,.T.);
#1317 = B_SPLINE_CURVE_WITH_KNOTS('',1,(#1318,#1319),.UNSPECIFIED.,.F.,
  .F.,(2,2),(0.,0.6),.PIECEWISE_BEZIER_KNOTS.);
#1318 = CARTESIAN_POINT('',(-63.88,14.841703377386,27.74845814978));
#1319 = CARTESIAN_POINT('',(-63.28,14.841703377386,27.74845814978));
#1320 = ORIENTED_EDGE('',*,*,#477,.F.);
#1321 = B_SPLINE_SURFACE_WITH_KNOTS('',2,1,(
    (#1322,#1323)
    ,(#1324,#1325)
    ,(#1326,#1327
    )),.UNSPECIFIED.,.F.,.F.,.F.,(3,3),(2,2),(0.,1.),(-0.6,0.),
  .PIECEWISE_BEZIER_KNOTS.);
#1322 = CARTESIAN_POINT('',(-63.28,15.076211453744,27.72422907489));
#1323 = CARTESIAN_POINT('',(-63.88,15.076211453744,27.72422907489));
#1324 = CARTESIAN_POINT('',(-63.28,14.941850220264,27.72422907489));
#1325 = CARTESIAN_POINT('',(-63.88,14.941850220264,27.72422907489));
#1326 = CARTESIAN_POINT('',(-63.28,14.841703377386,27.74845814978));
#1327 = CARTESIAN_POINT('',(-63.88,14.841703377386,27.74845814978));
#1328 = ADVANCED_FACE('',(#1329),#1346,.T.);
#1329 = FACE_BOUND('',#1330,.T.);
#1330 = EDGE_LOOP('',(#1331,#1332,#1340,#1345));
#1331 = ORIENTED_EDGE('',*,*,#1316,.T.);
#1332 = ORIENTED_EDGE('',*,*,#1333,.T.);
#1333 = EDGE_CURVE('',#1309,#1334,#1336,.T.);
#1334 = VERTEX_POINT('',#1335);
#1335 = CARTESIAN_POINT('',(-63.28,14.674302496329,27.815859030837));
#1336 = B_SPLINE_CURVE_WITH_KNOTS('',2,(#1337,#1338,#1339),
  .UNSPECIFIED.,.F.,.F.,(3,3),(0.,1.),.PIECEWISE_BEZIER_KNOTS.);
#1337 = CARTESIAN_POINT('',(-63.28,14.841703377386,27.74845814978));
#1338 = CARTESIAN_POINT('',(-63.28,14.74140969163,27.772834067548));
#1339 = CARTESIAN_POINT('',(-63.28,14.674302496329,27.815859030837));
#1340 = ORIENTED_EDGE('',*,*,#1341,.F.);
#1341 = EDGE_CURVE('',#462,#1334,#1342,.T.);
#1342 = B_SPLINE_CURVE_WITH_KNOTS('',1,(#1343,#1344),.UNSPECIFIED.,.F.,
  .F.,(2,2),(0.,0.6),.PIECEWISE_BEZIER_KNOTS.);
#1343 = CARTESIAN_POINT('',(-63.88,14.674302496329,27.815859030837));
#1344 = CARTESIAN_POINT('',(-63.28,14.674302496329,27.815859030837));
#1345 = ORIENTED_EDGE('',*,*,#469,.F.);
#1346 = B_SPLINE_SURFACE_WITH_KNOTS('',2,1,(
    (#1347,#1348)
    ,(#1349,#1350)
    ,(#1351,#1352
    )),.UNSPECIFIED.,.F.,.F.,.F.,(3,3),(2,2),(0.,1.),(-0.6,0.),
  .PIECEWISE_BEZIER_KNOTS.);
#1347 = CARTESIAN_POINT('',(-63.28,14.841703377386,27.74845814978));
#1348 = CARTESIAN_POINT('',(-63.88,14.841703377386,27.74845814978));
#1349 = CARTESIAN_POINT('',(-63.28,14.74140969163,27.772834067548));
#1350 = CARTESIAN_POINT('',(-63.88,14.74140969163,27.772834067548));
#1351 = CARTESIAN_POINT('',(-63.28,14.674302496329,27.815859030837));
#1352 = CARTESIAN_POINT('',(-63.88,14.674302496329,27.815859030837));
#1353 = ADVANCED_FACE('',(#1354),#1371,.T.);
#1354 = FACE_BOUND('',#1355,.T.);
#1355 = EDGE_LOOP('',(#1356,#1357,#1365,#1370));
#1356 = ORIENTED_EDGE('',*,*,#1341,.T.);
#1357 = ORIENTED_EDGE('',*,*,#1358,.T.);
#1358 = EDGE_CURVE('',#1334,#1359,#1361,.T.);
#1359 = VERTEX_POINT('',#1360);
#1360 = CARTESIAN_POINT('',(-63.28,14.574008810573,27.917621145374));
#1361 = B_SPLINE_CURVE_WITH_KNOTS('',2,(#1362,#1363,#1364),
  .UNSPECIFIED.,.F.,.F.,(3,3),(0.,1.),.PIECEWISE_BEZIER_KNOTS.);
#1362 = CARTESIAN_POINT('',(-63.28,14.674302496329,27.815859030837));
#1363 = CARTESIAN_POINT('',(-63.28,14.60704845815,27.859030837004));
#1364 = CARTESIAN_POINT('',(-63.28,14.574008810573,27.917621145374));
#1365 = ORIENTED_EDGE('',*,*,#1366,.F.);
#1366 = EDGE_CURVE('',#454,#1359,#1367,.T.);
#1367 = B_SPLINE_CURVE_WITH_KNOTS('',1,(#1368,#1369),.UNSPECIFIED.,.F.,
  .F.,(2,2),(0.,0.6),.PIECEWISE_BEZIER_KNOTS.);
#1368 = CARTESIAN_POINT('',(-63.88,14.574008810573,27.917621145374));
#1369 = CARTESIAN_POINT('',(-63.28,14.574008810573,27.917621145374));
#1370 = ORIENTED_EDGE('',*,*,#461,.F.);
#1371 = B_SPLINE_SURFACE_WITH_KNOTS('',2,1,(
    (#1372,#1373)
    ,(#1374,#1375)
    ,(#1376,#1377
    )),.UNSPECIFIED.,.F.,.F.,.F.,(3,3),(2,2),(0.,1.),(-0.6,0.),
  .PIECEWISE_BEZIER_KNOTS.);
#1372 = CARTESIAN_POINT('',(-63.28,14.674302496329,27.815859030837));
#1373 = CARTESIAN_POINT('',(-63.88,14.674302496329,27.815859030837));
#1374 = CARTESIAN_POINT('',(-63.28,14.60704845815,27.859030837004));
#1375 = CARTESIAN_POINT('',(-63.88,14.60704845815,27.859030837004));
#1376 = CARTESIAN_POINT('',(-63.28,14.574008810573,27.917621145374));
#1377 = CARTESIAN_POINT('',(-63.88,14.574008810573,27.917621145374));
#1378 = ADVANCED_FACE('',(#1379),#1396,.T.);
#1379 = FACE_BOUND('',#1380,.T.);
#1380 = EDGE_LOOP('',(#1381,#1382,#1390,#1395));
#1381 = ORIENTED_EDGE('',*,*,#1366,.T.);
#1382 = ORIENTED_EDGE('',*,*,#1383,.T.);
#1383 = EDGE_CURVE('',#1359,#1384,#1386,.T.);
#1384 = VERTEX_POINT('',#1385);
#1385 = CARTESIAN_POINT('',(-63.28,14.540969162996,28.044640234949));
#1386 = B_SPLINE_CURVE_WITH_KNOTS('',2,(#1387,#1388,#1389),
  .UNSPECIFIED.,.F.,.F.,(3,3),(0.,1.),.PIECEWISE_BEZIER_KNOTS.);
#1387 = CARTESIAN_POINT('',(-63.28,14.574008810573,27.917621145374));
#1388 = CARTESIAN_POINT('',(-63.28,14.540969162996,27.976211453744));
#1389 = CARTESIAN_POINT('',(-63.28,14.540969162996,28.044640234949));
#1390 = ORIENTED_EDGE('',*,*,#1391,.F.);
#1391 = EDGE_CURVE('',#446,#1384,#1392,.T.);
#1392 = B_SPLINE_CURVE_WITH_KNOTS('',1,(#1393,#1394),.UNSPECIFIED.,.F.,
  .F.,(2,2),(0.,0.6),.PIECEWISE_BEZIER_KNOTS.);
#1393 = CARTESIAN_POINT('',(-63.88,14.540969162996,28.044640234949));
#1394 = CARTESIAN_POINT('',(-63.28,14.540969162996,28.044640234949));
#1395 = ORIENTED_EDGE('',*,*,#453,.F.);
#1396 = B_SPLINE_SURFACE_WITH_KNOTS('',2,1,(
    (#1397,#1398)
    ,(#1399,#1400)
    ,(#1401,#1402
    )),.UNSPECIFIED.,.F.,.F.,.F.,(3,3),(2,2),(0.,1.),(-0.6,0.),
  .PIECEWISE_BEZIER_KNOTS.);
#1397 = CARTESIAN_POINT('',(-63.28,14.574008810573,27.917621145374));
#1398 = CARTESIAN_POINT('',(-63.88,14.574008810573,27.917621145374));
#1399 = CARTESIAN_POINT('',(-63.28,14.540969162996,27.976211453744));
#1400 = CARTESIAN_POINT('',(-63.88,14.540969162996,27.976211453744));
#1401 = CARTESIAN_POINT('',(-63.28,14.540969162996,28.044640234949));
#1402 = CARTESIAN_POINT('',(-63.88,14.540969162996,28.044640234949));
#1403 = ADVANCED_FACE('',(#1404),#1421,.T.);
#1404 = FACE_BOUND('',#1405,.T.);
#1405 = EDGE_LOOP('',(#1406,#1407,#1415,#1420));
#1406 = ORIENTED_EDGE('',*,*,#1391,.T.);
#1407 = ORIENTED_EDGE('',*,*,#1408,.T.);
#1408 = EDGE_CURVE('',#1384,#1409,#1411,.T.);
#1409 = VERTEX_POINT('',#1410);
#1410 = CARTESIAN_POINT('',(-63.28,14.593832599119,28.209985315712));
#1411 = B_SPLINE_CURVE_WITH_KNOTS('',2,(#1412,#1413,#1414),
  .UNSPECIFIED.,.F.,.F.,(3,3),(0.,1.),.PIECEWISE_BEZIER_KNOTS.);
#1412 = CARTESIAN_POINT('',(-63.28,14.540969162996,28.044640234949));
#1413 = CARTESIAN_POINT('',(-63.28,14.540969162996,28.137298091043));
#1414 = CARTESIAN_POINT('',(-63.28,14.593832599119,28.209985315712));
#1415 = ORIENTED_EDGE('',*,*,#1416,.F.);
#1416 = EDGE_CURVE('',#438,#1409,#1417,.T.);
#1417 = B_SPLINE_CURVE_WITH_KNOTS('',1,(#1418,#1419),.UNSPECIFIED.,.F.,
  .F.,(2,2),(0.,0.6),.PIECEWISE_BEZIER_KNOTS.);
#1418 = CARTESIAN_POINT('',(-63.88,14.593832599119,28.209985315712));
#1419 = CARTESIAN_POINT('',(-63.28,14.593832599119,28.209985315712));
#1420 = ORIENTED_EDGE('',*,*,#445,.F.);
#1421 = B_SPLINE_SURFACE_WITH_KNOTS('',2,1,(
    (#1422,#1423)
    ,(#1424,#1425)
    ,(#1426,#1427
    )),.UNSPECIFIED.,.F.,.F.,.F.,(3,3),(2,2),(0.,1.),(-0.6,0.),
  .PIECEWISE_BEZIER_KNOTS.);
#1422 = CARTESIAN_POINT('',(-63.28,14.540969162996,28.044640234949));
#1423 = CARTESIAN_POINT('',(-63.88,14.540969162996,28.044640234949));
#1424 = CARTESIAN_POINT('',(-63.28,14.540969162996,28.137298091043));
#1425 = CARTESIAN_POINT('',(-63.88,14.540969162996,28.137298091043));
#1426 = CARTESIAN_POINT('',(-63.28,14.593832599119,28.209985315712));
#1427 = CARTESIAN_POINT('',(-63.88,14.593832599119,28.209985315712));
#1428 = ADVANCED_FACE('',(#1429),#1446,.T.);
#1429 = FACE_BOUND('',#1430,.T.);
#1430 = EDGE_LOOP('',(#1431,#1432,#1440,#1445));
#1431 = ORIENTED_EDGE('',*,*,#1416,.T.);
#1432 = ORIENTED_EDGE('',*,*,#1433,.T.);
#1433 = EDGE_CURVE('',#1409,#1434,#1436,.T.);
#1434 = VERTEX_POINT('',#1435);
#1435 = CARTESIAN_POINT('',(-63.28,14.738179148311,28.34449339207));
#1436 = B_SPLINE_CURVE_WITH_KNOTS('',2,(#1437,#1438,#1439),
  .UNSPECIFIED.,.F.,.F.,(3,3),(0.,1.),.PIECEWISE_BEZIER_KNOTS.);
#1437 = CARTESIAN_POINT('',(-63.28,14.593832599119,28.209985315712));
#1438 = CARTESIAN_POINT('',(-63.28,14.646696035242,28.28281938326));
#1439 = CARTESIAN_POINT('',(-63.28,14.738179148311,28.34449339207));
#1440 = ORIENTED_EDGE('',*,*,#1441,.F.);
#1441 = EDGE_CURVE('',#430,#1434,#1442,.T.);
#1442 = B_SPLINE_CURVE_WITH_KNOTS('',1,(#1443,#1444),.UNSPECIFIED.,.F.,
  .F.,(2,2),(0.,0.6),.PIECEWISE_BEZIER_KNOTS.);
#1443 = CARTESIAN_POINT('',(-63.88,14.738179148311,28.34449339207));
#1444 = CARTESIAN_POINT('',(-63.28,14.738179148311,28.34449339207));
#1445 = ORIENTED_EDGE('',*,*,#437,.F.);
#1446 = B_SPLINE_SURFACE_WITH_KNOTS('',2,1,(
    (#1447,#1448)
    ,(#1449,#1450)
    ,(#1451,#1452
    )),.UNSPECIFIED.,.F.,.F.,.F.,(3,3),(2,2),(0.,1.),(-0.6,0.),
  .PIECEWISE_BEZIER_KNOTS.);
#1447 = CARTESIAN_POINT('',(-63.28,14.593832599119,28.209985315712));
#1448 = CARTESIAN_POINT('',(-63.88,14.593832599119,28.209985315712));
#1449 = CARTESIAN_POINT('',(-63.28,14.646696035242,28.28281938326));
#1450 = CARTESIAN_POINT('',(-63.88,14.646696035242,28.28281938326));
#1451 = CARTESIAN_POINT('',(-63.28,14.738179148311,28.34449339207));
#1452 = CARTESIAN_POINT('',(-63.88,14.738179148311,28.34449339207));
#1453 = ADVANCED_FACE('',(#1454),#1471,.T.);
#1454 = FACE_BOUND('',#1455,.T.);
#1455 = EDGE_LOOP('',(#1456,#1457,#1465,#1470));
#1456 = ORIENTED_EDGE('',*,*,#1441,.T.);
#1457 = ORIENTED_EDGE('',*,*,#1458,.T.);
#1458 = EDGE_CURVE('',#1434,#1459,#1461,.T.);
#1459 = VERTEX_POINT('',#1460);
#1460 = CARTESIAN_POINT('',(-63.28,14.955066079295,28.463582966226));
#1461 = B_SPLINE_CURVE_WITH_KNOTS('',2,(#1462,#1463,#1464),
  .UNSPECIFIED.,.F.,.F.,(3,3),(0.,1.),.PIECEWISE_BEZIER_KNOTS.);
#1462 = CARTESIAN_POINT('',(-63.28,14.738179148311,28.34449339207));
#1463 = CARTESIAN_POINT('',(-63.28,14.829515418502,28.406314243759));
#1464 = CARTESIAN_POINT('',(-63.28,14.955066079295,28.463582966226));
#1465 = ORIENTED_EDGE('',*,*,#1466,.F.);
#1466 = EDGE_CURVE('',#422,#1459,#1467,.T.);
#1467 = B_SPLINE_CURVE_WITH_KNOTS('',1,(#1468,#1469),.UNSPECIFIED.,.F.,
  .F.,(2,2),(0.,0.6),.PIECEWISE_BEZIER_KNOTS.);
#1468 = CARTESIAN_POINT('',(-63.88,14.955066079295,28.463582966226));
#1469 = CARTESIAN_POINT('',(-63.28,14.955066079295,28.463582966226));
#1470 = ORIENTED_EDGE('',*,*,#429,.F.);
#1471 = B_SPLINE_SURFACE_WITH_KNOTS('',2,1,(
    (#1472,#1473)
    ,(#1474,#1475)
    ,(#1476,#1477
    )),.UNSPECIFIED.,.F.,.F.,.F.,(3,3),(2,2),(0.,1.),(-0.6,0.),
  .PIECEWISE_BEZIER_KNOTS.);
#1472 = CARTESIAN_POINT('',(-63.28,14.738179148311,28.34449339207));
#1473 = CARTESIAN_POINT('',(-63.88,14.738179148311,28.34449339207));
#1474 = CARTESIAN_POINT('',(-63.28,14.829515418502,28.406314243759));
#1475 = CARTESIAN_POINT('',(-63.88,14.829515418502,28.406314243759));
#1476 = CARTESIAN_POINT('',(-63.28,14.955066079295,28.463582966226));
#1477 = CARTESIAN_POINT('',(-63.88,14.955066079295,28.463582966226));
#1478 = ADVANCED_FACE('',(#1479),#1496,.T.);
#1479 = FACE_BOUND('',#1480,.T.);
#1480 = EDGE_LOOP('',(#1481,#1482,#1490,#1495));
#1481 = ORIENTED_EDGE('',*,*,#1466,.T.);
#1482 = ORIENTED_EDGE('',*,*,#1483,.T.);
#1483 = EDGE_CURVE('',#1459,#1484,#1486,.T.);
#1484 = VERTEX_POINT('',#1485);
#1485 = CARTESIAN_POINT('',(-63.28,15.225991189427,28.58046989721));
#1486 = B_SPLINE_CURVE_WITH_KNOTS('',2,(#1487,#1488,#1489),
  .UNSPECIFIED.,.F.,.F.,(3,3),(0.,1.),.PIECEWISE_BEZIER_KNOTS.);
#1487 = CARTESIAN_POINT('',(-63.28,14.955066079295,28.463582966226));
#1488 = CARTESIAN_POINT('',(-63.28,15.080616740088,28.520998531571));
#1489 = CARTESIAN_POINT('',(-63.28,15.225991189427,28.58046989721));
#1490 = ORIENTED_EDGE('',*,*,#1491,.F.);
#1491 = EDGE_CURVE('',#414,#1484,#1492,.T.);
#1492 = B_SPLINE_CURVE_WITH_KNOTS('',1,(#1493,#1494),.UNSPECIFIED.,.F.,
  .F.,(2,2),(0.,0.6),.PIECEWISE_BEZIER_KNOTS.);
#1493 = CARTESIAN_POINT('',(-63.88,15.225991189427,28.58046989721));
#1494 = CARTESIAN_POINT('',(-63.28,15.225991189427,28.58046989721));
#1495 = ORIENTED_EDGE('',*,*,#421,.F.);
#1496 = B_SPLINE_SURFACE_WITH_KNOTS('',2,1,(
    (#1497,#1498)
    ,(#1499,#1500)
    ,(#1501,#1502
    )),.UNSPECIFIED.,.F.,.F.,.F.,(3,3),(2,2),(0.,1.),(-0.6,0.),
  .PIECEWISE_BEZIER_KNOTS.);
#1497 = CARTESIAN_POINT('',(-63.28,14.955066079295,28.463582966226));
#1498 = CARTESIAN_POINT('',(-63.88,14.955066079295,28.463582966226));
#1499 = CARTESIAN_POINT('',(-63.28,15.080616740088,28.520998531571));
#1500 = CARTESIAN_POINT('',(-63.88,15.080616740088,28.520998531571));
#1501 = CARTESIAN_POINT('',(-63.28,15.225991189427,28.58046989721));
#1502 = CARTESIAN_POINT('',(-63.88,15.225991189427,28.58046989721));
#1503 = ADVANCED_FACE('',(#1504),#1521,.T.);
#1504 = FACE_BOUND('',#1505,.T.);
#1505 = EDGE_LOOP('',(#1506,#1507,#1515,#1520));
#1506 = ORIENTED_EDGE('',*,*,#1491,.T.);
#1507 = ORIENTED_EDGE('',*,*,#1508,.T.);
#1508 = EDGE_CURVE('',#1484,#1509,#1511,.T.);
#1509 = VERTEX_POINT('',#1510);
#1510 = CARTESIAN_POINT('',(-63.28,15.777826725404,28.957562408223));
#1511 = B_SPLINE_CURVE_WITH_KNOTS('',2,(#1512,#1513,#1514),
  .UNSPECIFIED.,.F.,.F.,(3,3),(0.,1.),.PIECEWISE_BEZIER_KNOTS.);
#1512 = CARTESIAN_POINT('',(-63.28,15.225991189427,28.58046989721));
#1513 = CARTESIAN_POINT('',(-63.28,15.596035242291,28.734948604993));
#1514 = CARTESIAN_POINT('',(-63.28,15.777826725404,28.957562408223));
#1515 = ORIENTED_EDGE('',*,*,#1516,.F.);
#1516 = EDGE_CURVE('',#406,#1509,#1517,.T.);
#1517 = B_SPLINE_CURVE_WITH_KNOTS('',1,(#1518,#1519),.UNSPECIFIED.,.F.,
  .F.,(2,2),(0.,0.6),.PIECEWISE_BEZIER_KNOTS.);
#1518 = CARTESIAN_POINT('',(-63.88,15.777826725404,28.957562408223));
#1519 = CARTESIAN_POINT('',(-63.28,15.777826725404,28.957562408223));
#1520 = ORIENTED_EDGE('',*,*,#413,.F.);
#1521 = B_SPLINE_SURFACE_WITH_KNOTS('',2,1,(
    (#1522,#1523)
    ,(#1524,#1525)
    ,(#1526,#1527
    )),.UNSPECIFIED.,.F.,.F.,.F.,(3,3),(2,2),(0.,1.),(-0.6,0.),
  .PIECEWISE_BEZIER_KNOTS.);
#1522 = CARTESIAN_POINT('',(-63.28,15.225991189427,28.58046989721));
#1523 = CARTESIAN_POINT('',(-63.88,15.225991189427,28.58046989721));
#1524 = CARTESIAN_POINT('',(-63.28,15.596035242291,28.734948604993));
#1525 = CARTESIAN_POINT('',(-63.88,15.596035242291,28.734948604993));
#1526 = CARTESIAN_POINT('',(-63.28,15.777826725404,28.957562408223));
#1527 = CARTESIAN_POINT('',(-63.88,15.777826725404,28.957562408223));
#1528 = ADVANCED_FACE('',(#1529),#1546,.T.);
#1529 = FACE_BOUND('',#1530,.T.);
#1530 = EDGE_LOOP('',(#1531,#1532,#1540,#1545));
#1531 = ORIENTED_EDGE('',*,*,#1516,.T.);
#1532 = ORIENTED_EDGE('',*,*,#1533,.T.);
#1533 = EDGE_CURVE('',#1509,#1534,#1536,.T.);
#1534 = VERTEX_POINT('',#1535);
#1535 = CARTESIAN_POINT('',(-63.28,15.959471365639,29.495741556535));
#1536 = B_SPLINE_CURVE_WITH_KNOTS('',2,(#1537,#1538,#1539),
  .UNSPECIFIED.,.F.,.F.,(3,3),(0.,1.),.PIECEWISE_BEZIER_KNOTS.);
#1537 = CARTESIAN_POINT('',(-63.28,15.777826725404,28.957562408223));
#1538 = CARTESIAN_POINT('',(-63.28,15.959471365639,29.180323054332));
#1539 = CARTESIAN_POINT('',(-63.28,15.959471365639,29.495741556535));
#1540 = ORIENTED_EDGE('',*,*,#1541,.F.);
#1541 = EDGE_CURVE('',#398,#1534,#1542,.T.);
#1542 = B_SPLINE_CURVE_WITH_KNOTS('',1,(#1543,#1544),.UNSPECIFIED.,.F.,
  .F.,(2,2),(0.,0.6),.PIECEWISE_BEZIER_KNOTS.);
#1543 = CARTESIAN_POINT('',(-63.88,15.959471365639,29.495741556535));
#1544 = CARTESIAN_POINT('',(-63.28,15.959471365639,29.495741556535));
#1545 = ORIENTED_EDGE('',*,*,#405,.F.);
#1546 = B_SPLINE_SURFACE_WITH_KNOTS('',2,1,(
    (#1547,#1548)
    ,(#1549,#1550)
    ,(#1551,#1552
    )),.UNSPECIFIED.,.F.,.F.,.F.,(3,3),(2,2),(0.,1.),(-0.6,0.),
  .PIECEWISE_BEZIER_KNOTS.);
#1547 = CARTESIAN_POINT('',(-63.28,15.777826725404,28.957562408223));
#1548 = CARTESIAN_POINT('',(-63.88,15.777826725404,28.957562408223));
#1549 = CARTESIAN_POINT('',(-63.28,15.959471365639,29.180323054332));
#1550 = CARTESIAN_POINT('',(-63.88,15.959471365639,29.180323054332));
#1551 = CARTESIAN_POINT('',(-63.28,15.959471365639,29.495741556535));
#1552 = CARTESIAN_POINT('',(-63.88,15.959471365639,29.495741556535));
#1553 = ADVANCED_FACE('',(#1554),#1571,.T.);
#1554 = FACE_BOUND('',#1555,.T.);
#1555 = EDGE_LOOP('',(#1556,#1557,#1565,#1570));
#1556 = ORIENTED_EDGE('',*,*,#1541,.T.);
#1557 = ORIENTED_EDGE('',*,*,#1558,.T.);
#1558 = EDGE_CURVE('',#1534,#1559,#1561,.T.);
#1559 = VERTEX_POINT('',#1560);
#1560 = CARTESIAN_POINT('',(-63.28,15.860352422907,29.920264317181));
#1561 = B_SPLINE_CURVE_WITH_KNOTS('',2,(#1562,#1563,#1564),
  .UNSPECIFIED.,.F.,.F.,(3,3),(0.,1.),.PIECEWISE_BEZIER_KNOTS.);
#1562 = CARTESIAN_POINT('',(-63.28,15.959471365639,29.495741556535));
#1563 = CARTESIAN_POINT('',(-63.28,15.959471365639,29.742731277533));
#1564 = CARTESIAN_POINT('',(-63.28,15.860352422907,29.920264317181));
#1565 = ORIENTED_EDGE('',*,*,#1566,.F.);
#1566 = EDGE_CURVE('',#390,#1559,#1567,.T.);
#1567 = B_SPLINE_CURVE_WITH_KNOTS('',1,(#1568,#1569),.UNSPECIFIED.,.F.,
  .F.,(2,2),(0.,0.6),.PIECEWISE_BEZIER_KNOTS.);
#1568 = CARTESIAN_POINT('',(-63.88,15.860352422907,29.920264317181));
#1569 = CARTESIAN_POINT('',(-63.28,15.860352422907,29.920264317181));
#1570 = ORIENTED_EDGE('',*,*,#397,.F.);
#1571 = B_SPLINE_SURFACE_WITH_KNOTS('',2,1,(
    (#1572,#1573)
    ,(#1574,#1575)
    ,(#1576,#1577
    )),.UNSPECIFIED.,.F.,.F.,.F.,(3,3),(2,2),(0.,1.),(-0.6,0.),
  .PIECEWISE_BEZIER_KNOTS.);
#1572 = CARTESIAN_POINT('',(-63.28,15.959471365639,29.495741556535));
#1573 = CARTESIAN_POINT('',(-63.88,15.959471365639,29.495741556535));
#1574 = CARTESIAN_POINT('',(-63.28,15.959471365639,29.742731277533));
#1575 = CARTESIAN_POINT('',(-63.88,15.959471365639,29.742731277533));
#1576 = CARTESIAN_POINT('',(-63.28,15.860352422907,29.920264317181));
#1577 = CARTESIAN_POINT('',(-63.88,15.860352422907,29.920264317181));
#1578 = ADVANCED_FACE('',(#1579),#1596,.T.);
#1579 = FACE_BOUND('',#1580,.T.);
#1580 = EDGE_LOOP('',(#1581,#1582,#1590,#1595));
#1581 = ORIENTED_EDGE('',*,*,#1566,.T.);
#1582 = ORIENTED_EDGE('',*,*,#1583,.T.);
#1583 = EDGE_CURVE('',#1559,#1584,#1586,.T.);
#1584 = VERTEX_POINT('',#1585);
#1585 = CARTESIAN_POINT('',(-63.28,15.5906020558,30.21248164464));
#1586 = B_SPLINE_CURVE_WITH_KNOTS('',2,(#1587,#1588,#1589),
  .UNSPECIFIED.,.F.,.F.,(3,3),(0.,1.),.PIECEWISE_BEZIER_KNOTS.);
#1587 = CARTESIAN_POINT('',(-63.28,15.860352422907,29.920264317181));
#1588 = CARTESIAN_POINT('',(-63.28,15.761233480176,30.097797356828));
#1589 = CARTESIAN_POINT('',(-63.28,15.5906020558,30.21248164464));
#1590 = ORIENTED_EDGE('',*,*,#1591,.F.);
#1591 = EDGE_CURVE('',#382,#1584,#1592,.T.);
#1592 = B_SPLINE_CURVE_WITH_KNOTS('',1,(#1593,#1594),.UNSPECIFIED.,.F.,
  .F.,(2,2),(0.,0.6),.PIECEWISE_BEZIER_KNOTS.);
#1593 = CARTESIAN_POINT('',(-63.88,15.5906020558,30.21248164464));
#1594 = CARTESIAN_POINT('',(-63.28,15.5906020558,30.21248164464));
#1595 = ORIENTED_EDGE('',*,*,#389,.F.);
#1596 = B_SPLINE_SURFACE_WITH_KNOTS('',2,1,(
    (#1597,#1598)
    ,(#1599,#1600)
    ,(#1601,#1602
    )),.UNSPECIFIED.,.F.,.F.,.F.,(3,3),(2,2),(0.,1.),(-0.6,0.),
  .PIECEWISE_BEZIER_KNOTS.);
#1597 = CARTESIAN_POINT('',(-63.28,15.860352422907,29.920264317181));
#1598 = CARTESIAN_POINT('',(-63.88,15.860352422907,29.920264317181));
#1599 = CARTESIAN_POINT('',(-63.28,15.761233480176,30.097797356828));
#1600 = CARTESIAN_POINT('',(-63.88,15.761233480176,30.097797356828));
#1601 = CARTESIAN_POINT('',(-63.28,15.5906020558,30.21248164464));
#1602 = CARTESIAN_POINT('',(-63.88,15.5906020558,30.21248164464));
#1603 = ADVANCED_FACE('',(#1604),#1621,.T.);
#1604 = FACE_BOUND('',#1605,.T.);
#1605 = EDGE_LOOP('',(#1606,#1607,#1615,#1620));
#1606 = ORIENTED_EDGE('',*,*,#1591,.T.);
#1607 = ORIENTED_EDGE('',*,*,#1608,.T.);
#1608 = EDGE_CURVE('',#1584,#1609,#1611,.T.);
#1609 = VERTEX_POINT('',#1610);
#1610 = CARTESIAN_POINT('',(-63.28,15.195154185022,30.381204111601));
#1611 = B_SPLINE_CURVE_WITH_KNOTS('',2,(#1612,#1613,#1614),
  .UNSPECIFIED.,.F.,.F.,(3,3),(0.,1.),.PIECEWISE_BEZIER_KNOTS.);
#1612 = CARTESIAN_POINT('',(-63.28,15.5906020558,30.21248164464));
#1613 = CARTESIAN_POINT('',(-63.28,15.419823788546,30.327165932452));
#1614 = CARTESIAN_POINT('',(-63.28,15.195154185022,30.381204111601));
#1615 = ORIENTED_EDGE('',*,*,#1616,.F.);
#1616 = EDGE_CURVE('',#374,#1609,#1617,.T.);
#1617 = B_SPLINE_CURVE_WITH_KNOTS('',1,(#1618,#1619),.UNSPECIFIED.,.F.,
  .F.,(2,2),(0.,0.6),.PIECEWISE_BEZIER_KNOTS.);
#1618 = CARTESIAN_POINT('',(-63.88,15.195154185022,30.381204111601));
#1619 = CARTESIAN_POINT('',(-63.28,15.195154185022,30.381204111601));
#1620 = ORIENTED_EDGE('',*,*,#381,.F.);
#1621 = B_SPLINE_SURFACE_WITH_KNOTS('',2,1,(
    (#1622,#1623)
    ,(#1624,#1625)
    ,(#1626,#1627
    )),.UNSPECIFIED.,.F.,.F.,.F.,(3,3),(2,2),(0.,1.),(-0.6,0.),
  .PIECEWISE_BEZIER_KNOTS.);
#1622 = CARTESIAN_POINT('',(-63.28,15.5906020558,30.21248164464));
#1623 = CARTESIAN_POINT('',(-63.88,15.5906020558,30.21248164464));
#1624 = CARTESIAN_POINT('',(-63.28,15.419823788546,30.327165932452));
#1625 = CARTESIAN_POINT('',(-63.88,15.419823788546,30.327165932452));
#1626 = CARTESIAN_POINT('',(-63.28,15.195154185022,30.381204111601));
#1627 = CARTESIAN_POINT('',(-63.88,15.195154185022,30.381204111601));
#1628 = ADVANCED_FACE('',(#1629),#1646,.T.);
#1629 = FACE_BOUND('',#1630,.T.);
#1630 = EDGE_LOOP('',(#1631,#1632,#1640,#1645));
#1631 = ORIENTED_EDGE('',*,*,#1616,.T.);
#1632 = ORIENTED_EDGE('',*,*,#1633,.T.);
#1633 = EDGE_CURVE('',#1609,#1634,#1636,.T.);
#1634 = VERTEX_POINT('',#1635);
#1635 = CARTESIAN_POINT('',(-63.28,14.719383259912,30.435242290749));
#1636 = B_SPLINE_CURVE_WITH_KNOTS('',2,(#1637,#1638,#1639),
  .UNSPECIFIED.,.F.,.F.,(3,3),(0.,1.),.PIECEWISE_BEZIER_KNOTS.);
#1637 = CARTESIAN_POINT('',(-63.28,15.195154185022,30.381204111601));
#1638 = CARTESIAN_POINT('',(-63.28,14.970484581498,30.435242290749));
#1639 = CARTESIAN_POINT('',(-63.28,14.719383259912,30.435242290749));
#1640 = ORIENTED_EDGE('',*,*,#1641,.F.);
#1641 = EDGE_CURVE('',#366,#1634,#1642,.T.);
#1642 = B_SPLINE_CURVE_WITH_KNOTS('',1,(#1643,#1644),.UNSPECIFIED.,.F.,
  .F.,(2,2),(0.,0.6),.PIECEWISE_BEZIER_KNOTS.);
#1643 = CARTESIAN_POINT('',(-63.88,14.719383259912,30.435242290749));
#1644 = CARTESIAN_POINT('',(-63.28,14.719383259912,30.435242290749));
#1645 = ORIENTED_EDGE('',*,*,#373,.F.);
#1646 = B_SPLINE_SURFACE_WITH_KNOTS('',2,1,(
    (#1647,#1648)
    ,(#1649,#1650)
    ,(#1651,#1652
    )),.UNSPECIFIED.,.F.,.F.,.F.,(3,3),(2,2),(0.,1.),(-0.6,0.),
  .PIECEWISE_BEZIER_KNOTS.);
#1647 = CARTESIAN_POINT('',(-63.28,15.195154185022,30.381204111601));
#1648 = CARTESIAN_POINT('',(-63.88,15.195154185022,30.381204111601));
#1649 = CARTESIAN_POINT('',(-63.28,14.970484581498,30.435242290749));
#1650 = CARTESIAN_POINT('',(-63.88,14.970484581498,30.435242290749));
#1651 = CARTESIAN_POINT('',(-63.28,14.719383259912,30.435242290749));
#1652 = CARTESIAN_POINT('',(-63.88,14.719383259912,30.435242290749));
#1653 = ADVANCED_FACE('',(#1654),#1671,.T.);
#1654 = FACE_BOUND('',#1655,.T.);
#1655 = EDGE_LOOP('',(#1656,#1657,#1665,#1670));
#1656 = ORIENTED_EDGE('',*,*,#1641,.T.);
#1657 = ORIENTED_EDGE('',*,*,#1658,.T.);
#1658 = EDGE_CURVE('',#1634,#1659,#1661,.T.);
#1659 = VERTEX_POINT('',#1660);
#1660 = CARTESIAN_POINT('',(-63.28,14.282232011747,30.405580029369));
#1661 = B_SPLINE_CURVE_WITH_KNOTS('',2,(#1662,#1663,#1664),
  .UNSPECIFIED.,.F.,.F.,(3,3),(0.,1.),.PIECEWISE_BEZIER_KNOTS.);
#1662 = CARTESIAN_POINT('',(-63.28,14.719383259912,30.435242290749));
#1663 = CARTESIAN_POINT('',(-63.28,14.47268722467,30.435242290749));
#1664 = CARTESIAN_POINT('',(-63.28,14.282232011747,30.405580029369));
#1665 = ORIENTED_EDGE('',*,*,#1666,.F.);
#1666 = EDGE_CURVE('',#358,#1659,#1667,.T.);
#1667 = B_SPLINE_CURVE_WITH_KNOTS('',1,(#1668,#1669),.UNSPECIFIED.,.F.,
  .F.,(2,2),(0.,0.6),.PIECEWISE_BEZIER_KNOTS.);
#1668 = CARTESIAN_POINT('',(-63.88,14.282232011747,30.405580029369));
#1669 = CARTESIAN_POINT('',(-63.28,14.282232011747,30.405580029369));
#1670 = ORIENTED_EDGE('',*,*,#365,.F.);
#1671 = B_SPLINE_SURFACE_WITH_KNOTS('',2,1,(
    (#1672,#1673)
    ,(#1674,#1675)
    ,(#1676,#1677
    )),.UNSPECIFIED.,.F.,.F.,.F.,(3,3),(2,2),(0.,1.),(-0.6,0.),
  .PIECEWISE_BEZIER_KNOTS.);
#1672 = CARTESIAN_POINT('',(-63.28,14.719383259912,30.435242290749));
#1673 = CARTESIAN_POINT('',(-63.88,14.719383259912,30.435242290749));
#1674 = CARTESIAN_POINT('',(-63.28,14.47268722467,30.435242290749));
#1675 = CARTESIAN_POINT('',(-63.88,14.47268722467,30.435242290749));
#1676 = CARTESIAN_POINT('',(-63.28,14.282232011747,30.405580029369));
#1677 = CARTESIAN_POINT('',(-63.88,14.282232011747,30.405580029369));
#1678 = ADVANCED_FACE('',(#1679),#1696,.T.);
#1679 = FACE_BOUND('',#1680,.T.);
#1680 = EDGE_LOOP('',(#1681,#1682,#1690,#1695));
#1681 = ORIENTED_EDGE('',*,*,#1666,.T.);
#1682 = ORIENTED_EDGE('',*,*,#1683,.T.);
#1683 = EDGE_CURVE('',#1659,#1684,#1686,.T.);
#1684 = VERTEX_POINT('',#1685);
#1685 = CARTESIAN_POINT('',(-63.28,13.930837004405,30.314684287812));
#1686 = B_SPLINE_CURVE_WITH_KNOTS('',2,(#1687,#1688,#1689),
  .UNSPECIFIED.,.F.,.F.,(3,3),(0.,1.),.PIECEWISE_BEZIER_KNOTS.);
#1687 = CARTESIAN_POINT('',(-63.28,14.282232011747,30.405580029369));
#1688 = CARTESIAN_POINT('',(-63.28,14.091629955947,30.376064610866));
#1689 = CARTESIAN_POINT('',(-63.28,13.930837004405,30.314684287812));
#1690 = ORIENTED_EDGE('',*,*,#1691,.F.);
#1691 = EDGE_CURVE('',#351,#1684,#1692,.T.);
#1692 = B_SPLINE_CURVE_WITH_KNOTS('',1,(#1693,#1694),.UNSPECIFIED.,.F.,
  .F.,(2,2),(0.,0.6),.PIECEWISE_BEZIER_KNOTS.);
#1693 = CARTESIAN_POINT('',(-63.88,13.930837004405,30.314684287812));
#1694 = CARTESIAN_POINT('',(-63.28,13.930837004405,30.314684287812));
#1695 = ORIENTED_EDGE('',*,*,#357,.F.);
#1696 = B_SPLINE_SURFACE_WITH_KNOTS('',2,1,(
    (#1697,#1698)
    ,(#1699,#1700)
    ,(#1701,#1702
    )),.UNSPECIFIED.,.F.,.F.,.F.,(3,3),(2,2),(0.,1.),(-0.6,0.),
  .PIECEWISE_BEZIER_KNOTS.);
#1697 = CARTESIAN_POINT('',(-63.28,14.282232011747,30.405580029369));
#1698 = CARTESIAN_POINT('',(-63.88,14.282232011747,30.405580029369));
#1699 = CARTESIAN_POINT('',(-63.28,14.091629955947,30.376064610866));
#1700 = CARTESIAN_POINT('',(-63.88,14.091629955947,30.376064610866));
#1701 = CARTESIAN_POINT('',(-63.28,13.930837004405,30.314684287812));
#1702 = CARTESIAN_POINT('',(-63.88,13.930837004405,30.314684287812));
#1703 = ADVANCED_FACE('',(#1704),#1720,.T.);
#1704 = FACE_BOUND('',#1705,.T.);
#1705 = EDGE_LOOP('',(#1706,#1707,#1714,#1719));
#1706 = ORIENTED_EDGE('',*,*,#1691,.T.);
#1707 = ORIENTED_EDGE('',*,*,#1708,.T.);
#1708 = EDGE_CURVE('',#1684,#1709,#1711,.T.);
#1709 = VERTEX_POINT('',#1710);
#1710 = CARTESIAN_POINT('',(-63.28,13.930837004405,29.659618208517));
#1711 = B_SPLINE_CURVE_WITH_KNOTS('',1,(#1712,#1713),.UNSPECIFIED.,.F.,
  .F.,(2,2),(0.,0.655066079295),.PIECEWISE_BEZIER_KNOTS.);
#1712 = CARTESIAN_POINT('',(-63.28,13.930837004405,30.314684287812));
#1713 = CARTESIAN_POINT('',(-63.28,13.930837004405,29.659618208517));
#1714 = ORIENTED_EDGE('',*,*,#1715,.F.);
#1715 = EDGE_CURVE('',#343,#1709,#1716,.T.);
#1716 = B_SPLINE_CURVE_WITH_KNOTS('',1,(#1717,#1718),.UNSPECIFIED.,.F.,
  .F.,(2,2),(0.,0.6),.PIECEWISE_BEZIER_KNOTS.);
#1717 = CARTESIAN_POINT('',(-63.88,13.930837004405,29.659618208517));
#1718 = CARTESIAN_POINT('',(-63.28,13.930837004405,29.659618208517));
#1719 = ORIENTED_EDGE('',*,*,#350,.F.);
#1720 = B_SPLINE_SURFACE_WITH_KNOTS('',1,1,(
    (#1721,#1722)
    ,(#1723,#1724
    )),.UNSPECIFIED.,.F.,.F.,.F.,(2,2),(2,2),(0.,0.655066079295),(-0.6,
    0.),.PIECEWISE_BEZIER_KNOTS.);
#1721 = CARTESIAN_POINT('',(-63.28,13.930837004405,30.314684287812));
#1722 = CARTESIAN_POINT('',(-63.88,13.930837004405,30.314684287812));
#1723 = CARTESIAN_POINT('',(-63.28,13.930837004405,29.659618208517));
#1724 = CARTESIAN_POINT('',(-63.88,13.930837004405,29.659618208517));
#1725 = ADVANCED_FACE('',(#1726),#1743,.T.);
#1726 = FACE_BOUND('',#1727,.T.);
#1727 = EDGE_LOOP('',(#1728,#1729,#1737,#1742));
#1728 = ORIENTED_EDGE('',*,*,#1715,.T.);
#1729 = ORIENTED_EDGE('',*,*,#1730,.T.);
#1730 = EDGE_CURVE('',#1709,#1731,#1733,.T.);
#1731 = VERTEX_POINT('',#1732);
#1732 = CARTESIAN_POINT('',(-63.28,14.103817914831,29.754625550661));
#1733 = B_SPLINE_CURVE_WITH_KNOTS('',2,(#1734,#1735,#1736),
  .UNSPECIFIED.,.F.,.F.,(3,3),(0.,1.),.PIECEWISE_BEZIER_KNOTS.);
#1734 = CARTESIAN_POINT('',(-63.28,13.930837004405,29.659618208517));
#1735 = CARTESIAN_POINT('',(-63.28,14.01013215859,29.713656387665));
#1736 = CARTESIAN_POINT('',(-63.28,14.103817914831,29.754625550661));
#1737 = ORIENTED_EDGE('',*,*,#1738,.F.);
#1738 = EDGE_CURVE('',#335,#1731,#1739,.T.);
#1739 = B_SPLINE_CURVE_WITH_KNOTS('',1,(#1740,#1741),.UNSPECIFIED.,.F.,
  .F.,(2,2),(0.,0.6),.PIECEWISE_BEZIER_KNOTS.);
#1740 = CARTESIAN_POINT('',(-63.88,14.103817914831,29.754625550661));
#1741 = CARTESIAN_POINT('',(-63.28,14.103817914831,29.754625550661));
#1742 = ORIENTED_EDGE('',*,*,#342,.F.);
#1743 = B_SPLINE_SURFACE_WITH_KNOTS('',2,1,(
    (#1744,#1745)
    ,(#1746,#1747)
    ,(#1748,#1749
    )),.UNSPECIFIED.,.F.,.F.,.F.,(3,3),(2,2),(0.,1.),(-0.6,0.),
  .PIECEWISE_BEZIER_KNOTS.);
#1744 = CARTESIAN_POINT('',(-63.28,13.930837004405,29.659618208517));
#1745 = CARTESIAN_POINT('',(-63.88,13.930837004405,29.659618208517));
#1746 = CARTESIAN_POINT('',(-63.28,14.01013215859,29.713656387665));
#1747 = CARTESIAN_POINT('',(-63.88,14.01013215859,29.713656387665));
#1748 = CARTESIAN_POINT('',(-63.28,14.103817914831,29.754625550661));
#1749 = CARTESIAN_POINT('',(-63.88,14.103817914831,29.754625550661));
#1750 = ADVANCED_FACE('',(#1751),#1768,.T.);
#1751 = FACE_BOUND('',#1752,.T.);
#1752 = EDGE_LOOP('',(#1753,#1754,#1762,#1767));
#1753 = ORIENTED_EDGE('',*,*,#1738,.T.);
#1754 = ORIENTED_EDGE('',*,*,#1755,.T.);
#1755 = EDGE_CURVE('',#1731,#1756,#1758,.T.);
#1756 = VERTEX_POINT('',#1757);
#1757 = CARTESIAN_POINT('',(-63.28,14.296475770925,29.822760646109));
#1758 = B_SPLINE_CURVE_WITH_KNOTS('',2,(#1759,#1760,#1761),
  .UNSPECIFIED.,.F.,.F.,(3,3),(0.,1.),.PIECEWISE_BEZIER_KNOTS.);
#1759 = CARTESIAN_POINT('',(-63.28,14.103817914831,29.754625550661));
#1760 = CARTESIAN_POINT('',(-63.28,14.197356828194,29.795741556535));
#1761 = CARTESIAN_POINT('',(-63.28,14.296475770925,29.822760646109));
#1762 = ORIENTED_EDGE('',*,*,#1763,.F.);
#1763 = EDGE_CURVE('',#327,#1756,#1764,.T.);
#1764 = B_SPLINE_CURVE_WITH_KNOTS('',1,(#1765,#1766),.UNSPECIFIED.,.F.,
  .F.,(2,2),(0.,0.6),.PIECEWISE_BEZIER_KNOTS.);
#1765 = CARTESIAN_POINT('',(-63.88,14.296475770925,29.822760646109));
#1766 = CARTESIAN_POINT('',(-63.28,14.296475770925,29.822760646109));
#1767 = ORIENTED_EDGE('',*,*,#334,.F.);
#1768 = B_SPLINE_SURFACE_WITH_KNOTS('',2,1,(
    (#1769,#1770)
    ,(#1771,#1772)
    ,(#1773,#1774
    )),.UNSPECIFIED.,.F.,.F.,.F.,(3,3),(2,2),(0.,1.),(-0.6,0.),
  .PIECEWISE_BEZIER_KNOTS.);
#1769 = CARTESIAN_POINT('',(-63.28,14.103817914831,29.754625550661));
#1770 = CARTESIAN_POINT('',(-63.88,14.103817914831,29.754625550661));
#1771 = CARTESIAN_POINT('',(-63.28,14.197356828194,29.795741556535));
#1772 = CARTESIAN_POINT('',(-63.88,14.197356828194,29.795741556535));
#1773 = CARTESIAN_POINT('',(-63.28,14.296475770925,29.822760646109));
#1774 = CARTESIAN_POINT('',(-63.88,14.296475770925,29.822760646109));
#1775 = ADVANCED_FACE('',(#1776),#1793,.T.);
#1776 = FACE_BOUND('',#1777,.T.);
#1777 = EDGE_LOOP('',(#1778,#1779,#1787,#1792));
#1778 = ORIENTED_EDGE('',*,*,#1763,.T.);
#1779 = ORIENTED_EDGE('',*,*,#1780,.T.);
#1780 = EDGE_CURVE('',#1756,#1781,#1783,.T.);
#1781 = VERTEX_POINT('',#1782);
#1782 = CARTESIAN_POINT('',(-63.28,14.493685756241,29.862701908957));
#1783 = B_SPLINE_CURVE_WITH_KNOTS('',2,(#1784,#1785,#1786),
  .UNSPECIFIED.,.F.,.F.,(3,3),(0.,1.),.PIECEWISE_BEZIER_KNOTS.);
#1784 = CARTESIAN_POINT('',(-63.28,14.296475770925,29.822760646109));
#1785 = CARTESIAN_POINT('',(-63.28,14.395594713656,29.849779735683));
#1786 = CARTESIAN_POINT('',(-63.28,14.493685756241,29.862701908957));
#1787 = ORIENTED_EDGE('',*,*,#1788,.F.);
#1788 = EDGE_CURVE('',#319,#1781,#1789,.T.);
#1789 = B_SPLINE_CURVE_WITH_KNOTS('',1,(#1790,#1791),.UNSPECIFIED.,.F.,
  .F.,(2,2),(0.,0.6),.PIECEWISE_BEZIER_KNOTS.);
#1790 = CARTESIAN_POINT('',(-63.88,14.493685756241,29.862701908957));
#1791 = CARTESIAN_POINT('',(-63.28,14.493685756241,29.862701908957));
#1792 = ORIENTED_EDGE('',*,*,#326,.F.);
#1793 = B_SPLINE_SURFACE_WITH_KNOTS('',2,1,(
    (#1794,#1795)
    ,(#1796,#1797)
    ,(#1798,#1799
    )),.UNSPECIFIED.,.F.,.F.,.F.,(3,3),(2,2),(0.,1.),(-0.6,0.),
  .PIECEWISE_BEZIER_KNOTS.);
#1794 = CARTESIAN_POINT('',(-63.28,14.296475770925,29.822760646109));
#1795 = CARTESIAN_POINT('',(-63.88,14.296475770925,29.822760646109));
#1796 = CARTESIAN_POINT('',(-63.28,14.395594713656,29.849779735683));
#1797 = CARTESIAN_POINT('',(-63.88,14.395594713656,29.849779735683));
#1798 = CARTESIAN_POINT('',(-63.28,14.493685756241,29.862701908957));
#1799 = CARTESIAN_POINT('',(-63.88,14.493685756241,29.862701908957));
#1800 = ADVANCED_FACE('',(#1801),#1818,.T.);
#1801 = FACE_BOUND('',#1802,.T.);
#1802 = EDGE_LOOP('',(#1803,#1804,#1812,#1817));
#1803 = ORIENTED_EDGE('',*,*,#1788,.T.);
#1804 = ORIENTED_EDGE('',*,*,#1805,.T.);
#1805 = EDGE_CURVE('',#1781,#1806,#1808,.T.);
#1806 = VERTEX_POINT('',#1807);
#1807 = CARTESIAN_POINT('',(-63.28,14.679735682819,29.87577092511));
#1808 = B_SPLINE_CURVE_WITH_KNOTS('',2,(#1809,#1810,#1811),
  .UNSPECIFIED.,.F.,.F.,(3,3),(0.,1.),.PIECEWISE_BEZIER_KNOTS.);
#1809 = CARTESIAN_POINT('',(-63.28,14.493685756241,29.862701908957));
#1810 = CARTESIAN_POINT('',(-63.28,14.591629955947,29.87577092511));
#1811 = CARTESIAN_POINT('',(-63.28,14.679735682819,29.87577092511));
#1812 = ORIENTED_EDGE('',*,*,#1813,.F.);
#1813 = EDGE_CURVE('',#311,#1806,#1814,.T.);
#1814 = B_SPLINE_CURVE_WITH_KNOTS('',1,(#1815,#1816),.UNSPECIFIED.,.F.,
  .F.,(2,2),(0.,0.6),.PIECEWISE_BEZIER_KNOTS.);
#1815 = CARTESIAN_POINT('',(-63.88,14.679735682819,29.87577092511));
#1816 = CARTESIAN_POINT('',(-63.28,14.679735682819,29.87577092511));
#1817 = ORIENTED_EDGE('',*,*,#318,.F.);
#1818 = B_SPLINE_SURFACE_WITH_KNOTS('',2,1,(
    (#1819,#1820)
    ,(#1821,#1822)
    ,(#1823,#1824
    )),.UNSPECIFIED.,.F.,.F.,.F.,(3,3),(2,2),(0.,1.),(-0.6,0.),
  .PIECEWISE_BEZIER_KNOTS.);
#1819 = CARTESIAN_POINT('',(-63.28,14.493685756241,29.862701908957));
#1820 = CARTESIAN_POINT('',(-63.88,14.493685756241,29.862701908957));
#1821 = CARTESIAN_POINT('',(-63.28,14.591629955947,29.87577092511));
#1822 = CARTESIAN_POINT('',(-63.88,14.591629955947,29.87577092511));
#1823 = CARTESIAN_POINT('',(-63.28,14.679735682819,29.87577092511));
#1824 = CARTESIAN_POINT('',(-63.88,14.679735682819,29.87577092511));
#1825 = ADVANCED_FACE('',(#1826),#1843,.T.);
#1826 = FACE_BOUND('',#1827,.T.);
#1827 = EDGE_LOOP('',(#1828,#1829,#1837,#1842));
#1828 = ORIENTED_EDGE('',*,*,#1813,.T.);
#1829 = ORIENTED_EDGE('',*,*,#1830,.T.);
#1830 = EDGE_CURVE('',#1806,#1831,#1833,.T.);
#1831 = VERTEX_POINT('',#1832);
#1832 = CARTESIAN_POINT('',(-63.28,14.9,29.852569750367));
#1833 = B_SPLINE_CURVE_WITH_KNOTS('',2,(#1834,#1835,#1836),
  .UNSPECIFIED.,.F.,.F.,(3,3),(0.,1.),.PIECEWISE_BEZIER_KNOTS.);
#1834 = CARTESIAN_POINT('',(-63.28,14.679735682819,29.87577092511));
#1835 = CARTESIAN_POINT('',(-63.28,14.800881057269,29.87577092511));
#1836 = CARTESIAN_POINT('',(-63.28,14.9,29.852569750367));
#1837 = ORIENTED_EDGE('',*,*,#1838,.F.);
#1838 = EDGE_CURVE('',#303,#1831,#1839,.T.);
#1839 = B_SPLINE_CURVE_WITH_KNOTS('',1,(#1840,#1841),.UNSPECIFIED.,.F.,
  .F.,(2,2),(0.,0.6),.PIECEWISE_BEZIER_KNOTS.);
#1840 = CARTESIAN_POINT('',(-63.88,14.9,29.852569750367));
#1841 = CARTESIAN_POINT('',(-63.28,14.9,29.852569750367));
#1842 = ORIENTED_EDGE('',*,*,#310,.F.);
#1843 = B_SPLINE_SURFACE_WITH_KNOTS('',2,1,(
    (#1844,#1845)
    ,(#1846,#1847)
    ,(#1848,#1849
    )),.UNSPECIFIED.,.F.,.F.,.F.,(3,3),(2,2),(0.,1.),(-0.6,0.),
  .PIECEWISE_BEZIER_KNOTS.);
#1844 = CARTESIAN_POINT('',(-63.28,14.679735682819,29.87577092511));
#1845 = CARTESIAN_POINT('',(-63.88,14.679735682819,29.87577092511));
#1846 = CARTESIAN_POINT('',(-63.28,14.800881057269,29.87577092511));
#1847 = CARTESIAN_POINT('',(-63.88,14.800881057269,29.87577092511));
#1848 = CARTESIAN_POINT('',(-63.28,14.9,29.852569750367));
#1849 = CARTESIAN_POINT('',(-63.88,14.9,29.852569750367));
#1850 = ADVANCED_FACE('',(#1851),#1868,.T.);
#1851 = FACE_BOUND('',#1852,.T.);
#1852 = EDGE_LOOP('',(#1853,#1854,#1862,#1867));
#1853 = ORIENTED_EDGE('',*,*,#1838,.T.);
#1854 = ORIENTED_EDGE('',*,*,#1855,.T.);
#1855 = EDGE_CURVE('',#1831,#1856,#1858,.T.);
#1856 = VERTEX_POINT('',#1857);
#1857 = CARTESIAN_POINT('',(-63.28,15.067400881057,29.787371512482));
#1858 = B_SPLINE_CURVE_WITH_KNOTS('',2,(#1859,#1860,#1861),
  .UNSPECIFIED.,.F.,.F.,(3,3),(0.,1.),.PIECEWISE_BEZIER_KNOTS.);
#1859 = CARTESIAN_POINT('',(-63.28,14.9,29.852569750367));
#1860 = CARTESIAN_POINT('',(-63.28,14.999118942731,29.829368575624));
#1861 = CARTESIAN_POINT('',(-63.28,15.067400881057,29.787371512482));
#1862 = ORIENTED_EDGE('',*,*,#1863,.F.);
#1863 = EDGE_CURVE('',#295,#1856,#1864,.T.);
#1864 = B_SPLINE_CURVE_WITH_KNOTS('',1,(#1865,#1866),.UNSPECIFIED.,.F.,
  .F.,(2,2),(0.,0.6),.PIECEWISE_BEZIER_KNOTS.);
#1865 = CARTESIAN_POINT('',(-63.88,15.067400881057,29.787371512482));
#1866 = CARTESIAN_POINT('',(-63.28,15.067400881057,29.787371512482));
#1867 = ORIENTED_EDGE('',*,*,#302,.F.);
#1868 = B_SPLINE_SURFACE_WITH_KNOTS('',2,1,(
    (#1869,#1870)
    ,(#1871,#1872)
    ,(#1873,#1874
    )),.UNSPECIFIED.,.F.,.F.,.F.,(3,3),(2,2),(0.,1.),(-0.6,0.),
  .PIECEWISE_BEZIER_KNOTS.);
#1869 = CARTESIAN_POINT('',(-63.28,14.9,29.852569750367));
#1870 = CARTESIAN_POINT('',(-63.88,14.9,29.852569750367));
#1871 = CARTESIAN_POINT('',(-63.28,14.999118942731,29.829368575624));
#1872 = CARTESIAN_POINT('',(-63.88,14.999118942731,29.829368575624));
#1873 = CARTESIAN_POINT('',(-63.28,15.067400881057,29.787371512482));
#1874 = CARTESIAN_POINT('',(-63.88,15.067400881057,29.787371512482));
#1875 = ADVANCED_FACE('',(#1876),#1893,.T.);
#1876 = FACE_BOUND('',#1877,.T.);
#1877 = EDGE_LOOP('',(#1878,#1879,#1887,#1892));
#1878 = ORIENTED_EDGE('',*,*,#1863,.T.);
#1879 = ORIENTED_EDGE('',*,*,#1880,.T.);
#1880 = EDGE_CURVE('',#1856,#1881,#1883,.T.);
#1881 = VERTEX_POINT('',#1882);
#1882 = CARTESIAN_POINT('',(-63.28,15.173127753304,29.686784140969));
#1883 = B_SPLINE_CURVE_WITH_KNOTS('',2,(#1884,#1885,#1886),
  .UNSPECIFIED.,.F.,.F.,(3,3),(0.,1.),.PIECEWISE_BEZIER_KNOTS.);
#1884 = CARTESIAN_POINT('',(-63.28,15.067400881057,29.787371512482));
#1885 = CARTESIAN_POINT('',(-63.28,15.135682819383,29.745374449339));
#1886 = CARTESIAN_POINT('',(-63.28,15.173127753304,29.686784140969));
#1887 = ORIENTED_EDGE('',*,*,#1888,.F.);
#1888 = EDGE_CURVE('',#287,#1881,#1889,.T.);
#1889 = B_SPLINE_CURVE_WITH_KNOTS('',1,(#1890,#1891),.UNSPECIFIED.,.F.,
  .F.,(2,2),(0.,0.6),.PIECEWISE_BEZIER_KNOTS.);
#1890 = CARTESIAN_POINT('',(-63.88,15.173127753304,29.686784140969));
#1891 = CARTESIAN_POINT('',(-63.28,15.173127753304,29.686784140969));
#1892 = ORIENTED_EDGE('',*,*,#294,.F.);
#1893 = B_SPLINE_SURFACE_WITH_KNOTS('',2,1,(
    (#1894,#1895)
    ,(#1896,#1897)
    ,(#1898,#1899
    )),.UNSPECIFIED.,.F.,.F.,.F.,(3,3),(2,2),(0.,1.),(-0.6,0.),
  .PIECEWISE_BEZIER_KNOTS.);
#1894 = CARTESIAN_POINT('',(-63.28,15.067400881057,29.787371512482));
#1895 = CARTESIAN_POINT('',(-63.88,15.067400881057,29.787371512482));
#1896 = CARTESIAN_POINT('',(-63.28,15.135682819383,29.745374449339));
#1897 = CARTESIAN_POINT('',(-63.88,15.135682819383,29.745374449339));
#1898 = CARTESIAN_POINT('',(-63.28,15.173127753304,29.686784140969));
#1899 = CARTESIAN_POINT('',(-63.88,15.173127753304,29.686784140969));
#1900 = ADVANCED_FACE('',(#1901),#1918,.T.);
#1901 = FACE_BOUND('',#1902,.T.);
#1902 = EDGE_LOOP('',(#1903,#1904,#1912,#1917));
#1903 = ORIENTED_EDGE('',*,*,#1888,.T.);
#1904 = ORIENTED_EDGE('',*,*,#1905,.T.);
#1905 = EDGE_CURVE('',#1881,#1906,#1908,.T.);
#1906 = VERTEX_POINT('',#1907);
#1907 = CARTESIAN_POINT('',(-63.28,15.210572687225,29.555359765051));
#1908 = B_SPLINE_CURVE_WITH_KNOTS('',2,(#1909,#1910,#1911),
  .UNSPECIFIED.,.F.,.F.,(3,3),(0.,1.),.PIECEWISE_BEZIER_KNOTS.);
#1909 = CARTESIAN_POINT('',(-63.28,15.173127753304,29.686784140969));
#1910 = CARTESIAN_POINT('',(-63.28,15.210572687225,29.628340675477));
#1911 = CARTESIAN_POINT('',(-63.28,15.210572687225,29.555359765051));
#1912 = ORIENTED_EDGE('',*,*,#1913,.F.);
#1913 = EDGE_CURVE('',#279,#1906,#1914,.T.);
#1914 = B_SPLINE_CURVE_WITH_KNOTS('',1,(#1915,#1916),.UNSPECIFIED.,.F.,
  .F.,(2,2),(0.,0.6),.PIECEWISE_BEZIER_KNOTS.);
#1915 = CARTESIAN_POINT('',(-63.88,15.210572687225,29.555359765051));
#1916 = CARTESIAN_POINT('',(-63.28,15.210572687225,29.555359765051));
#1917 = ORIENTED_EDGE('',*,*,#286,.F.);
#1918 = B_SPLINE_SURFACE_WITH_KNOTS('',2,1,(
    (#1919,#1920)
    ,(#1921,#1922)
    ,(#1923,#1924
    )),.UNSPECIFIED.,.F.,.F.,.F.,(3,3),(2,2),(0.,1.),(-0.6,0.),
  .PIECEWISE_BEZIER_KNOTS.);
#1919 = CARTESIAN_POINT('',(-63.28,15.173127753304,29.686784140969));
#1920 = CARTESIAN_POINT('',(-63.88,15.173127753304,29.686784140969));
#1921 = CARTESIAN_POINT('',(-63.28,15.210572687225,29.628340675477));
#1922 = CARTESIAN_POINT('',(-63.88,15.210572687225,29.628340675477));
#1923 = CARTESIAN_POINT('',(-63.28,15.210572687225,29.555359765051));
#1924 = CARTESIAN_POINT('',(-63.88,15.210572687225,29.555359765051));
#1925 = ADVANCED_FACE('',(#1926),#1943,.T.);
#1926 = FACE_BOUND('',#1927,.T.);
#1927 = EDGE_LOOP('',(#1928,#1929,#1937,#1942));
#1928 = ORIENTED_EDGE('',*,*,#1913,.T.);
#1929 = ORIENTED_EDGE('',*,*,#1930,.T.);
#1930 = EDGE_CURVE('',#1906,#1931,#1933,.T.);
#1931 = VERTEX_POINT('',#1932);
#1932 = CARTESIAN_POINT('',(-63.28,15.16872246696,29.413069016153));
#1933 = B_SPLINE_CURVE_WITH_KNOTS('',2,(#1934,#1935,#1936),
  .UNSPECIFIED.,.F.,.F.,(3,3),(0.,1.),.PIECEWISE_BEZIER_KNOTS.);
#1934 = CARTESIAN_POINT('',(-63.28,15.210572687225,29.555359765051));
#1935 = CARTESIAN_POINT('',(-63.28,15.210572687225,29.475917767988));
#1936 = CARTESIAN_POINT('',(-63.28,15.16872246696,29.413069016153));
#1937 = ORIENTED_EDGE('',*,*,#1938,.F.);
#1938 = EDGE_CURVE('',#271,#1931,#1939,.T.);
#1939 = B_SPLINE_CURVE_WITH_KNOTS('',1,(#1940,#1941),.UNSPECIFIED.,.F.,
  .F.,(2,2),(0.,0.6),.PIECEWISE_BEZIER_KNOTS.);
#1940 = CARTESIAN_POINT('',(-63.88,15.16872246696,29.413069016153));
#1941 = CARTESIAN_POINT('',(-63.28,15.16872246696,29.413069016153));
#1942 = ORIENTED_EDGE('',*,*,#278,.F.);
#1943 = B_SPLINE_SURFACE_WITH_KNOTS('',2,1,(
    (#1944,#1945)
    ,(#1946,#1947)
    ,(#1948,#1949
    )),.UNSPECIFIED.,.F.,.F.,.F.,(3,3),(2,2),(0.,1.),(-0.6,0.),
  .PIECEWISE_BEZIER_KNOTS.);
#1944 = CARTESIAN_POINT('',(-63.28,15.210572687225,29.555359765051));
#1945 = CARTESIAN_POINT('',(-63.88,15.210572687225,29.555359765051));
#1946 = CARTESIAN_POINT('',(-63.28,15.210572687225,29.475917767988));
#1947 = CARTESIAN_POINT('',(-63.88,15.210572687225,29.475917767988));
#1948 = CARTESIAN_POINT('',(-63.28,15.16872246696,29.413069016153));
#1949 = CARTESIAN_POINT('',(-63.88,15.16872246696,29.413069016153));
#1950 = ADVANCED_FACE('',(#1951),#1968,.T.);
#1951 = FACE_BOUND('',#1952,.T.);
#1952 = EDGE_LOOP('',(#1953,#1954,#1962,#1967));
#1953 = ORIENTED_EDGE('',*,*,#1938,.T.);
#1954 = ORIENTED_EDGE('',*,*,#1955,.T.);
#1955 = EDGE_CURVE('',#1931,#1956,#1958,.T.);
#1956 = VERTEX_POINT('',#1957);
#1957 = CARTESIAN_POINT('',(-63.28,15.049779735683,29.293979441997));
#1958 = B_SPLINE_CURVE_WITH_KNOTS('',2,(#1959,#1960,#1961),
  .UNSPECIFIED.,.F.,.F.,(3,3),(0.,1.),.PIECEWISE_BEZIER_KNOTS.);
#1959 = CARTESIAN_POINT('',(-63.28,15.16872246696,29.413069016153));
#1960 = CARTESIAN_POINT('',(-63.28,15.126872246696,29.350220264317));
#1961 = CARTESIAN_POINT('',(-63.28,15.049779735683,29.293979441997));
#1962 = ORIENTED_EDGE('',*,*,#1963,.F.);
#1963 = EDGE_CURVE('',#263,#1956,#1964,.T.);
#1964 = B_SPLINE_CURVE_WITH_KNOTS('',1,(#1965,#1966),.UNSPECIFIED.,.F.,
  .F.,(2,2),(0.,0.6),.PIECEWISE_BEZIER_KNOTS.);
#1965 = CARTESIAN_POINT('',(-63.88,15.049779735683,29.293979441997));
#1966 = CARTESIAN_POINT('',(-63.28,15.049779735683,29.293979441997));
#1967 = ORIENTED_EDGE('',*,*,#270,.F.);
#1968 = B_SPLINE_SURFACE_WITH_KNOTS('',2,1,(
    (#1969,#1970)
    ,(#1971,#1972)
    ,(#1973,#1974
    )),.UNSPECIFIED.,.F.,.F.,.F.,(3,3),(2,2),(0.,1.),(-0.6,0.),
  .PIECEWISE_BEZIER_KNOTS.);
#1969 = CARTESIAN_POINT('',(-63.28,15.16872246696,29.413069016153));
#1970 = CARTESIAN_POINT('',(-63.88,15.16872246696,29.413069016153));
#1971 = CARTESIAN_POINT('',(-63.28,15.126872246696,29.350220264317));
#1972 = CARTESIAN_POINT('',(-63.88,15.126872246696,29.350220264317));
#1973 = CARTESIAN_POINT('',(-63.28,15.049779735683,29.293979441997));
#1974 = CARTESIAN_POINT('',(-63.88,15.049779735683,29.293979441997));
#1975 = ADVANCED_FACE('',(#1976),#1993,.T.);
#1976 = FACE_BOUND('',#1977,.T.);
#1977 = EDGE_LOOP('',(#1978,#1979,#1987,#1992));
#1978 = ORIENTED_EDGE('',*,*,#1963,.T.);
#1979 = ORIENTED_EDGE('',*,*,#1980,.T.);
#1980 = EDGE_CURVE('',#1956,#1981,#1983,.T.);
#1981 = VERTEX_POINT('',#1982);
#1982 = CARTESIAN_POINT('',(-63.28,14.862555066079,29.183700440529));
#1983 = B_SPLINE_CURVE_WITH_KNOTS('',2,(#1984,#1985,#1986),
  .UNSPECIFIED.,.F.,.F.,(3,3),(0.,1.),.PIECEWISE_BEZIER_KNOTS.);
#1984 = CARTESIAN_POINT('',(-63.28,15.049779735683,29.293979441997));
#1985 = CARTESIAN_POINT('',(-63.28,14.97268722467,29.237738619677));
#1986 = CARTESIAN_POINT('',(-63.28,14.862555066079,29.183700440529));
#1987 = ORIENTED_EDGE('',*,*,#1988,.F.);
#1988 = EDGE_CURVE('',#255,#1981,#1989,.T.);
#1989 = B_SPLINE_CURVE_WITH_KNOTS('',1,(#1990,#1991),.UNSPECIFIED.,.F.,
  .F.,(2,2),(0.,0.6),.PIECEWISE_BEZIER_KNOTS.);
#1990 = CARTESIAN_POINT('',(-63.88,14.862555066079,29.183700440529));
#1991 = CARTESIAN_POINT('',(-63.28,14.862555066079,29.183700440529));
#1992 = ORIENTED_EDGE('',*,*,#262,.F.);
#1993 = B_SPLINE_SURFACE_WITH_KNOTS('',2,1,(
    (#1994,#1995)
    ,(#1996,#1997)
    ,(#1998,#1999
    )),.UNSPECIFIED.,.F.,.F.,.F.,(3,3),(2,2),(0.,1.),(-0.6,0.),
  .PIECEWISE_BEZIER_KNOTS.);
#1994 = CARTESIAN_POINT('',(-63.28,15.049779735683,29.293979441997));
#1995 = CARTESIAN_POINT('',(-63.88,15.049779735683,29.293979441997));
#1996 = CARTESIAN_POINT('',(-63.28,14.97268722467,29.237738619677));
#1997 = CARTESIAN_POINT('',(-63.88,14.97268722467,29.237738619677));
#1998 = CARTESIAN_POINT('',(-63.28,14.862555066079,29.183700440529));
#1999 = CARTESIAN_POINT('',(-63.88,14.862555066079,29.183700440529));
#2000 = ADVANCED_FACE('',(#2001),#2018,.T.);
#2001 = FACE_BOUND('',#2002,.T.);
#2002 = EDGE_LOOP('',(#2003,#2004,#2012,#2017));
#2003 = ORIENTED_EDGE('',*,*,#1988,.T.);
#2004 = ORIENTED_EDGE('',*,*,#2005,.T.);
#2005 = EDGE_CURVE('',#1981,#2006,#2008,.T.);
#2006 = VERTEX_POINT('',#2007);
#2007 = CARTESIAN_POINT('',(-63.28,14.613656387665,29.072393538913));
#2008 = B_SPLINE_CURVE_WITH_KNOTS('',2,(#2009,#2010,#2011),
  .UNSPECIFIED.,.F.,.F.,(3,3),(0.,1.),.PIECEWISE_BEZIER_KNOTS.);
#2009 = CARTESIAN_POINT('',(-63.28,14.862555066079,29.183700440529));
#2010 = CARTESIAN_POINT('',(-63.28,14.752422907489,29.12966226138));
#2011 = CARTESIAN_POINT('',(-63.28,14.613656387665,29.072393538913));
#2012 = ORIENTED_EDGE('',*,*,#2013,.F.);
#2013 = EDGE_CURVE('',#247,#2006,#2014,.T.);
#2014 = B_SPLINE_CURVE_WITH_KNOTS('',1,(#2015,#2016),.UNSPECIFIED.,.F.,
  .F.,(2,2),(0.,0.6),.PIECEWISE_BEZIER_KNOTS.);
#2015 = CARTESIAN_POINT('',(-63.88,14.613656387665,29.072393538913));
#2016 = CARTESIAN_POINT('',(-63.28,14.613656387665,29.072393538913));
#2017 = ORIENTED_EDGE('',*,*,#254,.F.);
#2018 = B_SPLINE_SURFACE_WITH_KNOTS('',2,1,(
    (#2019,#2020)
    ,(#2021,#2022)
    ,(#2023,#2024
    )),.UNSPECIFIED.,.F.,.F.,.F.,(3,3),(2,2),(0.,1.),(-0.6,0.),
  .PIECEWISE_BEZIER_KNOTS.);
#2019 = CARTESIAN_POINT('',(-63.28,14.862555066079,29.183700440529));
#2020 = CARTESIAN_POINT('',(-63.88,14.862555066079,29.183700440529));
#2021 = CARTESIAN_POINT('',(-63.28,14.752422907489,29.12966226138));
#2022 = CARTESIAN_POINT('',(-63.88,14.752422907489,29.12966226138));
#2023 = CARTESIAN_POINT('',(-63.28,14.613656387665,29.072393538913));
#2024 = CARTESIAN_POINT('',(-63.88,14.613656387665,29.072393538913));
#2025 = ADVANCED_FACE('',(#2026),#2043,.T.);
#2026 = FACE_BOUND('',#2027,.T.);
#2027 = EDGE_LOOP('',(#2028,#2029,#2037,#2042));
#2028 = ORIENTED_EDGE('',*,*,#2013,.T.);
#2029 = ORIENTED_EDGE('',*,*,#2030,.T.);
#2030 = EDGE_CURVE('',#2006,#2031,#2033,.T.);
#2031 = VERTEX_POINT('',#2032);
#2032 = CARTESIAN_POINT('',(-63.28,14.27342143906,28.903671071953));
#2033 = B_SPLINE_CURVE_WITH_KNOTS('',2,(#2034,#2035,#2036),
  .UNSPECIFIED.,.F.,.F.,(3,3),(0.,1.),.PIECEWISE_BEZIER_KNOTS.);
#2034 = CARTESIAN_POINT('',(-63.28,14.613656387665,29.072393538913));
#2035 = CARTESIAN_POINT('',(-63.28,14.42422907489,28.99295154185));
#2036 = CARTESIAN_POINT('',(-63.28,14.27342143906,28.903671071953));
#2037 = ORIENTED_EDGE('',*,*,#2038,.F.);
#2038 = EDGE_CURVE('',#239,#2031,#2039,.T.);
#2039 = B_SPLINE_CURVE_WITH_KNOTS('',1,(#2040,#2041),.UNSPECIFIED.,.F.,
  .F.,(2,2),(0.,0.6),.PIECEWISE_BEZIER_KNOTS.);
#2040 = CARTESIAN_POINT('',(-63.88,14.27342143906,28.903671071953));
#2041 = CARTESIAN_POINT('',(-63.28,14.27342143906,28.903671071953));
#2042 = ORIENTED_EDGE('',*,*,#246,.F.);
#2043 = B_SPLINE_SURFACE_WITH_KNOTS('',2,1,(
    (#2044,#2045)
    ,(#2046,#2047)
    ,(#2048,#2049
    )),.UNSPECIFIED.,.F.,.F.,.F.,(3,3),(2,2),(0.,1.),(-0.6,0.),
  .PIECEWISE_BEZIER_KNOTS.);
#2044 = CARTESIAN_POINT('',(-63.28,14.613656387665,29.072393538913));
#2045 = CARTESIAN_POINT('',(-63.88,14.613656387665,29.072393538913));
#2046 = CARTESIAN_POINT('',(-63.28,14.42422907489,28.99295154185));
#2047 = CARTESIAN_POINT('',(-63.88,14.42422907489,28.99295154185));
#2048 = CARTESIAN_POINT('',(-63.28,14.27342143906,28.903671071953));
#2049 = CARTESIAN_POINT('',(-63.88,14.27342143906,28.903671071953));
#2050 = ADVANCED_FACE('',(#2051),#2068,.T.);
#2051 = FACE_BOUND('',#2052,.T.);
#2052 = EDGE_LOOP('',(#2053,#2054,#2062,#2067));
#2053 = ORIENTED_EDGE('',*,*,#2038,.T.);
#2054 = ORIENTED_EDGE('',*,*,#2055,.T.);
#2055 = EDGE_CURVE('',#2031,#2056,#2058,.T.);
#2056 = VERTEX_POINT('',#2057);
#2057 = CARTESIAN_POINT('',(-63.28,14.014537444934,28.701908957416));
#2058 = B_SPLINE_CURVE_WITH_KNOTS('',2,(#2059,#2060,#2061),
  .UNSPECIFIED.,.F.,.F.,(3,3),(0.,1.),.PIECEWISE_BEZIER_KNOTS.);
#2059 = CARTESIAN_POINT('',(-63.28,14.27342143906,28.903671071953));
#2060 = CARTESIAN_POINT('',(-63.28,14.122466960352,28.814390602056));
#2061 = CARTESIAN_POINT('',(-63.28,14.014537444934,28.701908957416));
#2062 = ORIENTED_EDGE('',*,*,#2063,.F.);
#2063 = EDGE_CURVE('',#231,#2056,#2064,.T.);
#2064 = B_SPLINE_CURVE_WITH_KNOTS('',1,(#2065,#2066),.UNSPECIFIED.,.F.,
  .F.,(2,2),(0.,0.6),.PIECEWISE_BEZIER_KNOTS.);
#2065 = CARTESIAN_POINT('',(-63.88,14.014537444934,28.701908957416));
#2066 = CARTESIAN_POINT('',(-63.28,14.014537444934,28.701908957416));
#2067 = ORIENTED_EDGE('',*,*,#238,.F.);
#2068 = B_SPLINE_SURFACE_WITH_KNOTS('',2,1,(
    (#2069,#2070)
    ,(#2071,#2072)
    ,(#2073,#2074
    )),.UNSPECIFIED.,.F.,.F.,.F.,(3,3),(2,2),(0.,1.),(-0.6,0.),
  .PIECEWISE_BEZIER_KNOTS.);
#2069 = CARTESIAN_POINT('',(-63.28,14.27342143906,28.903671071953));
#2070 = CARTESIAN_POINT('',(-63.88,14.27342143906,28.903671071953));
#2071 = CARTESIAN_POINT('',(-63.28,14.122466960352,28.814390602056));
#2072 = CARTESIAN_POINT('',(-63.88,14.122466960352,28.814390602056));
#2073 = CARTESIAN_POINT('',(-63.28,14.014537444934,28.701908957416));
#2074 = CARTESIAN_POINT('',(-63.88,14.014537444934,28.701908957416));
#2075 = ADVANCED_FACE('',(#2076),#2093,.T.);
#2076 = FACE_BOUND('',#2077,.T.);
#2077 = EDGE_LOOP('',(#2078,#2079,#2087,#2092));
#2078 = ORIENTED_EDGE('',*,*,#2063,.T.);
#2079 = ORIENTED_EDGE('',*,*,#2080,.T.);
#2080 = EDGE_CURVE('',#2056,#2081,#2083,.T.);
#2081 = VERTEX_POINT('',#2082);
#2082 = CARTESIAN_POINT('',(-63.28,13.849339207048,28.444933920705));
#2083 = B_SPLINE_CURVE_WITH_KNOTS('',2,(#2084,#2085,#2086),
  .UNSPECIFIED.,.F.,.F.,(3,3),(0.,1.),.PIECEWISE_BEZIER_KNOTS.);
#2084 = CARTESIAN_POINT('',(-63.28,14.014537444934,28.701908957416));
#2085 = CARTESIAN_POINT('',(-63.28,13.906607929515,28.589427312775));
#2086 = CARTESIAN_POINT('',(-63.28,13.849339207048,28.444933920705));
#2087 = ORIENTED_EDGE('',*,*,#2088,.F.);
#2088 = EDGE_CURVE('',#223,#2081,#2089,.T.);
#2089 = B_SPLINE_CURVE_WITH_KNOTS('',1,(#2090,#2091),.UNSPECIFIED.,.F.,
  .F.,(2,2),(0.,0.6),.PIECEWISE_BEZIER_KNOTS.);
#2090 = CARTESIAN_POINT('',(-63.88,13.849339207048,28.444933920705));
#2091 = CARTESIAN_POINT('',(-63.28,13.849339207048,28.444933920705));
#2092 = ORIENTED_EDGE('',*,*,#230,.F.);
#2093 = B_SPLINE_SURFACE_WITH_KNOTS('',2,1,(
    (#2094,#2095)
    ,(#2096,#2097)
    ,(#2098,#2099
    )),.UNSPECIFIED.,.F.,.F.,.F.,(3,3),(2,2),(0.,1.),(-0.6,0.),
  .PIECEWISE_BEZIER_KNOTS.);
#2094 = CARTESIAN_POINT('',(-63.28,14.014537444934,28.701908957416));
#2095 = CARTESIAN_POINT('',(-63.88,14.014537444934,28.701908957416));
#2096 = CARTESIAN_POINT('',(-63.28,13.906607929515,28.589427312775));
#2097 = CARTESIAN_POINT('',(-63.88,13.906607929515,28.589427312775));
#2098 = CARTESIAN_POINT('',(-63.28,13.849339207048,28.444933920705));
#2099 = CARTESIAN_POINT('',(-63.88,13.849339207048,28.444933920705));
#2100 = ADVANCED_FACE('',(#2101),#2118,.T.);
#2101 = FACE_BOUND('',#2102,.T.);
#2102 = EDGE_LOOP('',(#2103,#2104,#2112,#2117));
#2103 = ORIENTED_EDGE('',*,*,#2088,.T.);
#2104 = ORIENTED_EDGE('',*,*,#2105,.T.);
#2105 = EDGE_CURVE('',#2081,#2106,#2108,.T.);
#2106 = VERTEX_POINT('',#2107);
#2107 = CARTESIAN_POINT('',(-63.28,13.792070484581,28.108663729809));
#2108 = B_SPLINE_CURVE_WITH_KNOTS('',2,(#2109,#2110,#2111),
  .UNSPECIFIED.,.F.,.F.,(3,3),(0.,1.),.PIECEWISE_BEZIER_KNOTS.);
#2109 = CARTESIAN_POINT('',(-63.28,13.849339207048,28.444933920705));
#2110 = CARTESIAN_POINT('',(-63.28,13.792070484581,28.300587371512));
#2111 = CARTESIAN_POINT('',(-63.28,13.792070484581,28.108663729809));
#2112 = ORIENTED_EDGE('',*,*,#2113,.F.);
#2113 = EDGE_CURVE('',#215,#2106,#2114,.T.);
#2114 = B_SPLINE_CURVE_WITH_KNOTS('',1,(#2115,#2116),.UNSPECIFIED.,.F.,
  .F.,(2,2),(0.,0.6),.PIECEWISE_BEZIER_KNOTS.);
#2115 = CARTESIAN_POINT('',(-63.88,13.792070484581,28.108663729809));
#2116 = CARTESIAN_POINT('',(-63.28,13.792070484581,28.108663729809));
#2117 = ORIENTED_EDGE('',*,*,#222,.F.);
#2118 = B_SPLINE_SURFACE_WITH_KNOTS('',2,1,(
    (#2119,#2120)
    ,(#2121,#2122)
    ,(#2123,#2124
    )),.UNSPECIFIED.,.F.,.F.,.F.,(3,3),(2,2),(0.,1.),(-0.6,0.),
  .PIECEWISE_BEZIER_KNOTS.);
#2119 = CARTESIAN_POINT('',(-63.28,13.849339207048,28.444933920705));
#2120 = CARTESIAN_POINT('',(-63.88,13.849339207048,28.444933920705));
#2121 = CARTESIAN_POINT('',(-63.28,13.792070484581,28.300587371512));
#2122 = CARTESIAN_POINT('',(-63.88,13.792070484581,28.300587371512));
#2123 = CARTESIAN_POINT('',(-63.28,13.792070484581,28.108663729809));
#2124 = CARTESIAN_POINT('',(-63.88,13.792070484581,28.108663729809));
#2125 = ADVANCED_FACE('',(#2126),#2143,.T.);
#2126 = FACE_BOUND('',#2127,.T.);
#2127 = EDGE_LOOP('',(#2128,#2129,#2137,#2142));
#2128 = ORIENTED_EDGE('',*,*,#2113,.T.);
#2129 = ORIENTED_EDGE('',*,*,#2130,.T.);
#2130 = EDGE_CURVE('',#2106,#2131,#2133,.T.);
#2131 = VERTEX_POINT('',#2132);
#2132 = CARTESIAN_POINT('',(-63.28,13.892364170338,27.664317180617));
#2133 = B_SPLINE_CURVE_WITH_KNOTS('',2,(#2134,#2135,#2136),
  .UNSPECIFIED.,.F.,.F.,(3,3),(0.,1.),.PIECEWISE_BEZIER_KNOTS.);
#2134 = CARTESIAN_POINT('',(-63.28,13.792070484581,28.108663729809));
#2135 = CARTESIAN_POINT('',(-63.28,13.792070484581,27.844052863436));
#2136 = CARTESIAN_POINT('',(-63.28,13.892364170338,27.664317180617));
#2137 = ORIENTED_EDGE('',*,*,#2138,.F.);
#2138 = EDGE_CURVE('',#207,#2131,#2139,.T.);
#2139 = B_SPLINE_CURVE_WITH_KNOTS('',1,(#2140,#2141),.UNSPECIFIED.,.F.,
  .F.,(2,2),(0.,0.6),.PIECEWISE_BEZIER_KNOTS.);
#2140 = CARTESIAN_POINT('',(-63.88,13.892364170338,27.664317180617));
#2141 = CARTESIAN_POINT('',(-63.28,13.892364170338,27.664317180617));
#2142 = ORIENTED_EDGE('',*,*,#214,.F.);
#2143 = B_SPLINE_SURFACE_WITH_KNOTS('',2,1,(
    (#2144,#2145)
    ,(#2146,#2147)
    ,(#2148,#2149
    )),.UNSPECIFIED.,.F.,.F.,.F.,(3,3),(2,2),(0.,1.),(-0.6,0.),
  .PIECEWISE_BEZIER_KNOTS.);
#2144 = CARTESIAN_POINT('',(-63.28,13.792070484581,28.108663729809));
#2145 = CARTESIAN_POINT('',(-63.88,13.792070484581,28.108663729809));
#2146 = CARTESIAN_POINT('',(-63.28,13.792070484581,27.844052863436));
#2147 = CARTESIAN_POINT('',(-63.88,13.792070484581,27.844052863436));
#2148 = CARTESIAN_POINT('',(-63.28,13.892364170338,27.664317180617));
#2149 = CARTESIAN_POINT('',(-63.88,13.892364170338,27.664317180617));
#2150 = ADVANCED_FACE('',(#2151),#2168,.T.);
#2151 = FACE_BOUND('',#2152,.T.);
#2152 = EDGE_LOOP('',(#2153,#2154,#2162,#2167));
#2153 = ORIENTED_EDGE('',*,*,#2138,.T.);
#2154 = ORIENTED_EDGE('',*,*,#2155,.T.);
#2155 = EDGE_CURVE('',#2131,#2156,#2158,.T.);
#2156 = VERTEX_POINT('',#2157);
#2157 = CARTESIAN_POINT('',(-63.28,14.164317180617,27.373127753304));
#2158 = B_SPLINE_CURVE_WITH_KNOTS('',2,(#2159,#2160,#2161),
  .UNSPECIFIED.,.F.,.F.,(3,3),(0.,1.),.PIECEWISE_BEZIER_KNOTS.);
#2159 = CARTESIAN_POINT('',(-63.28,13.892364170338,27.664317180617));
#2160 = CARTESIAN_POINT('',(-63.28,13.992511013216,27.484581497797));
#2161 = CARTESIAN_POINT('',(-63.28,14.164317180617,27.373127753304));
#2162 = ORIENTED_EDGE('',*,*,#2163,.F.);
#2163 = EDGE_CURVE('',#199,#2156,#2164,.T.);
#2164 = B_SPLINE_CURVE_WITH_KNOTS('',1,(#2165,#2166),.UNSPECIFIED.,.F.,
  .F.,(2,2),(0.,0.6),.PIECEWISE_BEZIER_KNOTS.);
#2165 = CARTESIAN_POINT('',(-63.88,14.164317180617,27.373127753304));
#2166 = CARTESIAN_POINT('',(-63.28,14.164317180617,27.373127753304));
#2167 = ORIENTED_EDGE('',*,*,#206,.F.);
#2168 = B_SPLINE_SURFACE_WITH_KNOTS('',2,1,(
    (#2169,#2170)
    ,(#2171,#2172)
    ,(#2173,#2174
    )),.UNSPECIFIED.,.F.,.F.,.F.,(3,3),(2,2),(0.,1.),(-0.6,0.),
  .PIECEWISE_BEZIER_KNOTS.);
#2169 = CARTESIAN_POINT('',(-63.28,13.892364170338,27.664317180617));
#2170 = CARTESIAN_POINT('',(-63.88,13.892364170338,27.664317180617));
#2171 = CARTESIAN_POINT('',(-63.28,13.992511013216,27.484581497797));
#2172 = CARTESIAN_POINT('',(-63.88,13.992511013216,27.484581497797));
#2173 = CARTESIAN_POINT('',(-63.28,14.164317180617,27.373127753304));
#2174 = CARTESIAN_POINT('',(-63.88,14.164317180617,27.373127753304));
#2175 = ADVANCED_FACE('',(#2176),#2193,.T.);
#2176 = FACE_BOUND('',#2177,.T.);
#2177 = EDGE_LOOP('',(#2178,#2179,#2187,#2192));
#2178 = ORIENTED_EDGE('',*,*,#2163,.T.);
#2179 = ORIENTED_EDGE('',*,*,#2180,.T.);
#2180 = EDGE_CURVE('',#2156,#2181,#2183,.T.);
#2181 = VERTEX_POINT('',#2182);
#2182 = CARTESIAN_POINT('',(-63.28,14.564170337739,27.213362701909));
#2183 = B_SPLINE_CURVE_WITH_KNOTS('',2,(#2184,#2185,#2186),
  .UNSPECIFIED.,.F.,.F.,(3,3),(0.,1.),.PIECEWISE_BEZIER_KNOTS.);
#2184 = CARTESIAN_POINT('',(-63.28,14.164317180617,27.373127753304));
#2185 = CARTESIAN_POINT('',(-63.28,14.336123348018,27.261820851689));
#2186 = CARTESIAN_POINT('',(-63.28,14.564170337739,27.213362701909));
#2187 = ORIENTED_EDGE('',*,*,#2188,.F.);
#2188 = EDGE_CURVE('',#191,#2181,#2189,.T.);
#2189 = B_SPLINE_CURVE_WITH_KNOTS('',1,(#2190,#2191),.UNSPECIFIED.,.F.,
  .F.,(2,2),(0.,0.6),.PIECEWISE_BEZIER_KNOTS.);
#2190 = CARTESIAN_POINT('',(-63.88,14.564170337739,27.213362701909));
#2191 = CARTESIAN_POINT('',(-63.28,14.564170337739,27.213362701909));
#2192 = ORIENTED_EDGE('',*,*,#198,.F.);
#2193 = B_SPLINE_SURFACE_WITH_KNOTS('',2,1,(
    (#2194,#2195)
    ,(#2196,#2197)
    ,(#2198,#2199
    )),.UNSPECIFIED.,.F.,.F.,.F.,(3,3),(2,2),(0.,1.),(-0.6,0.),
  .PIECEWISE_BEZIER_KNOTS.);
#2194 = CARTESIAN_POINT('',(-63.28,14.164317180617,27.373127753304));
#2195 = CARTESIAN_POINT('',(-63.88,14.164317180617,27.373127753304));
#2196 = CARTESIAN_POINT('',(-63.28,14.336123348018,27.261820851689));
#2197 = CARTESIAN_POINT('',(-63.88,14.336123348018,27.261820851689));
#2198 = CARTESIAN_POINT('',(-63.28,14.564170337739,27.213362701909));
#2199 = CARTESIAN_POINT('',(-63.88,14.564170337739,27.213362701909));
#2200 = ADVANCED_FACE('',(#2201),#2218,.T.);
#2201 = FACE_BOUND('',#2202,.T.);
#2202 = EDGE_LOOP('',(#2203,#2204,#2212,#2217));
#2203 = ORIENTED_EDGE('',*,*,#2188,.T.);
#2204 = ORIENTED_EDGE('',*,*,#2205,.T.);
#2205 = EDGE_CURVE('',#2181,#2206,#2208,.T.);
#2206 = VERTEX_POINT('',#2207);
#2207 = CARTESIAN_POINT('',(-63.28,15.045374449339,27.164757709251));
#2208 = B_SPLINE_CURVE_WITH_KNOTS('',2,(#2209,#2210,#2211),
  .UNSPECIFIED.,.F.,.F.,(3,3),(0.,1.),.PIECEWISE_BEZIER_KNOTS.);
#2209 = CARTESIAN_POINT('',(-63.28,14.564170337739,27.213362701909));
#2210 = CARTESIAN_POINT('',(-63.28,14.792070484581,27.164757709251));
#2211 = CARTESIAN_POINT('',(-63.28,15.045374449339,27.164757709251));
#2212 = ORIENTED_EDGE('',*,*,#2213,.F.);
#2213 = EDGE_CURVE('',#183,#2206,#2214,.T.);
#2214 = B_SPLINE_CURVE_WITH_KNOTS('',1,(#2215,#2216),.UNSPECIFIED.,.F.,
  .F.,(2,2),(0.,0.6),.PIECEWISE_BEZIER_KNOTS.);
#2215 = CARTESIAN_POINT('',(-63.88,15.045374449339,27.164757709251));
#2216 = CARTESIAN_POINT('',(-63.28,15.045374449339,27.164757709251));
#2217 = ORIENTED_EDGE('',*,*,#190,.F.);
#2218 = B_SPLINE_SURFACE_WITH_KNOTS('',2,1,(
    (#2219,#2220)
    ,(#2221,#2222)
    ,(#2223,#2224
    )),.UNSPECIFIED.,.F.,.F.,.F.,(3,3),(2,2),(0.,1.),(-0.6,0.),
  .PIECEWISE_BEZIER_KNOTS.);
#2219 = CARTESIAN_POINT('',(-63.28,14.564170337739,27.213362701909));
#2220 = CARTESIAN_POINT('',(-63.88,14.564170337739,27.213362701909));
#2221 = CARTESIAN_POINT('',(-63.28,14.792070484581,27.164757709251));
#2222 = CARTESIAN_POINT('',(-63.88,14.792070484581,27.164757709251));
#2223 = CARTESIAN_POINT('',(-63.28,15.045374449339,27.164757709251));
#2224 = CARTESIAN_POINT('',(-63.88,15.045374449339,27.164757709251));
#2225 = ADVANCED_FACE('',(#2226),#2243,.T.);
#2226 = FACE_BOUND('',#2227,.T.);
#2227 = EDGE_LOOP('',(#2228,#2229,#2237,#2242));
#2228 = ORIENTED_EDGE('',*,*,#2213,.T.);
#2229 = ORIENTED_EDGE('',*,*,#2230,.T.);
#2230 = EDGE_CURVE('',#2206,#2231,#2233,.T.);
#2231 = VERTEX_POINT('',#2232);
#2232 = CARTESIAN_POINT('',(-63.28,15.539941262849,27.208810572687));
#2233 = B_SPLINE_CURVE_WITH_KNOTS('',2,(#2234,#2235,#2236),
  .UNSPECIFIED.,.F.,.F.,(3,3),(0.,1.),.PIECEWISE_BEZIER_KNOTS.);
#2234 = CARTESIAN_POINT('',(-63.28,15.045374449339,27.164757709251));
#2235 = CARTESIAN_POINT('',(-63.28,15.305286343612,27.164757709251));
#2236 = CARTESIAN_POINT('',(-63.28,15.539941262849,27.208810572687));
#2237 = ORIENTED_EDGE('',*,*,#2238,.F.);
#2238 = EDGE_CURVE('',#175,#2231,#2239,.T.);
#2239 = B_SPLINE_CURVE_WITH_KNOTS('',1,(#2240,#2241),.UNSPECIFIED.,.F.,
  .F.,(2,2),(0.,0.6),.PIECEWISE_BEZIER_KNOTS.);
#2240 = CARTESIAN_POINT('',(-63.88,15.539941262849,27.208810572687));
#2241 = CARTESIAN_POINT('',(-63.28,15.539941262849,27.208810572687));
#2242 = ORIENTED_EDGE('',*,*,#182,.F.);
#2243 = B_SPLINE_SURFACE_WITH_KNOTS('',2,1,(
    (#2244,#2245)
    ,(#2246,#2247)
    ,(#2248,#2249
    )),.UNSPECIFIED.,.F.,.F.,.F.,(3,3),(2,2),(0.,1.),(-0.6,0.),
  .PIECEWISE_BEZIER_KNOTS.);
#2244 = CARTESIAN_POINT('',(-63.28,15.045374449339,27.164757709251));
#2245 = CARTESIAN_POINT('',(-63.88,15.045374449339,27.164757709251));
#2246 = CARTESIAN_POINT('',(-63.28,15.305286343612,27.164757709251));
#2247 = CARTESIAN_POINT('',(-63.88,15.305286343612,27.164757709251));
#2248 = CARTESIAN_POINT('',(-63.28,15.539941262849,27.208810572687));
#2249 = CARTESIAN_POINT('',(-63.88,15.539941262849,27.208810572687));
#2250 = ADVANCED_FACE('',(#2251),#2262,.T.);
#2251 = FACE_BOUND('',#2252,.T.);
#2252 = EDGE_LOOP('',(#2253,#2254,#2260,#2261));
#2253 = ORIENTED_EDGE('',*,*,#2238,.T.);
#2254 = ORIENTED_EDGE('',*,*,#2255,.T.);
#2255 = EDGE_CURVE('',#2231,#1230,#2256,.T.);
#2256 = B_SPLINE_CURVE_WITH_KNOTS('',2,(#2257,#2258,#2259),
  .UNSPECIFIED.,.F.,.F.,(3,3),(0.,1.),.PIECEWISE_BEZIER_KNOTS.);
#2257 = CARTESIAN_POINT('',(-63.28,15.539941262849,27.208810572687));
#2258 = CARTESIAN_POINT('',(-63.28,15.774449339207,27.252716593245));
#2259 = CARTESIAN_POINT('',(-63.28,15.946255506608,27.340528634361));
#2260 = ORIENTED_EDGE('',*,*,#1229,.F.);
#2261 = ORIENTED_EDGE('',*,*,#174,.F.);
#2262 = B_SPLINE_SURFACE_WITH_KNOTS('',2,1,(
    (#2263,#2264)
    ,(#2265,#2266)
    ,(#2267,#2268
    )),.UNSPECIFIED.,.F.,.F.,.F.,(3,3),(2,2),(0.,1.),(-0.6,0.),
  .PIECEWISE_BEZIER_KNOTS.);
#2263 = CARTESIAN_POINT('',(-63.28,15.539941262849,27.208810572687));
#2264 = CARTESIAN_POINT('',(-63.88,15.539941262849,27.208810572687));
#2265 = CARTESIAN_POINT('',(-63.28,15.774449339207,27.252716593245));
#2266 = CARTESIAN_POINT('',(-63.88,15.774449339207,27.252716593245));
#2267 = CARTESIAN_POINT('',(-63.28,15.946255506608,27.340528634361));
#2268 = CARTESIAN_POINT('',(-63.88,15.946255506608,27.340528634361));
#2269 = ADVANCED_FACE('',(#2270),#2292,.T.);
#2270 = FACE_BOUND('',#2271,.T.);
#2271 = EDGE_LOOP('',(#2272,#2279,#2286,#2291));
#2272 = ORIENTED_EDGE('',*,*,#2273,.T.);
#2273 = EDGE_CURVE('',#502,#2274,#2276,.T.);
#2274 = VERTEX_POINT('',#2275);
#2275 = CARTESIAN_POINT('',(-63.28,13.272834067548,27.221145374449));
#2276 = B_SPLINE_CURVE_WITH_KNOTS('',1,(#2277,#2278),.UNSPECIFIED.,.F.,
  .F.,(2,2),(0.,0.6),.PIECEWISE_BEZIER_KNOTS.);
#2277 = CARTESIAN_POINT('',(-63.88,13.272834067548,27.221145374449));
#2278 = CARTESIAN_POINT('',(-63.28,13.272834067548,27.221145374449));
#2279 = ORIENTED_EDGE('',*,*,#2280,.T.);
#2280 = EDGE_CURVE('',#2274,#2281,#2283,.T.);
#2281 = VERTEX_POINT('',#2282);
#2282 = CARTESIAN_POINT('',(-63.28,13.272834067548,30.378854625551));
#2283 = B_SPLINE_CURVE_WITH_KNOTS('',1,(#2284,#2285),.UNSPECIFIED.,.F.,
  .F.,(2,2),(0.,3.157709251101),.PIECEWISE_BEZIER_KNOTS.);
#2284 = CARTESIAN_POINT('',(-63.28,13.272834067548,27.221145374449));
#2285 = CARTESIAN_POINT('',(-63.28,13.272834067548,30.378854625551));
#2286 = ORIENTED_EDGE('',*,*,#2287,.F.);
#2287 = EDGE_CURVE('',#504,#2281,#2288,.T.);
#2288 = B_SPLINE_CURVE_WITH_KNOTS('',1,(#2289,#2290),.UNSPECIFIED.,.F.,
  .F.,(2,2),(0.,0.6),.PIECEWISE_BEZIER_KNOTS.);
#2289 = CARTESIAN_POINT('',(-63.88,13.272834067548,30.378854625551));
#2290 = CARTESIAN_POINT('',(-63.28,13.272834067548,30.378854625551));
#2291 = ORIENTED_EDGE('',*,*,#501,.F.);
#2292 = B_SPLINE_SURFACE_WITH_KNOTS('',1,1,(
    (#2293,#2294)
    ,(#2295,#2296
    )),.UNSPECIFIED.,.F.,.F.,.F.,(2,2),(2,2),(0.,3.157709251101),(-0.6,
    0.),.PIECEWISE_BEZIER_KNOTS.);
#2293 = CARTESIAN_POINT('',(-63.28,13.272834067548,27.221145374449));
#2294 = CARTESIAN_POINT('',(-63.88,13.272834067548,27.221145374449));
#2295 = CARTESIAN_POINT('',(-63.28,13.272834067548,30.378854625551));
#2296 = CARTESIAN_POINT('',(-63.88,13.272834067548,30.378854625551));
#2297 = ADVANCED_FACE('',(#2298),#2314,.T.);
#2298 = FACE_BOUND('',#2299,.T.);
#2299 = EDGE_LOOP('',(#2300,#2301,#2308,#2313));
#2300 = ORIENTED_EDGE('',*,*,#2287,.T.);
#2301 = ORIENTED_EDGE('',*,*,#2302,.T.);
#2302 = EDGE_CURVE('',#2281,#2303,#2305,.T.);
#2303 = VERTEX_POINT('',#2304);
#2304 = CARTESIAN_POINT('',(-63.28,12.123054331865,30.378854625551));
#2305 = B_SPLINE_CURVE_WITH_KNOTS('',1,(#2306,#2307),.UNSPECIFIED.,.F.,
  .F.,(2,2),(0.,1.149779735683),.PIECEWISE_BEZIER_KNOTS.);
#2306 = CARTESIAN_POINT('',(-63.28,13.272834067548,30.378854625551));
#2307 = CARTESIAN_POINT('',(-63.28,12.123054331865,30.378854625551));
#2308 = ORIENTED_EDGE('',*,*,#2309,.F.);
#2309 = EDGE_CURVE('',#581,#2303,#2310,.T.);
#2310 = B_SPLINE_CURVE_WITH_KNOTS('',1,(#2311,#2312),.UNSPECIFIED.,.F.,
  .F.,(2,2),(0.,0.6),.PIECEWISE_BEZIER_KNOTS.);
#2311 = CARTESIAN_POINT('',(-63.88,12.123054331865,30.378854625551));
#2312 = CARTESIAN_POINT('',(-63.28,12.123054331865,30.378854625551));
#2313 = ORIENTED_EDGE('',*,*,#588,.F.);
#2314 = B_SPLINE_SURFACE_WITH_KNOTS('',1,1,(
    (#2315,#2316)
    ,(#2317,#2318
    )),.UNSPECIFIED.,.F.,.F.,.F.,(2,2),(2,2),(0.,1.149779735683),(-0.6,
    0.),.PIECEWISE_BEZIER_KNOTS.);
#2315 = CARTESIAN_POINT('',(-63.28,13.272834067548,30.378854625551));
#2316 = CARTESIAN_POINT('',(-63.88,13.272834067548,30.378854625551));
#2317 = CARTESIAN_POINT('',(-63.28,12.123054331865,30.378854625551));
#2318 = CARTESIAN_POINT('',(-63.88,12.123054331865,30.378854625551));
#2319 = ADVANCED_FACE('',(#2320),#2337,.T.);
#2320 = FACE_BOUND('',#2321,.T.);
#2321 = EDGE_LOOP('',(#2322,#2323,#2331,#2336));
#2322 = ORIENTED_EDGE('',*,*,#2309,.T.);
#2323 = ORIENTED_EDGE('',*,*,#2324,.T.);
#2324 = EDGE_CURVE('',#2303,#2325,#2327,.T.);
#2325 = VERTEX_POINT('',#2326);
#2326 = CARTESIAN_POINT('',(-63.28,11.310279001468,30.185609397944));
#2327 = B_SPLINE_CURVE_WITH_KNOTS('',2,(#2328,#2329,#2330),
  .UNSPECIFIED.,.F.,.F.,(3,3),(0.,1.),.PIECEWISE_BEZIER_KNOTS.);
#2328 = CARTESIAN_POINT('',(-63.28,12.123054331865,30.378854625551));
#2329 = CARTESIAN_POINT('',(-63.28,11.594419970631,30.378854625551));
#2330 = CARTESIAN_POINT('',(-63.28,11.310279001468,30.185609397944));
#2331 = ORIENTED_EDGE('',*,*,#2332,.F.);
#2332 = EDGE_CURVE('',#573,#2325,#2333,.T.);
#2333 = B_SPLINE_CURVE_WITH_KNOTS('',1,(#2334,#2335),.UNSPECIFIED.,.F.,
  .F.,(2,2),(0.,0.6),.PIECEWISE_BEZIER_KNOTS.);
#2334 = CARTESIAN_POINT('',(-63.88,11.310279001468,30.185609397944));
#2335 = CARTESIAN_POINT('',(-63.28,11.310279001468,30.185609397944));
#2336 = ORIENTED_EDGE('',*,*,#580,.F.);
#2337 = B_SPLINE_SURFACE_WITH_KNOTS('',2,1,(
    (#2338,#2339)
    ,(#2340,#2341)
    ,(#2342,#2343
    )),.UNSPECIFIED.,.F.,.F.,.F.,(3,3),(2,2),(0.,1.),(-0.6,0.),
  .PIECEWISE_BEZIER_KNOTS.);
#2338 = CARTESIAN_POINT('',(-63.28,12.123054331865,30.378854625551));
#2339 = CARTESIAN_POINT('',(-63.88,12.123054331865,30.378854625551));
#2340 = CARTESIAN_POINT('',(-63.28,11.594419970631,30.378854625551));
#2341 = CARTESIAN_POINT('',(-63.88,11.594419970631,30.378854625551));
#2342 = CARTESIAN_POINT('',(-63.28,11.310279001468,30.185609397944));
#2343 = CARTESIAN_POINT('',(-63.88,11.310279001468,30.185609397944));
#2344 = ADVANCED_FACE('',(#2345),#2362,.T.);
#2345 = FACE_BOUND('',#2346,.T.);
#2346 = EDGE_LOOP('',(#2347,#2348,#2356,#2361));
#2347 = ORIENTED_EDGE('',*,*,#2332,.T.);
#2348 = ORIENTED_EDGE('',*,*,#2349,.T.);
#2349 = EDGE_CURVE('',#2325,#2350,#2352,.T.);
#2350 = VERTEX_POINT('',#2351);
#2351 = CARTESIAN_POINT('',(-63.28,11.026138032305,29.640969162996));
#2352 = B_SPLINE_CURVE_WITH_KNOTS('',2,(#2353,#2354,#2355),
  .UNSPECIFIED.,.F.,.F.,(3,3),(0.,1.),.PIECEWISE_BEZIER_KNOTS.);
#2353 = CARTESIAN_POINT('',(-63.28,11.310279001468,30.185609397944));
#2354 = CARTESIAN_POINT('',(-63.28,11.026138032305,29.992364170338));
#2355 = CARTESIAN_POINT('',(-63.28,11.026138032305,29.640969162996));
#2356 = ORIENTED_EDGE('',*,*,#2357,.F.);
#2357 = EDGE_CURVE('',#565,#2350,#2358,.T.);
#2358 = B_SPLINE_CURVE_WITH_KNOTS('',1,(#2359,#2360),.UNSPECIFIED.,.F.,
  .F.,(2,2),(0.,0.6),.PIECEWISE_BEZIER_KNOTS.);
#2359 = CARTESIAN_POINT('',(-63.88,11.026138032305,29.640969162996));
#2360 = CARTESIAN_POINT('',(-63.28,11.026138032305,29.640969162996));
#2361 = ORIENTED_EDGE('',*,*,#572,.F.);
#2362 = B_SPLINE_SURFACE_WITH_KNOTS('',2,1,(
    (#2363,#2364)
    ,(#2365,#2366)
    ,(#2367,#2368
    )),.UNSPECIFIED.,.F.,.F.,.F.,(3,3),(2,2),(0.,1.),(-0.6,0.),
  .PIECEWISE_BEZIER_KNOTS.);
#2363 = CARTESIAN_POINT('',(-63.28,11.310279001468,30.185609397944));
#2364 = CARTESIAN_POINT('',(-63.88,11.310279001468,30.185609397944));
#2365 = CARTESIAN_POINT('',(-63.28,11.026138032305,29.992364170338));
#2366 = CARTESIAN_POINT('',(-63.88,11.026138032305,29.992364170338));
#2367 = CARTESIAN_POINT('',(-63.28,11.026138032305,29.640969162996));
#2368 = CARTESIAN_POINT('',(-63.88,11.026138032305,29.640969162996));
#2369 = ADVANCED_FACE('',(#2370),#2387,.T.);
#2370 = FACE_BOUND('',#2371,.T.);
#2371 = EDGE_LOOP('',(#2372,#2373,#2381,#2386));
#2372 = ORIENTED_EDGE('',*,*,#2357,.T.);
#2373 = ORIENTED_EDGE('',*,*,#2374,.T.);
#2374 = EDGE_CURVE('',#2350,#2375,#2377,.T.);
#2375 = VERTEX_POINT('',#2376);
#2376 = CARTESIAN_POINT('',(-63.28,11.199118942731,29.195154185022));
#2377 = B_SPLINE_CURVE_WITH_KNOTS('',2,(#2378,#2379,#2380),
  .UNSPECIFIED.,.F.,.F.,(3,3),(0.,1.),.PIECEWISE_BEZIER_KNOTS.);
#2378 = CARTESIAN_POINT('',(-63.28,11.026138032305,29.640969162996));
#2379 = CARTESIAN_POINT('',(-63.28,11.026138032305,29.386343612335));
#2380 = CARTESIAN_POINT('',(-63.28,11.199118942731,29.195154185022));
#2381 = ORIENTED_EDGE('',*,*,#2382,.F.);
#2382 = EDGE_CURVE('',#557,#2375,#2383,.T.);
#2383 = B_SPLINE_CURVE_WITH_KNOTS('',1,(#2384,#2385),.UNSPECIFIED.,.F.,
  .F.,(2,2),(0.,0.6),.PIECEWISE_BEZIER_KNOTS.);
#2384 = CARTESIAN_POINT('',(-63.88,11.199118942731,29.195154185022));
#2385 = CARTESIAN_POINT('',(-63.28,11.199118942731,29.195154185022));
#2386 = ORIENTED_EDGE('',*,*,#564,.F.);
#2387 = B_SPLINE_SURFACE_WITH_KNOTS('',2,1,(
    (#2388,#2389)
    ,(#2390,#2391)
    ,(#2392,#2393
    )),.UNSPECIFIED.,.F.,.F.,.F.,(3,3),(2,2),(0.,1.),(-0.6,0.),
  .PIECEWISE_BEZIER_KNOTS.);
#2388 = CARTESIAN_POINT('',(-63.28,11.026138032305,29.640969162996));
#2389 = CARTESIAN_POINT('',(-63.88,11.026138032305,29.640969162996));
#2390 = CARTESIAN_POINT('',(-63.28,11.026138032305,29.386343612335));
#2391 = CARTESIAN_POINT('',(-63.88,11.026138032305,29.386343612335));
#2392 = CARTESIAN_POINT('',(-63.28,11.199118942731,29.195154185022));
#2393 = CARTESIAN_POINT('',(-63.88,11.199118942731,29.195154185022));
#2394 = ADVANCED_FACE('',(#2395),#2412,.T.);
#2395 = FACE_BOUND('',#2396,.T.);
#2396 = EDGE_LOOP('',(#2397,#2398,#2406,#2411));
#2397 = ORIENTED_EDGE('',*,*,#2382,.T.);
#2398 = ORIENTED_EDGE('',*,*,#2399,.T.);
#2399 = EDGE_CURVE('',#2375,#2400,#2402,.T.);
#2400 = VERTEX_POINT('',#2401);
#2401 = CARTESIAN_POINT('',(-63.28,11.640675477239,28.929515418502));
#2402 = B_SPLINE_CURVE_WITH_KNOTS('',2,(#2403,#2404,#2405),
  .UNSPECIFIED.,.F.,.F.,(3,3),(0.,1.),.PIECEWISE_BEZIER_KNOTS.);
#2403 = CARTESIAN_POINT('',(-63.28,11.199118942731,29.195154185022));
#2404 = CARTESIAN_POINT('',(-63.28,11.371953010279,29.004111600587));
#2405 = CARTESIAN_POINT('',(-63.28,11.640675477239,28.929515418502));
#2406 = ORIENTED_EDGE('',*,*,#2407,.F.);
#2407 = EDGE_CURVE('',#550,#2400,#2408,.T.);
#2408 = B_SPLINE_CURVE_WITH_KNOTS('',1,(#2409,#2410),.UNSPECIFIED.,.F.,
  .F.,(2,2),(0.,0.6),.PIECEWISE_BEZIER_KNOTS.);
#2409 = CARTESIAN_POINT('',(-63.88,11.640675477239,28.929515418502));
#2410 = CARTESIAN_POINT('',(-63.28,11.640675477239,28.929515418502));
#2411 = ORIENTED_EDGE('',*,*,#556,.F.);
#2412 = B_SPLINE_SURFACE_WITH_KNOTS('',2,1,(
    (#2413,#2414)
    ,(#2415,#2416)
    ,(#2417,#2418
    )),.UNSPECIFIED.,.F.,.F.,.F.,(3,3),(2,2),(0.,1.),(-0.6,0.),
  .PIECEWISE_BEZIER_KNOTS.);
#2413 = CARTESIAN_POINT('',(-63.28,11.199118942731,29.195154185022));
#2414 = CARTESIAN_POINT('',(-63.88,11.199118942731,29.195154185022));
#2415 = CARTESIAN_POINT('',(-63.28,11.371953010279,29.004111600587));
#2416 = CARTESIAN_POINT('',(-63.88,11.371953010279,29.004111600587));
#2417 = CARTESIAN_POINT('',(-63.28,11.640675477239,28.929515418502));
#2418 = CARTESIAN_POINT('',(-63.88,11.640675477239,28.929515418502));
#2419 = ADVANCED_FACE('',(#2420),#2436,.T.);
#2420 = FACE_BOUND('',#2421,.T.);
#2421 = EDGE_LOOP('',(#2422,#2423,#2430,#2435));
#2422 = ORIENTED_EDGE('',*,*,#2407,.T.);
#2423 = ORIENTED_EDGE('',*,*,#2424,.T.);
#2424 = EDGE_CURVE('',#2400,#2425,#2427,.T.);
#2425 = VERTEX_POINT('',#2426);
#2426 = CARTESIAN_POINT('',(-63.28,11.640675477239,28.920704845815));
#2427 = B_SPLINE_CURVE_WITH_KNOTS('',1,(#2428,#2429),.UNSPECIFIED.,.F.,
  .F.,(2,2),(0.,8.810572687225E-03),.PIECEWISE_BEZIER_KNOTS.);
#2428 = CARTESIAN_POINT('',(-63.28,11.640675477239,28.929515418502));
#2429 = CARTESIAN_POINT('',(-63.28,11.640675477239,28.920704845815));
#2430 = ORIENTED_EDGE('',*,*,#2431,.F.);
#2431 = EDGE_CURVE('',#542,#2425,#2432,.T.);
#2432 = B_SPLINE_CURVE_WITH_KNOTS('',1,(#2433,#2434),.UNSPECIFIED.,.F.,
  .F.,(2,2),(0.,0.6),.PIECEWISE_BEZIER_KNOTS.);
#2433 = CARTESIAN_POINT('',(-63.88,11.640675477239,28.920704845815));
#2434 = CARTESIAN_POINT('',(-63.28,11.640675477239,28.920704845815));
#2435 = ORIENTED_EDGE('',*,*,#549,.F.);
#2436 = B_SPLINE_SURFACE_WITH_KNOTS('',1,1,(
    (#2437,#2438)
    ,(#2439,#2440
    )),.UNSPECIFIED.,.F.,.F.,.F.,(2,2),(2,2),(0.,8.810572687225E-03),(
    -0.6,0.),.PIECEWISE_BEZIER_KNOTS.);
#2437 = CARTESIAN_POINT('',(-63.28,11.640675477239,28.929515418502));
#2438 = CARTESIAN_POINT('',(-63.88,11.640675477239,28.929515418502));
#2439 = CARTESIAN_POINT('',(-63.28,11.640675477239,28.920704845815));
#2440 = CARTESIAN_POINT('',(-63.88,11.640675477239,28.920704845815));
#2441 = ADVANCED_FACE('',(#2442),#2459,.T.);
#2442 = FACE_BOUND('',#2443,.T.);
#2443 = EDGE_LOOP('',(#2444,#2445,#2453,#2458));
#2444 = ORIENTED_EDGE('',*,*,#2431,.T.);
#2445 = ORIENTED_EDGE('',*,*,#2446,.T.);
#2446 = EDGE_CURVE('',#2425,#2447,#2449,.T.);
#2447 = VERTEX_POINT('',#2448);
#2448 = CARTESIAN_POINT('',(-63.28,11.102202643172,28.671218795888));
#2449 = B_SPLINE_CURVE_WITH_KNOTS('',2,(#2450,#2451,#2452),
  .UNSPECIFIED.,.F.,.F.,(3,3),(0.,1.),.PIECEWISE_BEZIER_KNOTS.);
#2450 = CARTESIAN_POINT('',(-63.28,11.640675477239,28.920704845815));
#2451 = CARTESIAN_POINT('',(-63.28,11.303671071953,28.878707782673));
#2452 = CARTESIAN_POINT('',(-63.28,11.102202643172,28.671218795888));
#2453 = ORIENTED_EDGE('',*,*,#2454,.F.);
#2454 = EDGE_CURVE('',#534,#2447,#2455,.T.);
#2455 = B_SPLINE_CURVE_WITH_KNOTS('',1,(#2456,#2457),.UNSPECIFIED.,.F.,
  .F.,(2,2),(0.,0.6),.PIECEWISE_BEZIER_KNOTS.);
#2456 = CARTESIAN_POINT('',(-63.88,11.102202643172,28.671218795888));
#2457 = CARTESIAN_POINT('',(-63.28,11.102202643172,28.671218795888));
#2458 = ORIENTED_EDGE('',*,*,#541,.F.);
#2459 = B_SPLINE_SURFACE_WITH_KNOTS('',2,1,(
    (#2460,#2461)
    ,(#2462,#2463)
    ,(#2464,#2465
    )),.UNSPECIFIED.,.F.,.F.,.F.,(3,3),(2,2),(0.,1.),(-0.6,0.),
  .PIECEWISE_BEZIER_KNOTS.);
#2460 = CARTESIAN_POINT('',(-63.28,11.640675477239,28.920704845815));
#2461 = CARTESIAN_POINT('',(-63.88,11.640675477239,28.920704845815));
#2462 = CARTESIAN_POINT('',(-63.28,11.303671071953,28.878707782673));
#2463 = CARTESIAN_POINT('',(-63.88,11.303671071953,28.878707782673));
#2464 = CARTESIAN_POINT('',(-63.28,11.102202643172,28.671218795888));
#2465 = CARTESIAN_POINT('',(-63.88,11.102202643172,28.671218795888));
#2466 = ADVANCED_FACE('',(#2467),#2484,.T.);
#2467 = FACE_BOUND('',#2468,.T.);
#2468 = EDGE_LOOP('',(#2469,#2470,#2478,#2483));
#2469 = ORIENTED_EDGE('',*,*,#2454,.T.);
#2470 = ORIENTED_EDGE('',*,*,#2471,.T.);
#2471 = EDGE_CURVE('',#2447,#2472,#2474,.T.);
#2472 = VERTEX_POINT('',#2473);
#2473 = CARTESIAN_POINT('',(-63.28,10.900587371512,28.165785609398));
#2474 = B_SPLINE_CURVE_WITH_KNOTS('',2,(#2475,#2476,#2477),
  .UNSPECIFIED.,.F.,.F.,(3,3),(0.,1.),.PIECEWISE_BEZIER_KNOTS.);
#2475 = CARTESIAN_POINT('',(-63.28,11.102202643172,28.671218795888));
#2476 = CARTESIAN_POINT('',(-63.28,10.900587371512,28.463729809104));
#2477 = CARTESIAN_POINT('',(-63.28,10.900587371512,28.165785609398));
#2478 = ORIENTED_EDGE('',*,*,#2479,.F.);
#2479 = EDGE_CURVE('',#526,#2472,#2480,.T.);
#2480 = B_SPLINE_CURVE_WITH_KNOTS('',1,(#2481,#2482),.UNSPECIFIED.,.F.,
  .F.,(2,2),(0.,0.6),.PIECEWISE_BEZIER_KNOTS.);
#2481 = CARTESIAN_POINT('',(-63.88,10.900587371512,28.165785609398));
#2482 = CARTESIAN_POINT('',(-63.28,10.900587371512,28.165785609398));
#2483 = ORIENTED_EDGE('',*,*,#533,.F.);
#2484 = B_SPLINE_SURFACE_WITH_KNOTS('',2,1,(
    (#2485,#2486)
    ,(#2487,#2488)
    ,(#2489,#2490
    )),.UNSPECIFIED.,.F.,.F.,.F.,(3,3),(2,2),(0.,1.),(-0.6,0.),
  .PIECEWISE_BEZIER_KNOTS.);
#2485 = CARTESIAN_POINT('',(-63.28,11.102202643172,28.671218795888));
#2486 = CARTESIAN_POINT('',(-63.88,11.102202643172,28.671218795888));
#2487 = CARTESIAN_POINT('',(-63.28,10.900587371512,28.463729809104));
#2488 = CARTESIAN_POINT('',(-63.88,10.900587371512,28.463729809104));
#2489 = CARTESIAN_POINT('',(-63.28,10.900587371512,28.165785609398));
#2490 = CARTESIAN_POINT('',(-63.88,10.900587371512,28.165785609398));
#2491 = ADVANCED_FACE('',(#2492),#2509,.T.);
#2492 = FACE_BOUND('',#2493,.T.);
#2493 = EDGE_LOOP('',(#2494,#2495,#2503,#2508));
#2494 = ORIENTED_EDGE('',*,*,#2479,.T.);
#2495 = ORIENTED_EDGE('',*,*,#2496,.T.);
#2496 = EDGE_CURVE('',#2472,#2497,#2499,.T.);
#2497 = VERTEX_POINT('',#2498);
#2498 = CARTESIAN_POINT('',(-63.28,11.211160058737,27.476064610866));
#2499 = B_SPLINE_CURVE_WITH_KNOTS('',2,(#2500,#2501,#2502),
  .UNSPECIFIED.,.F.,.F.,(3,3),(0.,1.),.PIECEWISE_BEZIER_KNOTS.);
#2500 = CARTESIAN_POINT('',(-63.28,10.900587371512,28.165785609398));
#2501 = CARTESIAN_POINT('',(-63.28,10.900587371512,27.730983847283));
#2502 = CARTESIAN_POINT('',(-63.28,11.211160058737,27.476064610866));
#2503 = ORIENTED_EDGE('',*,*,#2504,.F.);
#2504 = EDGE_CURVE('',#518,#2497,#2505,.T.);
#2505 = B_SPLINE_CURVE_WITH_KNOTS('',1,(#2506,#2507),.UNSPECIFIED.,.F.,
  .F.,(2,2),(0.,0.6),.PIECEWISE_BEZIER_KNOTS.);
#2506 = CARTESIAN_POINT('',(-63.88,11.211160058737,27.476064610866));
#2507 = CARTESIAN_POINT('',(-63.28,11.211160058737,27.476064610866));
#2508 = ORIENTED_EDGE('',*,*,#525,.F.);
#2509 = B_SPLINE_SURFACE_WITH_KNOTS('',2,1,(
    (#2510,#2511)
    ,(#2512,#2513)
    ,(#2514,#2515
    )),.UNSPECIFIED.,.F.,.F.,.F.,(3,3),(2,2),(0.,1.),(-0.6,0.),
  .PIECEWISE_BEZIER_KNOTS.);
#2510 = CARTESIAN_POINT('',(-63.28,10.900587371512,28.165785609398));
#2511 = CARTESIAN_POINT('',(-63.88,10.900587371512,28.165785609398));
#2512 = CARTESIAN_POINT('',(-63.28,10.900587371512,27.730983847283));
#2513 = CARTESIAN_POINT('',(-63.88,10.900587371512,27.730983847283));
#2514 = CARTESIAN_POINT('',(-63.28,11.211160058737,27.476064610866));
#2515 = CARTESIAN_POINT('',(-63.88,11.211160058737,27.476064610866));
#2516 = ADVANCED_FACE('',(#2517),#2534,.T.);
#2517 = FACE_BOUND('',#2518,.T.);
#2518 = EDGE_LOOP('',(#2519,#2520,#2528,#2533));
#2519 = ORIENTED_EDGE('',*,*,#2504,.T.);
#2520 = ORIENTED_EDGE('',*,*,#2521,.T.);
#2521 = EDGE_CURVE('',#2497,#2522,#2524,.T.);
#2522 = VERTEX_POINT('',#2523);
#2523 = CARTESIAN_POINT('',(-63.28,12.059177679883,27.221145374449));
#2524 = B_SPLINE_CURVE_WITH_KNOTS('',2,(#2525,#2526,#2527),
  .UNSPECIFIED.,.F.,.F.,(3,3),(0.,1.),.PIECEWISE_BEZIER_KNOTS.);
#2525 = CARTESIAN_POINT('',(-63.28,11.211160058737,27.476064610866));
#2526 = CARTESIAN_POINT('',(-63.28,11.521732745962,27.221145374449));
#2527 = CARTESIAN_POINT('',(-63.28,12.059177679883,27.221145374449));
#2528 = ORIENTED_EDGE('',*,*,#2529,.F.);
#2529 = EDGE_CURVE('',#511,#2522,#2530,.T.);
#2530 = B_SPLINE_CURVE_WITH_KNOTS('',1,(#2531,#2532),.UNSPECIFIED.,.F.,
  .F.,(2,2),(0.,0.6),.PIECEWISE_BEZIER_KNOTS.);
#2531 = CARTESIAN_POINT('',(-63.88,12.059177679883,27.221145374449));
#2532 = CARTESIAN_POINT('',(-63.28,12.059177679883,27.221145374449));
#2533 = ORIENTED_EDGE('',*,*,#517,.F.);
#2534 = B_SPLINE_SURFACE_WITH_KNOTS('',2,1,(
    (#2535,#2536)
    ,(#2537,#2538)
    ,(#2539,#2540
    )),.UNSPECIFIED.,.F.,.F.,.F.,(3,3),(2,2),(0.,1.),(-0.6,0.),
  .PIECEWISE_BEZIER_KNOTS.);
#2535 = CARTESIAN_POINT('',(-63.28,11.211160058737,27.476064610866));
#2536 = CARTESIAN_POINT('',(-63.88,11.211160058737,27.476064610866));
#2537 = CARTESIAN_POINT('',(-63.28,11.521732745962,27.221145374449));
#2538 = CARTESIAN_POINT('',(-63.88,11.521732745962,27.221145374449));
#2539 = CARTESIAN_POINT('',(-63.28,12.059177679883,27.221145374449));
#2540 = CARTESIAN_POINT('',(-63.88,12.059177679883,27.221145374449));
#2541 = ADVANCED_FACE('',(#2542),#2552,.T.);
#2542 = FACE_BOUND('',#2543,.T.);
#2543 = EDGE_LOOP('',(#2544,#2545,#2550,#2551));
#2544 = ORIENTED_EDGE('',*,*,#2529,.T.);
#2545 = ORIENTED_EDGE('',*,*,#2546,.T.);
#2546 = EDGE_CURVE('',#2522,#2274,#2547,.T.);
#2547 = B_SPLINE_CURVE_WITH_KNOTS('',1,(#2548,#2549),.UNSPECIFIED.,.F.,
  .F.,(2,2),(0.,1.213656387665),.PIECEWISE_BEZIER_KNOTS.);
#2548 = CARTESIAN_POINT('',(-63.28,12.059177679883,27.221145374449));
#2549 = CARTESIAN_POINT('',(-63.28,13.272834067548,27.221145374449));
#2550 = ORIENTED_EDGE('',*,*,#2273,.F.);
#2551 = ORIENTED_EDGE('',*,*,#510,.F.);
#2552 = B_SPLINE_SURFACE_WITH_KNOTS('',1,1,(
    (#2553,#2554)
    ,(#2555,#2556
    )),.UNSPECIFIED.,.F.,.F.,.F.,(2,2),(2,2),(0.,1.213656387665),(-0.6,
    0.),.PIECEWISE_BEZIER_KNOTS.);
#2553 = CARTESIAN_POINT('',(-63.28,12.059177679883,27.221145374449));
#2554 = CARTESIAN_POINT('',(-63.88,12.059177679883,27.221145374449));
#2555 = CARTESIAN_POINT('',(-63.28,13.272834067548,27.221145374449));
#2556 = CARTESIAN_POINT('',(-63.88,13.272834067548,27.221145374449));
#2557 = ADVANCED_FACE('',(#2558,#2569,#2603,#2637,#2671,#2705,#2739),
  #2773,.F.);
#2558 = FACE_BOUND('',#2559,.F.);
#2559 = EDGE_LOOP('',(#2560,#2561,#2562,#2563));
#2560 = ORIENTED_EDGE('',*,*,#852,.F.);
#2561 = ORIENTED_EDGE('',*,*,#809,.T.);
#2562 = ORIENTED_EDGE('',*,*,#611,.T.);
#2563 = ORIENTED_EDGE('',*,*,#2564,.F.);
#2564 = EDGE_CURVE('',#853,#612,#2565,.T.);
#2565 = LINE('',#2566,#2567);
#2566 = CARTESIAN_POINT('',(60.7,-42.74,0.));
#2567 = VECTOR('',#2568,1.);
#2568 = DIRECTION('',(0.,0.,1.));
#2569 = FACE_BOUND('',#2570,.F.);
#2570 = EDGE_LOOP('',(#2571,#2581,#2589,#2597));
#2571 = ORIENTED_EDGE('',*,*,#2572,.F.);
#2572 = EDGE_CURVE('',#2573,#2575,#2577,.T.);
#2573 = VERTEX_POINT('',#2574);
#2574 = CARTESIAN_POINT('',(-52.88,-42.74,34.));
#2575 = VERTEX_POINT('',#2576);
#2576 = CARTESIAN_POINT('',(-50.38,-42.74,34.));
#2577 = LINE('',#2578,#2579);
#2578 = CARTESIAN_POINT('',(-58.38,-42.74,34.));
#2579 = VECTOR('',#2580,1.);
#2580 = DIRECTION('',(1.,0.,-0.));
#2581 = ORIENTED_EDGE('',*,*,#2582,.T.);
#2582 = EDGE_CURVE('',#2573,#2583,#2585,.T.);
#2583 = VERTEX_POINT('',#2584);
#2584 = CARTESIAN_POINT('',(-52.88,-42.74,14.));
#2585 = LINE('',#2586,#2587);
#2586 = CARTESIAN_POINT('',(-52.88,-42.74,7.));
#2587 = VECTOR('',#2588,1.);
#2588 = DIRECTION('',(-0.,0.,-1.));
#2589 = ORIENTED_EDGE('',*,*,#2590,.T.);
#2590 = EDGE_CURVE('',#2583,#2591,#2593,.T.);
#2591 = VERTEX_POINT('',#2592);
#2592 = CARTESIAN_POINT('',(-50.38,-42.74,14.));
#2593 = LINE('',#2594,#2595);
#2594 = CARTESIAN_POINT('',(-58.38,-42.74,14.));
#2595 = VECTOR('',#2596,1.);
#2596 = DIRECTION('',(1.,0.,-0.));
#2597 = ORIENTED_EDGE('',*,*,#2598,.F.);
#2598 = EDGE_CURVE('',#2575,#2591,#2599,.T.);
#2599 = LINE('',#2600,#2601);
#2600 = CARTESIAN_POINT('',(-50.38,-42.74,7.));
#2601 = VECTOR('',#2602,1.);
#2602 = DIRECTION('',(-0.,0.,-1.));
#2603 = FACE_BOUND('',#2604,.F.);
#2604 = EDGE_LOOP('',(#2605,#2615,#2623,#2631));
#2605 = ORIENTED_EDGE('',*,*,#2606,.F.);
#2606 = EDGE_CURVE('',#2607,#2609,#2611,.T.);
#2607 = VERTEX_POINT('',#2608);
#2608 = CARTESIAN_POINT('',(-49.15,-42.74,34.));
#2609 = VERTEX_POINT('',#2610);
#2610 = CARTESIAN_POINT('',(-46.65,-42.74,34.));
#2611 = LINE('',#2612,#2613);
#2612 = CARTESIAN_POINT('',(-56.515,-42.74,34.));
#2613 = VECTOR('',#2614,1.);
#2614 = DIRECTION('',(1.,0.,-0.));
#2615 = ORIENTED_EDGE('',*,*,#2616,.T.);
#2616 = EDGE_CURVE('',#2607,#2617,#2619,.T.);
#2617 = VERTEX_POINT('',#2618);
#2618 = CARTESIAN_POINT('',(-49.15,-42.74,14.));
#2619 = LINE('',#2620,#2621);
#2620 = CARTESIAN_POINT('',(-49.15,-42.74,7.));
#2621 = VECTOR('',#2622,1.);
#2622 = DIRECTION('',(-0.,0.,-1.));
#2623 = ORIENTED_EDGE('',*,*,#2624,.T.);
#2624 = EDGE_CURVE('',#2617,#2625,#2627,.T.);
#2625 = VERTEX_POINT('',#2626);
#2626 = CARTESIAN_POINT('',(-46.65,-42.74,14.));
#2627 = LINE('',#2628,#2629);
#2628 = CARTESIAN_POINT('',(-56.515,-42.74,14.));
#2629 = VECTOR('',#2630,1.);
#2630 = DIRECTION('',(1.,0.,-0.));
#2631 = ORIENTED_EDGE('',*,*,#2632,.F.);
#2632 = EDGE_CURVE('',#2609,#2625,#2633,.T.);
#2633 = LINE('',#2634,#2635);
#2634 = CARTESIAN_POINT('',(-46.65,-42.74,7.));
#2635 = VECTOR('',#2636,1.);
#2636 = DIRECTION('',(-0.,0.,-1.));
#2637 = FACE_BOUND('',#2638,.F.);
#2638 = EDGE_LOOP('',(#2639,#2649,#2657,#2665));
#2639 = ORIENTED_EDGE('',*,*,#2640,.F.);
#2640 = EDGE_CURVE('',#2641,#2643,#2645,.T.);
#2641 = VERTEX_POINT('',#2642);
#2642 = CARTESIAN_POINT('',(-45.42,-42.74,34.));
#2643 = VERTEX_POINT('',#2644);
#2644 = CARTESIAN_POINT('',(-42.92,-42.74,34.));
#2645 = LINE('',#2646,#2647);
#2646 = CARTESIAN_POINT('',(-54.65,-42.74,34.));
#2647 = VECTOR('',#2648,1.);
#2648 = DIRECTION('',(1.,0.,-0.));
#2649 = ORIENTED_EDGE('',*,*,#2650,.T.);
#2650 = EDGE_CURVE('',#2641,#2651,#2653,.T.);
#2651 = VERTEX_POINT('',#2652);
#2652 = CARTESIAN_POINT('',(-45.42,-42.74,14.));
#2653 = LINE('',#2654,#2655);
#2654 = CARTESIAN_POINT('',(-45.42,-42.74,7.));
#2655 = VECTOR('',#2656,1.);
#2656 = DIRECTION('',(-0.,0.,-1.));
#2657 = ORIENTED_EDGE('',*,*,#2658,.T.);
#2658 = EDGE_CURVE('',#2651,#2659,#2661,.T.);
#2659 = VERTEX_POINT('',#2660);
#2660 = CARTESIAN_POINT('',(-42.92,-42.74,14.));
#2661 = LINE('',#2662,#2663);
#2662 = CARTESIAN_POINT('',(-54.65,-42.74,14.));
#2663 = VECTOR('',#2664,1.);
#2664 = DIRECTION('',(1.,0.,-0.));
#2665 = ORIENTED_EDGE('',*,*,#2666,.F.);
#2666 = EDGE_CURVE('',#2643,#2659,#2667,.T.);
#2667 = LINE('',#2668,#2669);
#2668 = CARTESIAN_POINT('',(-42.92,-42.74,7.));
#2669 = VECTOR('',#2670,1.);
#2670 = DIRECTION('',(-0.,0.,-1.));
#2671 = FACE_BOUND('',#2672,.F.);
#2672 = EDGE_LOOP('',(#2673,#2683,#2691,#2699));
#2673 = ORIENTED_EDGE('',*,*,#2674,.F.);
#2674 = EDGE_CURVE('',#2675,#2677,#2679,.T.);
#2675 = VERTEX_POINT('',#2676);
#2676 = CARTESIAN_POINT('',(-41.69,-42.74,34.));
#2677 = VERTEX_POINT('',#2678);
#2678 = CARTESIAN_POINT('',(-39.19,-42.74,34.));
#2679 = LINE('',#2680,#2681);
#2680 = CARTESIAN_POINT('',(-52.785,-42.74,34.));
#2681 = VECTOR('',#2682,1.);
#2682 = DIRECTION('',(1.,0.,-0.));
#2683 = ORIENTED_EDGE('',*,*,#2684,.T.);
#2684 = EDGE_CURVE('',#2675,#2685,#2687,.T.);
#2685 = VERTEX_POINT('',#2686);
#2686 = CARTESIAN_POINT('',(-41.69,-42.74,14.));
#2687 = LINE('',#2688,#2689);
#2688 = CARTESIAN_POINT('',(-41.69,-42.74,7.));
#2689 = VECTOR('',#2690,1.);
#2690 = DIRECTION('',(-0.,0.,-1.));
#2691 = ORIENTED_EDGE('',*,*,#2692,.T.);
#2692 = EDGE_CURVE('',#2685,#2693,#2695,.T.);
#2693 = VERTEX_POINT('',#2694);
#2694 = CARTESIAN_POINT('',(-39.19,-42.74,14.));
#2695 = LINE('',#2696,#2697);
#2696 = CARTESIAN_POINT('',(-52.785,-42.74,14.));
#2697 = VECTOR('',#2698,1.);
#2698 = DIRECTION('',(1.,0.,-0.));
#2699 = ORIENTED_EDGE('',*,*,#2700,.F.);
#2700 = EDGE_CURVE('',#2677,#2693,#2701,.T.);
#2701 = LINE('',#2702,#2703);
#2702 = CARTESIAN_POINT('',(-39.19,-42.74,7.));
#2703 = VECTOR('',#2704,1.);
#2704 = DIRECTION('',(-0.,0.,-1.));
#2705 = FACE_BOUND('',#2706,.F.);
#2706 = EDGE_LOOP('',(#2707,#2717,#2725,#2733));
#2707 = ORIENTED_EDGE('',*,*,#2708,.F.);
#2708 = EDGE_CURVE('',#2709,#2711,#2713,.T.);
#2709 = VERTEX_POINT('',#2710);
#2710 = CARTESIAN_POINT('',(-37.96,-42.74,34.));
#2711 = VERTEX_POINT('',#2712);
#2712 = CARTESIAN_POINT('',(-35.46,-42.74,34.));
#2713 = LINE('',#2714,#2715);
#2714 = CARTESIAN_POINT('',(-50.92,-42.74,34.));
#2715 = VECTOR('',#2716,1.);
#2716 = DIRECTION('',(1.,0.,-0.));
#2717 = ORIENTED_EDGE('',*,*,#2718,.T.);
#2718 = EDGE_CURVE('',#2709,#2719,#2721,.T.);
#2719 = VERTEX_POINT('',#2720);
#2720 = CARTESIAN_POINT('',(-37.96,-42.74,14.));
#2721 = LINE('',#2722,#2723);
#2722 = CARTESIAN_POINT('',(-37.96,-42.74,7.));
#2723 = VECTOR('',#2724,1.);
#2724 = DIRECTION('',(-0.,0.,-1.));
#2725 = ORIENTED_EDGE('',*,*,#2726,.T.);
#2726 = EDGE_CURVE('',#2719,#2727,#2729,.T.);
#2727 = VERTEX_POINT('',#2728);
#2728 = CARTESIAN_POINT('',(-35.46,-42.74,14.));
#2729 = LINE('',#2730,#2731);
#2730 = CARTESIAN_POINT('',(-50.92,-42.74,14.));
#2731 = VECTOR('',#2732,1.);
#2732 = DIRECTION('',(1.,0.,-0.));
#2733 = ORIENTED_EDGE('',*,*,#2734,.F.);
#2734 = EDGE_CURVE('',#2711,#2727,#2735,.T.);
#2735 = LINE('',#2736,#2737);
#2736 = CARTESIAN_POINT('',(-35.46,-42.74,7.));
#2737 = VECTOR('',#2738,1.);
#2738 = DIRECTION('',(-0.,0.,-1.));
#2739 = FACE_BOUND('',#2740,.F.);
#2740 = EDGE_LOOP('',(#2741,#2751,#2759,#2767));
#2741 = ORIENTED_EDGE('',*,*,#2742,.F.);
#2742 = EDGE_CURVE('',#2743,#2745,#2747,.T.);
#2743 = VERTEX_POINT('',#2744);
#2744 = CARTESIAN_POINT('',(-34.23,-42.74,34.));
#2745 = VERTEX_POINT('',#2746);
#2746 = CARTESIAN_POINT('',(-31.73,-42.74,34.));
#2747 = LINE('',#2748,#2749);
#2748 = CARTESIAN_POINT('',(-49.055,-42.74,34.));
#2749 = VECTOR('',#2750,1.);
#2750 = DIRECTION('',(1.,0.,-0.));
#2751 = ORIENTED_EDGE('',*,*,#2752,.T.);
#2752 = EDGE_CURVE('',#2743,#2753,#2755,.T.);
#2753 = VERTEX_POINT('',#2754);
#2754 = CARTESIAN_POINT('',(-34.23,-42.74,14.));
#2755 = LINE('',#2756,#2757);
#2756 = CARTESIAN_POINT('',(-34.23,-42.74,7.));
#2757 = VECTOR('',#2758,1.);
#2758 = DIRECTION('',(-0.,0.,-1.));
#2759 = ORIENTED_EDGE('',*,*,#2760,.T.);
#2760 = EDGE_CURVE('',#2753,#2761,#2763,.T.);
#2761 = VERTEX_POINT('',#2762);
#2762 = CARTESIAN_POINT('',(-31.73,-42.74,14.));
#2763 = LINE('',#2764,#2765);
#2764 = CARTESIAN_POINT('',(-49.055,-42.74,14.));
#2765 = VECTOR('',#2766,1.);
#2766 = DIRECTION('',(1.,0.,-0.));
#2767 = ORIENTED_EDGE('',*,*,#2768,.F.);
#2768 = EDGE_CURVE('',#2745,#2761,#2769,.T.);
#2769 = LINE('',#2770,#2771);
#2770 = CARTESIAN_POINT('',(-31.73,-42.74,7.));
#2771 = VECTOR('',#2772,1.);
#2772 = DIRECTION('',(-0.,0.,-1.));
#2773 = PLANE('',#2774);
#2774 = AXIS2_PLACEMENT_3D('',#2775,#2776,#2777);
#2775 = CARTESIAN_POINT('',(-63.88,-42.74,0.));
#2776 = DIRECTION('',(-0.,1.,0.));
#2777 = DIRECTION('',(0.,0.,1.));
#2778 = ADVANCED_FACE('',(#2779,#2790,#2824,#2858,#2892,#2926,#2960),
  #2994,.T.);
#2779 = FACE_BOUND('',#2780,.T.);
#2780 = EDGE_LOOP('',(#2781,#2782,#2783,#2784));
#2781 = ORIENTED_EDGE('',*,*,#886,.F.);
#2782 = ORIENTED_EDGE('',*,*,#834,.T.);
#2783 = ORIENTED_EDGE('',*,*,#645,.T.);
#2784 = ORIENTED_EDGE('',*,*,#2785,.F.);
#2785 = EDGE_CURVE('',#878,#637,#2786,.T.);
#2786 = LINE('',#2787,#2788);
#2787 = CARTESIAN_POINT('',(60.7,42.74,0.));
#2788 = VECTOR('',#2789,1.);
#2789 = DIRECTION('',(0.,0.,1.));
#2790 = FACE_BOUND('',#2791,.T.);
#2791 = EDGE_LOOP('',(#2792,#2802,#2810,#2818));
#2792 = ORIENTED_EDGE('',*,*,#2793,.F.);
#2793 = EDGE_CURVE('',#2794,#2796,#2798,.T.);
#2794 = VERTEX_POINT('',#2795);
#2795 = CARTESIAN_POINT('',(-52.88,42.74,34.));
#2796 = VERTEX_POINT('',#2797);
#2797 = CARTESIAN_POINT('',(-50.38,42.74,34.));
#2798 = LINE('',#2799,#2800);
#2799 = CARTESIAN_POINT('',(-58.38,42.74,34.));
#2800 = VECTOR('',#2801,1.);
#2801 = DIRECTION('',(1.,0.,-0.));
#2802 = ORIENTED_EDGE('',*,*,#2803,.T.);
#2803 = EDGE_CURVE('',#2794,#2804,#2806,.T.);
#2804 = VERTEX_POINT('',#2805);
#2805 = CARTESIAN_POINT('',(-52.88,42.74,14.));
#2806 = LINE('',#2807,#2808);
#2807 = CARTESIAN_POINT('',(-52.88,42.74,7.));
#2808 = VECTOR('',#2809,1.);
#2809 = DIRECTION('',(-0.,0.,-1.));
#2810 = ORIENTED_EDGE('',*,*,#2811,.T.);
#2811 = EDGE_CURVE('',#2804,#2812,#2814,.T.);
#2812 = VERTEX_POINT('',#2813);
#2813 = CARTESIAN_POINT('',(-50.38,42.74,14.));
#2814 = LINE('',#2815,#2816);
#2815 = CARTESIAN_POINT('',(-58.38,42.74,14.));
#2816 = VECTOR('',#2817,1.);
#2817 = DIRECTION('',(1.,0.,-0.));
#2818 = ORIENTED_EDGE('',*,*,#2819,.F.);
#2819 = EDGE_CURVE('',#2796,#2812,#2820,.T.);
#2820 = LINE('',#2821,#2822);
#2821 = CARTESIAN_POINT('',(-50.38,42.74,7.));
#2822 = VECTOR('',#2823,1.);
#2823 = DIRECTION('',(-0.,0.,-1.));
#2824 = FACE_BOUND('',#2825,.T.);
#2825 = EDGE_LOOP('',(#2826,#2836,#2844,#2852));
#2826 = ORIENTED_EDGE('',*,*,#2827,.F.);
#2827 = EDGE_CURVE('',#2828,#2830,#2832,.T.);
#2828 = VERTEX_POINT('',#2829);
#2829 = CARTESIAN_POINT('',(-49.15,42.74,34.));
#2830 = VERTEX_POINT('',#2831);
#2831 = CARTESIAN_POINT('',(-46.65,42.74,34.));
#2832 = LINE('',#2833,#2834);
#2833 = CARTESIAN_POINT('',(-56.515,42.74,34.));
#2834 = VECTOR('',#2835,1.);
#2835 = DIRECTION('',(1.,0.,-0.));
#2836 = ORIENTED_EDGE('',*,*,#2837,.T.);
#2837 = EDGE_CURVE('',#2828,#2838,#2840,.T.);
#2838 = VERTEX_POINT('',#2839);
#2839 = CARTESIAN_POINT('',(-49.15,42.74,14.));
#2840 = LINE('',#2841,#2842);
#2841 = CARTESIAN_POINT('',(-49.15,42.74,7.));
#2842 = VECTOR('',#2843,1.);
#2843 = DIRECTION('',(-0.,0.,-1.));
#2844 = ORIENTED_EDGE('',*,*,#2845,.T.);
#2845 = EDGE_CURVE('',#2838,#2846,#2848,.T.);
#2846 = VERTEX_POINT('',#2847);
#2847 = CARTESIAN_POINT('',(-46.65,42.74,14.));
#2848 = LINE('',#2849,#2850);
#2849 = CARTESIAN_POINT('',(-56.515,42.74,14.));
#2850 = VECTOR('',#2851,1.);
#2851 = DIRECTION('',(1.,0.,-0.));
#2852 = ORIENTED_EDGE('',*,*,#2853,.F.);
#2853 = EDGE_CURVE('',#2830,#2846,#2854,.T.);
#2854 = LINE('',#2855,#2856);
#2855 = CARTESIAN_POINT('',(-46.65,42.74,7.));
#2856 = VECTOR('',#2857,1.);
#2857 = DIRECTION('',(-0.,0.,-1.));
#2858 = FACE_BOUND('',#2859,.T.);
#2859 = EDGE_LOOP('',(#2860,#2870,#2878,#2886));
#2860 = ORIENTED_EDGE('',*,*,#2861,.F.);
#2861 = EDGE_CURVE('',#2862,#2864,#2866,.T.);
#2862 = VERTEX_POINT('',#2863);
#2863 = CARTESIAN_POINT('',(-45.42,42.74,34.));
#2864 = VERTEX_POINT('',#2865);
#2865 = CARTESIAN_POINT('',(-42.92,42.74,34.));
#2866 = LINE('',#2867,#2868);
#2867 = CARTESIAN_POINT('',(-54.65,42.74,34.));
#2868 = VECTOR('',#2869,1.);
#2869 = DIRECTION('',(1.,0.,-0.));
#2870 = ORIENTED_EDGE('',*,*,#2871,.T.);
#2871 = EDGE_CURVE('',#2862,#2872,#2874,.T.);
#2872 = VERTEX_POINT('',#2873);
#2873 = CARTESIAN_POINT('',(-45.42,42.74,14.));
#2874 = LINE('',#2875,#2876);
#2875 = CARTESIAN_POINT('',(-45.42,42.74,7.));
#2876 = VECTOR('',#2877,1.);
#2877 = DIRECTION('',(-0.,0.,-1.));
#2878 = ORIENTED_EDGE('',*,*,#2879,.T.);
#2879 = EDGE_CURVE('',#2872,#2880,#2882,.T.);
#2880 = VERTEX_POINT('',#2881);
#2881 = CARTESIAN_POINT('',(-42.92,42.74,14.));
#2882 = LINE('',#2883,#2884);
#2883 = CARTESIAN_POINT('',(-54.65,42.74,14.));
#2884 = VECTOR('',#2885,1.);
#2885 = DIRECTION('',(1.,0.,-0.));
#2886 = ORIENTED_EDGE('',*,*,#2887,.F.);
#2887 = EDGE_CURVE('',#2864,#2880,#2888,.T.);
#2888 = LINE('',#2889,#2890);
#2889 = CARTESIAN_POINT('',(-42.92,42.74,7.));
#2890 = VECTOR('',#2891,1.);
#2891 = DIRECTION('',(-0.,0.,-1.));
#2892 = FACE_BOUND('',#2893,.T.);
#2893 = EDGE_LOOP('',(#2894,#2904,#2912,#2920));
#2894 = ORIENTED_EDGE('',*,*,#2895,.F.);
#2895 = EDGE_CURVE('',#2896,#2898,#2900,.T.);
#2896 = VERTEX_POINT('',#2897);
#2897 = CARTESIAN_POINT('',(-41.69,42.74,34.));
#2898 = VERTEX_POINT('',#2899);
#2899 = CARTESIAN_POINT('',(-39.19,42.74,34.));
#2900 = LINE('',#2901,#2902);
#2901 = CARTESIAN_POINT('',(-52.785,42.74,34.));
#2902 = VECTOR('',#2903,1.);
#2903 = DIRECTION('',(1.,0.,-0.));
#2904 = ORIENTED_EDGE('',*,*,#2905,.T.);
#2905 = EDGE_CURVE('',#2896,#2906,#2908,.T.);
#2906 = VERTEX_POINT('',#2907);
#2907 = CARTESIAN_POINT('',(-41.69,42.74,14.));
#2908 = LINE('',#2909,#2910);
#2909 = CARTESIAN_POINT('',(-41.69,42.74,7.));
#2910 = VECTOR('',#2911,1.);
#2911 = DIRECTION('',(-0.,0.,-1.));
#2912 = ORIENTED_EDGE('',*,*,#2913,.T.);
#2913 = EDGE_CURVE('',#2906,#2914,#2916,.T.);
#2914 = VERTEX_POINT('',#2915);
#2915 = CARTESIAN_POINT('',(-39.19,42.74,14.));
#2916 = LINE('',#2917,#2918);
#2917 = CARTESIAN_POINT('',(-52.785,42.74,14.));
#2918 = VECTOR('',#2919,1.);
#2919 = DIRECTION('',(1.,0.,-0.));
#2920 = ORIENTED_EDGE('',*,*,#2921,.F.);
#2921 = EDGE_CURVE('',#2898,#2914,#2922,.T.);
#2922 = LINE('',#2923,#2924);
#2923 = CARTESIAN_POINT('',(-39.19,42.74,7.));
#2924 = VECTOR('',#2925,1.);
#2925 = DIRECTION('',(-0.,0.,-1.));
#2926 = FACE_BOUND('',#2927,.T.);
#2927 = EDGE_LOOP('',(#2928,#2938,#2946,#2954));
#2928 = ORIENTED_EDGE('',*,*,#2929,.F.);
#2929 = EDGE_CURVE('',#2930,#2932,#2934,.T.);
#2930 = VERTEX_POINT('',#2931);
#2931 = CARTESIAN_POINT('',(-37.96,42.74,34.));
#2932 = VERTEX_POINT('',#2933);
#2933 = CARTESIAN_POINT('',(-35.46,42.74,34.));
#2934 = LINE('',#2935,#2936);
#2935 = CARTESIAN_POINT('',(-50.92,42.74,34.));
#2936 = VECTOR('',#2937,1.);
#2937 = DIRECTION('',(1.,0.,-0.));
#2938 = ORIENTED_EDGE('',*,*,#2939,.T.);
#2939 = EDGE_CURVE('',#2930,#2940,#2942,.T.);
#2940 = VERTEX_POINT('',#2941);
#2941 = CARTESIAN_POINT('',(-37.96,42.74,14.));
#2942 = LINE('',#2943,#2944);
#2943 = CARTESIAN_POINT('',(-37.96,42.74,7.));
#2944 = VECTOR('',#2945,1.);
#2945 = DIRECTION('',(-0.,0.,-1.));
#2946 = ORIENTED_EDGE('',*,*,#2947,.T.);
#2947 = EDGE_CURVE('',#2940,#2948,#2950,.T.);
#2948 = VERTEX_POINT('',#2949);
#2949 = CARTESIAN_POINT('',(-35.46,42.74,14.));
#2950 = LINE('',#2951,#2952);
#2951 = CARTESIAN_POINT('',(-50.92,42.74,14.));
#2952 = VECTOR('',#2953,1.);
#2953 = DIRECTION('',(1.,0.,-0.));
#2954 = ORIENTED_EDGE('',*,*,#2955,.F.);
#2955 = EDGE_CURVE('',#2932,#2948,#2956,.T.);
#2956 = LINE('',#2957,#2958);
#2957 = CARTESIAN_POINT('',(-35.46,42.74,7.));
#2958 = VECTOR('',#2959,1.);
#2959 = DIRECTION('',(-0.,0.,-1.));
#2960 = FACE_BOUND('',#2961,.T.);
#2961 = EDGE_LOOP('',(#2962,#2972,#2980,#2988));
#2962 = ORIENTED_EDGE('',*,*,#2963,.F.);
#2963 = EDGE_CURVE('',#2964,#2966,#2968,.T.);
#2964 = VERTEX_POINT('',#2965);
#2965 = CARTESIAN_POINT('',(-34.23,42.74,34.));
#2966 = VERTEX_POINT('',#2967);
#2967 = CARTESIAN_POINT('',(-31.73,42.74,34.));
#2968 = LINE('',#2969,#2970);
#2969 = CARTESIAN_POINT('',(-49.055,42.74,34.));
#2970 = VECTOR('',#2971,1.);
#2971 = DIRECTION('',(1.,0.,-0.));
#2972 = ORIENTED_EDGE('',*,*,#2973,.T.);
#2973 = EDGE_CURVE('',#2964,#2974,#2976,.T.);
#2974 = VERTEX_POINT('',#2975);
#2975 = CARTESIAN_POINT('',(-34.23,42.74,14.));
#2976 = LINE('',#2977,#2978);
#2977 = CARTESIAN_POINT('',(-34.23,42.74,7.));
#2978 = VECTOR('',#2979,1.);
#2979 = DIRECTION('',(-0.,0.,-1.));
#2980 = ORIENTED_EDGE('',*,*,#2981,.T.);
#2981 = EDGE_CURVE('',#2974,#2982,#2984,.T.);
#2982 = VERTEX_POINT('',#2983);
#2983 = CARTESIAN_POINT('',(-31.73,42.74,14.));
#2984 = LINE('',#2985,#2986);
#2985 = CARTESIAN_POINT('',(-49.055,42.74,14.));
#2986 = VECTOR('',#2987,1.);
#2987 = DIRECTION('',(1.,0.,-0.));
#2988 = ORIENTED_EDGE('',*,*,#2989,.F.);
#2989 = EDGE_CURVE('',#2966,#2982,#2990,.T.);
#2990 = LINE('',#2991,#2992);
#2991 = CARTESIAN_POINT('',(-31.73,42.74,7.));
#2992 = VECTOR('',#2993,1.);
#2993 = DIRECTION('',(-0.,0.,-1.));
#2994 = PLANE('',#2995);
#2995 = AXIS2_PLACEMENT_3D('',#2996,#2997,#2998);
#2996 = CARTESIAN_POINT('',(-63.88,42.74,0.));
#2997 = DIRECTION('',(-0.,1.,0.));
#2998 = DIRECTION('',(0.,0.,1.));
#2999 = ADVANCED_FACE('',(#3000),#3011,.T.);
#3000 = FACE_BOUND('',#3001,.F.);
#3001 = EDGE_LOOP('',(#3002,#3003,#3004,#3005));
#3002 = ORIENTED_EDGE('',*,*,#860,.T.);
#3003 = ORIENTED_EDGE('',*,*,#2564,.T.);
#3004 = ORIENTED_EDGE('',*,*,#619,.F.);
#3005 = ORIENTED_EDGE('',*,*,#3006,.F.);
#3006 = EDGE_CURVE('',#861,#620,#3007,.T.);
#3007 = LINE('',#3008,#3009);
#3008 = CARTESIAN_POINT('',(63.88,-39.56,0.));
#3009 = VECTOR('',#3010,1.);
#3010 = DIRECTION('',(0.,0.,1.));
#3011 = CYLINDRICAL_SURFACE('',#3012,3.18);
#3012 = AXIS2_PLACEMENT_3D('',#3013,#3014,#3015);
#3013 = CARTESIAN_POINT('',(60.7,-39.56,0.));
#3014 = DIRECTION('',(0.,0.,1.));
#3015 = DIRECTION('',(1.,0.,-0.));
#3016 = ADVANCED_FACE('',(#3017),#3028,.T.);
#3017 = FACE_BOUND('',#3018,.T.);
#3018 = EDGE_LOOP('',(#3019,#3020,#3021,#3022));
#3019 = ORIENTED_EDGE('',*,*,#877,.T.);
#3020 = ORIENTED_EDGE('',*,*,#2785,.T.);
#3021 = ORIENTED_EDGE('',*,*,#636,.F.);
#3022 = ORIENTED_EDGE('',*,*,#3023,.F.);
#3023 = EDGE_CURVE('',#870,#629,#3024,.T.);
#3024 = LINE('',#3025,#3026);
#3025 = CARTESIAN_POINT('',(63.88,39.56,0.));
#3026 = VECTOR('',#3027,1.);
#3027 = DIRECTION('',(0.,0.,1.));
#3028 = CYLINDRICAL_SURFACE('',#3029,3.18);
#3029 = AXIS2_PLACEMENT_3D('',#3030,#3031,#3032);
#3030 = CARTESIAN_POINT('',(60.7,39.56,0.));
#3031 = DIRECTION('',(0.,0.,1.));
#3032 = DIRECTION('',(1.,0.,-0.));
#3033 = ADVANCED_FACE('',(#3034,#3040,#3152,#3199,#3210,#3284,#3388),
  #3617,.T.);
#3034 = FACE_BOUND('',#3035,.T.);
#3035 = EDGE_LOOP('',(#3036,#3037,#3038,#3039));
#3036 = ORIENTED_EDGE('',*,*,#628,.F.);
#3037 = ORIENTED_EDGE('',*,*,#3006,.F.);
#3038 = ORIENTED_EDGE('',*,*,#869,.T.);
#3039 = ORIENTED_EDGE('',*,*,#3023,.T.);
#3040 = FACE_BOUND('',#3041,.T.);
#3041 = EDGE_LOOP('',(#3042,#3051,#3059,#3067,#3075,#3083,#3091,#3099,
    #3106,#3114,#3122,#3130,#3138,#3146));
#3042 = ORIENTED_EDGE('',*,*,#3043,.T.);
#3043 = EDGE_CURVE('',#3044,#3046,#3048,.T.);
#3044 = VERTEX_POINT('',#3045);
#3045 = CARTESIAN_POINT('',(63.88,7.602569750367,33.682378854626));
#3046 = VERTEX_POINT('',#3047);
#3047 = CARTESIAN_POINT('',(63.88,7.602569750367,33.032305433186));
#3048 = B_SPLINE_CURVE_WITH_KNOTS('',1,(#3049,#3050),.UNSPECIFIED.,.F.,
  .F.,(2,2),(0.,0.650073421439),.PIECEWISE_BEZIER_KNOTS.);
#3049 = CARTESIAN_POINT('',(63.88,7.602569750367,33.682378854626));
#3050 = CARTESIAN_POINT('',(63.88,7.602569750367,33.032305433186));
#3051 = ORIENTED_EDGE('',*,*,#3052,.T.);
#3052 = EDGE_CURVE('',#3046,#3053,#3055,.T.);
#3053 = VERTEX_POINT('',#3054);
#3054 = CARTESIAN_POINT('',(63.88,6.699486049927,32.864757709251));
#3055 = B_SPLINE_CURVE_WITH_KNOTS('',2,(#3056,#3057,#3058),
  .UNSPECIFIED.,.F.,.F.,(3,3),(0.,1.),.PIECEWISE_BEZIER_KNOTS.);
#3056 = CARTESIAN_POINT('',(63.88,7.602569750367,33.032305433186));
#3057 = CARTESIAN_POINT('',(63.88,7.256754772394,32.864757709251));
#3058 = CARTESIAN_POINT('',(63.88,6.699486049927,32.864757709251));
#3059 = ORIENTED_EDGE('',*,*,#3060,.T.);
#3060 = EDGE_CURVE('',#3053,#3061,#3063,.T.);
#3061 = VERTEX_POINT('',#3062);
#3062 = CARTESIAN_POINT('',(63.88,5.556314243759,33.292511013216));
#3063 = B_SPLINE_CURVE_WITH_KNOTS('',2,(#3064,#3065,#3066),
  .UNSPECIFIED.,.F.,.F.,(3,3),(0.,1.),.PIECEWISE_BEZIER_KNOTS.);
#3064 = CARTESIAN_POINT('',(63.88,6.699486049927,32.864757709251));
#3065 = CARTESIAN_POINT('',(63.88,5.972613803231,32.864757709251));
#3066 = CARTESIAN_POINT('',(63.88,5.556314243759,33.292511013216));
#3067 = ORIENTED_EDGE('',*,*,#3068,.T.);
#3068 = EDGE_CURVE('',#3061,#3069,#3071,.T.);
#3069 = VERTEX_POINT('',#3070);
#3070 = CARTESIAN_POINT('',(63.88,5.140014684288,34.432745961821));
#3071 = B_SPLINE_CURVE_WITH_KNOTS('',2,(#3072,#3073,#3074),
  .UNSPECIFIED.,.F.,.F.,(3,3),(0.,1.),.PIECEWISE_BEZIER_KNOTS.);
#3072 = CARTESIAN_POINT('',(63.88,5.556314243759,33.292511013216));
#3073 = CARTESIAN_POINT('',(63.88,5.140014684288,33.720411160059));
#3074 = CARTESIAN_POINT('',(63.88,5.140014684288,34.432745961821));
#3075 = ORIENTED_EDGE('',*,*,#3076,.T.);
#3076 = EDGE_CURVE('',#3069,#3077,#3079,.T.);
#3077 = VERTEX_POINT('',#3078);
#3078 = CARTESIAN_POINT('',(63.88,5.608002936858,35.66328928047));
#3079 = B_SPLINE_CURVE_WITH_KNOTS('',2,(#3080,#3081,#3082),
  .UNSPECIFIED.,.F.,.F.,(3,3),(0.,1.),.PIECEWISE_BEZIER_KNOTS.);
#3080 = CARTESIAN_POINT('',(63.88,5.140014684288,34.432745961821));
#3081 = CARTESIAN_POINT('',(63.88,5.140014684288,35.191336270191));
#3082 = CARTESIAN_POINT('',(63.88,5.608002936858,35.66328928047));
#3083 = ORIENTED_EDGE('',*,*,#3084,.T.);
#3084 = EDGE_CURVE('',#3077,#3085,#3087,.T.);
#3085 = VERTEX_POINT('',#3086);
#3086 = CARTESIAN_POINT('',(63.88,6.822834067548,36.135242290749));
#3087 = B_SPLINE_CURVE_WITH_KNOTS('',2,(#3088,#3089,#3090),
  .UNSPECIFIED.,.F.,.F.,(3,3),(0.,1.),.PIECEWISE_BEZIER_KNOTS.);
#3088 = CARTESIAN_POINT('',(63.88,5.608002936858,35.66328928047));
#3089 = CARTESIAN_POINT('',(63.88,6.076138032305,36.135242290749));
#3090 = CARTESIAN_POINT('',(63.88,6.822834067548,36.135242290749));
#3091 = ORIENTED_EDGE('',*,*,#3092,.T.);
#3092 = EDGE_CURVE('',#3085,#3093,#3095,.T.);
#3093 = VERTEX_POINT('',#3094);
#3094 = CARTESIAN_POINT('',(63.88,7.602569750367,36.018942731278));
#3095 = B_SPLINE_CURVE_WITH_KNOTS('',2,(#3096,#3097,#3098),
  .UNSPECIFIED.,.F.,.F.,(3,3),(0.,1.),.PIECEWISE_BEZIER_KNOTS.);
#3096 = CARTESIAN_POINT('',(63.88,6.822834067548,36.135242290749));
#3097 = CARTESIAN_POINT('',(63.88,7.285389133627,36.135242290749));
#3098 = CARTESIAN_POINT('',(63.88,7.602569750367,36.018942731278));
#3099 = ORIENTED_EDGE('',*,*,#3100,.T.);
#3100 = EDGE_CURVE('',#3093,#3101,#3103,.T.);
#3101 = VERTEX_POINT('',#3102);
#3102 = CARTESIAN_POINT('',(63.88,7.602569750367,35.336417033774));
#3103 = B_SPLINE_CURVE_WITH_KNOTS('',1,(#3104,#3105),.UNSPECIFIED.,.F.,
  .F.,(2,2),(0.,0.682525697504),.PIECEWISE_BEZIER_KNOTS.);
#3104 = CARTESIAN_POINT('',(63.88,7.602569750367,36.018942731278));
#3105 = CARTESIAN_POINT('',(63.88,7.602569750367,35.336417033774));
#3106 = ORIENTED_EDGE('',*,*,#3107,.T.);
#3107 = EDGE_CURVE('',#3101,#3108,#3110,.T.);
#3108 = VERTEX_POINT('',#3109);
#3109 = CARTESIAN_POINT('',(63.88,6.880102790015,35.522907488987));
#3110 = B_SPLINE_CURVE_WITH_KNOTS('',2,(#3111,#3112,#3113),
  .UNSPECIFIED.,.F.,.F.,(3,3),(0.,1.),.PIECEWISE_BEZIER_KNOTS.);
#3111 = CARTESIAN_POINT('',(63.88,7.602569750367,35.336417033774));
#3112 = CARTESIAN_POINT('',(63.88,7.285389133627,35.522907488987));
#3113 = CARTESIAN_POINT('',(63.88,6.880102790015,35.522907488987));
#3114 = ORIENTED_EDGE('',*,*,#3115,.T.);
#3115 = EDGE_CURVE('',#3108,#3116,#3118,.T.);
#3116 = VERTEX_POINT('',#3117);
#3117 = CARTESIAN_POINT('',(63.88,6.162041116006,35.242584434655));
#3118 = B_SPLINE_CURVE_WITH_KNOTS('',2,(#3119,#3120,#3121),
  .UNSPECIFIED.,.F.,.F.,(3,3),(0.,1.),.PIECEWISE_BEZIER_KNOTS.);
#3119 = CARTESIAN_POINT('',(63.88,6.880102790015,35.522907488987));
#3120 = CARTESIAN_POINT('',(63.88,6.43516886931,35.522907488987));
#3121 = CARTESIAN_POINT('',(63.88,6.162041116006,35.242584434655));
#3122 = ORIENTED_EDGE('',*,*,#3123,.T.);
#3123 = EDGE_CURVE('',#3116,#3124,#3126,.T.);
#3124 = VERTEX_POINT('',#3125);
#3125 = CARTESIAN_POINT('',(63.88,5.888913362702,34.483406754772));
#3126 = B_SPLINE_CURVE_WITH_KNOTS('',2,(#3127,#3128,#3129),
  .UNSPECIFIED.,.F.,.F.,(3,3),(0.,1.),.PIECEWISE_BEZIER_KNOTS.);
#3127 = CARTESIAN_POINT('',(63.88,6.162041116006,35.242584434655));
#3128 = CARTESIAN_POINT('',(63.88,5.888913362702,34.962408223201));
#3129 = CARTESIAN_POINT('',(63.88,5.888913362702,34.483406754772));
#3130 = ORIENTED_EDGE('',*,*,#3131,.T.);
#3131 = EDGE_CURVE('',#3124,#3132,#3134,.T.);
#3132 = VERTEX_POINT('',#3133);
#3133 = CARTESIAN_POINT('',(63.88,6.146622613803,33.751835535977));
#3134 = B_SPLINE_CURVE_WITH_KNOTS('',2,(#3135,#3136,#3137),
  .UNSPECIFIED.,.F.,.F.,(3,3),(0.,1.),.PIECEWISE_BEZIER_KNOTS.);
#3135 = CARTESIAN_POINT('',(63.88,5.888913362702,34.483406754772));
#3136 = CARTESIAN_POINT('',(63.88,5.888913362702,34.024375917768));
#3137 = CARTESIAN_POINT('',(63.88,6.146622613803,33.751835535977));
#3138 = ORIENTED_EDGE('',*,*,#3139,.T.);
#3139 = EDGE_CURVE('',#3132,#3140,#3142,.T.);
#3140 = VERTEX_POINT('',#3141);
#3141 = CARTESIAN_POINT('',(63.88,6.840455212922,33.479295154185));
#3142 = B_SPLINE_CURVE_WITH_KNOTS('',2,(#3143,#3144,#3145),
  .UNSPECIFIED.,.F.,.F.,(3,3),(0.,1.),.PIECEWISE_BEZIER_KNOTS.);
#3143 = CARTESIAN_POINT('',(63.88,6.146622613803,33.751835535977));
#3144 = CARTESIAN_POINT('',(63.88,6.404331864905,33.479295154185));
#3145 = CARTESIAN_POINT('',(63.88,6.840455212922,33.479295154185));
#3146 = ORIENTED_EDGE('',*,*,#3147,.T.);
#3147 = EDGE_CURVE('',#3140,#3044,#3148,.T.);
#3148 = B_SPLINE_CURVE_WITH_KNOTS('',2,(#3149,#3150,#3151),
  .UNSPECIFIED.,.F.,.F.,(3,3),(0.,1.),.PIECEWISE_BEZIER_KNOTS.);
#3149 = CARTESIAN_POINT('',(63.88,6.840455212922,33.479295154185));
#3150 = CARTESIAN_POINT('',(63.88,7.256754772394,33.479295154185));
#3151 = CARTESIAN_POINT('',(63.88,7.602569750367,33.682378854626));
#3152 = FACE_BOUND('',#3153,.T.);
#3153 = EDGE_LOOP('',(#3154,#3163,#3170,#3177,#3185,#3193));
#3154 = ORIENTED_EDGE('',*,*,#3155,.T.);
#3155 = EDGE_CURVE('',#3156,#3158,#3160,.T.);
#3156 = VERTEX_POINT('',#3157);
#3157 = CARTESIAN_POINT('',(63.88,3.130323054332,32.921145374449));
#3158 = VERTEX_POINT('',#3159);
#3159 = CARTESIAN_POINT('',(63.88,2.011380323054,32.921145374449));
#3160 = B_SPLINE_CURVE_WITH_KNOTS('',1,(#3161,#3162),.UNSPECIFIED.,.F.,
  .F.,(2,2),(0.,1.118942731278),.PIECEWISE_BEZIER_KNOTS.);
#3161 = CARTESIAN_POINT('',(63.88,3.130323054332,32.921145374449));
#3162 = CARTESIAN_POINT('',(63.88,2.011380323054,32.921145374449));
#3163 = ORIENTED_EDGE('',*,*,#3164,.T.);
#3164 = EDGE_CURVE('',#3158,#3165,#3167,.T.);
#3165 = VERTEX_POINT('',#3166);
#3166 = CARTESIAN_POINT('',(63.88,2.011380323054,36.078854625551));
#3167 = B_SPLINE_CURVE_WITH_KNOTS('',1,(#3168,#3169),.UNSPECIFIED.,.F.,
  .F.,(2,2),(0.,3.157709251101),.PIECEWISE_BEZIER_KNOTS.);
#3168 = CARTESIAN_POINT('',(63.88,2.011380323054,32.921145374449));
#3169 = CARTESIAN_POINT('',(63.88,2.011380323054,36.078854625551));
#3170 = ORIENTED_EDGE('',*,*,#3171,.T.);
#3171 = EDGE_CURVE('',#3165,#3172,#3174,.T.);
#3172 = VERTEX_POINT('',#3173);
#3173 = CARTESIAN_POINT('',(63.88,3.130323054332,36.078854625551));
#3174 = B_SPLINE_CURVE_WITH_KNOTS('',1,(#3175,#3176),.UNSPECIFIED.,.F.,
  .F.,(2,2),(0.,1.118942731278),.PIECEWISE_BEZIER_KNOTS.);
#3175 = CARTESIAN_POINT('',(63.88,2.011380323054,36.078854625551));
#3176 = CARTESIAN_POINT('',(63.88,3.130323054332,36.078854625551));
#3177 = ORIENTED_EDGE('',*,*,#3178,.T.);
#3178 = EDGE_CURVE('',#3172,#3179,#3181,.T.);
#3179 = VERTEX_POINT('',#3180);
#3180 = CARTESIAN_POINT('',(63.88,4.813142437592,34.539647577093));
#3181 = B_SPLINE_CURVE_WITH_KNOTS('',2,(#3182,#3183,#3184),
  .UNSPECIFIED.,.F.,.F.,(3,3),(0.,1.),.PIECEWISE_BEZIER_KNOTS.);
#3182 = CARTESIAN_POINT('',(63.88,3.130323054332,36.078854625551));
#3183 = CARTESIAN_POINT('',(63.88,4.813142437592,36.078854625551));
#3184 = CARTESIAN_POINT('',(63.88,4.813142437592,34.539647577093));
#3185 = ORIENTED_EDGE('',*,*,#3186,.T.);
#3186 = EDGE_CURVE('',#3179,#3187,#3189,.T.);
#3187 = VERTEX_POINT('',#3188);
#3188 = CARTESIAN_POINT('',(63.88,4.353817914831,33.361527165932));
#3189 = B_SPLINE_CURVE_WITH_KNOTS('',2,(#3190,#3191,#3192),
  .UNSPECIFIED.,.F.,.F.,(3,3),(0.,1.),.PIECEWISE_BEZIER_KNOTS.);
#3190 = CARTESIAN_POINT('',(63.88,4.813142437592,34.539647577093));
#3191 = CARTESIAN_POINT('',(63.88,4.813142437592,33.801908957416));
#3192 = CARTESIAN_POINT('',(63.88,4.353817914831,33.361527165932));
#3193 = ORIENTED_EDGE('',*,*,#3194,.T.);
#3194 = EDGE_CURVE('',#3187,#3156,#3195,.T.);
#3195 = B_SPLINE_CURVE_WITH_KNOTS('',2,(#3196,#3197,#3198),
  .UNSPECIFIED.,.F.,.F.,(3,3),(0.,1.),.PIECEWISE_BEZIER_KNOTS.);
#3196 = CARTESIAN_POINT('',(63.88,4.353817914831,33.361527165932));
#3197 = CARTESIAN_POINT('',(63.88,3.894640234949,32.921145374449));
#3198 = CARTESIAN_POINT('',(63.88,3.130323054332,32.921145374449));
#3199 = FACE_BOUND('',#3200,.T.);
#3200 = EDGE_LOOP('',(#3201));
#3201 = ORIENTED_EDGE('',*,*,#3202,.T.);
#3202 = EDGE_CURVE('',#3203,#3203,#3205,.T.);
#3203 = VERTEX_POINT('',#3204);
#3204 = CARTESIAN_POINT('',(63.88,9.797174393179E-16,22.));
#3205 = CIRCLE('',#3206,4.);
#3206 = AXIS2_PLACEMENT_3D('',#3207,#3208,#3209);
#3207 = CARTESIAN_POINT('',(63.88,0.,26.));
#3208 = DIRECTION('',(-1.,0.,0.));
#3209 = DIRECTION('',(0.,0.,-1.));
#3210 = FACE_BOUND('',#3211,.T.);
#3211 = EDGE_LOOP('',(#3212,#3221,#3228,#3235,#3242,#3249,#3256,#3264,
    #3271,#3279));
#3212 = ORIENTED_EDGE('',*,*,#3213,.T.);
#3213 = EDGE_CURVE('',#3214,#3216,#3218,.T.);
#3214 = VERTEX_POINT('',#3215);
#3215 = CARTESIAN_POINT('',(63.88,-0.351027900147,36.078854625551));
#3216 = VERTEX_POINT('',#3217);
#3217 = CARTESIAN_POINT('',(63.88,0.393465491924,36.078854625551));
#3218 = B_SPLINE_CURVE_WITH_KNOTS('',1,(#3219,#3220),.UNSPECIFIED.,.F.,
  .F.,(2,2),(0.,0.74449339207),.PIECEWISE_BEZIER_KNOTS.);
#3219 = CARTESIAN_POINT('',(63.88,-0.351027900147,36.078854625551));
#3220 = CARTESIAN_POINT('',(63.88,0.393465491924,36.078854625551));
#3221 = ORIENTED_EDGE('',*,*,#3222,.T.);
#3222 = EDGE_CURVE('',#3216,#3223,#3225,.T.);
#3223 = VERTEX_POINT('',#3224);
#3224 = CARTESIAN_POINT('',(63.88,-0.694640234949,32.921145374449));
#3225 = B_SPLINE_CURVE_WITH_KNOTS('',1,(#3226,#3227),.UNSPECIFIED.,.F.,
  .F.,(2,2),(0.,3.339925416434),.PIECEWISE_BEZIER_KNOTS.);
#3226 = CARTESIAN_POINT('',(63.88,0.393465491924,36.078854625551));
#3227 = CARTESIAN_POINT('',(63.88,-0.694640234949,32.921145374449));
#3228 = ORIENTED_EDGE('',*,*,#3229,.T.);
#3229 = EDGE_CURVE('',#3223,#3230,#3232,.T.);
#3230 = VERTEX_POINT('',#3231);
#3231 = CARTESIAN_POINT('',(63.88,-1.50080763583,32.921145374449));
#3232 = B_SPLINE_CURVE_WITH_KNOTS('',1,(#3233,#3234),.UNSPECIFIED.,.F.,
  .F.,(2,2),(0.,0.806167400881),.PIECEWISE_BEZIER_KNOTS.);
#3233 = CARTESIAN_POINT('',(63.88,-0.694640234949,32.921145374449));
#3234 = CARTESIAN_POINT('',(63.88,-1.50080763583,32.921145374449));
#3235 = ORIENTED_EDGE('',*,*,#3236,.T.);
#3236 = EDGE_CURVE('',#3230,#3237,#3239,.T.);
#3237 = VERTEX_POINT('',#3238);
#3238 = CARTESIAN_POINT('',(63.88,-2.575697503671,36.078854625551));
#3239 = B_SPLINE_CURVE_WITH_KNOTS('',1,(#3240,#3241),.UNSPECIFIED.,.F.,
  .F.,(2,2),(0.,3.335643257676),.PIECEWISE_BEZIER_KNOTS.);
#3240 = CARTESIAN_POINT('',(63.88,-1.50080763583,32.921145374449));
#3241 = CARTESIAN_POINT('',(63.88,-2.575697503671,36.078854625551));
#3242 = ORIENTED_EDGE('',*,*,#3243,.T.);
#3243 = EDGE_CURVE('',#3237,#3244,#3246,.T.);
#3244 = VERTEX_POINT('',#3245);
#3245 = CARTESIAN_POINT('',(63.88,-1.809177679883,36.078854625551));
#3246 = B_SPLINE_CURVE_WITH_KNOTS('',1,(#3247,#3248),.UNSPECIFIED.,.F.,
  .F.,(2,2),(0.,0.766519823789),.PIECEWISE_BEZIER_KNOTS.);
#3247 = CARTESIAN_POINT('',(63.88,-2.575697503671,36.078854625551));
#3248 = CARTESIAN_POINT('',(63.88,-1.809177679883,36.078854625551));
#3249 = ORIENTED_EDGE('',*,*,#3250,.T.);
#3250 = EDGE_CURVE('',#3244,#3251,#3253,.T.);
#3251 = VERTEX_POINT('',#3252);
#3252 = CARTESIAN_POINT('',(63.88,-1.150587371512,33.881204111601));
#3253 = B_SPLINE_CURVE_WITH_KNOTS('',1,(#3254,#3255),.UNSPECIFIED.,.F.,
  .F.,(2,2),(0.,2.29421205989),.PIECEWISE_BEZIER_KNOTS.);
#3254 = CARTESIAN_POINT('',(63.88,-1.809177679883,36.078854625551));
#3255 = CARTESIAN_POINT('',(63.88,-1.150587371512,33.881204111601));
#3256 = ORIENTED_EDGE('',*,*,#3257,.T.);
#3257 = EDGE_CURVE('',#3251,#3258,#3260,.T.);
#3258 = VERTEX_POINT('',#3259);
#3259 = CARTESIAN_POINT('',(63.88,-1.08671071953,33.56637298091));
#3260 = B_SPLINE_CURVE_WITH_KNOTS('',2,(#3261,#3262,#3263),
  .UNSPECIFIED.,.F.,.F.,(3,3),(0.,1.),.PIECEWISE_BEZIER_KNOTS.);
#3261 = CARTESIAN_POINT('',(63.88,-1.150587371512,33.881204111601));
#3262 = CARTESIAN_POINT('',(63.88,-1.097723935389,33.702936857562));
#3263 = CARTESIAN_POINT('',(63.88,-1.08671071953,33.56637298091));
#3264 = ORIENTED_EDGE('',*,*,#3265,.T.);
#3265 = EDGE_CURVE('',#3258,#3266,#3268,.T.);
#3266 = VERTEX_POINT('',#3267);
#3267 = CARTESIAN_POINT('',(63.88,-1.073494860499,33.56637298091));
#3268 = B_SPLINE_CURVE_WITH_KNOTS('',1,(#3269,#3270),.UNSPECIFIED.,.F.,
  .F.,(2,2),(0.,1.321585903084E-02),.PIECEWISE_BEZIER_KNOTS.);
#3269 = CARTESIAN_POINT('',(63.88,-1.08671071953,33.56637298091));
#3270 = CARTESIAN_POINT('',(63.88,-1.073494860499,33.56637298091));
#3271 = ORIENTED_EDGE('',*,*,#3272,.T.);
#3272 = EDGE_CURVE('',#3266,#3273,#3275,.T.);
#3273 = VERTEX_POINT('',#3274);
#3274 = CARTESIAN_POINT('',(63.88,-1.005212922173,33.890014684288));
#3275 = B_SPLINE_CURVE_WITH_KNOTS('',2,(#3276,#3277,#3278),
  .UNSPECIFIED.,.F.,.F.,(3,3),(0.,1.),.PIECEWISE_BEZIER_KNOTS.);
#3276 = CARTESIAN_POINT('',(63.88,-1.073494860499,33.56637298091));
#3277 = CARTESIAN_POINT('',(63.88,-1.058076358297,33.713950073421));
#3278 = CARTESIAN_POINT('',(63.88,-1.005212922173,33.890014684288));
#3279 = ORIENTED_EDGE('',*,*,#3280,.T.);
#3280 = EDGE_CURVE('',#3273,#3214,#3281,.T.);
#3281 = B_SPLINE_CURVE_WITH_KNOTS('',1,(#3282,#3283),.UNSPECIFIED.,.F.,
  .F.,(2,2),(0.,2.284508334743),.PIECEWISE_BEZIER_KNOTS.);
#3282 = CARTESIAN_POINT('',(63.88,-1.005212922173,33.890014684288));
#3283 = CARTESIAN_POINT('',(63.88,-0.351027900147,36.078854625551));
#3284 = FACE_BOUND('',#3285,.T.);
#3285 = EDGE_LOOP('',(#3286,#3295,#3302,#3309,#3316,#3323,#3330,#3337,
    #3344,#3351,#3358,#3366,#3374,#3382));
#3286 = ORIENTED_EDGE('',*,*,#3287,.T.);
#3287 = EDGE_CURVE('',#3288,#3290,#3292,.T.);
#3288 = VERTEX_POINT('',#3289);
#3289 = CARTESIAN_POINT('',(63.88,-3.740014684288,36.078854625551));
#3290 = VERTEX_POINT('',#3291);
#3291 = CARTESIAN_POINT('',(63.88,-3.094640234949,36.078854625551));
#3292 = B_SPLINE_CURVE_WITH_KNOTS('',1,(#3293,#3294),.UNSPECIFIED.,.F.,
  .F.,(2,2),(0.,0.645374449339),.PIECEWISE_BEZIER_KNOTS.);
#3293 = CARTESIAN_POINT('',(63.88,-3.740014684288,36.078854625551));
#3294 = CARTESIAN_POINT('',(63.88,-3.094640234949,36.078854625551));
#3295 = ORIENTED_EDGE('',*,*,#3296,.T.);
#3296 = EDGE_CURVE('',#3290,#3297,#3299,.T.);
#3297 = VERTEX_POINT('',#3298);
#3298 = CARTESIAN_POINT('',(63.88,-3.094640234949,34.089427312775));
#3299 = B_SPLINE_CURVE_WITH_KNOTS('',1,(#3300,#3301),.UNSPECIFIED.,.F.,
  .F.,(2,2),(0.,1.989427312775),.PIECEWISE_BEZIER_KNOTS.);
#3300 = CARTESIAN_POINT('',(63.88,-3.094640234949,36.078854625551));
#3301 = CARTESIAN_POINT('',(63.88,-3.094640234949,34.089427312775));
#3302 = ORIENTED_EDGE('',*,*,#3303,.T.);
#3303 = EDGE_CURVE('',#3297,#3304,#3306,.T.);
#3304 = VERTEX_POINT('',#3305);
#3305 = CARTESIAN_POINT('',(63.88,-2.715785609398,34.089427312775));
#3306 = B_SPLINE_CURVE_WITH_KNOTS('',1,(#3307,#3308),.UNSPECIFIED.,.F.,
  .F.,(2,2),(0.,0.378854625551),.PIECEWISE_BEZIER_KNOTS.);
#3307 = CARTESIAN_POINT('',(63.88,-3.094640234949,34.089427312775));
#3308 = CARTESIAN_POINT('',(63.88,-2.715785609398,34.089427312775));
#3309 = ORIENTED_EDGE('',*,*,#3310,.T.);
#3310 = EDGE_CURVE('',#3304,#3311,#3313,.T.);
#3311 = VERTEX_POINT('',#3312);
#3312 = CARTESIAN_POINT('',(63.88,-2.715785609398,33.569603524229));
#3313 = B_SPLINE_CURVE_WITH_KNOTS('',1,(#3314,#3315),.UNSPECIFIED.,.F.,
  .F.,(2,2),(0.,0.519823788546),.PIECEWISE_BEZIER_KNOTS.);
#3314 = CARTESIAN_POINT('',(63.88,-2.715785609398,34.089427312775));
#3315 = CARTESIAN_POINT('',(63.88,-2.715785609398,33.569603524229));
#3316 = ORIENTED_EDGE('',*,*,#3317,.T.);
#3317 = EDGE_CURVE('',#3311,#3318,#3320,.T.);
#3318 = VERTEX_POINT('',#3319);
#3319 = CARTESIAN_POINT('',(63.88,-3.094640234949,33.569603524229));
#3320 = B_SPLINE_CURVE_WITH_KNOTS('',1,(#3321,#3322),.UNSPECIFIED.,.F.,
  .F.,(2,2),(0.,0.378854625551),.PIECEWISE_BEZIER_KNOTS.);
#3321 = CARTESIAN_POINT('',(63.88,-2.715785609398,33.569603524229));
#3322 = CARTESIAN_POINT('',(63.88,-3.094640234949,33.569603524229));
#3323 = ORIENTED_EDGE('',*,*,#3324,.T.);
#3324 = EDGE_CURVE('',#3318,#3325,#3327,.T.);
#3325 = VERTEX_POINT('',#3326);
#3326 = CARTESIAN_POINT('',(63.88,-3.094640234949,32.921145374449));
#3327 = B_SPLINE_CURVE_WITH_KNOTS('',1,(#3328,#3329),.UNSPECIFIED.,.F.,
  .F.,(2,2),(0.,0.64845814978),.PIECEWISE_BEZIER_KNOTS.);
#3328 = CARTESIAN_POINT('',(63.88,-3.094640234949,33.569603524229));
#3329 = CARTESIAN_POINT('',(63.88,-3.094640234949,32.921145374449));
#3330 = ORIENTED_EDGE('',*,*,#3331,.T.);
#3331 = EDGE_CURVE('',#3325,#3332,#3334,.T.);
#3332 = VERTEX_POINT('',#3333);
#3333 = CARTESIAN_POINT('',(63.88,-3.729001468429,32.921145374449));
#3334 = B_SPLINE_CURVE_WITH_KNOTS('',1,(#3335,#3336),.UNSPECIFIED.,.F.,
  .F.,(2,2),(0.,0.63436123348),.PIECEWISE_BEZIER_KNOTS.);
#3335 = CARTESIAN_POINT('',(63.88,-3.094640234949,32.921145374449));
#3336 = CARTESIAN_POINT('',(63.88,-3.729001468429,32.921145374449));
#3337 = ORIENTED_EDGE('',*,*,#3338,.T.);
#3338 = EDGE_CURVE('',#3332,#3339,#3341,.T.);
#3339 = VERTEX_POINT('',#3340);
#3340 = CARTESIAN_POINT('',(63.88,-3.729001468429,33.569603524229));
#3341 = B_SPLINE_CURVE_WITH_KNOTS('',1,(#3342,#3343),.UNSPECIFIED.,.F.,
  .F.,(2,2),(0.,0.64845814978),.PIECEWISE_BEZIER_KNOTS.);
#3342 = CARTESIAN_POINT('',(63.88,-3.729001468429,32.921145374449));
#3343 = CARTESIAN_POINT('',(63.88,-3.729001468429,33.569603524229));
#3344 = ORIENTED_EDGE('',*,*,#3345,.T.);
#3345 = EDGE_CURVE('',#3339,#3346,#3348,.T.);
#3346 = VERTEX_POINT('',#3347);
#3347 = CARTESIAN_POINT('',(63.88,-5.105653450808,33.569603524229));
#3348 = B_SPLINE_CURVE_WITH_KNOTS('',1,(#3349,#3350),.UNSPECIFIED.,.F.,
  .F.,(2,2),(0.,1.376651982379),.PIECEWISE_BEZIER_KNOTS.);
#3349 = CARTESIAN_POINT('',(63.88,-3.729001468429,33.569603524229));
#3350 = CARTESIAN_POINT('',(63.88,-5.105653450808,33.569603524229));
#3351 = ORIENTED_EDGE('',*,*,#3352,.T.);
#3352 = EDGE_CURVE('',#3346,#3353,#3355,.T.);
#3353 = VERTEX_POINT('',#3354);
#3354 = CARTESIAN_POINT('',(63.88,-5.105653450808,34.113656387665));
#3355 = B_SPLINE_CURVE_WITH_KNOTS('',1,(#3356,#3357),.UNSPECIFIED.,.F.,
  .F.,(2,2),(0.,0.544052863436),.PIECEWISE_BEZIER_KNOTS.);
#3356 = CARTESIAN_POINT('',(63.88,-5.105653450808,33.569603524229));
#3357 = CARTESIAN_POINT('',(63.88,-5.105653450808,34.113656387665));
#3358 = ORIENTED_EDGE('',*,*,#3359,.T.);
#3359 = EDGE_CURVE('',#3353,#3360,#3362,.T.);
#3360 = VERTEX_POINT('',#3361);
#3361 = CARTESIAN_POINT('',(63.88,-4.726798825257,34.561527165932));
#3362 = B_SPLINE_CURVE_WITH_KNOTS('',2,(#3363,#3364,#3365),
  .UNSPECIFIED.,.F.,.F.,(3,3),(0.,1.),.PIECEWISE_BEZIER_KNOTS.);
#3363 = CARTESIAN_POINT('',(63.88,-5.105653450808,34.113656387665));
#3364 = CARTESIAN_POINT('',(63.88,-4.922834067548,34.318355359765));
#3365 = CARTESIAN_POINT('',(63.88,-4.726798825257,34.561527165932));
#3366 = ORIENTED_EDGE('',*,*,#3367,.T.);
#3367 = EDGE_CURVE('',#3360,#3368,#3370,.T.);
#3368 = VERTEX_POINT('',#3369);
#3369 = CARTESIAN_POINT('',(63.88,-4.347944199706,35.062114537445));
#3370 = B_SPLINE_CURVE_WITH_KNOTS('',2,(#3371,#3372,#3373),
  .UNSPECIFIED.,.F.,.F.,(3,3),(0.,1.),.PIECEWISE_BEZIER_KNOTS.);
#3371 = CARTESIAN_POINT('',(63.88,-4.726798825257,34.561527165932));
#3372 = CARTESIAN_POINT('',(63.88,-4.530763582966,34.8046989721));
#3373 = CARTESIAN_POINT('',(63.88,-4.347944199706,35.062114537445));
#3374 = ORIENTED_EDGE('',*,*,#3375,.T.);
#3375 = EDGE_CURVE('',#3368,#3376,#3378,.T.);
#3376 = VERTEX_POINT('',#3377);
#3377 = CARTESIAN_POINT('',(63.88,-4.007709251101,35.580323054332));
#3378 = B_SPLINE_CURVE_WITH_KNOTS('',2,(#3379,#3380,#3381),
  .UNSPECIFIED.,.F.,.F.,(3,3),(0.,1.),.PIECEWISE_BEZIER_KNOTS.);
#3379 = CARTESIAN_POINT('',(63.88,-4.347944199706,35.062114537445));
#3380 = CARTESIAN_POINT('',(63.88,-4.165124816446,35.319676945668));
#3381 = CARTESIAN_POINT('',(63.88,-4.007709251101,35.580323054332));
#3382 = ORIENTED_EDGE('',*,*,#3383,.T.);
#3383 = EDGE_CURVE('',#3376,#3288,#3384,.T.);
#3384 = B_SPLINE_CURVE_WITH_KNOTS('',2,(#3385,#3386,#3387),
  .UNSPECIFIED.,.F.,.F.,(3,3),(0.,1.),.PIECEWISE_BEZIER_KNOTS.);
#3385 = CARTESIAN_POINT('',(63.88,-4.007709251101,35.580323054332));
#3386 = CARTESIAN_POINT('',(63.88,-3.850146842878,35.841116005874));
#3387 = CARTESIAN_POINT('',(63.88,-3.740014684288,36.078854625551));
#3388 = FACE_BOUND('',#3389,.T.);
#3389 = EDGE_LOOP('',(#3390,#3400,#3407,#3414,#3421,#3428,#3436,#3444,
    #3452,#3460,#3468,#3476,#3484,#3492,#3500,#3508,#3516,#3523,#3531,
    #3539,#3547,#3555,#3563,#3571,#3579,#3587,#3595,#3603,#3611));
#3390 = ORIENTED_EDGE('',*,*,#3391,.T.);
#3391 = EDGE_CURVE('',#3392,#3394,#3396,.T.);
#3392 = VERTEX_POINT('',#3393);
#3393 = CARTESIAN_POINT('',(63.88,-6.796402349486,33.628487518355));
#3394 = VERTEX_POINT('',#3395);
#3395 = CARTESIAN_POINT('',(63.88,-6.840455212922,33.498237885463));
#3396 = B_SPLINE_CURVE_WITH_KNOTS('',2,(#3397,#3398,#3399),
  .UNSPECIFIED.,.F.,.F.,(3,3),(0.,1.),.PIECEWISE_BEZIER_KNOTS.);
#3397 = CARTESIAN_POINT('',(63.88,-6.796402349486,33.628487518355));
#3398 = CARTESIAN_POINT('',(63.88,-6.840455212922,33.560058737151));
#3399 = CARTESIAN_POINT('',(63.88,-6.840455212922,33.498237885463));
#3400 = ORIENTED_EDGE('',*,*,#3401,.T.);
#3401 = EDGE_CURVE('',#3394,#3402,#3404,.T.);
#3402 = VERTEX_POINT('',#3403);
#3403 = CARTESIAN_POINT('',(63.88,-5.501248164464,33.498237885463));
#3404 = B_SPLINE_CURVE_WITH_KNOTS('',1,(#3405,#3406),.UNSPECIFIED.,.F.,
  .F.,(2,2),(0.,1.339207048458),.PIECEWISE_BEZIER_KNOTS.);
#3405 = CARTESIAN_POINT('',(63.88,-6.840455212922,33.498237885463));
#3406 = CARTESIAN_POINT('',(63.88,-5.501248164464,33.498237885463));
#3407 = ORIENTED_EDGE('',*,*,#3408,.T.);
#3408 = EDGE_CURVE('',#3402,#3409,#3411,.T.);
#3409 = VERTEX_POINT('',#3410);
#3410 = CARTESIAN_POINT('',(63.88,-5.501248164464,32.921145374449));
#3411 = B_SPLINE_CURVE_WITH_KNOTS('',1,(#3412,#3413),.UNSPECIFIED.,.F.,
  .F.,(2,2),(0.,0.577092511013),.PIECEWISE_BEZIER_KNOTS.);
#3412 = CARTESIAN_POINT('',(63.88,-5.501248164464,33.498237885463));
#3413 = CARTESIAN_POINT('',(63.88,-5.501248164464,32.921145374449));
#3414 = ORIENTED_EDGE('',*,*,#3415,.T.);
#3415 = EDGE_CURVE('',#3409,#3416,#3418,.T.);
#3416 = VERTEX_POINT('',#3417);
#3417 = CARTESIAN_POINT('',(63.88,-7.602569750367,32.921145374449));
#3418 = B_SPLINE_CURVE_WITH_KNOTS('',1,(#3419,#3420),.UNSPECIFIED.,.F.,
  .F.,(2,2),(0.,2.101321585903),.PIECEWISE_BEZIER_KNOTS.);
#3419 = CARTESIAN_POINT('',(63.88,-5.501248164464,32.921145374449));
#3420 = CARTESIAN_POINT('',(63.88,-7.602569750367,32.921145374449));
#3421 = ORIENTED_EDGE('',*,*,#3422,.T.);
#3422 = EDGE_CURVE('',#3416,#3423,#3425,.T.);
#3423 = VERTEX_POINT('',#3424);
#3424 = CARTESIAN_POINT('',(63.88,-7.602569750367,33.159030837004));
#3425 = B_SPLINE_CURVE_WITH_KNOTS('',1,(#3426,#3427),.UNSPECIFIED.,.F.,
  .F.,(2,2),(0.,0.237885462555),.PIECEWISE_BEZIER_KNOTS.);
#3426 = CARTESIAN_POINT('',(63.88,-7.602569750367,32.921145374449));
#3427 = CARTESIAN_POINT('',(63.88,-7.602569750367,33.159030837004));
#3428 = ORIENTED_EDGE('',*,*,#3429,.T.);
#3429 = EDGE_CURVE('',#3423,#3430,#3432,.T.);
#3430 = VERTEX_POINT('',#3431);
#3431 = CARTESIAN_POINT('',(63.88,-7.52107195301,33.594419970631));
#3432 = B_SPLINE_CURVE_WITH_KNOTS('',2,(#3433,#3434,#3435),
  .UNSPECIFIED.,.F.,.F.,(3,3),(0.,1.),.PIECEWISE_BEZIER_KNOTS.);
#3433 = CARTESIAN_POINT('',(63.88,-7.602569750367,33.159030837004));
#3434 = CARTESIAN_POINT('',(63.88,-7.602569750367,33.401615271659));
#3435 = CARTESIAN_POINT('',(63.88,-7.52107195301,33.594419970631));
#3436 = ORIENTED_EDGE('',*,*,#3437,.T.);
#3437 = EDGE_CURVE('',#3430,#3438,#3440,.T.);
#3438 = VERTEX_POINT('',#3439);
#3439 = CARTESIAN_POINT('',(63.88,-7.316226138032,33.940528634361));
#3440 = B_SPLINE_CURVE_WITH_KNOTS('',2,(#3441,#3442,#3443),
  .UNSPECIFIED.,.F.,.F.,(3,3),(0.,1.),.PIECEWISE_BEZIER_KNOTS.);
#3441 = CARTESIAN_POINT('',(63.88,-7.52107195301,33.594419970631));
#3442 = CARTESIAN_POINT('',(63.88,-7.439574155653,33.787371512482));
#3443 = CARTESIAN_POINT('',(63.88,-7.316226138032,33.940528634361));
#3444 = ORIENTED_EDGE('',*,*,#3445,.T.);
#3445 = EDGE_CURVE('',#3438,#3446,#3448,.T.);
#3446 = VERTEX_POINT('',#3447);
#3447 = CARTESIAN_POINT('',(63.88,-7.046475770925,34.21174743025));
#3448 = B_SPLINE_CURVE_WITH_KNOTS('',2,(#3449,#3450,#3451),
  .UNSPECIFIED.,.F.,.F.,(3,3),(0.,1.),.PIECEWISE_BEZIER_KNOTS.);
#3449 = CARTESIAN_POINT('',(63.88,-7.316226138032,33.940528634361));
#3450 = CARTESIAN_POINT('',(63.88,-7.192878120411,34.093832599119));
#3451 = CARTESIAN_POINT('',(63.88,-7.046475770925,34.21174743025));
#3452 = ORIENTED_EDGE('',*,*,#3453,.T.);
#3453 = EDGE_CURVE('',#3446,#3454,#3456,.T.);
#3454 = VERTEX_POINT('',#3455);
#3455 = CARTESIAN_POINT('',(63.88,-6.767767988253,34.424522760646));
#3456 = B_SPLINE_CURVE_WITH_KNOTS('',2,(#3457,#3458,#3459),
  .UNSPECIFIED.,.F.,.F.,(3,3),(0.,1.),.PIECEWISE_BEZIER_KNOTS.);
#3457 = CARTESIAN_POINT('',(63.88,-7.046475770925,34.21174743025));
#3458 = CARTESIAN_POINT('',(63.88,-6.899926578561,34.32966226138));
#3459 = CARTESIAN_POINT('',(63.88,-6.767767988253,34.424522760646));
#3460 = ORIENTED_EDGE('',*,*,#3461,.T.);
#3461 = EDGE_CURVE('',#3454,#3462,#3464,.T.);
#3462 = VERTEX_POINT('',#3463);
#3463 = CARTESIAN_POINT('',(63.88,-6.524449339207,34.6140969163));
#3464 = B_SPLINE_CURVE_WITH_KNOTS('',2,(#3465,#3466,#3467),
  .UNSPECIFIED.,.F.,.F.,(3,3),(0.,1.),.PIECEWISE_BEZIER_KNOTS.);
#3465 = CARTESIAN_POINT('',(63.88,-6.767767988253,34.424522760646));
#3466 = CARTESIAN_POINT('',(63.88,-6.629001468429,34.523788546256));
#3467 = CARTESIAN_POINT('',(63.88,-6.524449339207,34.6140969163));
#3468 = ORIENTED_EDGE('',*,*,#3469,.T.);
#3469 = EDGE_CURVE('',#3462,#3470,#3472,.T.);
#3470 = VERTEX_POINT('',#3471);
#3471 = CARTESIAN_POINT('',(63.88,-6.348237885463,34.793832599119));
#3472 = B_SPLINE_CURVE_WITH_KNOTS('',2,(#3473,#3474,#3475),
  .UNSPECIFIED.,.F.,.F.,(3,3),(0.,1.),.PIECEWISE_BEZIER_KNOTS.);
#3473 = CARTESIAN_POINT('',(63.88,-6.524449339207,34.6140969163));
#3474 = CARTESIAN_POINT('',(63.88,-6.419750367107,34.704552129222));
#3475 = CARTESIAN_POINT('',(63.88,-6.348237885463,34.793832599119));
#3476 = ORIENTED_EDGE('',*,*,#3477,.T.);
#3477 = EDGE_CURVE('',#3470,#3478,#3480,.T.);
#3478 = VERTEX_POINT('',#3479);
#3479 = CARTESIAN_POINT('',(63.88,-6.241336270191,34.974596182085));
#3480 = B_SPLINE_CURVE_WITH_KNOTS('',2,(#3481,#3482,#3483),
  .UNSPECIFIED.,.F.,.F.,(3,3),(0.,1.),.PIECEWISE_BEZIER_KNOTS.);
#3481 = CARTESIAN_POINT('',(63.88,-6.348237885463,34.793832599119));
#3482 = CARTESIAN_POINT('',(63.88,-6.27657856094,34.883113069016));
#3483 = CARTESIAN_POINT('',(63.88,-6.241336270191,34.974596182085));
#3484 = ORIENTED_EDGE('',*,*,#3485,.T.);
#3485 = EDGE_CURVE('',#3478,#3486,#3488,.T.);
#3486 = VERTEX_POINT('',#3487);
#3487 = CARTESIAN_POINT('',(63.88,-6.206093979442,35.169750367107));
#3488 = B_SPLINE_CURVE_WITH_KNOTS('',2,(#3489,#3490,#3491),
  .UNSPECIFIED.,.F.,.F.,(3,3),(0.,1.),.PIECEWISE_BEZIER_KNOTS.);
#3489 = CARTESIAN_POINT('',(63.88,-6.241336270191,34.974596182085));
#3490 = CARTESIAN_POINT('',(63.88,-6.206093979442,35.066079295154));
#3491 = CARTESIAN_POINT('',(63.88,-6.206093979442,35.169750367107));
#3492 = ORIENTED_EDGE('',*,*,#3493,.T.);
#3493 = EDGE_CURVE('',#3486,#3494,#3496,.T.);
#3494 = VERTEX_POINT('',#3495);
#3495 = CARTESIAN_POINT('',(63.88,-6.320631424376,35.476358296623));
#3496 = B_SPLINE_CURVE_WITH_KNOTS('',2,(#3497,#3498,#3499),
  .UNSPECIFIED.,.F.,.F.,(3,3),(0.,1.),.PIECEWISE_BEZIER_KNOTS.);
#3497 = CARTESIAN_POINT('',(63.88,-6.206093979442,35.169750367107));
#3498 = CARTESIAN_POINT('',(63.88,-6.206093979442,35.37268722467));
#3499 = CARTESIAN_POINT('',(63.88,-6.320631424376,35.476358296623));
#3500 = ORIENTED_EDGE('',*,*,#3501,.T.);
#3501 = EDGE_CURVE('',#3494,#3502,#3504,.T.);
#3502 = VERTEX_POINT('',#3503);
#3503 = CARTESIAN_POINT('',(63.88,-6.670851688693,35.580176211454));
#3504 = B_SPLINE_CURVE_WITH_KNOTS('',2,(#3505,#3506,#3507),
  .UNSPECIFIED.,.F.,.F.,(3,3),(0.,1.),.PIECEWISE_BEZIER_KNOTS.);
#3505 = CARTESIAN_POINT('',(63.88,-6.320631424376,35.476358296623));
#3506 = CARTESIAN_POINT('',(63.88,-6.43516886931,35.580176211454));
#3507 = CARTESIAN_POINT('',(63.88,-6.670851688693,35.580176211454));
#3508 = ORIENTED_EDGE('',*,*,#3509,.T.);
#3509 = EDGE_CURVE('',#3502,#3510,#3512,.T.);
#3510 = VERTEX_POINT('',#3511);
#3511 = CARTESIAN_POINT('',(63.88,-7.450587371512,35.251835535977));
#3512 = B_SPLINE_CURVE_WITH_KNOTS('',2,(#3513,#3514,#3515),
  .UNSPECIFIED.,.F.,.F.,(3,3),(0.,1.),.PIECEWISE_BEZIER_KNOTS.);
#3513 = CARTESIAN_POINT('',(63.88,-6.670851688693,35.580176211454));
#3514 = CARTESIAN_POINT('',(63.88,-7.078340675477,35.580176211454));
#3515 = CARTESIAN_POINT('',(63.88,-7.450587371512,35.251835535977));
#3516 = ORIENTED_EDGE('',*,*,#3517,.T.);
#3517 = EDGE_CURVE('',#3510,#3518,#3520,.T.);
#3518 = VERTEX_POINT('',#3519);
#3519 = CARTESIAN_POINT('',(63.88,-7.450587371512,35.867400881057));
#3520 = B_SPLINE_CURVE_WITH_KNOTS('',1,(#3521,#3522),.UNSPECIFIED.,.F.,
  .F.,(2,2),(0.,0.615565345081),.PIECEWISE_BEZIER_KNOTS.);
#3521 = CARTESIAN_POINT('',(63.88,-7.450587371512,35.251835535977));
#3522 = CARTESIAN_POINT('',(63.88,-7.450587371512,35.867400881057));
#3523 = ORIENTED_EDGE('',*,*,#3524,.T.);
#3524 = EDGE_CURVE('',#3518,#3525,#3527,.T.);
#3525 = VERTEX_POINT('',#3526);
#3526 = CARTESIAN_POINT('',(63.88,-6.52107195301,36.135242290749));
#3527 = B_SPLINE_CURVE_WITH_KNOTS('',2,(#3528,#3529,#3530),
  .UNSPECIFIED.,.F.,.F.,(3,3),(0.,1.),.PIECEWISE_BEZIER_KNOTS.);
#3528 = CARTESIAN_POINT('',(63.88,-7.450587371512,35.867400881057));
#3529 = CARTESIAN_POINT('',(63.88,-7.038693098385,36.135242290749));
#3530 = CARTESIAN_POINT('',(63.88,-6.52107195301,36.135242290749));
#3531 = ORIENTED_EDGE('',*,*,#3532,.T.);
#3532 = EDGE_CURVE('',#3525,#3533,#3535,.T.);
#3533 = VERTEX_POINT('',#3534);
#3534 = CARTESIAN_POINT('',(63.88,-6.090528634361,36.072393538913));
#3535 = B_SPLINE_CURVE_WITH_KNOTS('',2,(#3536,#3537,#3538),
  .UNSPECIFIED.,.F.,.F.,(3,3),(0.,1.),.PIECEWISE_BEZIER_KNOTS.);
#3536 = CARTESIAN_POINT('',(63.88,-6.52107195301,36.135242290749));
#3537 = CARTESIAN_POINT('',(63.88,-6.280983847283,36.135242290749));
#3538 = CARTESIAN_POINT('',(63.88,-6.090528634361,36.072393538913));
#3539 = ORIENTED_EDGE('',*,*,#3540,.T.);
#3540 = EDGE_CURVE('',#3533,#3541,#3543,.T.);
#3541 = VERTEX_POINT('',#3542);
#3542 = CARTESIAN_POINT('',(63.88,-5.767767988253,35.892657856094));
#3543 = B_SPLINE_CURVE_WITH_KNOTS('',2,(#3544,#3545,#3546),
  .UNSPECIFIED.,.F.,.F.,(3,3),(0.,1.),.PIECEWISE_BEZIER_KNOTS.);
#3544 = CARTESIAN_POINT('',(63.88,-6.090528634361,36.072393538913));
#3545 = CARTESIAN_POINT('',(63.88,-5.899926578561,36.009544787078));
#3546 = CARTESIAN_POINT('',(63.88,-5.767767988253,35.892657856094));
#3547 = ORIENTED_EDGE('',*,*,#3548,.T.);
#3548 = EDGE_CURVE('',#3541,#3549,#3551,.T.);
#3549 = VERTEX_POINT('',#3550);
#3550 = CARTESIAN_POINT('',(63.88,-5.566299559471,35.609544787078));
#3551 = B_SPLINE_CURVE_WITH_KNOTS('',2,(#3552,#3553,#3554),
  .UNSPECIFIED.,.F.,.F.,(3,3),(0.,1.),.PIECEWISE_BEZIER_KNOTS.);
#3552 = CARTESIAN_POINT('',(63.88,-5.767767988253,35.892657856094));
#3553 = CARTESIAN_POINT('',(63.88,-5.635609397944,35.775917767988));
#3554 = CARTESIAN_POINT('',(63.88,-5.566299559471,35.609544787078));
#3555 = ORIENTED_EDGE('',*,*,#3556,.T.);
#3556 = EDGE_CURVE('',#3549,#3557,#3559,.T.);
#3557 = VERTEX_POINT('',#3558);
#3558 = CARTESIAN_POINT('',(63.88,-5.49684287812,35.238179148311));
#3559 = B_SPLINE_CURVE_WITH_KNOTS('',2,(#3560,#3561,#3562),
  .UNSPECIFIED.,.F.,.F.,(3,3),(0.,1.),.PIECEWISE_BEZIER_KNOTS.);
#3560 = CARTESIAN_POINT('',(63.88,-5.566299559471,35.609544787078));
#3561 = CARTESIAN_POINT('',(63.88,-5.49684287812,35.443171806167));
#3562 = CARTESIAN_POINT('',(63.88,-5.49684287812,35.238179148311));
#3563 = ORIENTED_EDGE('',*,*,#3564,.T.);
#3564 = EDGE_CURVE('',#3557,#3565,#3567,.T.);
#3565 = VERTEX_POINT('',#3566);
#3566 = CARTESIAN_POINT('',(63.88,-5.5640969163,34.850220264317));
#3567 = B_SPLINE_CURVE_WITH_KNOTS('',2,(#3568,#3569,#3570),
  .UNSPECIFIED.,.F.,.F.,(3,3),(0.,1.),.PIECEWISE_BEZIER_KNOTS.);
#3568 = CARTESIAN_POINT('',(63.88,-5.49684287812,35.238179148311));
#3569 = CARTESIAN_POINT('',(63.88,-5.49684287812,35.019970631424));
#3570 = CARTESIAN_POINT('',(63.88,-5.5640969163,34.850220264317));
#3571 = ORIENTED_EDGE('',*,*,#3572,.T.);
#3572 = EDGE_CURVE('',#3565,#3573,#3575,.T.);
#3573 = VERTEX_POINT('',#3574);
#3574 = CARTESIAN_POINT('',(63.88,-5.742511013216,34.541556534508));
#3575 = B_SPLINE_CURVE_WITH_KNOTS('',2,(#3576,#3577,#3578),
  .UNSPECIFIED.,.F.,.F.,(3,3),(0.,1.),.PIECEWISE_BEZIER_KNOTS.);
#3576 = CARTESIAN_POINT('',(63.88,-5.5640969163,34.850220264317));
#3577 = CARTESIAN_POINT('',(63.88,-5.631204111601,34.68046989721));
#3578 = CARTESIAN_POINT('',(63.88,-5.742511013216,34.541556534508));
#3579 = ORIENTED_EDGE('',*,*,#3580,.T.);
#3580 = EDGE_CURVE('',#3573,#3581,#3583,.T.);
#3581 = VERTEX_POINT('',#3582);
#3582 = CARTESIAN_POINT('',(63.88,-5.999045521292,34.287077826725));
#3583 = B_SPLINE_CURVE_WITH_KNOTS('',2,(#3584,#3585,#3586),
  .UNSPECIFIED.,.F.,.F.,(3,3),(0.,1.),.PIECEWISE_BEZIER_KNOTS.);
#3584 = CARTESIAN_POINT('',(63.88,-5.742511013216,34.541556534508));
#3585 = CARTESIAN_POINT('',(63.88,-5.853671071953,34.402790014684));
#3586 = CARTESIAN_POINT('',(63.88,-5.999045521292,34.287077826725));
#3587 = ORIENTED_EDGE('',*,*,#3588,.T.);
#3588 = EDGE_CURVE('',#3581,#3589,#3591,.T.);
#3589 = VERTEX_POINT('',#3590);
#3590 = CARTESIAN_POINT('',(63.88,-6.30080763583,34.06328928047));
#3591 = B_SPLINE_CURVE_WITH_KNOTS('',2,(#3592,#3593,#3594),
  .UNSPECIFIED.,.F.,.F.,(3,3),(0.,1.),.PIECEWISE_BEZIER_KNOTS.);
#3592 = CARTESIAN_POINT('',(63.88,-5.999045521292,34.287077826725));
#3593 = CARTESIAN_POINT('',(63.88,-6.144419970631,34.171365638767));
#3594 = CARTESIAN_POINT('',(63.88,-6.30080763583,34.06328928047));
#3595 = ORIENTED_EDGE('',*,*,#3596,.T.);
#3596 = EDGE_CURVE('',#3589,#3597,#3599,.T.);
#3597 = VERTEX_POINT('',#3598);
#3598 = CARTESIAN_POINT('',(63.88,-6.504625550661,33.914243759178));
#3599 = B_SPLINE_CURVE_WITH_KNOTS('',2,(#3600,#3601,#3602),
  .UNSPECIFIED.,.F.,.F.,(3,3),(0.,1.),.PIECEWISE_BEZIER_KNOTS.);
#3600 = CARTESIAN_POINT('',(63.88,-6.30080763583,34.06328928047));
#3601 = CARTESIAN_POINT('',(63.88,-6.406534508076,33.98825256975));
#3602 = CARTESIAN_POINT('',(63.88,-6.504625550661,33.914243759178));
#3603 = ORIENTED_EDGE('',*,*,#3604,.T.);
#3604 = EDGE_CURVE('',#3597,#3605,#3607,.T.);
#3605 = VERTEX_POINT('',#3606);
#3606 = CARTESIAN_POINT('',(63.88,-6.677459618209,33.768575624082));
#3607 = B_SPLINE_CURVE_WITH_KNOTS('',2,(#3608,#3609,#3610),
  .UNSPECIFIED.,.F.,.F.,(3,3),(0.,1.),.PIECEWISE_BEZIER_KNOTS.);
#3608 = CARTESIAN_POINT('',(63.88,-6.504625550661,33.914243759178));
#3609 = CARTESIAN_POINT('',(63.88,-6.602569750367,33.840381791483));
#3610 = CARTESIAN_POINT('',(63.88,-6.677459618209,33.768575624082));
#3611 = ORIENTED_EDGE('',*,*,#3612,.T.);
#3612 = EDGE_CURVE('',#3605,#3392,#3613,.T.);
#3613 = B_SPLINE_CURVE_WITH_KNOTS('',2,(#3614,#3615,#3616),
  .UNSPECIFIED.,.F.,.F.,(3,3),(0.,1.),.PIECEWISE_BEZIER_KNOTS.);
#3614 = CARTESIAN_POINT('',(63.88,-6.677459618209,33.768575624082));
#3615 = CARTESIAN_POINT('',(63.88,-6.75234948605,33.696916299559));
#3616 = CARTESIAN_POINT('',(63.88,-6.796402349486,33.628487518355));
#3617 = PLANE('',#3618);
#3618 = AXIS2_PLACEMENT_3D('',#3619,#3620,#3621);
#3619 = CARTESIAN_POINT('',(63.88,-42.74,0.));
#3620 = DIRECTION('',(1.,0.,-0.));
#3621 = DIRECTION('',(0.,0.,1.));
#3622 = ADVANCED_FACE('',(#3623),#3642,.F.);
#3623 = FACE_BOUND('',#3624,.F.);
#3624 = EDGE_LOOP('',(#3625,#3626,#3634,#3641));
#3625 = ORIENTED_EDGE('',*,*,#662,.F.);
#3626 = ORIENTED_EDGE('',*,*,#3627,.F.);
#3627 = EDGE_CURVE('',#3628,#663,#3630,.T.);
#3628 = VERTEX_POINT('',#3629);
#3629 = CARTESIAN_POINT('',(-56.48,-37.34,47.4));
#3630 = LINE('',#3631,#3632);
#3631 = CARTESIAN_POINT('',(-56.48,-37.34,47.4));
#3632 = VECTOR('',#3633,1.);
#3633 = DIRECTION('',(0.,0.,1.));
#3634 = ORIENTED_EDGE('',*,*,#3635,.T.);
#3635 = EDGE_CURVE('',#3628,#3628,#3636,.T.);
#3636 = CIRCLE('',#3637,2.);
#3637 = AXIS2_PLACEMENT_3D('',#3638,#3639,#3640);
#3638 = CARTESIAN_POINT('',(-58.48,-37.34,47.4));
#3639 = DIRECTION('',(0.,0.,1.));
#3640 = DIRECTION('',(1.,0.,-0.));
#3641 = ORIENTED_EDGE('',*,*,#3627,.T.);
#3642 = CYLINDRICAL_SURFACE('',#3643,2.);
#3643 = AXIS2_PLACEMENT_3D('',#3644,#3645,#3646);
#3644 = CARTESIAN_POINT('',(-58.48,-37.34,47.4));
#3645 = DIRECTION('',(0.,0.,1.));
#3646 = DIRECTION('',(1.,0.,-0.));
#3647 = ADVANCED_FACE('',(#3648),#3667,.F.);
#3648 = FACE_BOUND('',#3649,.F.);
#3649 = EDGE_LOOP('',(#3650,#3651,#3659,#3666));
#3650 = ORIENTED_EDGE('',*,*,#673,.F.);
#3651 = ORIENTED_EDGE('',*,*,#3652,.F.);
#3652 = EDGE_CURVE('',#3653,#674,#3655,.T.);
#3653 = VERTEX_POINT('',#3654);
#3654 = CARTESIAN_POINT('',(60.48,-37.34,47.4));
#3655 = LINE('',#3656,#3657);
#3656 = CARTESIAN_POINT('',(60.48,-37.34,47.4));
#3657 = VECTOR('',#3658,1.);
#3658 = DIRECTION('',(0.,0.,1.));
#3659 = ORIENTED_EDGE('',*,*,#3660,.T.);
#3660 = EDGE_CURVE('',#3653,#3653,#3661,.T.);
#3661 = CIRCLE('',#3662,2.);
#3662 = AXIS2_PLACEMENT_3D('',#3663,#3664,#3665);
#3663 = CARTESIAN_POINT('',(58.48,-37.34,47.4));
#3664 = DIRECTION('',(0.,0.,1.));
#3665 = DIRECTION('',(1.,0.,-0.));
#3666 = ORIENTED_EDGE('',*,*,#3652,.T.);
#3667 = CYLINDRICAL_SURFACE('',#3668,2.);
#3668 = AXIS2_PLACEMENT_3D('',#3669,#3670,#3671);
#3669 = CARTESIAN_POINT('',(58.48,-37.34,47.4));
#3670 = DIRECTION('',(0.,0.,1.));
#3671 = DIRECTION('',(1.,0.,-0.));
#3672 = ADVANCED_FACE('',(#3673,#3698,#3732,#3766,#3800,#3834,#3868),
  #3902,.T.);
#3673 = FACE_BOUND('',#3674,.T.);
#3674 = EDGE_LOOP('',(#3675,#3685,#3691,#3692));
#3675 = ORIENTED_EDGE('',*,*,#3676,.F.);
#3676 = EDGE_CURVE('',#3677,#3679,#3681,.T.);
#3677 = VERTEX_POINT('',#3678);
#3678 = CARTESIAN_POINT('',(-56.49002512578,-40.34,2.4));
#3679 = VERTEX_POINT('',#3680);
#3680 = CARTESIAN_POINT('',(56.490025125787,-40.34,2.4));
#3681 = LINE('',#3682,#3683);
#3682 = CARTESIAN_POINT('',(-61.48,-40.34,2.4));
#3683 = VECTOR('',#3684,1.);
#3684 = DIRECTION('',(1.,0.,-0.));
#3685 = ORIENTED_EDGE('',*,*,#3686,.T.);
#3686 = EDGE_CURVE('',#3677,#687,#3687,.T.);
#3687 = LINE('',#3688,#3689);
#3688 = CARTESIAN_POINT('',(-56.49002512578,-40.34,2.4));
#3689 = VECTOR('',#3690,1.);
#3690 = DIRECTION('',(0.,0.,1.));
#3691 = ORIENTED_EDGE('',*,*,#684,.F.);
#3692 = ORIENTED_EDGE('',*,*,#3693,.F.);
#3693 = EDGE_CURVE('',#3679,#685,#3694,.T.);
#3694 = LINE('',#3695,#3696);
#3695 = CARTESIAN_POINT('',(56.490025125787,-40.34,2.4));
#3696 = VECTOR('',#3697,1.);
#3697 = DIRECTION('',(0.,0.,1.));
#3698 = FACE_BOUND('',#3699,.T.);
#3699 = EDGE_LOOP('',(#3700,#3710,#3718,#3726));
#3700 = ORIENTED_EDGE('',*,*,#3701,.F.);
#3701 = EDGE_CURVE('',#3702,#3704,#3706,.T.);
#3702 = VERTEX_POINT('',#3703);
#3703 = CARTESIAN_POINT('',(-52.88,-40.34,34.));
#3704 = VERTEX_POINT('',#3705);
#3705 = CARTESIAN_POINT('',(-50.38,-40.34,34.));
#3706 = LINE('',#3707,#3708);
#3707 = CARTESIAN_POINT('',(-57.18,-40.34,34.));
#3708 = VECTOR('',#3709,1.);
#3709 = DIRECTION('',(1.,0.,-0.));
#3710 = ORIENTED_EDGE('',*,*,#3711,.T.);
#3711 = EDGE_CURVE('',#3702,#3712,#3714,.T.);
#3712 = VERTEX_POINT('',#3713);
#3713 = CARTESIAN_POINT('',(-52.88,-40.34,14.));
#3714 = LINE('',#3715,#3716);
#3715 = CARTESIAN_POINT('',(-52.88,-40.34,8.2));
#3716 = VECTOR('',#3717,1.);
#3717 = DIRECTION('',(-0.,0.,-1.));
#3718 = ORIENTED_EDGE('',*,*,#3719,.T.);
#3719 = EDGE_CURVE('',#3712,#3720,#3722,.T.);
#3720 = VERTEX_POINT('',#3721);
#3721 = CARTESIAN_POINT('',(-50.38,-40.34,14.));
#3722 = LINE('',#3723,#3724);
#3723 = CARTESIAN_POINT('',(-57.18,-40.34,14.));
#3724 = VECTOR('',#3725,1.);
#3725 = DIRECTION('',(1.,0.,-0.));
#3726 = ORIENTED_EDGE('',*,*,#3727,.F.);
#3727 = EDGE_CURVE('',#3704,#3720,#3728,.T.);
#3728 = LINE('',#3729,#3730);
#3729 = CARTESIAN_POINT('',(-50.38,-40.34,8.2));
#3730 = VECTOR('',#3731,1.);
#3731 = DIRECTION('',(-0.,0.,-1.));
#3732 = FACE_BOUND('',#3733,.T.);
#3733 = EDGE_LOOP('',(#3734,#3744,#3752,#3760));
#3734 = ORIENTED_EDGE('',*,*,#3735,.F.);
#3735 = EDGE_CURVE('',#3736,#3738,#3740,.T.);
#3736 = VERTEX_POINT('',#3737);
#3737 = CARTESIAN_POINT('',(-49.15,-40.34,34.));
#3738 = VERTEX_POINT('',#3739);
#3739 = CARTESIAN_POINT('',(-46.65,-40.34,34.));
#3740 = LINE('',#3741,#3742);
#3741 = CARTESIAN_POINT('',(-55.315,-40.34,34.));
#3742 = VECTOR('',#3743,1.);
#3743 = DIRECTION('',(1.,0.,-0.));
#3744 = ORIENTED_EDGE('',*,*,#3745,.T.);
#3745 = EDGE_CURVE('',#3736,#3746,#3748,.T.);
#3746 = VERTEX_POINT('',#3747);
#3747 = CARTESIAN_POINT('',(-49.15,-40.34,14.));
#3748 = LINE('',#3749,#3750);
#3749 = CARTESIAN_POINT('',(-49.15,-40.34,8.2));
#3750 = VECTOR('',#3751,1.);
#3751 = DIRECTION('',(-0.,0.,-1.));
#3752 = ORIENTED_EDGE('',*,*,#3753,.T.);
#3753 = EDGE_CURVE('',#3746,#3754,#3756,.T.);
#3754 = VERTEX_POINT('',#3755);
#3755 = CARTESIAN_POINT('',(-46.65,-40.34,14.));
#3756 = LINE('',#3757,#3758);
#3757 = CARTESIAN_POINT('',(-55.315,-40.34,14.));
#3758 = VECTOR('',#3759,1.);
#3759 = DIRECTION('',(1.,0.,-0.));
#3760 = ORIENTED_EDGE('',*,*,#3761,.F.);
#3761 = EDGE_CURVE('',#3738,#3754,#3762,.T.);
#3762 = LINE('',#3763,#3764);
#3763 = CARTESIAN_POINT('',(-46.65,-40.34,8.2));
#3764 = VECTOR('',#3765,1.);
#3765 = DIRECTION('',(-0.,0.,-1.));
#3766 = FACE_BOUND('',#3767,.T.);
#3767 = EDGE_LOOP('',(#3768,#3778,#3786,#3794));
#3768 = ORIENTED_EDGE('',*,*,#3769,.F.);
#3769 = EDGE_CURVE('',#3770,#3772,#3774,.T.);
#3770 = VERTEX_POINT('',#3771);
#3771 = CARTESIAN_POINT('',(-45.42,-40.34,34.));
#3772 = VERTEX_POINT('',#3773);
#3773 = CARTESIAN_POINT('',(-42.92,-40.34,34.));
#3774 = LINE('',#3775,#3776);
#3775 = CARTESIAN_POINT('',(-53.45,-40.34,34.));
#3776 = VECTOR('',#3777,1.);
#3777 = DIRECTION('',(1.,0.,-0.));
#3778 = ORIENTED_EDGE('',*,*,#3779,.T.);
#3779 = EDGE_CURVE('',#3770,#3780,#3782,.T.);
#3780 = VERTEX_POINT('',#3781);
#3781 = CARTESIAN_POINT('',(-45.42,-40.34,14.));
#3782 = LINE('',#3783,#3784);
#3783 = CARTESIAN_POINT('',(-45.42,-40.34,8.2));
#3784 = VECTOR('',#3785,1.);
#3785 = DIRECTION('',(-0.,0.,-1.));
#3786 = ORIENTED_EDGE('',*,*,#3787,.T.);
#3787 = EDGE_CURVE('',#3780,#3788,#3790,.T.);
#3788 = VERTEX_POINT('',#3789);
#3789 = CARTESIAN_POINT('',(-42.92,-40.34,14.));
#3790 = LINE('',#3791,#3792);
#3791 = CARTESIAN_POINT('',(-53.45,-40.34,14.));
#3792 = VECTOR('',#3793,1.);
#3793 = DIRECTION('',(1.,0.,-0.));
#3794 = ORIENTED_EDGE('',*,*,#3795,.F.);
#3795 = EDGE_CURVE('',#3772,#3788,#3796,.T.);
#3796 = LINE('',#3797,#3798);
#3797 = CARTESIAN_POINT('',(-42.92,-40.34,8.2));
#3798 = VECTOR('',#3799,1.);
#3799 = DIRECTION('',(-0.,0.,-1.));
#3800 = FACE_BOUND('',#3801,.T.);
#3801 = EDGE_LOOP('',(#3802,#3812,#3820,#3828));
#3802 = ORIENTED_EDGE('',*,*,#3803,.F.);
#3803 = EDGE_CURVE('',#3804,#3806,#3808,.T.);
#3804 = VERTEX_POINT('',#3805);
#3805 = CARTESIAN_POINT('',(-41.69,-40.34,34.));
#3806 = VERTEX_POINT('',#3807);
#3807 = CARTESIAN_POINT('',(-39.19,-40.34,34.));
#3808 = LINE('',#3809,#3810);
#3809 = CARTESIAN_POINT('',(-51.585,-40.34,34.));
#3810 = VECTOR('',#3811,1.);
#3811 = DIRECTION('',(1.,0.,-0.));
#3812 = ORIENTED_EDGE('',*,*,#3813,.T.);
#3813 = EDGE_CURVE('',#3804,#3814,#3816,.T.);
#3814 = VERTEX_POINT('',#3815);
#3815 = CARTESIAN_POINT('',(-41.69,-40.34,14.));
#3816 = LINE('',#3817,#3818);
#3817 = CARTESIAN_POINT('',(-41.69,-40.34,8.2));
#3818 = VECTOR('',#3819,1.);
#3819 = DIRECTION('',(-0.,0.,-1.));
#3820 = ORIENTED_EDGE('',*,*,#3821,.T.);
#3821 = EDGE_CURVE('',#3814,#3822,#3824,.T.);
#3822 = VERTEX_POINT('',#3823);
#3823 = CARTESIAN_POINT('',(-39.19,-40.34,14.));
#3824 = LINE('',#3825,#3826);
#3825 = CARTESIAN_POINT('',(-51.585,-40.34,14.));
#3826 = VECTOR('',#3827,1.);
#3827 = DIRECTION('',(1.,0.,-0.));
#3828 = ORIENTED_EDGE('',*,*,#3829,.F.);
#3829 = EDGE_CURVE('',#3806,#3822,#3830,.T.);
#3830 = LINE('',#3831,#3832);
#3831 = CARTESIAN_POINT('',(-39.19,-40.34,8.2));
#3832 = VECTOR('',#3833,1.);
#3833 = DIRECTION('',(-0.,0.,-1.));
#3834 = FACE_BOUND('',#3835,.T.);
#3835 = EDGE_LOOP('',(#3836,#3846,#3854,#3862));
#3836 = ORIENTED_EDGE('',*,*,#3837,.F.);
#3837 = EDGE_CURVE('',#3838,#3840,#3842,.T.);
#3838 = VERTEX_POINT('',#3839);
#3839 = CARTESIAN_POINT('',(-37.96,-40.34,34.));
#3840 = VERTEX_POINT('',#3841);
#3841 = CARTESIAN_POINT('',(-35.46,-40.34,34.));
#3842 = LINE('',#3843,#3844);
#3843 = CARTESIAN_POINT('',(-49.72,-40.34,34.));
#3844 = VECTOR('',#3845,1.);
#3845 = DIRECTION('',(1.,0.,-0.));
#3846 = ORIENTED_EDGE('',*,*,#3847,.T.);
#3847 = EDGE_CURVE('',#3838,#3848,#3850,.T.);
#3848 = VERTEX_POINT('',#3849);
#3849 = CARTESIAN_POINT('',(-37.96,-40.34,14.));
#3850 = LINE('',#3851,#3852);
#3851 = CARTESIAN_POINT('',(-37.96,-40.34,8.2));
#3852 = VECTOR('',#3853,1.);
#3853 = DIRECTION('',(-0.,0.,-1.));
#3854 = ORIENTED_EDGE('',*,*,#3855,.T.);
#3855 = EDGE_CURVE('',#3848,#3856,#3858,.T.);
#3856 = VERTEX_POINT('',#3857);
#3857 = CARTESIAN_POINT('',(-35.46,-40.34,14.));
#3858 = LINE('',#3859,#3860);
#3859 = CARTESIAN_POINT('',(-49.72,-40.34,14.));
#3860 = VECTOR('',#3861,1.);
#3861 = DIRECTION('',(1.,0.,-0.));
#3862 = ORIENTED_EDGE('',*,*,#3863,.F.);
#3863 = EDGE_CURVE('',#3840,#3856,#3864,.T.);
#3864 = LINE('',#3865,#3866);
#3865 = CARTESIAN_POINT('',(-35.46,-40.34,8.2));
#3866 = VECTOR('',#3867,1.);
#3867 = DIRECTION('',(-0.,0.,-1.));
#3868 = FACE_BOUND('',#3869,.T.);
#3869 = EDGE_LOOP('',(#3870,#3880,#3888,#3896));
#3870 = ORIENTED_EDGE('',*,*,#3871,.F.);
#3871 = EDGE_CURVE('',#3872,#3874,#3876,.T.);
#3872 = VERTEX_POINT('',#3873);
#3873 = CARTESIAN_POINT('',(-34.23,-40.34,34.));
#3874 = VERTEX_POINT('',#3875);
#3875 = CARTESIAN_POINT('',(-31.73,-40.34,34.));
#3876 = LINE('',#3877,#3878);
#3877 = CARTESIAN_POINT('',(-47.855,-40.34,34.));
#3878 = VECTOR('',#3879,1.);
#3879 = DIRECTION('',(1.,0.,-0.));
#3880 = ORIENTED_EDGE('',*,*,#3881,.T.);
#3881 = EDGE_CURVE('',#3872,#3882,#3884,.T.);
#3882 = VERTEX_POINT('',#3883);
#3883 = CARTESIAN_POINT('',(-34.23,-40.34,14.));
#3884 = LINE('',#3885,#3886);
#3885 = CARTESIAN_POINT('',(-34.23,-40.34,8.2));
#3886 = VECTOR('',#3887,1.);
#3887 = DIRECTION('',(-0.,0.,-1.));
#3888 = ORIENTED_EDGE('',*,*,#3889,.T.);
#3889 = EDGE_CURVE('',#3882,#3890,#3892,.T.);
#3890 = VERTEX_POINT('',#3891);
#3891 = CARTESIAN_POINT('',(-31.73,-40.34,14.));
#3892 = LINE('',#3893,#3894);
#3893 = CARTESIAN_POINT('',(-47.855,-40.34,14.));
#3894 = VECTOR('',#3895,1.);
#3895 = DIRECTION('',(1.,0.,-0.));
#3896 = ORIENTED_EDGE('',*,*,#3897,.F.);
#3897 = EDGE_CURVE('',#3874,#3890,#3898,.T.);
#3898 = LINE('',#3899,#3900);
#3899 = CARTESIAN_POINT('',(-31.73,-40.34,8.2));
#3900 = VECTOR('',#3901,1.);
#3901 = DIRECTION('',(-0.,0.,-1.));
#3902 = PLANE('',#3903);
#3903 = AXIS2_PLACEMENT_3D('',#3904,#3905,#3906);
#3904 = CARTESIAN_POINT('',(-61.48,-40.34,2.4));
#3905 = DIRECTION('',(-0.,1.,0.));
#3906 = DIRECTION('',(0.,0.,1.));
#3907 = ADVANCED_FACE('',(#3908),#3927,.T.);
#3908 = FACE_BOUND('',#3909,.T.);
#3909 = EDGE_LOOP('',(#3910,#3911,#3919,#3926));
#3910 = ORIENTED_EDGE('',*,*,#763,.F.);
#3911 = ORIENTED_EDGE('',*,*,#3912,.F.);
#3912 = EDGE_CURVE('',#3913,#756,#3915,.T.);
#3913 = VERTEX_POINT('',#3914);
#3914 = CARTESIAN_POINT('',(61.48,-35.35002512578,2.4));
#3915 = LINE('',#3916,#3917);
#3916 = CARTESIAN_POINT('',(61.48,-35.35002512578,2.4));
#3917 = VECTOR('',#3918,1.);
#3918 = DIRECTION('',(0.,0.,1.));
#3919 = ORIENTED_EDGE('',*,*,#3920,.T.);
#3920 = EDGE_CURVE('',#3913,#3679,#3921,.T.);
#3921 = CIRCLE('',#3922,3.6);
#3922 = AXIS2_PLACEMENT_3D('',#3923,#3924,#3925);
#3923 = CARTESIAN_POINT('',(58.48,-37.34,2.4));
#3924 = DIRECTION('',(0.,0.,1.));
#3925 = DIRECTION('',(1.,0.,-0.));
#3926 = ORIENTED_EDGE('',*,*,#3693,.T.);
#3927 = CYLINDRICAL_SURFACE('',#3928,3.6);
#3928 = AXIS2_PLACEMENT_3D('',#3929,#3930,#3931);
#3929 = CARTESIAN_POINT('',(58.48,-37.34,2.4));
#3930 = DIRECTION('',(0.,0.,1.));
#3931 = DIRECTION('',(1.,0.,-0.));
#3932 = ADVANCED_FACE('',(#3933),#3962,.T.);
#3933 = FACE_BOUND('',#3934,.T.);
#3934 = EDGE_LOOP('',(#3935,#3946,#3952,#3953,#3954,#3955));
#3935 = ORIENTED_EDGE('',*,*,#3936,.T.);
#3936 = EDGE_CURVE('',#3937,#3939,#3941,.T.);
#3937 = VERTEX_POINT('',#3938);
#3938 = CARTESIAN_POINT('',(-54.88,-37.34,2.4));
#3939 = VERTEX_POINT('',#3940);
#3940 = CARTESIAN_POINT('',(-61.48,-35.35002512578,2.4));
#3941 = CIRCLE('',#3942,3.6);
#3942 = AXIS2_PLACEMENT_3D('',#3943,#3944,#3945);
#3943 = CARTESIAN_POINT('',(-58.48,-37.34,2.4));
#3944 = DIRECTION('',(0.,0.,1.));
#3945 = DIRECTION('',(1.,0.,-0.));
#3946 = ORIENTED_EDGE('',*,*,#3947,.T.);
#3947 = EDGE_CURVE('',#3939,#704,#3948,.T.);
#3948 = LINE('',#3949,#3950);
#3949 = CARTESIAN_POINT('',(-61.48,-35.35002512578,2.4));
#3950 = VECTOR('',#3951,1.);
#3951 = DIRECTION('',(0.,0.,1.));
#3952 = ORIENTED_EDGE('',*,*,#703,.F.);
#3953 = ORIENTED_EDGE('',*,*,#694,.F.);
#3954 = ORIENTED_EDGE('',*,*,#3686,.F.);
#3955 = ORIENTED_EDGE('',*,*,#3956,.T.);
#3956 = EDGE_CURVE('',#3677,#3937,#3957,.T.);
#3957 = CIRCLE('',#3958,3.6);
#3958 = AXIS2_PLACEMENT_3D('',#3959,#3960,#3961);
#3959 = CARTESIAN_POINT('',(-58.48,-37.34,2.4));
#3960 = DIRECTION('',(0.,0.,1.));
#3961 = DIRECTION('',(1.,0.,-0.));
#3962 = CYLINDRICAL_SURFACE('',#3963,3.6);
#3963 = AXIS2_PLACEMENT_3D('',#3964,#3965,#3966);
#3964 = CARTESIAN_POINT('',(-58.48,-37.34,2.4));
#3965 = DIRECTION('',(0.,0.,1.));
#3966 = DIRECTION('',(1.,0.,-0.));
#3967 = ADVANCED_FACE('',(#3968,#3986),#3997,.F.);
#3968 = FACE_BOUND('',#3969,.F.);
#3969 = EDGE_LOOP('',(#3970,#3971,#3972,#3980));
#3970 = ORIENTED_EDGE('',*,*,#755,.F.);
#3971 = ORIENTED_EDGE('',*,*,#3912,.F.);
#3972 = ORIENTED_EDGE('',*,*,#3973,.T.);
#3973 = EDGE_CURVE('',#3913,#3974,#3976,.T.);
#3974 = VERTEX_POINT('',#3975);
#3975 = CARTESIAN_POINT('',(61.48,35.350025125787,2.4));
#3976 = LINE('',#3977,#3978);
#3977 = CARTESIAN_POINT('',(61.48,-40.34,2.4));
#3978 = VECTOR('',#3979,1.);
#3979 = DIRECTION('',(-0.,1.,0.));
#3980 = ORIENTED_EDGE('',*,*,#3981,.T.);
#3981 = EDGE_CURVE('',#3974,#747,#3982,.T.);
#3982 = LINE('',#3983,#3984);
#3983 = CARTESIAN_POINT('',(61.48,35.350025125787,2.4));
#3984 = VECTOR('',#3985,1.);
#3985 = DIRECTION('',(0.,0.,1.));
#3986 = FACE_BOUND('',#3987,.F.);
#3987 = EDGE_LOOP('',(#3988));
#3988 = ORIENTED_EDGE('',*,*,#3989,.T.);
#3989 = EDGE_CURVE('',#3990,#3990,#3992,.T.);
#3990 = VERTEX_POINT('',#3991);
#3991 = CARTESIAN_POINT('',(61.48,9.797174393179E-16,22.));
#3992 = CIRCLE('',#3993,4.);
#3993 = AXIS2_PLACEMENT_3D('',#3994,#3995,#3996);
#3994 = CARTESIAN_POINT('',(61.48,0.,26.));
#3995 = DIRECTION('',(-1.,0.,0.));
#3996 = DIRECTION('',(0.,0.,-1.));
#3997 = PLANE('',#3998);
#3998 = AXIS2_PLACEMENT_3D('',#3999,#4000,#4001);
#3999 = CARTESIAN_POINT('',(61.48,-40.34,2.4));
#4000 = DIRECTION('',(1.,0.,-0.));
#4001 = DIRECTION('',(0.,0.,1.));
#4002 = ADVANCED_FACE('',(#4003),#4022,.T.);
#4003 = FACE_BOUND('',#4004,.T.);
#4004 = EDGE_LOOP('',(#4005,#4006,#4007,#4015));
#4005 = ORIENTED_EDGE('',*,*,#3981,.T.);
#4006 = ORIENTED_EDGE('',*,*,#746,.F.);
#4007 = ORIENTED_EDGE('',*,*,#4008,.F.);
#4008 = EDGE_CURVE('',#4009,#739,#4011,.T.);
#4009 = VERTEX_POINT('',#4010);
#4010 = CARTESIAN_POINT('',(56.490025125787,40.34,2.4));
#4011 = LINE('',#4012,#4013);
#4012 = CARTESIAN_POINT('',(56.490025125787,40.34,2.4));
#4013 = VECTOR('',#4014,1.);
#4014 = DIRECTION('',(0.,0.,1.));
#4015 = ORIENTED_EDGE('',*,*,#4016,.T.);
#4016 = EDGE_CURVE('',#4009,#3974,#4017,.T.);
#4017 = CIRCLE('',#4018,3.6);
#4018 = AXIS2_PLACEMENT_3D('',#4019,#4020,#4021);
#4019 = CARTESIAN_POINT('',(58.48,37.34,2.4));
#4020 = DIRECTION('',(0.,0.,1.));
#4021 = DIRECTION('',(1.,0.,-0.));
#4022 = CYLINDRICAL_SURFACE('',#4023,3.6);
#4023 = AXIS2_PLACEMENT_3D('',#4024,#4025,#4026);
#4024 = CARTESIAN_POINT('',(58.48,37.34,2.4));
#4025 = DIRECTION('',(0.,0.,1.));
#4026 = DIRECTION('',(1.,0.,-0.));
#4027 = ADVANCED_FACE('',(#4028,#4062),#4068,.T.);
#4028 = FACE_BOUND('',#4029,.T.);
#4029 = EDGE_LOOP('',(#4030,#4031,#4032,#4040,#4048,#4056));
#4030 = ORIENTED_EDGE('',*,*,#712,.F.);
#4031 = ORIENTED_EDGE('',*,*,#3947,.F.);
#4032 = ORIENTED_EDGE('',*,*,#4033,.T.);
#4033 = EDGE_CURVE('',#3939,#4034,#4036,.T.);
#4034 = VERTEX_POINT('',#4035);
#4035 = CARTESIAN_POINT('',(-61.48,-27.5,2.4));
#4036 = LINE('',#4037,#4038);
#4037 = CARTESIAN_POINT('',(-61.48,-40.34,2.4));
#4038 = VECTOR('',#4039,1.);
#4039 = DIRECTION('',(-0.,1.,0.));
#4040 = ORIENTED_EDGE('',*,*,#4041,.T.);
#4041 = EDGE_CURVE('',#4034,#4042,#4044,.T.);
#4042 = VERTEX_POINT('',#4043);
#4043 = CARTESIAN_POINT('',(-61.48,27.5,2.4));
#4044 = LINE('',#4045,#4046);
#4045 = CARTESIAN_POINT('',(-61.48,-40.34,2.4));
#4046 = VECTOR('',#4047,1.);
#4047 = DIRECTION('',(-0.,1.,0.));
#4048 = ORIENTED_EDGE('',*,*,#4049,.T.);
#4049 = EDGE_CURVE('',#4042,#4050,#4052,.T.);
#4050 = VERTEX_POINT('',#4051);
#4051 = CARTESIAN_POINT('',(-61.48,35.350025125787,2.4));
#4052 = LINE('',#4053,#4054);
#4053 = CARTESIAN_POINT('',(-61.48,-40.34,2.4));
#4054 = VECTOR('',#4055,1.);
#4055 = DIRECTION('',(-0.,1.,0.));
#4056 = ORIENTED_EDGE('',*,*,#4057,.T.);
#4057 = EDGE_CURVE('',#4050,#713,#4058,.T.);
#4058 = LINE('',#4059,#4060);
#4059 = CARTESIAN_POINT('',(-61.48,35.350025125787,2.4));
#4060 = VECTOR('',#4061,1.);
#4061 = DIRECTION('',(0.,0.,1.));
#4062 = FACE_BOUND('',#4063,.T.);
#4063 = EDGE_LOOP('',(#4064,#4065,#4066,#4067));
#4064 = ORIENTED_EDGE('',*,*,#918,.T.);
#4065 = ORIENTED_EDGE('',*,*,#966,.T.);
#4066 = ORIENTED_EDGE('',*,*,#983,.F.);
#4067 = ORIENTED_EDGE('',*,*,#942,.F.);
#4068 = PLANE('',#4069);
#4069 = AXIS2_PLACEMENT_3D('',#4070,#4071,#4072);
#4070 = CARTESIAN_POINT('',(-61.48,-40.34,2.4));
#4071 = DIRECTION('',(1.,0.,-0.));
#4072 = DIRECTION('',(0.,0.,1.));
#4073 = ADVANCED_FACE('',(#4074,#4092,#4126,#4160,#4194,#4228,#4262),
  #4296,.F.);
#4074 = FACE_BOUND('',#4075,.F.);
#4075 = EDGE_LOOP('',(#4076,#4084,#4090,#4091));
#4076 = ORIENTED_EDGE('',*,*,#4077,.F.);
#4077 = EDGE_CURVE('',#4078,#4009,#4080,.T.);
#4078 = VERTEX_POINT('',#4079);
#4079 = CARTESIAN_POINT('',(-56.49002512578,40.34,2.4));
#4080 = LINE('',#4081,#4082);
#4081 = CARTESIAN_POINT('',(-61.48,40.34,2.4));
#4082 = VECTOR('',#4083,1.);
#4083 = DIRECTION('',(1.,0.,-0.));
#4084 = ORIENTED_EDGE('',*,*,#4085,.T.);
#4085 = EDGE_CURVE('',#4078,#730,#4086,.T.);
#4086 = LINE('',#4087,#4088);
#4087 = CARTESIAN_POINT('',(-56.49002512578,40.34,2.4));
#4088 = VECTOR('',#4089,1.);
#4089 = DIRECTION('',(0.,0.,1.));
#4090 = ORIENTED_EDGE('',*,*,#738,.F.);
#4091 = ORIENTED_EDGE('',*,*,#4008,.F.);
#4092 = FACE_BOUND('',#4093,.F.);
#4093 = EDGE_LOOP('',(#4094,#4104,#4112,#4120));
#4094 = ORIENTED_EDGE('',*,*,#4095,.F.);
#4095 = EDGE_CURVE('',#4096,#4098,#4100,.T.);
#4096 = VERTEX_POINT('',#4097);
#4097 = CARTESIAN_POINT('',(-52.88,40.34,34.));
#4098 = VERTEX_POINT('',#4099);
#4099 = CARTESIAN_POINT('',(-50.38,40.34,34.));
#4100 = LINE('',#4101,#4102);
#4101 = CARTESIAN_POINT('',(-57.18,40.34,34.));
#4102 = VECTOR('',#4103,1.);
#4103 = DIRECTION('',(1.,0.,-0.));
#4104 = ORIENTED_EDGE('',*,*,#4105,.T.);
#4105 = EDGE_CURVE('',#4096,#4106,#4108,.T.);
#4106 = VERTEX_POINT('',#4107);
#4107 = CARTESIAN_POINT('',(-52.88,40.34,14.));
#4108 = LINE('',#4109,#4110);
#4109 = CARTESIAN_POINT('',(-52.88,40.34,8.2));
#4110 = VECTOR('',#4111,1.);
#4111 = DIRECTION('',(-0.,0.,-1.));
#4112 = ORIENTED_EDGE('',*,*,#4113,.T.);
#4113 = EDGE_CURVE('',#4106,#4114,#4116,.T.);
#4114 = VERTEX_POINT('',#4115);
#4115 = CARTESIAN_POINT('',(-50.38,40.34,14.));
#4116 = LINE('',#4117,#4118);
#4117 = CARTESIAN_POINT('',(-57.18,40.34,14.));
#4118 = VECTOR('',#4119,1.);
#4119 = DIRECTION('',(1.,0.,-0.));
#4120 = ORIENTED_EDGE('',*,*,#4121,.F.);
#4121 = EDGE_CURVE('',#4098,#4114,#4122,.T.);
#4122 = LINE('',#4123,#4124);
#4123 = CARTESIAN_POINT('',(-50.38,40.34,8.2));
#4124 = VECTOR('',#4125,1.);
#4125 = DIRECTION('',(-0.,0.,-1.));
#4126 = FACE_BOUND('',#4127,.F.);
#4127 = EDGE_LOOP('',(#4128,#4138,#4146,#4154));
#4128 = ORIENTED_EDGE('',*,*,#4129,.F.);
#4129 = EDGE_CURVE('',#4130,#4132,#4134,.T.);
#4130 = VERTEX_POINT('',#4131);
#4131 = CARTESIAN_POINT('',(-49.15,40.34,34.));
#4132 = VERTEX_POINT('',#4133);
#4133 = CARTESIAN_POINT('',(-46.65,40.34,34.));
#4134 = LINE('',#4135,#4136);
#4135 = CARTESIAN_POINT('',(-55.315,40.34,34.));
#4136 = VECTOR('',#4137,1.);
#4137 = DIRECTION('',(1.,0.,-0.));
#4138 = ORIENTED_EDGE('',*,*,#4139,.T.);
#4139 = EDGE_CURVE('',#4130,#4140,#4142,.T.);
#4140 = VERTEX_POINT('',#4141);
#4141 = CARTESIAN_POINT('',(-49.15,40.34,14.));
#4142 = LINE('',#4143,#4144);
#4143 = CARTESIAN_POINT('',(-49.15,40.34,8.2));
#4144 = VECTOR('',#4145,1.);
#4145 = DIRECTION('',(-0.,0.,-1.));
#4146 = ORIENTED_EDGE('',*,*,#4147,.T.);
#4147 = EDGE_CURVE('',#4140,#4148,#4150,.T.);
#4148 = VERTEX_POINT('',#4149);
#4149 = CARTESIAN_POINT('',(-46.65,40.34,14.));
#4150 = LINE('',#4151,#4152);
#4151 = CARTESIAN_POINT('',(-55.315,40.34,14.));
#4152 = VECTOR('',#4153,1.);
#4153 = DIRECTION('',(1.,0.,-0.));
#4154 = ORIENTED_EDGE('',*,*,#4155,.F.);
#4155 = EDGE_CURVE('',#4132,#4148,#4156,.T.);
#4156 = LINE('',#4157,#4158);
#4157 = CARTESIAN_POINT('',(-46.65,40.34,8.2));
#4158 = VECTOR('',#4159,1.);
#4159 = DIRECTION('',(-0.,0.,-1.));
#4160 = FACE_BOUND('',#4161,.F.);
#4161 = EDGE_LOOP('',(#4162,#4172,#4180,#4188));
#4162 = ORIENTED_EDGE('',*,*,#4163,.F.);
#4163 = EDGE_CURVE('',#4164,#4166,#4168,.T.);
#4164 = VERTEX_POINT('',#4165);
#4165 = CARTESIAN_POINT('',(-45.42,40.34,34.));
#4166 = VERTEX_POINT('',#4167);
#4167 = CARTESIAN_POINT('',(-42.92,40.34,34.));
#4168 = LINE('',#4169,#4170);
#4169 = CARTESIAN_POINT('',(-53.45,40.34,34.));
#4170 = VECTOR('',#4171,1.);
#4171 = DIRECTION('',(1.,0.,-0.));
#4172 = ORIENTED_EDGE('',*,*,#4173,.T.);
#4173 = EDGE_CURVE('',#4164,#4174,#4176,.T.);
#4174 = VERTEX_POINT('',#4175);
#4175 = CARTESIAN_POINT('',(-45.42,40.34,14.));
#4176 = LINE('',#4177,#4178);
#4177 = CARTESIAN_POINT('',(-45.42,40.34,8.2));
#4178 = VECTOR('',#4179,1.);
#4179 = DIRECTION('',(-0.,0.,-1.));
#4180 = ORIENTED_EDGE('',*,*,#4181,.T.);
#4181 = EDGE_CURVE('',#4174,#4182,#4184,.T.);
#4182 = VERTEX_POINT('',#4183);
#4183 = CARTESIAN_POINT('',(-42.92,40.34,14.));
#4184 = LINE('',#4185,#4186);
#4185 = CARTESIAN_POINT('',(-53.45,40.34,14.));
#4186 = VECTOR('',#4187,1.);
#4187 = DIRECTION('',(1.,0.,-0.));
#4188 = ORIENTED_EDGE('',*,*,#4189,.F.);
#4189 = EDGE_CURVE('',#4166,#4182,#4190,.T.);
#4190 = LINE('',#4191,#4192);
#4191 = CARTESIAN_POINT('',(-42.92,40.34,8.2));
#4192 = VECTOR('',#4193,1.);
#4193 = DIRECTION('',(-0.,0.,-1.));
#4194 = FACE_BOUND('',#4195,.F.);
#4195 = EDGE_LOOP('',(#4196,#4206,#4214,#4222));
#4196 = ORIENTED_EDGE('',*,*,#4197,.F.);
#4197 = EDGE_CURVE('',#4198,#4200,#4202,.T.);
#4198 = VERTEX_POINT('',#4199);
#4199 = CARTESIAN_POINT('',(-41.69,40.34,34.));
#4200 = VERTEX_POINT('',#4201);
#4201 = CARTESIAN_POINT('',(-39.19,40.34,34.));
#4202 = LINE('',#4203,#4204);
#4203 = CARTESIAN_POINT('',(-51.585,40.34,34.));
#4204 = VECTOR('',#4205,1.);
#4205 = DIRECTION('',(1.,0.,-0.));
#4206 = ORIENTED_EDGE('',*,*,#4207,.T.);
#4207 = EDGE_CURVE('',#4198,#4208,#4210,.T.);
#4208 = VERTEX_POINT('',#4209);
#4209 = CARTESIAN_POINT('',(-41.69,40.34,14.));
#4210 = LINE('',#4211,#4212);
#4211 = CARTESIAN_POINT('',(-41.69,40.34,8.2));
#4212 = VECTOR('',#4213,1.);
#4213 = DIRECTION('',(-0.,0.,-1.));
#4214 = ORIENTED_EDGE('',*,*,#4215,.T.);
#4215 = EDGE_CURVE('',#4208,#4216,#4218,.T.);
#4216 = VERTEX_POINT('',#4217);
#4217 = CARTESIAN_POINT('',(-39.19,40.34,14.));
#4218 = LINE('',#4219,#4220);
#4219 = CARTESIAN_POINT('',(-51.585,40.34,14.));
#4220 = VECTOR('',#4221,1.);
#4221 = DIRECTION('',(1.,0.,-0.));
#4222 = ORIENTED_EDGE('',*,*,#4223,.F.);
#4223 = EDGE_CURVE('',#4200,#4216,#4224,.T.);
#4224 = LINE('',#4225,#4226);
#4225 = CARTESIAN_POINT('',(-39.19,40.34,8.2));
#4226 = VECTOR('',#4227,1.);
#4227 = DIRECTION('',(-0.,0.,-1.));
#4228 = FACE_BOUND('',#4229,.F.);
#4229 = EDGE_LOOP('',(#4230,#4240,#4248,#4256));
#4230 = ORIENTED_EDGE('',*,*,#4231,.F.);
#4231 = EDGE_CURVE('',#4232,#4234,#4236,.T.);
#4232 = VERTEX_POINT('',#4233);
#4233 = CARTESIAN_POINT('',(-37.96,40.34,34.));
#4234 = VERTEX_POINT('',#4235);
#4235 = CARTESIAN_POINT('',(-35.46,40.34,34.));
#4236 = LINE('',#4237,#4238);
#4237 = CARTESIAN_POINT('',(-49.72,40.34,34.));
#4238 = VECTOR('',#4239,1.);
#4239 = DIRECTION('',(1.,0.,-0.));
#4240 = ORIENTED_EDGE('',*,*,#4241,.T.);
#4241 = EDGE_CURVE('',#4232,#4242,#4244,.T.);
#4242 = VERTEX_POINT('',#4243);
#4243 = CARTESIAN_POINT('',(-37.96,40.34,14.));
#4244 = LINE('',#4245,#4246);
#4245 = CARTESIAN_POINT('',(-37.96,40.34,8.2));
#4246 = VECTOR('',#4247,1.);
#4247 = DIRECTION('',(-0.,0.,-1.));
#4248 = ORIENTED_EDGE('',*,*,#4249,.T.);
#4249 = EDGE_CURVE('',#4242,#4250,#4252,.T.);
#4250 = VERTEX_POINT('',#4251);
#4251 = CARTESIAN_POINT('',(-35.46,40.34,14.));
#4252 = LINE('',#4253,#4254);
#4253 = CARTESIAN_POINT('',(-49.72,40.34,14.));
#4254 = VECTOR('',#4255,1.);
#4255 = DIRECTION('',(1.,0.,-0.));
#4256 = ORIENTED_EDGE('',*,*,#4257,.F.);
#4257 = EDGE_CURVE('',#4234,#4250,#4258,.T.);
#4258 = LINE('',#4259,#4260);
#4259 = CARTESIAN_POINT('',(-35.46,40.34,8.2));
#4260 = VECTOR('',#4261,1.);
#4261 = DIRECTION('',(-0.,0.,-1.));
#4262 = FACE_BOUND('',#4263,.F.);
#4263 = EDGE_LOOP('',(#4264,#4274,#4282,#4290));
#4264 = ORIENTED_EDGE('',*,*,#4265,.F.);
#4265 = EDGE_CURVE('',#4266,#4268,#4270,.T.);
#4266 = VERTEX_POINT('',#4267);
#4267 = CARTESIAN_POINT('',(-34.23,40.34,34.));
#4268 = VERTEX_POINT('',#4269);
#4269 = CARTESIAN_POINT('',(-31.73,40.34,34.));
#4270 = LINE('',#4271,#4272);
#4271 = CARTESIAN_POINT('',(-47.855,40.34,34.));
#4272 = VECTOR('',#4273,1.);
#4273 = DIRECTION('',(1.,0.,-0.));
#4274 = ORIENTED_EDGE('',*,*,#4275,.T.);
#4275 = EDGE_CURVE('',#4266,#4276,#4278,.T.);
#4276 = VERTEX_POINT('',#4277);
#4277 = CARTESIAN_POINT('',(-34.23,40.34,14.));
#4278 = LINE('',#4279,#4280);
#4279 = CARTESIAN_POINT('',(-34.23,40.34,8.2));
#4280 = VECTOR('',#4281,1.);
#4281 = DIRECTION('',(-0.,0.,-1.));
#4282 = ORIENTED_EDGE('',*,*,#4283,.T.);
#4283 = EDGE_CURVE('',#4276,#4284,#4286,.T.);
#4284 = VERTEX_POINT('',#4285);
#4285 = CARTESIAN_POINT('',(-31.73,40.34,14.));
#4286 = LINE('',#4287,#4288);
#4287 = CARTESIAN_POINT('',(-47.855,40.34,14.));
#4288 = VECTOR('',#4289,1.);
#4289 = DIRECTION('',(1.,0.,-0.));
#4290 = ORIENTED_EDGE('',*,*,#4291,.F.);
#4291 = EDGE_CURVE('',#4268,#4284,#4292,.T.);
#4292 = LINE('',#4293,#4294);
#4293 = CARTESIAN_POINT('',(-31.73,40.34,8.2));
#4294 = VECTOR('',#4295,1.);
#4295 = DIRECTION('',(-0.,0.,-1.));
#4296 = PLANE('',#4297);
#4297 = AXIS2_PLACEMENT_3D('',#4298,#4299,#4300);
#4298 = CARTESIAN_POINT('',(-61.48,40.34,2.4));
#4299 = DIRECTION('',(-0.,1.,0.));
#4300 = DIRECTION('',(0.,0.,1.));
#4301 = ADVANCED_FACE('',(#4302),#4324,.T.);
#4302 = FACE_BOUND('',#4303,.T.);
#4303 = EDGE_LOOP('',(#4304,#4305,#4306,#4315,#4322,#4323));
#4304 = ORIENTED_EDGE('',*,*,#720,.F.);
#4305 = ORIENTED_EDGE('',*,*,#4057,.F.);
#4306 = ORIENTED_EDGE('',*,*,#4307,.T.);
#4307 = EDGE_CURVE('',#4050,#4308,#4310,.T.);
#4308 = VERTEX_POINT('',#4309);
#4309 = CARTESIAN_POINT('',(-54.88,37.34,2.4));
#4310 = CIRCLE('',#4311,3.6);
#4311 = AXIS2_PLACEMENT_3D('',#4312,#4313,#4314);
#4312 = CARTESIAN_POINT('',(-58.48,37.34,2.4));
#4313 = DIRECTION('',(0.,0.,1.));
#4314 = DIRECTION('',(1.,0.,-0.));
#4315 = ORIENTED_EDGE('',*,*,#4316,.T.);
#4316 = EDGE_CURVE('',#4308,#4078,#4317,.T.);
#4317 = CIRCLE('',#4318,3.6);
#4318 = AXIS2_PLACEMENT_3D('',#4319,#4320,#4321);
#4319 = CARTESIAN_POINT('',(-58.48,37.34,2.4));
#4320 = DIRECTION('',(0.,0.,1.));
#4321 = DIRECTION('',(1.,0.,-0.));
#4322 = ORIENTED_EDGE('',*,*,#4085,.T.);
#4323 = ORIENTED_EDGE('',*,*,#729,.F.);
#4324 = CYLINDRICAL_SURFACE('',#4325,3.6);
#4325 = AXIS2_PLACEMENT_3D('',#4326,#4327,#4328);
#4326 = CARTESIAN_POINT('',(-58.48,37.34,2.4));
#4327 = DIRECTION('',(0.,0.,1.));
#4328 = DIRECTION('',(1.,0.,-0.));
#4329 = ADVANCED_FACE('',(#4330),#4349,.F.);
#4330 = FACE_BOUND('',#4331,.F.);
#4331 = EDGE_LOOP('',(#4332,#4333,#4341,#4348));
#4332 = ORIENTED_EDGE('',*,*,#772,.F.);
#4333 = ORIENTED_EDGE('',*,*,#4334,.F.);
#4334 = EDGE_CURVE('',#4335,#773,#4337,.T.);
#4335 = VERTEX_POINT('',#4336);
#4336 = CARTESIAN_POINT('',(-56.48,37.34,47.4));
#4337 = LINE('',#4338,#4339);
#4338 = CARTESIAN_POINT('',(-56.48,37.34,47.4));
#4339 = VECTOR('',#4340,1.);
#4340 = DIRECTION('',(0.,0.,1.));
#4341 = ORIENTED_EDGE('',*,*,#4342,.T.);
#4342 = EDGE_CURVE('',#4335,#4335,#4343,.T.);
#4343 = CIRCLE('',#4344,2.);
#4344 = AXIS2_PLACEMENT_3D('',#4345,#4346,#4347);
#4345 = CARTESIAN_POINT('',(-58.48,37.34,47.4));
#4346 = DIRECTION('',(0.,0.,1.));
#4347 = DIRECTION('',(1.,0.,-0.));
#4348 = ORIENTED_EDGE('',*,*,#4334,.T.);
#4349 = CYLINDRICAL_SURFACE('',#4350,2.);
#4350 = AXIS2_PLACEMENT_3D('',#4351,#4352,#4353);
#4351 = CARTESIAN_POINT('',(-58.48,37.34,47.4));
#4352 = DIRECTION('',(0.,0.,1.));
#4353 = DIRECTION('',(1.,0.,-0.));
#4354 = ADVANCED_FACE('',(#4355),#4374,.F.);
#4355 = FACE_BOUND('',#4356,.F.);
#4356 = EDGE_LOOP('',(#4357,#4358,#4366,#4373));
#4357 = ORIENTED_EDGE('',*,*,#783,.F.);
#4358 = ORIENTED_EDGE('',*,*,#4359,.F.);
#4359 = EDGE_CURVE('',#4360,#784,#4362,.T.);
#4360 = VERTEX_POINT('',#4361);
#4361 = CARTESIAN_POINT('',(60.48,37.34,47.4));
#4362 = LINE('',#4363,#4364);
#4363 = CARTESIAN_POINT('',(60.48,37.34,47.4));
#4364 = VECTOR('',#4365,1.);
#4365 = DIRECTION('',(0.,0.,1.));
#4366 = ORIENTED_EDGE('',*,*,#4367,.T.);
#4367 = EDGE_CURVE('',#4360,#4360,#4368,.T.);
#4368 = CIRCLE('',#4369,2.);
#4369 = AXIS2_PLACEMENT_3D('',#4370,#4371,#4372);
#4370 = CARTESIAN_POINT('',(58.48,37.34,47.4));
#4371 = DIRECTION('',(0.,0.,1.));
#4372 = DIRECTION('',(1.,0.,-0.));
#4373 = ORIENTED_EDGE('',*,*,#4359,.T.);
#4374 = CYLINDRICAL_SURFACE('',#4375,2.);
#4375 = AXIS2_PLACEMENT_3D('',#4376,#4377,#4378);
#4376 = CARTESIAN_POINT('',(58.48,37.34,47.4));
#4377 = DIRECTION('',(0.,0.,1.));
#4378 = DIRECTION('',(1.,0.,-0.));
#4379 = ADVANCED_FACE('',(#4380),#4392,.T.);
#4380 = FACE_BOUND('',#4381,.F.);
#4381 = EDGE_LOOP('',(#4382,#4383,#4384,#4385,#4386,#4387,#4388,#4389,
    #4390,#4391));
#4382 = ORIENTED_EDGE('',*,*,#1004,.T.);
#4383 = ORIENTED_EDGE('',*,*,#1029,.T.);
#4384 = ORIENTED_EDGE('',*,*,#1054,.T.);
#4385 = ORIENTED_EDGE('',*,*,#1076,.T.);
#4386 = ORIENTED_EDGE('',*,*,#1098,.T.);
#4387 = ORIENTED_EDGE('',*,*,#1120,.T.);
#4388 = ORIENTED_EDGE('',*,*,#1145,.T.);
#4389 = ORIENTED_EDGE('',*,*,#1170,.T.);
#4390 = ORIENTED_EDGE('',*,*,#1192,.T.);
#4391 = ORIENTED_EDGE('',*,*,#1214,.T.);
#4392 = B_SPLINE_SURFACE_WITH_KNOTS('',1,1,(
    (#4393,#4394)
    ,(#4395,#4396
    )),.UNSPECIFIED.,.F.,.F.,.F.,(2,2),(2,2),(-1.305072513308,
    1.307262288454),(-1.69235194891,1.521744967389),
  .PIECEWISE_BEZIER_KNOTS.);
#4393 = CARTESIAN_POINT('',(-63.28,19.099412628488,27.164757709251));
#4394 = CARTESIAN_POINT('',(-63.28,19.099412628488,30.378854625551));
#4395 = CARTESIAN_POINT('',(-63.28,16.487077826725,27.164757709251));
#4396 = CARTESIAN_POINT('',(-63.28,16.487077826725,30.378854625551));
#4397 = ADVANCED_FACE('',(#4398),#4442,.T.);
#4398 = FACE_BOUND('',#4399,.F.);
#4399 = EDGE_LOOP('',(#4400,#4401,#4402,#4403,#4404,#4405,#4406,#4407,
    #4408,#4409,#4410,#4411,#4412,#4413,#4414,#4415,#4416,#4417,#4418,
    #4419,#4420,#4421,#4422,#4423,#4424,#4425,#4426,#4427,#4428,#4429,
    #4430,#4431,#4432,#4433,#4434,#4435,#4436,#4437,#4438,#4439,#4440,
    #4441));
#4400 = ORIENTED_EDGE('',*,*,#1236,.T.);
#4401 = ORIENTED_EDGE('',*,*,#1258,.T.);
#4402 = ORIENTED_EDGE('',*,*,#1283,.T.);
#4403 = ORIENTED_EDGE('',*,*,#1308,.T.);
#4404 = ORIENTED_EDGE('',*,*,#1333,.T.);
#4405 = ORIENTED_EDGE('',*,*,#1358,.T.);
#4406 = ORIENTED_EDGE('',*,*,#1383,.T.);
#4407 = ORIENTED_EDGE('',*,*,#1408,.T.);
#4408 = ORIENTED_EDGE('',*,*,#1433,.T.);
#4409 = ORIENTED_EDGE('',*,*,#1458,.T.);
#4410 = ORIENTED_EDGE('',*,*,#1483,.T.);
#4411 = ORIENTED_EDGE('',*,*,#1508,.T.);
#4412 = ORIENTED_EDGE('',*,*,#1533,.T.);
#4413 = ORIENTED_EDGE('',*,*,#1558,.T.);
#4414 = ORIENTED_EDGE('',*,*,#1583,.T.);
#4415 = ORIENTED_EDGE('',*,*,#1608,.T.);
#4416 = ORIENTED_EDGE('',*,*,#1633,.T.);
#4417 = ORIENTED_EDGE('',*,*,#1658,.T.);
#4418 = ORIENTED_EDGE('',*,*,#1683,.T.);
#4419 = ORIENTED_EDGE('',*,*,#1708,.T.);
#4420 = ORIENTED_EDGE('',*,*,#1730,.T.);
#4421 = ORIENTED_EDGE('',*,*,#1755,.T.);
#4422 = ORIENTED_EDGE('',*,*,#1780,.T.);
#4423 = ORIENTED_EDGE('',*,*,#1805,.T.);
#4424 = ORIENTED_EDGE('',*,*,#1830,.T.);
#4425 = ORIENTED_EDGE('',*,*,#1855,.T.);
#4426 = ORIENTED_EDGE('',*,*,#1880,.T.);
#4427 = ORIENTED_EDGE('',*,*,#1905,.T.);
#4428 = ORIENTED_EDGE('',*,*,#1930,.T.);
#4429 = ORIENTED_EDGE('',*,*,#1955,.T.);
#4430 = ORIENTED_EDGE('',*,*,#1980,.T.);
#4431 = ORIENTED_EDGE('',*,*,#2005,.T.);
#4432 = ORIENTED_EDGE('',*,*,#2030,.T.);
#4433 = ORIENTED_EDGE('',*,*,#2055,.T.);
#4434 = ORIENTED_EDGE('',*,*,#2080,.T.);
#4435 = ORIENTED_EDGE('',*,*,#2105,.T.);
#4436 = ORIENTED_EDGE('',*,*,#2130,.T.);
#4437 = ORIENTED_EDGE('',*,*,#2155,.T.);
#4438 = ORIENTED_EDGE('',*,*,#2180,.T.);
#4439 = ORIENTED_EDGE('',*,*,#2205,.T.);
#4440 = ORIENTED_EDGE('',*,*,#2230,.T.);
#4441 = ORIENTED_EDGE('',*,*,#2255,.T.);
#4442 = B_SPLINE_SURFACE_WITH_KNOTS('',1,1,(
    (#4443,#4444)
    ,(#4445,#4446
    )),.UNSPECIFIED.,.F.,.F.,.F.,(2,2),(2,2),(-1.055758327582,
    1.111642553475),(-1.611619190904,1.658865390594),
  .PIECEWISE_BEZIER_KNOTS.);
#4443 = CARTESIAN_POINT('',(-63.28,15.959471365639,27.164757709251));
#4444 = CARTESIAN_POINT('',(-63.28,15.959471365639,30.435242290749));
#4445 = CARTESIAN_POINT('',(-63.28,13.792070484581,27.164757709251));
#4446 = CARTESIAN_POINT('',(-63.28,13.792070484581,30.435242290749));
#4447 = ADVANCED_FACE('',(#4448,#4462,#4517),#4564,.T.);
#4448 = FACE_BOUND('',#4449,.F.);
#4449 = EDGE_LOOP('',(#4450,#4451,#4452,#4453,#4454,#4455,#4456,#4457,
    #4458,#4459,#4460,#4461));
#4450 = ORIENTED_EDGE('',*,*,#2280,.T.);
#4451 = ORIENTED_EDGE('',*,*,#2302,.T.);
#4452 = ORIENTED_EDGE('',*,*,#2324,.T.);
#4453 = ORIENTED_EDGE('',*,*,#2349,.T.);
#4454 = ORIENTED_EDGE('',*,*,#2374,.T.);
#4455 = ORIENTED_EDGE('',*,*,#2399,.T.);
#4456 = ORIENTED_EDGE('',*,*,#2424,.T.);
#4457 = ORIENTED_EDGE('',*,*,#2446,.T.);
#4458 = ORIENTED_EDGE('',*,*,#2471,.T.);
#4459 = ORIENTED_EDGE('',*,*,#2496,.T.);
#4460 = ORIENTED_EDGE('',*,*,#2521,.T.);
#4461 = ORIENTED_EDGE('',*,*,#2546,.T.);
#4462 = FACE_BOUND('',#4463,.F.);
#4463 = EDGE_LOOP('',(#4464,#4473,#4480,#4488,#4496,#4504,#4512));
#4464 = ORIENTED_EDGE('',*,*,#4465,.T.);
#4465 = EDGE_CURVE('',#4466,#4468,#4470,.T.);
#4466 = VERTEX_POINT('',#4467);
#4467 = CARTESIAN_POINT('',(-63.28,12.561380323054,28.581497797357));
#4468 = VERTEX_POINT('',#4469);
#4469 = CARTESIAN_POINT('',(-63.28,12.561380323054,27.745374449339));
#4470 = B_SPLINE_CURVE_WITH_KNOTS('',1,(#4471,#4472),.UNSPECIFIED.,.F.,
  .F.,(2,2),(0.,0.836123348018),.PIECEWISE_BEZIER_KNOTS.);
#4471 = CARTESIAN_POINT('',(-63.28,12.561380323054,28.581497797357));
#4472 = CARTESIAN_POINT('',(-63.28,12.561380323054,27.745374449339));
#4473 = ORIENTED_EDGE('',*,*,#4474,.T.);
#4474 = EDGE_CURVE('',#4468,#4475,#4477,.T.);
#4475 = VERTEX_POINT('',#4476);
#4476 = CARTESIAN_POINT('',(-63.28,12.175917767988,27.745374449339));
#4477 = B_SPLINE_CURVE_WITH_KNOTS('',1,(#4478,#4479),.UNSPECIFIED.,.F.,
  .F.,(2,2),(0.,0.385462555066),.PIECEWISE_BEZIER_KNOTS.);
#4478 = CARTESIAN_POINT('',(-63.28,12.561380323054,27.745374449339));
#4479 = CARTESIAN_POINT('',(-63.28,12.175917767988,27.745374449339));
#4480 = ORIENTED_EDGE('',*,*,#4481,.T.);
#4481 = EDGE_CURVE('',#4475,#4482,#4484,.T.);
#4482 = VERTEX_POINT('',#4483);
#4483 = CARTESIAN_POINT('',(-63.28,11.789427312775,27.860352422907));
#4484 = B_SPLINE_CURVE_WITH_KNOTS('',2,(#4485,#4486,#4487),
  .UNSPECIFIED.,.F.,.F.,(3,3),(0.,1.),.PIECEWISE_BEZIER_KNOTS.);
#4485 = CARTESIAN_POINT('',(-63.28,12.175917767988,27.745374449339));
#4486 = CARTESIAN_POINT('',(-63.28,11.929221732746,27.745374449339));
#4487 = CARTESIAN_POINT('',(-63.28,11.789427312775,27.860352422907));
#4488 = ORIENTED_EDGE('',*,*,#4489,.T.);
#4489 = EDGE_CURVE('',#4482,#4490,#4492,.T.);
#4490 = VERTEX_POINT('',#4491);
#4491 = CARTESIAN_POINT('',(-63.28,11.649486049927,28.174449339207));
#4492 = B_SPLINE_CURVE_WITH_KNOTS('',2,(#4493,#4494,#4495),
  .UNSPECIFIED.,.F.,.F.,(3,3),(0.,1.),.PIECEWISE_BEZIER_KNOTS.);
#4493 = CARTESIAN_POINT('',(-63.28,11.789427312775,27.860352422907));
#4494 = CARTESIAN_POINT('',(-63.28,11.649486049927,27.975477239354));
#4495 = CARTESIAN_POINT('',(-63.28,11.649486049927,28.174449339207));
#4496 = ORIENTED_EDGE('',*,*,#4497,.T.);
#4497 = EDGE_CURVE('',#4490,#4498,#4500,.T.);
#4498 = VERTEX_POINT('',#4499);
#4499 = CARTESIAN_POINT('',(-63.28,11.787224669604,28.473127753304));
#4500 = B_SPLINE_CURVE_WITH_KNOTS('',2,(#4501,#4502,#4503),
  .UNSPECIFIED.,.F.,.F.,(3,3),(0.,1.),.PIECEWISE_BEZIER_KNOTS.);
#4501 = CARTESIAN_POINT('',(-63.28,11.649486049927,28.174449339207));
#4502 = CARTESIAN_POINT('',(-63.28,11.649486049927,28.364757709251));
#4503 = CARTESIAN_POINT('',(-63.28,11.787224669604,28.473127753304));
#4504 = ORIENTED_EDGE('',*,*,#4505,.T.);
#4505 = EDGE_CURVE('',#4498,#4506,#4508,.T.);
#4506 = VERTEX_POINT('',#4507);
#4507 = CARTESIAN_POINT('',(-63.28,12.171512481645,28.581497797357));
#4508 = B_SPLINE_CURVE_WITH_KNOTS('',2,(#4509,#4510,#4511),
  .UNSPECIFIED.,.F.,.F.,(3,3),(0.,1.),.PIECEWISE_BEZIER_KNOTS.);
#4509 = CARTESIAN_POINT('',(-63.28,11.787224669604,28.473127753304));
#4510 = CARTESIAN_POINT('',(-63.28,11.924816446402,28.581497797357));
#4511 = CARTESIAN_POINT('',(-63.28,12.171512481645,28.581497797357));
#4512 = ORIENTED_EDGE('',*,*,#4513,.T.);
#4513 = EDGE_CURVE('',#4506,#4466,#4514,.T.);
#4514 = B_SPLINE_CURVE_WITH_KNOTS('',1,(#4515,#4516),.UNSPECIFIED.,.F.,
  .F.,(2,2),(0.,0.38986784141),.PIECEWISE_BEZIER_KNOTS.);
#4515 = CARTESIAN_POINT('',(-63.28,12.171512481645,28.581497797357));
#4516 = CARTESIAN_POINT('',(-63.28,12.561380323054,28.581497797357));
#4517 = FACE_BOUND('',#4518,.F.);
#4518 = EDGE_LOOP('',(#4519,#4528,#4535,#4543,#4551,#4559));
#4519 = ORIENTED_EDGE('',*,*,#4520,.T.);
#4520 = EDGE_CURVE('',#4521,#4523,#4525,.T.);
#4521 = VERTEX_POINT('',#4522);
#4522 = CARTESIAN_POINT('',(-63.28,12.561380323054,29.854625550661));
#4523 = VERTEX_POINT('',#4524);
#4524 = CARTESIAN_POINT('',(-63.28,12.561380323054,29.11013215859));
#4525 = B_SPLINE_CURVE_WITH_KNOTS('',1,(#4526,#4527),.UNSPECIFIED.,.F.,
  .F.,(2,2),(0.,0.74449339207),.PIECEWISE_BEZIER_KNOTS.);
#4526 = CARTESIAN_POINT('',(-63.28,12.561380323054,29.854625550661));
#4527 = CARTESIAN_POINT('',(-63.28,12.561380323054,29.11013215859));
#4528 = ORIENTED_EDGE('',*,*,#4529,.T.);
#4529 = EDGE_CURVE('',#4523,#4530,#4532,.T.);
#4530 = VERTEX_POINT('',#4531);
#4531 = CARTESIAN_POINT('',(-63.28,12.248604992658,29.11013215859));
#4532 = B_SPLINE_CURVE_WITH_KNOTS('',1,(#4533,#4534),.UNSPECIFIED.,.F.,
  .F.,(2,2),(0.,0.312775330396),.PIECEWISE_BEZIER_KNOTS.);
#4533 = CARTESIAN_POINT('',(-63.28,12.561380323054,29.11013215859));
#4534 = CARTESIAN_POINT('',(-63.28,12.248604992658,29.11013215859));
#4535 = ORIENTED_EDGE('',*,*,#4536,.T.);
#4536 = EDGE_CURVE('',#4530,#4537,#4539,.T.);
#4537 = VERTEX_POINT('',#4538);
#4538 = CARTESIAN_POINT('',(-63.28,11.901762114537,29.216299559471));
#4539 = B_SPLINE_CURVE_WITH_KNOTS('',2,(#4540,#4541,#4542),
  .UNSPECIFIED.,.F.,.F.,(3,3),(0.,1.),.PIECEWISE_BEZIER_KNOTS.);
#4540 = CARTESIAN_POINT('',(-63.28,12.248604992658,29.11013215859));
#4541 = CARTESIAN_POINT('',(-63.28,12.028340675477,29.11013215859));
#4542 = CARTESIAN_POINT('',(-63.28,11.901762114537,29.216299559471));
#4543 = ORIENTED_EDGE('',*,*,#4544,.T.);
#4544 = EDGE_CURVE('',#4537,#4545,#4547,.T.);
#4545 = VERTEX_POINT('',#4546);
#4546 = CARTESIAN_POINT('',(-63.28,11.77503671072,29.508663729809));
#4547 = B_SPLINE_CURVE_WITH_KNOTS('',2,(#4548,#4549,#4550),
  .UNSPECIFIED.,.F.,.F.,(3,3),(0.,1.),.PIECEWISE_BEZIER_KNOTS.);
#4548 = CARTESIAN_POINT('',(-63.28,11.901762114537,29.216299559471));
#4549 = CARTESIAN_POINT('',(-63.28,11.77503671072,29.322466960352));
#4550 = CARTESIAN_POINT('',(-63.28,11.77503671072,29.508663729809));
#4551 = ORIENTED_EDGE('',*,*,#4552,.T.);
#4552 = EDGE_CURVE('',#4545,#4553,#4555,.T.);
#4553 = VERTEX_POINT('',#4554);
#4554 = CARTESIAN_POINT('',(-63.28,12.294860499266,29.854625550661));
#4555 = B_SPLINE_CURVE_WITH_KNOTS('',2,(#4556,#4557,#4558),
  .UNSPECIFIED.,.F.,.F.,(3,3),(0.,1.),.PIECEWISE_BEZIER_KNOTS.);
#4556 = CARTESIAN_POINT('',(-63.28,11.77503671072,29.508663729809));
#4557 = CARTESIAN_POINT('',(-63.28,11.77503671072,29.854625550661));
#4558 = CARTESIAN_POINT('',(-63.28,12.294860499266,29.854625550661));
#4559 = ORIENTED_EDGE('',*,*,#4560,.T.);
#4560 = EDGE_CURVE('',#4553,#4521,#4561,.T.);
#4561 = B_SPLINE_CURVE_WITH_KNOTS('',1,(#4562,#4563),.UNSPECIFIED.,.F.,
  .F.,(2,2),(0.,0.266519823789),.PIECEWISE_BEZIER_KNOTS.);
#4562 = CARTESIAN_POINT('',(-63.28,12.294860499266,29.854625550661));
#4563 = CARTESIAN_POINT('',(-63.28,12.561380323054,29.854625550661));
#4564 = B_SPLINE_SURFACE_WITH_KNOTS('',1,1,(
    (#4565,#4566)
    ,(#4567,#4568
    )),.UNSPECIFIED.,.F.,.F.,.F.,(2,2),(2,2),(-1.08277836706,
    1.289468328975),(-1.57142926373,1.586279987371),
  .PIECEWISE_BEZIER_KNOTS.);
#4565 = CARTESIAN_POINT('',(-63.28,13.272834067548,27.221145374449));
#4566 = CARTESIAN_POINT('',(-63.28,13.272834067548,30.378854625551));
#4567 = CARTESIAN_POINT('',(-63.28,10.900587371512,27.221145374449));
#4568 = CARTESIAN_POINT('',(-63.28,10.900587371512,30.378854625551));
#4569 = ADVANCED_FACE('',(#4570),#4586,.F.);
#4570 = FACE_BOUND('',#4571,.F.);
#4571 = EDGE_LOOP('',(#4572,#4578,#4579,#4585));
#4572 = ORIENTED_EDGE('',*,*,#4573,.F.);
#4573 = EDGE_CURVE('',#2573,#3702,#4574,.T.);
#4574 = LINE('',#4575,#4576);
#4575 = CARTESIAN_POINT('',(-52.88,-43.74,34.));
#4576 = VECTOR('',#4577,1.);
#4577 = DIRECTION('',(-0.,1.,0.));
#4578 = ORIENTED_EDGE('',*,*,#2572,.T.);
#4579 = ORIENTED_EDGE('',*,*,#4580,.T.);
#4580 = EDGE_CURVE('',#2575,#3704,#4581,.T.);
#4581 = LINE('',#4582,#4583);
#4582 = CARTESIAN_POINT('',(-50.38,-43.74,34.));
#4583 = VECTOR('',#4584,1.);
#4584 = DIRECTION('',(-0.,1.,0.));
#4585 = ORIENTED_EDGE('',*,*,#3701,.F.);
#4586 = PLANE('',#4587);
#4587 = AXIS2_PLACEMENT_3D('',#4588,#4589,#4590);
#4588 = CARTESIAN_POINT('',(-52.88,-43.74,34.));
#4589 = DIRECTION('',(0.,0.,1.));
#4590 = DIRECTION('',(1.,0.,-0.));
#4591 = ADVANCED_FACE('',(#4592),#4603,.T.);
#4592 = FACE_BOUND('',#4593,.T.);
#4593 = EDGE_LOOP('',(#4594,#4595,#4596,#4602));
#4594 = ORIENTED_EDGE('',*,*,#4573,.F.);
#4595 = ORIENTED_EDGE('',*,*,#2582,.T.);
#4596 = ORIENTED_EDGE('',*,*,#4597,.T.);
#4597 = EDGE_CURVE('',#2583,#3712,#4598,.T.);
#4598 = LINE('',#4599,#4600);
#4599 = CARTESIAN_POINT('',(-52.88,-43.74,14.));
#4600 = VECTOR('',#4601,1.);
#4601 = DIRECTION('',(-0.,1.,0.));
#4602 = ORIENTED_EDGE('',*,*,#3711,.F.);
#4603 = PLANE('',#4604);
#4604 = AXIS2_PLACEMENT_3D('',#4605,#4606,#4607);
#4605 = CARTESIAN_POINT('',(-52.88,-43.74,14.));
#4606 = DIRECTION('',(1.,0.,-0.));
#4607 = DIRECTION('',(0.,0.,1.));
#4608 = ADVANCED_FACE('',(#4609),#4620,.F.);
#4609 = FACE_BOUND('',#4610,.F.);
#4610 = EDGE_LOOP('',(#4611,#4612,#4613,#4619));
#4611 = ORIENTED_EDGE('',*,*,#4580,.F.);
#4612 = ORIENTED_EDGE('',*,*,#2598,.T.);
#4613 = ORIENTED_EDGE('',*,*,#4614,.T.);
#4614 = EDGE_CURVE('',#2591,#3720,#4615,.T.);
#4615 = LINE('',#4616,#4617);
#4616 = CARTESIAN_POINT('',(-50.38,-43.74,14.));
#4617 = VECTOR('',#4618,1.);
#4618 = DIRECTION('',(-0.,1.,0.));
#4619 = ORIENTED_EDGE('',*,*,#3727,.F.);
#4620 = PLANE('',#4621);
#4621 = AXIS2_PLACEMENT_3D('',#4622,#4623,#4624);
#4622 = CARTESIAN_POINT('',(-50.38,-43.74,14.));
#4623 = DIRECTION('',(1.,0.,-0.));
#4624 = DIRECTION('',(0.,0.,1.));
#4625 = ADVANCED_FACE('',(#4626),#4632,.T.);
#4626 = FACE_BOUND('',#4627,.T.);
#4627 = EDGE_LOOP('',(#4628,#4629,#4630,#4631));
#4628 = ORIENTED_EDGE('',*,*,#4597,.F.);
#4629 = ORIENTED_EDGE('',*,*,#2590,.T.);
#4630 = ORIENTED_EDGE('',*,*,#4614,.T.);
#4631 = ORIENTED_EDGE('',*,*,#3719,.F.);
#4632 = PLANE('',#4633);
#4633 = AXIS2_PLACEMENT_3D('',#4634,#4635,#4636);
#4634 = CARTESIAN_POINT('',(-52.88,-43.74,14.));
#4635 = DIRECTION('',(0.,0.,1.));
#4636 = DIRECTION('',(1.,0.,-0.));
#4637 = ADVANCED_FACE('',(#4638),#4654,.F.);
#4638 = FACE_BOUND('',#4639,.F.);
#4639 = EDGE_LOOP('',(#4640,#4646,#4647,#4653));
#4640 = ORIENTED_EDGE('',*,*,#4641,.F.);
#4641 = EDGE_CURVE('',#2607,#3736,#4642,.T.);
#4642 = LINE('',#4643,#4644);
#4643 = CARTESIAN_POINT('',(-49.15,-43.74,34.));
#4644 = VECTOR('',#4645,1.);
#4645 = DIRECTION('',(-0.,1.,0.));
#4646 = ORIENTED_EDGE('',*,*,#2606,.T.);
#4647 = ORIENTED_EDGE('',*,*,#4648,.T.);
#4648 = EDGE_CURVE('',#2609,#3738,#4649,.T.);
#4649 = LINE('',#4650,#4651);
#4650 = CARTESIAN_POINT('',(-46.65,-43.74,34.));
#4651 = VECTOR('',#4652,1.);
#4652 = DIRECTION('',(-0.,1.,0.));
#4653 = ORIENTED_EDGE('',*,*,#3735,.F.);
#4654 = PLANE('',#4655);
#4655 = AXIS2_PLACEMENT_3D('',#4656,#4657,#4658);
#4656 = CARTESIAN_POINT('',(-49.15,-43.74,34.));
#4657 = DIRECTION('',(0.,0.,1.));
#4658 = DIRECTION('',(1.,0.,-0.));
#4659 = ADVANCED_FACE('',(#4660),#4671,.T.);
#4660 = FACE_BOUND('',#4661,.T.);
#4661 = EDGE_LOOP('',(#4662,#4663,#4664,#4670));
#4662 = ORIENTED_EDGE('',*,*,#4641,.F.);
#4663 = ORIENTED_EDGE('',*,*,#2616,.T.);
#4664 = ORIENTED_EDGE('',*,*,#4665,.T.);
#4665 = EDGE_CURVE('',#2617,#3746,#4666,.T.);
#4666 = LINE('',#4667,#4668);
#4667 = CARTESIAN_POINT('',(-49.15,-43.74,14.));
#4668 = VECTOR('',#4669,1.);
#4669 = DIRECTION('',(-0.,1.,0.));
#4670 = ORIENTED_EDGE('',*,*,#3745,.F.);
#4671 = PLANE('',#4672);
#4672 = AXIS2_PLACEMENT_3D('',#4673,#4674,#4675);
#4673 = CARTESIAN_POINT('',(-49.15,-43.74,14.));
#4674 = DIRECTION('',(1.,0.,-0.));
#4675 = DIRECTION('',(0.,0.,1.));
#4676 = ADVANCED_FACE('',(#4677),#4688,.F.);
#4677 = FACE_BOUND('',#4678,.F.);
#4678 = EDGE_LOOP('',(#4679,#4680,#4681,#4687));
#4679 = ORIENTED_EDGE('',*,*,#4648,.F.);
#4680 = ORIENTED_EDGE('',*,*,#2632,.T.);
#4681 = ORIENTED_EDGE('',*,*,#4682,.T.);
#4682 = EDGE_CURVE('',#2625,#3754,#4683,.T.);
#4683 = LINE('',#4684,#4685);
#4684 = CARTESIAN_POINT('',(-46.65,-43.74,14.));
#4685 = VECTOR('',#4686,1.);
#4686 = DIRECTION('',(-0.,1.,0.));
#4687 = ORIENTED_EDGE('',*,*,#3761,.F.);
#4688 = PLANE('',#4689);
#4689 = AXIS2_PLACEMENT_3D('',#4690,#4691,#4692);
#4690 = CARTESIAN_POINT('',(-46.65,-43.74,14.));
#4691 = DIRECTION('',(1.,0.,-0.));
#4692 = DIRECTION('',(0.,0.,1.));
#4693 = ADVANCED_FACE('',(#4694),#4700,.T.);
#4694 = FACE_BOUND('',#4695,.T.);
#4695 = EDGE_LOOP('',(#4696,#4697,#4698,#4699));
#4696 = ORIENTED_EDGE('',*,*,#4665,.F.);
#4697 = ORIENTED_EDGE('',*,*,#2624,.T.);
#4698 = ORIENTED_EDGE('',*,*,#4682,.T.);
#4699 = ORIENTED_EDGE('',*,*,#3753,.F.);
#4700 = PLANE('',#4701);
#4701 = AXIS2_PLACEMENT_3D('',#4702,#4703,#4704);
#4702 = CARTESIAN_POINT('',(-49.15,-43.74,14.));
#4703 = DIRECTION('',(0.,0.,1.));
#4704 = DIRECTION('',(1.,0.,-0.));
#4705 = ADVANCED_FACE('',(#4706),#4722,.F.);
#4706 = FACE_BOUND('',#4707,.F.);
#4707 = EDGE_LOOP('',(#4708,#4714,#4715,#4721));
#4708 = ORIENTED_EDGE('',*,*,#4709,.F.);
#4709 = EDGE_CURVE('',#2641,#3770,#4710,.T.);
#4710 = LINE('',#4711,#4712);
#4711 = CARTESIAN_POINT('',(-45.42,-43.74,34.));
#4712 = VECTOR('',#4713,1.);
#4713 = DIRECTION('',(-0.,1.,0.));
#4714 = ORIENTED_EDGE('',*,*,#2640,.T.);
#4715 = ORIENTED_EDGE('',*,*,#4716,.T.);
#4716 = EDGE_CURVE('',#2643,#3772,#4717,.T.);
#4717 = LINE('',#4718,#4719);
#4718 = CARTESIAN_POINT('',(-42.92,-43.74,34.));
#4719 = VECTOR('',#4720,1.);
#4720 = DIRECTION('',(-0.,1.,0.));
#4721 = ORIENTED_EDGE('',*,*,#3769,.F.);
#4722 = PLANE('',#4723);
#4723 = AXIS2_PLACEMENT_3D('',#4724,#4725,#4726);
#4724 = CARTESIAN_POINT('',(-45.42,-43.74,34.));
#4725 = DIRECTION('',(0.,0.,1.));
#4726 = DIRECTION('',(1.,0.,-0.));
#4727 = ADVANCED_FACE('',(#4728),#4739,.T.);
#4728 = FACE_BOUND('',#4729,.T.);
#4729 = EDGE_LOOP('',(#4730,#4731,#4732,#4738));
#4730 = ORIENTED_EDGE('',*,*,#4709,.F.);
#4731 = ORIENTED_EDGE('',*,*,#2650,.T.);
#4732 = ORIENTED_EDGE('',*,*,#4733,.T.);
#4733 = EDGE_CURVE('',#2651,#3780,#4734,.T.);
#4734 = LINE('',#4735,#4736);
#4735 = CARTESIAN_POINT('',(-45.42,-43.74,14.));
#4736 = VECTOR('',#4737,1.);
#4737 = DIRECTION('',(-0.,1.,0.));
#4738 = ORIENTED_EDGE('',*,*,#3779,.F.);
#4739 = PLANE('',#4740);
#4740 = AXIS2_PLACEMENT_3D('',#4741,#4742,#4743);
#4741 = CARTESIAN_POINT('',(-45.42,-43.74,14.));
#4742 = DIRECTION('',(1.,0.,-0.));
#4743 = DIRECTION('',(0.,0.,1.));
#4744 = ADVANCED_FACE('',(#4745),#4756,.F.);
#4745 = FACE_BOUND('',#4746,.F.);
#4746 = EDGE_LOOP('',(#4747,#4748,#4749,#4755));
#4747 = ORIENTED_EDGE('',*,*,#4716,.F.);
#4748 = ORIENTED_EDGE('',*,*,#2666,.T.);
#4749 = ORIENTED_EDGE('',*,*,#4750,.T.);
#4750 = EDGE_CURVE('',#2659,#3788,#4751,.T.);
#4751 = LINE('',#4752,#4753);
#4752 = CARTESIAN_POINT('',(-42.92,-43.74,14.));
#4753 = VECTOR('',#4754,1.);
#4754 = DIRECTION('',(-0.,1.,0.));
#4755 = ORIENTED_EDGE('',*,*,#3795,.F.);
#4756 = PLANE('',#4757);
#4757 = AXIS2_PLACEMENT_3D('',#4758,#4759,#4760);
#4758 = CARTESIAN_POINT('',(-42.92,-43.74,14.));
#4759 = DIRECTION('',(1.,0.,-0.));
#4760 = DIRECTION('',(0.,0.,1.));
#4761 = ADVANCED_FACE('',(#4762),#4768,.T.);
#4762 = FACE_BOUND('',#4763,.T.);
#4763 = EDGE_LOOP('',(#4764,#4765,#4766,#4767));
#4764 = ORIENTED_EDGE('',*,*,#4733,.F.);
#4765 = ORIENTED_EDGE('',*,*,#2658,.T.);
#4766 = ORIENTED_EDGE('',*,*,#4750,.T.);
#4767 = ORIENTED_EDGE('',*,*,#3787,.F.);
#4768 = PLANE('',#4769);
#4769 = AXIS2_PLACEMENT_3D('',#4770,#4771,#4772);
#4770 = CARTESIAN_POINT('',(-45.42,-43.74,14.));
#4771 = DIRECTION('',(0.,0.,1.));
#4772 = DIRECTION('',(1.,0.,-0.));
#4773 = ADVANCED_FACE('',(#4774),#4790,.F.);
#4774 = FACE_BOUND('',#4775,.F.);
#4775 = EDGE_LOOP('',(#4776,#4782,#4783,#4789));
#4776 = ORIENTED_EDGE('',*,*,#4777,.F.);
#4777 = EDGE_CURVE('',#2675,#3804,#4778,.T.);
#4778 = LINE('',#4779,#4780);
#4779 = CARTESIAN_POINT('',(-41.69,-43.74,34.));
#4780 = VECTOR('',#4781,1.);
#4781 = DIRECTION('',(-0.,1.,0.));
#4782 = ORIENTED_EDGE('',*,*,#2674,.T.);
#4783 = ORIENTED_EDGE('',*,*,#4784,.T.);
#4784 = EDGE_CURVE('',#2677,#3806,#4785,.T.);
#4785 = LINE('',#4786,#4787);
#4786 = CARTESIAN_POINT('',(-39.19,-43.74,34.));
#4787 = VECTOR('',#4788,1.);
#4788 = DIRECTION('',(-0.,1.,0.));
#4789 = ORIENTED_EDGE('',*,*,#3803,.F.);
#4790 = PLANE('',#4791);
#4791 = AXIS2_PLACEMENT_3D('',#4792,#4793,#4794);
#4792 = CARTESIAN_POINT('',(-41.69,-43.74,34.));
#4793 = DIRECTION('',(0.,0.,1.));
#4794 = DIRECTION('',(1.,0.,-0.));
#4795 = ADVANCED_FACE('',(#4796),#4807,.T.);
#4796 = FACE_BOUND('',#4797,.T.);
#4797 = EDGE_LOOP('',(#4798,#4799,#4800,#4806));
#4798 = ORIENTED_EDGE('',*,*,#4777,.F.);
#4799 = ORIENTED_EDGE('',*,*,#2684,.T.);
#4800 = ORIENTED_EDGE('',*,*,#4801,.T.);
#4801 = EDGE_CURVE('',#2685,#3814,#4802,.T.);
#4802 = LINE('',#4803,#4804);
#4803 = CARTESIAN_POINT('',(-41.69,-43.74,14.));
#4804 = VECTOR('',#4805,1.);
#4805 = DIRECTION('',(-0.,1.,0.));
#4806 = ORIENTED_EDGE('',*,*,#3813,.F.);
#4807 = PLANE('',#4808);
#4808 = AXIS2_PLACEMENT_3D('',#4809,#4810,#4811);
#4809 = CARTESIAN_POINT('',(-41.69,-43.74,14.));
#4810 = DIRECTION('',(1.,0.,-0.));
#4811 = DIRECTION('',(0.,0.,1.));
#4812 = ADVANCED_FACE('',(#4813),#4824,.F.);
#4813 = FACE_BOUND('',#4814,.F.);
#4814 = EDGE_LOOP('',(#4815,#4816,#4817,#4823));
#4815 = ORIENTED_EDGE('',*,*,#4784,.F.);
#4816 = ORIENTED_EDGE('',*,*,#2700,.T.);
#4817 = ORIENTED_EDGE('',*,*,#4818,.T.);
#4818 = EDGE_CURVE('',#2693,#3822,#4819,.T.);
#4819 = LINE('',#4820,#4821);
#4820 = CARTESIAN_POINT('',(-39.19,-43.74,14.));
#4821 = VECTOR('',#4822,1.);
#4822 = DIRECTION('',(-0.,1.,0.));
#4823 = ORIENTED_EDGE('',*,*,#3829,.F.);
#4824 = PLANE('',#4825);
#4825 = AXIS2_PLACEMENT_3D('',#4826,#4827,#4828);
#4826 = CARTESIAN_POINT('',(-39.19,-43.74,14.));
#4827 = DIRECTION('',(1.,0.,-0.));
#4828 = DIRECTION('',(0.,0.,1.));
#4829 = ADVANCED_FACE('',(#4830),#4836,.T.);
#4830 = FACE_BOUND('',#4831,.T.);
#4831 = EDGE_LOOP('',(#4832,#4833,#4834,#4835));
#4832 = ORIENTED_EDGE('',*,*,#4801,.F.);
#4833 = ORIENTED_EDGE('',*,*,#2692,.T.);
#4834 = ORIENTED_EDGE('',*,*,#4818,.T.);
#4835 = ORIENTED_EDGE('',*,*,#3821,.F.);
#4836 = PLANE('',#4837);
#4837 = AXIS2_PLACEMENT_3D('',#4838,#4839,#4840);
#4838 = CARTESIAN_POINT('',(-41.69,-43.74,14.));
#4839 = DIRECTION('',(0.,0.,1.));
#4840 = DIRECTION('',(1.,0.,-0.));
#4841 = ADVANCED_FACE('',(#4842),#4858,.F.);
#4842 = FACE_BOUND('',#4843,.F.);
#4843 = EDGE_LOOP('',(#4844,#4850,#4851,#4857));
#4844 = ORIENTED_EDGE('',*,*,#4845,.F.);
#4845 = EDGE_CURVE('',#2709,#3838,#4846,.T.);
#4846 = LINE('',#4847,#4848);
#4847 = CARTESIAN_POINT('',(-37.96,-43.74,34.));
#4848 = VECTOR('',#4849,1.);
#4849 = DIRECTION('',(-0.,1.,0.));
#4850 = ORIENTED_EDGE('',*,*,#2708,.T.);
#4851 = ORIENTED_EDGE('',*,*,#4852,.T.);
#4852 = EDGE_CURVE('',#2711,#3840,#4853,.T.);
#4853 = LINE('',#4854,#4855);
#4854 = CARTESIAN_POINT('',(-35.46,-43.74,34.));
#4855 = VECTOR('',#4856,1.);
#4856 = DIRECTION('',(-0.,1.,0.));
#4857 = ORIENTED_EDGE('',*,*,#3837,.F.);
#4858 = PLANE('',#4859);
#4859 = AXIS2_PLACEMENT_3D('',#4860,#4861,#4862);
#4860 = CARTESIAN_POINT('',(-37.96,-43.74,34.));
#4861 = DIRECTION('',(0.,0.,1.));
#4862 = DIRECTION('',(1.,0.,-0.));
#4863 = ADVANCED_FACE('',(#4864),#4875,.T.);
#4864 = FACE_BOUND('',#4865,.T.);
#4865 = EDGE_LOOP('',(#4866,#4867,#4868,#4874));
#4866 = ORIENTED_EDGE('',*,*,#4845,.F.);
#4867 = ORIENTED_EDGE('',*,*,#2718,.T.);
#4868 = ORIENTED_EDGE('',*,*,#4869,.T.);
#4869 = EDGE_CURVE('',#2719,#3848,#4870,.T.);
#4870 = LINE('',#4871,#4872);
#4871 = CARTESIAN_POINT('',(-37.96,-43.74,14.));
#4872 = VECTOR('',#4873,1.);
#4873 = DIRECTION('',(-0.,1.,0.));
#4874 = ORIENTED_EDGE('',*,*,#3847,.F.);
#4875 = PLANE('',#4876);
#4876 = AXIS2_PLACEMENT_3D('',#4877,#4878,#4879);
#4877 = CARTESIAN_POINT('',(-37.96,-43.74,14.));
#4878 = DIRECTION('',(1.,0.,-0.));
#4879 = DIRECTION('',(0.,0.,1.));
#4880 = ADVANCED_FACE('',(#4881),#4892,.F.);
#4881 = FACE_BOUND('',#4882,.F.);
#4882 = EDGE_LOOP('',(#4883,#4884,#4885,#4891));
#4883 = ORIENTED_EDGE('',*,*,#4852,.F.);
#4884 = ORIENTED_EDGE('',*,*,#2734,.T.);
#4885 = ORIENTED_EDGE('',*,*,#4886,.T.);
#4886 = EDGE_CURVE('',#2727,#3856,#4887,.T.);
#4887 = LINE('',#4888,#4889);
#4888 = CARTESIAN_POINT('',(-35.46,-43.74,14.));
#4889 = VECTOR('',#4890,1.);
#4890 = DIRECTION('',(-0.,1.,0.));
#4891 = ORIENTED_EDGE('',*,*,#3863,.F.);
#4892 = PLANE('',#4893);
#4893 = AXIS2_PLACEMENT_3D('',#4894,#4895,#4896);
#4894 = CARTESIAN_POINT('',(-35.46,-43.74,14.));
#4895 = DIRECTION('',(1.,0.,-0.));
#4896 = DIRECTION('',(0.,0.,1.));
#4897 = ADVANCED_FACE('',(#4898),#4904,.T.);
#4898 = FACE_BOUND('',#4899,.T.);
#4899 = EDGE_LOOP('',(#4900,#4901,#4902,#4903));
#4900 = ORIENTED_EDGE('',*,*,#4869,.F.);
#4901 = ORIENTED_EDGE('',*,*,#2726,.T.);
#4902 = ORIENTED_EDGE('',*,*,#4886,.T.);
#4903 = ORIENTED_EDGE('',*,*,#3855,.F.);
#4904 = PLANE('',#4905);
#4905 = AXIS2_PLACEMENT_3D('',#4906,#4907,#4908);
#4906 = CARTESIAN_POINT('',(-37.96,-43.74,14.));
#4907 = DIRECTION('',(0.,0.,1.));
#4908 = DIRECTION('',(1.,0.,-0.));
#4909 = ADVANCED_FACE('',(#4910),#4926,.F.);
#4910 = FACE_BOUND('',#4911,.F.);
#4911 = EDGE_LOOP('',(#4912,#4918,#4919,#4925));
#4912 = ORIENTED_EDGE('',*,*,#4913,.F.);
#4913 = EDGE_CURVE('',#2743,#3872,#4914,.T.);
#4914 = LINE('',#4915,#4916);
#4915 = CARTESIAN_POINT('',(-34.23,-43.74,34.));
#4916 = VECTOR('',#4917,1.);
#4917 = DIRECTION('',(-0.,1.,0.));
#4918 = ORIENTED_EDGE('',*,*,#2742,.T.);
#4919 = ORIENTED_EDGE('',*,*,#4920,.T.);
#4920 = EDGE_CURVE('',#2745,#3874,#4921,.T.);
#4921 = LINE('',#4922,#4923);
#4922 = CARTESIAN_POINT('',(-31.73,-43.74,34.));
#4923 = VECTOR('',#4924,1.);
#4924 = DIRECTION('',(-0.,1.,0.));
#4925 = ORIENTED_EDGE('',*,*,#3871,.F.);
#4926 = PLANE('',#4927);
#4927 = AXIS2_PLACEMENT_3D('',#4928,#4929,#4930);
#4928 = CARTESIAN_POINT('',(-34.23,-43.74,34.));
#4929 = DIRECTION('',(0.,0.,1.));
#4930 = DIRECTION('',(1.,0.,-0.));
#4931 = ADVANCED_FACE('',(#4932),#4943,.F.);
#4932 = FACE_BOUND('',#4933,.F.);
#4933 = EDGE_LOOP('',(#4934,#4935,#4936,#4942));
#4934 = ORIENTED_EDGE('',*,*,#4920,.F.);
#4935 = ORIENTED_EDGE('',*,*,#2768,.T.);
#4936 = ORIENTED_EDGE('',*,*,#4937,.T.);
#4937 = EDGE_CURVE('',#2761,#3890,#4938,.T.);
#4938 = LINE('',#4939,#4940);
#4939 = CARTESIAN_POINT('',(-31.73,-43.74,14.));
#4940 = VECTOR('',#4941,1.);
#4941 = DIRECTION('',(-0.,1.,0.));
#4942 = ORIENTED_EDGE('',*,*,#3897,.F.);
#4943 = PLANE('',#4944);
#4944 = AXIS2_PLACEMENT_3D('',#4945,#4946,#4947);
#4945 = CARTESIAN_POINT('',(-31.73,-43.74,14.));
#4946 = DIRECTION('',(1.,0.,-0.));
#4947 = DIRECTION('',(0.,0.,1.));
#4948 = ADVANCED_FACE('',(#4949),#4960,.T.);
#4949 = FACE_BOUND('',#4950,.T.);
#4950 = EDGE_LOOP('',(#4951,#4957,#4958,#4959));
#4951 = ORIENTED_EDGE('',*,*,#4952,.F.);
#4952 = EDGE_CURVE('',#2753,#3882,#4953,.T.);
#4953 = LINE('',#4954,#4955);
#4954 = CARTESIAN_POINT('',(-34.23,-43.74,14.));
#4955 = VECTOR('',#4956,1.);
#4956 = DIRECTION('',(-0.,1.,0.));
#4957 = ORIENTED_EDGE('',*,*,#2760,.T.);
#4958 = ORIENTED_EDGE('',*,*,#4937,.T.);
#4959 = ORIENTED_EDGE('',*,*,#3889,.F.);
#4960 = PLANE('',#4961);
#4961 = AXIS2_PLACEMENT_3D('',#4962,#4963,#4964);
#4962 = CARTESIAN_POINT('',(-34.23,-43.74,14.));
#4963 = DIRECTION('',(0.,0.,1.));
#4964 = DIRECTION('',(1.,0.,-0.));
#4965 = ADVANCED_FACE('',(#4966),#4972,.T.);
#4966 = FACE_BOUND('',#4967,.T.);
#4967 = EDGE_LOOP('',(#4968,#4969,#4970,#4971));
#4968 = ORIENTED_EDGE('',*,*,#4913,.F.);
#4969 = ORIENTED_EDGE('',*,*,#2752,.T.);
#4970 = ORIENTED_EDGE('',*,*,#4952,.T.);
#4971 = ORIENTED_EDGE('',*,*,#3881,.F.);
#4972 = PLANE('',#4973);
#4973 = AXIS2_PLACEMENT_3D('',#4974,#4975,#4976);
#4974 = CARTESIAN_POINT('',(-34.23,-43.74,14.));
#4975 = DIRECTION('',(1.,0.,-0.));
#4976 = DIRECTION('',(0.,0.,1.));
#4977 = ADVANCED_FACE('',(#4978),#4994,.F.);
#4978 = FACE_BOUND('',#4979,.F.);
#4979 = EDGE_LOOP('',(#4980,#4986,#4987,#4993));
#4980 = ORIENTED_EDGE('',*,*,#4981,.F.);
#4981 = EDGE_CURVE('',#4096,#2794,#4982,.T.);
#4982 = LINE('',#4983,#4984);
#4983 = CARTESIAN_POINT('',(-52.88,39.34,34.));
#4984 = VECTOR('',#4985,1.);
#4985 = DIRECTION('',(-0.,1.,0.));
#4986 = ORIENTED_EDGE('',*,*,#4095,.T.);
#4987 = ORIENTED_EDGE('',*,*,#4988,.T.);
#4988 = EDGE_CURVE('',#4098,#2796,#4989,.T.);
#4989 = LINE('',#4990,#4991);
#4990 = CARTESIAN_POINT('',(-50.38,39.34,34.));
#4991 = VECTOR('',#4992,1.);
#4992 = DIRECTION('',(-0.,1.,0.));
#4993 = ORIENTED_EDGE('',*,*,#2793,.F.);
#4994 = PLANE('',#4995);
#4995 = AXIS2_PLACEMENT_3D('',#4996,#4997,#4998);
#4996 = CARTESIAN_POINT('',(-52.88,39.34,34.));
#4997 = DIRECTION('',(0.,0.,1.));
#4998 = DIRECTION('',(1.,0.,-0.));
#4999 = ADVANCED_FACE('',(#5000),#5011,.T.);
#5000 = FACE_BOUND('',#5001,.T.);
#5001 = EDGE_LOOP('',(#5002,#5003,#5004,#5010));
#5002 = ORIENTED_EDGE('',*,*,#4981,.F.);
#5003 = ORIENTED_EDGE('',*,*,#4105,.T.);
#5004 = ORIENTED_EDGE('',*,*,#5005,.T.);
#5005 = EDGE_CURVE('',#4106,#2804,#5006,.T.);
#5006 = LINE('',#5007,#5008);
#5007 = CARTESIAN_POINT('',(-52.88,39.34,14.));
#5008 = VECTOR('',#5009,1.);
#5009 = DIRECTION('',(-0.,1.,0.));
#5010 = ORIENTED_EDGE('',*,*,#2803,.F.);
#5011 = PLANE('',#5012);
#5012 = AXIS2_PLACEMENT_3D('',#5013,#5014,#5015);
#5013 = CARTESIAN_POINT('',(-52.88,39.34,14.));
#5014 = DIRECTION('',(1.,0.,-0.));
#5015 = DIRECTION('',(0.,0.,1.));
#5016 = ADVANCED_FACE('',(#5017),#5028,.F.);
#5017 = FACE_BOUND('',#5018,.F.);
#5018 = EDGE_LOOP('',(#5019,#5020,#5021,#5027));
#5019 = ORIENTED_EDGE('',*,*,#4988,.F.);
#5020 = ORIENTED_EDGE('',*,*,#4121,.T.);
#5021 = ORIENTED_EDGE('',*,*,#5022,.T.);
#5022 = EDGE_CURVE('',#4114,#2812,#5023,.T.);
#5023 = LINE('',#5024,#5025);
#5024 = CARTESIAN_POINT('',(-50.38,39.34,14.));
#5025 = VECTOR('',#5026,1.);
#5026 = DIRECTION('',(-0.,1.,0.));
#5027 = ORIENTED_EDGE('',*,*,#2819,.F.);
#5028 = PLANE('',#5029);
#5029 = AXIS2_PLACEMENT_3D('',#5030,#5031,#5032);
#5030 = CARTESIAN_POINT('',(-50.38,39.34,14.));
#5031 = DIRECTION('',(1.,0.,-0.));
#5032 = DIRECTION('',(0.,0.,1.));
#5033 = ADVANCED_FACE('',(#5034),#5040,.T.);
#5034 = FACE_BOUND('',#5035,.T.);
#5035 = EDGE_LOOP('',(#5036,#5037,#5038,#5039));
#5036 = ORIENTED_EDGE('',*,*,#5005,.F.);
#5037 = ORIENTED_EDGE('',*,*,#4113,.T.);
#5038 = ORIENTED_EDGE('',*,*,#5022,.T.);
#5039 = ORIENTED_EDGE('',*,*,#2811,.F.);
#5040 = PLANE('',#5041);
#5041 = AXIS2_PLACEMENT_3D('',#5042,#5043,#5044);
#5042 = CARTESIAN_POINT('',(-52.88,39.34,14.));
#5043 = DIRECTION('',(0.,0.,1.));
#5044 = DIRECTION('',(1.,0.,-0.));
#5045 = ADVANCED_FACE('',(#5046),#5062,.F.);
#5046 = FACE_BOUND('',#5047,.F.);
#5047 = EDGE_LOOP('',(#5048,#5054,#5055,#5061));
#5048 = ORIENTED_EDGE('',*,*,#5049,.F.);
#5049 = EDGE_CURVE('',#4130,#2828,#5050,.T.);
#5050 = LINE('',#5051,#5052);
#5051 = CARTESIAN_POINT('',(-49.15,39.34,34.));
#5052 = VECTOR('',#5053,1.);
#5053 = DIRECTION('',(-0.,1.,0.));
#5054 = ORIENTED_EDGE('',*,*,#4129,.T.);
#5055 = ORIENTED_EDGE('',*,*,#5056,.T.);
#5056 = EDGE_CURVE('',#4132,#2830,#5057,.T.);
#5057 = LINE('',#5058,#5059);
#5058 = CARTESIAN_POINT('',(-46.65,39.34,34.));
#5059 = VECTOR('',#5060,1.);
#5060 = DIRECTION('',(-0.,1.,0.));
#5061 = ORIENTED_EDGE('',*,*,#2827,.F.);
#5062 = PLANE('',#5063);
#5063 = AXIS2_PLACEMENT_3D('',#5064,#5065,#5066);
#5064 = CARTESIAN_POINT('',(-49.15,39.34,34.));
#5065 = DIRECTION('',(0.,0.,1.));
#5066 = DIRECTION('',(1.,0.,-0.));
#5067 = ADVANCED_FACE('',(#5068),#5079,.T.);
#5068 = FACE_BOUND('',#5069,.T.);
#5069 = EDGE_LOOP('',(#5070,#5071,#5072,#5078));
#5070 = ORIENTED_EDGE('',*,*,#5049,.F.);
#5071 = ORIENTED_EDGE('',*,*,#4139,.T.);
#5072 = ORIENTED_EDGE('',*,*,#5073,.T.);
#5073 = EDGE_CURVE('',#4140,#2838,#5074,.T.);
#5074 = LINE('',#5075,#5076);
#5075 = CARTESIAN_POINT('',(-49.15,39.34,14.));
#5076 = VECTOR('',#5077,1.);
#5077 = DIRECTION('',(-0.,1.,0.));
#5078 = ORIENTED_EDGE('',*,*,#2837,.F.);
#5079 = PLANE('',#5080);
#5080 = AXIS2_PLACEMENT_3D('',#5081,#5082,#5083);
#5081 = CARTESIAN_POINT('',(-49.15,39.34,14.));
#5082 = DIRECTION('',(1.,0.,-0.));
#5083 = DIRECTION('',(0.,0.,1.));
#5084 = ADVANCED_FACE('',(#5085),#5096,.F.);
#5085 = FACE_BOUND('',#5086,.F.);
#5086 = EDGE_LOOP('',(#5087,#5088,#5089,#5095));
#5087 = ORIENTED_EDGE('',*,*,#5056,.F.);
#5088 = ORIENTED_EDGE('',*,*,#4155,.T.);
#5089 = ORIENTED_EDGE('',*,*,#5090,.T.);
#5090 = EDGE_CURVE('',#4148,#2846,#5091,.T.);
#5091 = LINE('',#5092,#5093);
#5092 = CARTESIAN_POINT('',(-46.65,39.34,14.));
#5093 = VECTOR('',#5094,1.);
#5094 = DIRECTION('',(-0.,1.,0.));
#5095 = ORIENTED_EDGE('',*,*,#2853,.F.);
#5096 = PLANE('',#5097);
#5097 = AXIS2_PLACEMENT_3D('',#5098,#5099,#5100);
#5098 = CARTESIAN_POINT('',(-46.65,39.34,14.));
#5099 = DIRECTION('',(1.,0.,-0.));
#5100 = DIRECTION('',(0.,0.,1.));
#5101 = ADVANCED_FACE('',(#5102),#5108,.T.);
#5102 = FACE_BOUND('',#5103,.T.);
#5103 = EDGE_LOOP('',(#5104,#5105,#5106,#5107));
#5104 = ORIENTED_EDGE('',*,*,#5073,.F.);
#5105 = ORIENTED_EDGE('',*,*,#4147,.T.);
#5106 = ORIENTED_EDGE('',*,*,#5090,.T.);
#5107 = ORIENTED_EDGE('',*,*,#2845,.F.);
#5108 = PLANE('',#5109);
#5109 = AXIS2_PLACEMENT_3D('',#5110,#5111,#5112);
#5110 = CARTESIAN_POINT('',(-49.15,39.34,14.));
#5111 = DIRECTION('',(0.,0.,1.));
#5112 = DIRECTION('',(1.,0.,-0.));
#5113 = ADVANCED_FACE('',(#5114),#5130,.F.);
#5114 = FACE_BOUND('',#5115,.F.);
#5115 = EDGE_LOOP('',(#5116,#5122,#5123,#5129));
#5116 = ORIENTED_EDGE('',*,*,#5117,.F.);
#5117 = EDGE_CURVE('',#4164,#2862,#5118,.T.);
#5118 = LINE('',#5119,#5120);
#5119 = CARTESIAN_POINT('',(-45.42,39.34,34.));
#5120 = VECTOR('',#5121,1.);
#5121 = DIRECTION('',(-0.,1.,0.));
#5122 = ORIENTED_EDGE('',*,*,#4163,.T.);
#5123 = ORIENTED_EDGE('',*,*,#5124,.T.);
#5124 = EDGE_CURVE('',#4166,#2864,#5125,.T.);
#5125 = LINE('',#5126,#5127);
#5126 = CARTESIAN_POINT('',(-42.92,39.34,34.));
#5127 = VECTOR('',#5128,1.);
#5128 = DIRECTION('',(-0.,1.,0.));
#5129 = ORIENTED_EDGE('',*,*,#2861,.F.);
#5130 = PLANE('',#5131);
#5131 = AXIS2_PLACEMENT_3D('',#5132,#5133,#5134);
#5132 = CARTESIAN_POINT('',(-45.42,39.34,34.));
#5133 = DIRECTION('',(0.,0.,1.));
#5134 = DIRECTION('',(1.,0.,-0.));
#5135 = ADVANCED_FACE('',(#5136),#5147,.T.);
#5136 = FACE_BOUND('',#5137,.T.);
#5137 = EDGE_LOOP('',(#5138,#5139,#5140,#5146));
#5138 = ORIENTED_EDGE('',*,*,#5117,.F.);
#5139 = ORIENTED_EDGE('',*,*,#4173,.T.);
#5140 = ORIENTED_EDGE('',*,*,#5141,.T.);
#5141 = EDGE_CURVE('',#4174,#2872,#5142,.T.);
#5142 = LINE('',#5143,#5144);
#5143 = CARTESIAN_POINT('',(-45.42,39.34,14.));
#5144 = VECTOR('',#5145,1.);
#5145 = DIRECTION('',(-0.,1.,0.));
#5146 = ORIENTED_EDGE('',*,*,#2871,.F.);
#5147 = PLANE('',#5148);
#5148 = AXIS2_PLACEMENT_3D('',#5149,#5150,#5151);
#5149 = CARTESIAN_POINT('',(-45.42,39.34,14.));
#5150 = DIRECTION('',(1.,0.,-0.));
#5151 = DIRECTION('',(0.,0.,1.));
#5152 = ADVANCED_FACE('',(#5153),#5164,.F.);
#5153 = FACE_BOUND('',#5154,.F.);
#5154 = EDGE_LOOP('',(#5155,#5156,#5157,#5163));
#5155 = ORIENTED_EDGE('',*,*,#5124,.F.);
#5156 = ORIENTED_EDGE('',*,*,#4189,.T.);
#5157 = ORIENTED_EDGE('',*,*,#5158,.T.);
#5158 = EDGE_CURVE('',#4182,#2880,#5159,.T.);
#5159 = LINE('',#5160,#5161);
#5160 = CARTESIAN_POINT('',(-42.92,39.34,14.));
#5161 = VECTOR('',#5162,1.);
#5162 = DIRECTION('',(-0.,1.,0.));
#5163 = ORIENTED_EDGE('',*,*,#2887,.F.);
#5164 = PLANE('',#5165);
#5165 = AXIS2_PLACEMENT_3D('',#5166,#5167,#5168);
#5166 = CARTESIAN_POINT('',(-42.92,39.34,14.));
#5167 = DIRECTION('',(1.,0.,-0.));
#5168 = DIRECTION('',(0.,0.,1.));
#5169 = ADVANCED_FACE('',(#5170),#5176,.T.);
#5170 = FACE_BOUND('',#5171,.T.);
#5171 = EDGE_LOOP('',(#5172,#5173,#5174,#5175));
#5172 = ORIENTED_EDGE('',*,*,#5141,.F.);
#5173 = ORIENTED_EDGE('',*,*,#4181,.T.);
#5174 = ORIENTED_EDGE('',*,*,#5158,.T.);
#5175 = ORIENTED_EDGE('',*,*,#2879,.F.);
#5176 = PLANE('',#5177);
#5177 = AXIS2_PLACEMENT_3D('',#5178,#5179,#5180);
#5178 = CARTESIAN_POINT('',(-45.42,39.34,14.));
#5179 = DIRECTION('',(0.,0.,1.));
#5180 = DIRECTION('',(1.,0.,-0.));
#5181 = ADVANCED_FACE('',(#5182),#5198,.F.);
#5182 = FACE_BOUND('',#5183,.F.);
#5183 = EDGE_LOOP('',(#5184,#5190,#5191,#5197));
#5184 = ORIENTED_EDGE('',*,*,#5185,.F.);
#5185 = EDGE_CURVE('',#4198,#2896,#5186,.T.);
#5186 = LINE('',#5187,#5188);
#5187 = CARTESIAN_POINT('',(-41.69,39.34,34.));
#5188 = VECTOR('',#5189,1.);
#5189 = DIRECTION('',(-0.,1.,0.));
#5190 = ORIENTED_EDGE('',*,*,#4197,.T.);
#5191 = ORIENTED_EDGE('',*,*,#5192,.T.);
#5192 = EDGE_CURVE('',#4200,#2898,#5193,.T.);
#5193 = LINE('',#5194,#5195);
#5194 = CARTESIAN_POINT('',(-39.19,39.34,34.));
#5195 = VECTOR('',#5196,1.);
#5196 = DIRECTION('',(-0.,1.,0.));
#5197 = ORIENTED_EDGE('',*,*,#2895,.F.);
#5198 = PLANE('',#5199);
#5199 = AXIS2_PLACEMENT_3D('',#5200,#5201,#5202);
#5200 = CARTESIAN_POINT('',(-41.69,39.34,34.));
#5201 = DIRECTION('',(0.,0.,1.));
#5202 = DIRECTION('',(1.,0.,-0.));
#5203 = ADVANCED_FACE('',(#5204),#5215,.T.);
#5204 = FACE_BOUND('',#5205,.T.);
#5205 = EDGE_LOOP('',(#5206,#5207,#5208,#5214));
#5206 = ORIENTED_EDGE('',*,*,#5185,.F.);
#5207 = ORIENTED_EDGE('',*,*,#4207,.T.);
#5208 = ORIENTED_EDGE('',*,*,#5209,.T.);
#5209 = EDGE_CURVE('',#4208,#2906,#5210,.T.);
#5210 = LINE('',#5211,#5212);
#5211 = CARTESIAN_POINT('',(-41.69,39.34,14.));
#5212 = VECTOR('',#5213,1.);
#5213 = DIRECTION('',(-0.,1.,0.));
#5214 = ORIENTED_EDGE('',*,*,#2905,.F.);
#5215 = PLANE('',#5216);
#5216 = AXIS2_PLACEMENT_3D('',#5217,#5218,#5219);
#5217 = CARTESIAN_POINT('',(-41.69,39.34,14.));
#5218 = DIRECTION('',(1.,0.,-0.));
#5219 = DIRECTION('',(0.,0.,1.));
#5220 = ADVANCED_FACE('',(#5221),#5232,.F.);
#5221 = FACE_BOUND('',#5222,.F.);
#5222 = EDGE_LOOP('',(#5223,#5224,#5225,#5231));
#5223 = ORIENTED_EDGE('',*,*,#5192,.F.);
#5224 = ORIENTED_EDGE('',*,*,#4223,.T.);
#5225 = ORIENTED_EDGE('',*,*,#5226,.T.);
#5226 = EDGE_CURVE('',#4216,#2914,#5227,.T.);
#5227 = LINE('',#5228,#5229);
#5228 = CARTESIAN_POINT('',(-39.19,39.34,14.));
#5229 = VECTOR('',#5230,1.);
#5230 = DIRECTION('',(-0.,1.,0.));
#5231 = ORIENTED_EDGE('',*,*,#2921,.F.);
#5232 = PLANE('',#5233);
#5233 = AXIS2_PLACEMENT_3D('',#5234,#5235,#5236);
#5234 = CARTESIAN_POINT('',(-39.19,39.34,14.));
#5235 = DIRECTION('',(1.,0.,-0.));
#5236 = DIRECTION('',(0.,0.,1.));
#5237 = ADVANCED_FACE('',(#5238),#5244,.T.);
#5238 = FACE_BOUND('',#5239,.T.);
#5239 = EDGE_LOOP('',(#5240,#5241,#5242,#5243));
#5240 = ORIENTED_EDGE('',*,*,#5209,.F.);
#5241 = ORIENTED_EDGE('',*,*,#4215,.T.);
#5242 = ORIENTED_EDGE('',*,*,#5226,.T.);
#5243 = ORIENTED_EDGE('',*,*,#2913,.F.);
#5244 = PLANE('',#5245);
#5245 = AXIS2_PLACEMENT_3D('',#5246,#5247,#5248);
#5246 = CARTESIAN_POINT('',(-41.69,39.34,14.));
#5247 = DIRECTION('',(0.,0.,1.));
#5248 = DIRECTION('',(1.,0.,-0.));
#5249 = ADVANCED_FACE('',(#5250),#5266,.F.);
#5250 = FACE_BOUND('',#5251,.F.);
#5251 = EDGE_LOOP('',(#5252,#5258,#5259,#5265));
#5252 = ORIENTED_EDGE('',*,*,#5253,.F.);
#5253 = EDGE_CURVE('',#4232,#2930,#5254,.T.);
#5254 = LINE('',#5255,#5256);
#5255 = CARTESIAN_POINT('',(-37.96,39.34,34.));
#5256 = VECTOR('',#5257,1.);
#5257 = DIRECTION('',(-0.,1.,0.));
#5258 = ORIENTED_EDGE('',*,*,#4231,.T.);
#5259 = ORIENTED_EDGE('',*,*,#5260,.T.);
#5260 = EDGE_CURVE('',#4234,#2932,#5261,.T.);
#5261 = LINE('',#5262,#5263);
#5262 = CARTESIAN_POINT('',(-35.46,39.34,34.));
#5263 = VECTOR('',#5264,1.);
#5264 = DIRECTION('',(-0.,1.,0.));
#5265 = ORIENTED_EDGE('',*,*,#2929,.F.);
#5266 = PLANE('',#5267);
#5267 = AXIS2_PLACEMENT_3D('',#5268,#5269,#5270);
#5268 = CARTESIAN_POINT('',(-37.96,39.34,34.));
#5269 = DIRECTION('',(0.,0.,1.));
#5270 = DIRECTION('',(1.,0.,-0.));
#5271 = ADVANCED_FACE('',(#5272),#5283,.T.);
#5272 = FACE_BOUND('',#5273,.T.);
#5273 = EDGE_LOOP('',(#5274,#5275,#5276,#5282));
#5274 = ORIENTED_EDGE('',*,*,#5253,.F.);
#5275 = ORIENTED_EDGE('',*,*,#4241,.T.);
#5276 = ORIENTED_EDGE('',*,*,#5277,.T.);
#5277 = EDGE_CURVE('',#4242,#2940,#5278,.T.);
#5278 = LINE('',#5279,#5280);
#5279 = CARTESIAN_POINT('',(-37.96,39.34,14.));
#5280 = VECTOR('',#5281,1.);
#5281 = DIRECTION('',(-0.,1.,0.));
#5282 = ORIENTED_EDGE('',*,*,#2939,.F.);
#5283 = PLANE('',#5284);
#5284 = AXIS2_PLACEMENT_3D('',#5285,#5286,#5287);
#5285 = CARTESIAN_POINT('',(-37.96,39.34,14.));
#5286 = DIRECTION('',(1.,0.,-0.));
#5287 = DIRECTION('',(0.,0.,1.));
#5288 = ADVANCED_FACE('',(#5289),#5300,.F.);
#5289 = FACE_BOUND('',#5290,.F.);
#5290 = EDGE_LOOP('',(#5291,#5292,#5293,#5299));
#5291 = ORIENTED_EDGE('',*,*,#5260,.F.);
#5292 = ORIENTED_EDGE('',*,*,#4257,.T.);
#5293 = ORIENTED_EDGE('',*,*,#5294,.T.);
#5294 = EDGE_CURVE('',#4250,#2948,#5295,.T.);
#5295 = LINE('',#5296,#5297);
#5296 = CARTESIAN_POINT('',(-35.46,39.34,14.));
#5297 = VECTOR('',#5298,1.);
#5298 = DIRECTION('',(-0.,1.,0.));
#5299 = ORIENTED_EDGE('',*,*,#2955,.F.);
#5300 = PLANE('',#5301);
#5301 = AXIS2_PLACEMENT_3D('',#5302,#5303,#5304);
#5302 = CARTESIAN_POINT('',(-35.46,39.34,14.));
#5303 = DIRECTION('',(1.,0.,-0.));
#5304 = DIRECTION('',(0.,0.,1.));
#5305 = ADVANCED_FACE('',(#5306),#5312,.T.);
#5306 = FACE_BOUND('',#5307,.T.);
#5307 = EDGE_LOOP('',(#5308,#5309,#5310,#5311));
#5308 = ORIENTED_EDGE('',*,*,#5277,.F.);
#5309 = ORIENTED_EDGE('',*,*,#4249,.T.);
#5310 = ORIENTED_EDGE('',*,*,#5294,.T.);
#5311 = ORIENTED_EDGE('',*,*,#2947,.F.);
#5312 = PLANE('',#5313);
#5313 = AXIS2_PLACEMENT_3D('',#5314,#5315,#5316);
#5314 = CARTESIAN_POINT('',(-37.96,39.34,14.));
#5315 = DIRECTION('',(0.,0.,1.));
#5316 = DIRECTION('',(1.,0.,-0.));
#5317 = ADVANCED_FACE('',(#5318),#5334,.F.);
#5318 = FACE_BOUND('',#5319,.F.);
#5319 = EDGE_LOOP('',(#5320,#5326,#5327,#5333));
#5320 = ORIENTED_EDGE('',*,*,#5321,.F.);
#5321 = EDGE_CURVE('',#4266,#2964,#5322,.T.);
#5322 = LINE('',#5323,#5324);
#5323 = CARTESIAN_POINT('',(-34.23,39.34,34.));
#5324 = VECTOR('',#5325,1.);
#5325 = DIRECTION('',(-0.,1.,0.));
#5326 = ORIENTED_EDGE('',*,*,#4265,.T.);
#5327 = ORIENTED_EDGE('',*,*,#5328,.T.);
#5328 = EDGE_CURVE('',#4268,#2966,#5329,.T.);
#5329 = LINE('',#5330,#5331);
#5330 = CARTESIAN_POINT('',(-31.73,39.34,34.));
#5331 = VECTOR('',#5332,1.);
#5332 = DIRECTION('',(-0.,1.,0.));
#5333 = ORIENTED_EDGE('',*,*,#2963,.F.);
#5334 = PLANE('',#5335);
#5335 = AXIS2_PLACEMENT_3D('',#5336,#5337,#5338);
#5336 = CARTESIAN_POINT('',(-34.23,39.34,34.));
#5337 = DIRECTION('',(0.,0.,1.));
#5338 = DIRECTION('',(1.,0.,-0.));
#5339 = ADVANCED_FACE('',(#5340),#5351,.F.);
#5340 = FACE_BOUND('',#5341,.F.);
#5341 = EDGE_LOOP('',(#5342,#5343,#5344,#5350));
#5342 = ORIENTED_EDGE('',*,*,#5328,.F.);
#5343 = ORIENTED_EDGE('',*,*,#4291,.T.);
#5344 = ORIENTED_EDGE('',*,*,#5345,.T.);
#5345 = EDGE_CURVE('',#4284,#2982,#5346,.T.);
#5346 = LINE('',#5347,#5348);
#5347 = CARTESIAN_POINT('',(-31.73,39.34,14.));
#5348 = VECTOR('',#5349,1.);
#5349 = DIRECTION('',(-0.,1.,0.));
#5350 = ORIENTED_EDGE('',*,*,#2989,.F.);
#5351 = PLANE('',#5352);
#5352 = AXIS2_PLACEMENT_3D('',#5353,#5354,#5355);
#5353 = CARTESIAN_POINT('',(-31.73,39.34,14.));
#5354 = DIRECTION('',(1.,0.,-0.));
#5355 = DIRECTION('',(0.,0.,1.));
#5356 = ADVANCED_FACE('',(#5357),#5368,.T.);
#5357 = FACE_BOUND('',#5358,.T.);
#5358 = EDGE_LOOP('',(#5359,#5365,#5366,#5367));
#5359 = ORIENTED_EDGE('',*,*,#5360,.F.);
#5360 = EDGE_CURVE('',#4276,#2974,#5361,.T.);
#5361 = LINE('',#5362,#5363);
#5362 = CARTESIAN_POINT('',(-34.23,39.34,14.));
#5363 = VECTOR('',#5364,1.);
#5364 = DIRECTION('',(-0.,1.,0.));
#5365 = ORIENTED_EDGE('',*,*,#4283,.T.);
#5366 = ORIENTED_EDGE('',*,*,#5345,.T.);
#5367 = ORIENTED_EDGE('',*,*,#2981,.F.);
#5368 = PLANE('',#5369);
#5369 = AXIS2_PLACEMENT_3D('',#5370,#5371,#5372);
#5370 = CARTESIAN_POINT('',(-34.23,39.34,14.));
#5371 = DIRECTION('',(0.,0.,1.));
#5372 = DIRECTION('',(1.,0.,-0.));
#5373 = ADVANCED_FACE('',(#5374),#5380,.T.);
#5374 = FACE_BOUND('',#5375,.T.);
#5375 = EDGE_LOOP('',(#5376,#5377,#5378,#5379));
#5376 = ORIENTED_EDGE('',*,*,#5321,.F.);
#5377 = ORIENTED_EDGE('',*,*,#4275,.T.);
#5378 = ORIENTED_EDGE('',*,*,#5360,.T.);
#5379 = ORIENTED_EDGE('',*,*,#2973,.F.);
#5380 = PLANE('',#5381);
#5381 = AXIS2_PLACEMENT_3D('',#5382,#5383,#5384);
#5382 = CARTESIAN_POINT('',(-34.23,39.34,14.));
#5383 = DIRECTION('',(1.,0.,-0.));
#5384 = DIRECTION('',(0.,0.,1.));
#5385 = ADVANCED_FACE('',(#5386),#5408,.T.);
#5386 = FACE_BOUND('',#5387,.T.);
#5387 = EDGE_LOOP('',(#5388,#5395,#5402,#5407));
#5388 = ORIENTED_EDGE('',*,*,#5389,.T.);
#5389 = EDGE_CURVE('',#3044,#5390,#5392,.T.);
#5390 = VERTEX_POINT('',#5391);
#5391 = CARTESIAN_POINT('',(63.28,7.602569750367,33.682378854626));
#5392 = B_SPLINE_CURVE_WITH_KNOTS('',1,(#5393,#5394),.UNSPECIFIED.,.F.,
  .F.,(2,2),(0.,0.6),.PIECEWISE_BEZIER_KNOTS.);
#5393 = CARTESIAN_POINT('',(63.88,7.602569750367,33.682378854626));
#5394 = CARTESIAN_POINT('',(63.28,7.602569750367,33.682378854626));
#5395 = ORIENTED_EDGE('',*,*,#5396,.T.);
#5396 = EDGE_CURVE('',#5390,#5397,#5399,.T.);
#5397 = VERTEX_POINT('',#5398);
#5398 = CARTESIAN_POINT('',(63.28,7.602569750367,33.032305433186));
#5399 = B_SPLINE_CURVE_WITH_KNOTS('',1,(#5400,#5401),.UNSPECIFIED.,.F.,
  .F.,(2,2),(0.,0.650073421439),.PIECEWISE_BEZIER_KNOTS.);
#5400 = CARTESIAN_POINT('',(63.28,7.602569750367,33.682378854626));
#5401 = CARTESIAN_POINT('',(63.28,7.602569750367,33.032305433186));
#5402 = ORIENTED_EDGE('',*,*,#5403,.F.);
#5403 = EDGE_CURVE('',#3046,#5397,#5404,.T.);
#5404 = B_SPLINE_CURVE_WITH_KNOTS('',1,(#5405,#5406),.UNSPECIFIED.,.F.,
  .F.,(2,2),(0.,0.6),.PIECEWISE_BEZIER_KNOTS.);
#5405 = CARTESIAN_POINT('',(63.88,7.602569750367,33.032305433186));
#5406 = CARTESIAN_POINT('',(63.28,7.602569750367,33.032305433186));
#5407 = ORIENTED_EDGE('',*,*,#3043,.F.);
#5408 = B_SPLINE_SURFACE_WITH_KNOTS('',1,1,(
    (#5409,#5410)
    ,(#5411,#5412
    )),.UNSPECIFIED.,.F.,.F.,.F.,(2,2),(2,2),(0.,0.650073421439),(-0.6,
    0.),.PIECEWISE_BEZIER_KNOTS.);
#5409 = CARTESIAN_POINT('',(63.28,7.602569750367,33.682378854626));
#5410 = CARTESIAN_POINT('',(63.88,7.602569750367,33.682378854626));
#5411 = CARTESIAN_POINT('',(63.28,7.602569750367,33.032305433186));
#5412 = CARTESIAN_POINT('',(63.88,7.602569750367,33.032305433186));
#5413 = ADVANCED_FACE('',(#5414),#5431,.T.);
#5414 = FACE_BOUND('',#5415,.T.);
#5415 = EDGE_LOOP('',(#5416,#5423,#5429,#5430));
#5416 = ORIENTED_EDGE('',*,*,#5417,.T.);
#5417 = EDGE_CURVE('',#3140,#5418,#5420,.T.);
#5418 = VERTEX_POINT('',#5419);
#5419 = CARTESIAN_POINT('',(63.28,6.840455212922,33.479295154185));
#5420 = B_SPLINE_CURVE_WITH_KNOTS('',1,(#5421,#5422),.UNSPECIFIED.,.F.,
  .F.,(2,2),(0.,0.6),.PIECEWISE_BEZIER_KNOTS.);
#5421 = CARTESIAN_POINT('',(63.88,6.840455212922,33.479295154185));
#5422 = CARTESIAN_POINT('',(63.28,6.840455212922,33.479295154185));
#5423 = ORIENTED_EDGE('',*,*,#5424,.T.);
#5424 = EDGE_CURVE('',#5418,#5390,#5425,.T.);
#5425 = B_SPLINE_CURVE_WITH_KNOTS('',2,(#5426,#5427,#5428),
  .UNSPECIFIED.,.F.,.F.,(3,3),(0.,1.),.PIECEWISE_BEZIER_KNOTS.);
#5426 = CARTESIAN_POINT('',(63.28,6.840455212922,33.479295154185));
#5427 = CARTESIAN_POINT('',(63.28,7.256754772394,33.479295154185));
#5428 = CARTESIAN_POINT('',(63.28,7.602569750367,33.682378854626));
#5429 = ORIENTED_EDGE('',*,*,#5389,.F.);
#5430 = ORIENTED_EDGE('',*,*,#3147,.F.);
#5431 = B_SPLINE_SURFACE_WITH_KNOTS('',2,1,(
    (#5432,#5433)
    ,(#5434,#5435)
    ,(#5436,#5437
    )),.UNSPECIFIED.,.F.,.F.,.F.,(3,3),(2,2),(0.,1.),(-0.6,0.),
  .PIECEWISE_BEZIER_KNOTS.);
#5432 = CARTESIAN_POINT('',(63.28,6.840455212922,33.479295154185));
#5433 = CARTESIAN_POINT('',(63.88,6.840455212922,33.479295154185));
#5434 = CARTESIAN_POINT('',(63.28,7.256754772394,33.479295154185));
#5435 = CARTESIAN_POINT('',(63.88,7.256754772394,33.479295154185));
#5436 = CARTESIAN_POINT('',(63.28,7.602569750367,33.682378854626));
#5437 = CARTESIAN_POINT('',(63.88,7.602569750367,33.682378854626));
#5438 = ADVANCED_FACE('',(#5439),#5456,.T.);
#5439 = FACE_BOUND('',#5440,.T.);
#5440 = EDGE_LOOP('',(#5441,#5448,#5454,#5455));
#5441 = ORIENTED_EDGE('',*,*,#5442,.T.);
#5442 = EDGE_CURVE('',#3132,#5443,#5445,.T.);
#5443 = VERTEX_POINT('',#5444);
#5444 = CARTESIAN_POINT('',(63.28,6.146622613803,33.751835535977));
#5445 = B_SPLINE_CURVE_WITH_KNOTS('',1,(#5446,#5447),.UNSPECIFIED.,.F.,
  .F.,(2,2),(0.,0.6),.PIECEWISE_BEZIER_KNOTS.);
#5446 = CARTESIAN_POINT('',(63.88,6.146622613803,33.751835535977));
#5447 = CARTESIAN_POINT('',(63.28,6.146622613803,33.751835535977));
#5448 = ORIENTED_EDGE('',*,*,#5449,.T.);
#5449 = EDGE_CURVE('',#5443,#5418,#5450,.T.);
#5450 = B_SPLINE_CURVE_WITH_KNOTS('',2,(#5451,#5452,#5453),
  .UNSPECIFIED.,.F.,.F.,(3,3),(0.,1.),.PIECEWISE_BEZIER_KNOTS.);
#5451 = CARTESIAN_POINT('',(63.28,6.146622613803,33.751835535977));
#5452 = CARTESIAN_POINT('',(63.28,6.404331864905,33.479295154185));
#5453 = CARTESIAN_POINT('',(63.28,6.840455212922,33.479295154185));
#5454 = ORIENTED_EDGE('',*,*,#5417,.F.);
#5455 = ORIENTED_EDGE('',*,*,#3139,.F.);
#5456 = B_SPLINE_SURFACE_WITH_KNOTS('',2,1,(
    (#5457,#5458)
    ,(#5459,#5460)
    ,(#5461,#5462
    )),.UNSPECIFIED.,.F.,.F.,.F.,(3,3),(2,2),(0.,1.),(-0.6,0.),
  .PIECEWISE_BEZIER_KNOTS.);
#5457 = CARTESIAN_POINT('',(63.28,6.146622613803,33.751835535977));
#5458 = CARTESIAN_POINT('',(63.88,6.146622613803,33.751835535977));
#5459 = CARTESIAN_POINT('',(63.28,6.404331864905,33.479295154185));
#5460 = CARTESIAN_POINT('',(63.88,6.404331864905,33.479295154185));
#5461 = CARTESIAN_POINT('',(63.28,6.840455212922,33.479295154185));
#5462 = CARTESIAN_POINT('',(63.88,6.840455212922,33.479295154185));
#5463 = ADVANCED_FACE('',(#5464),#5481,.T.);
#5464 = FACE_BOUND('',#5465,.T.);
#5465 = EDGE_LOOP('',(#5466,#5473,#5479,#5480));
#5466 = ORIENTED_EDGE('',*,*,#5467,.T.);
#5467 = EDGE_CURVE('',#3124,#5468,#5470,.T.);
#5468 = VERTEX_POINT('',#5469);
#5469 = CARTESIAN_POINT('',(63.28,5.888913362702,34.483406754772));
#5470 = B_SPLINE_CURVE_WITH_KNOTS('',1,(#5471,#5472),.UNSPECIFIED.,.F.,
  .F.,(2,2),(0.,0.6),.PIECEWISE_BEZIER_KNOTS.);
#5471 = CARTESIAN_POINT('',(63.88,5.888913362702,34.483406754772));
#5472 = CARTESIAN_POINT('',(63.28,5.888913362702,34.483406754772));
#5473 = ORIENTED_EDGE('',*,*,#5474,.T.);
#5474 = EDGE_CURVE('',#5468,#5443,#5475,.T.);
#5475 = B_SPLINE_CURVE_WITH_KNOTS('',2,(#5476,#5477,#5478),
  .UNSPECIFIED.,.F.,.F.,(3,3),(0.,1.),.PIECEWISE_BEZIER_KNOTS.);
#5476 = CARTESIAN_POINT('',(63.28,5.888913362702,34.483406754772));
#5477 = CARTESIAN_POINT('',(63.28,5.888913362702,34.024375917768));
#5478 = CARTESIAN_POINT('',(63.28,6.146622613803,33.751835535977));
#5479 = ORIENTED_EDGE('',*,*,#5442,.F.);
#5480 = ORIENTED_EDGE('',*,*,#3131,.F.);
#5481 = B_SPLINE_SURFACE_WITH_KNOTS('',2,1,(
    (#5482,#5483)
    ,(#5484,#5485)
    ,(#5486,#5487
    )),.UNSPECIFIED.,.F.,.F.,.F.,(3,3),(2,2),(0.,1.),(-0.6,0.),
  .PIECEWISE_BEZIER_KNOTS.);
#5482 = CARTESIAN_POINT('',(63.28,5.888913362702,34.483406754772));
#5483 = CARTESIAN_POINT('',(63.88,5.888913362702,34.483406754772));
#5484 = CARTESIAN_POINT('',(63.28,5.888913362702,34.024375917768));
#5485 = CARTESIAN_POINT('',(63.88,5.888913362702,34.024375917768));
#5486 = CARTESIAN_POINT('',(63.28,6.146622613803,33.751835535977));
#5487 = CARTESIAN_POINT('',(63.88,6.146622613803,33.751835535977));
#5488 = ADVANCED_FACE('',(#5489),#5506,.T.);
#5489 = FACE_BOUND('',#5490,.T.);
#5490 = EDGE_LOOP('',(#5491,#5498,#5504,#5505));
#5491 = ORIENTED_EDGE('',*,*,#5492,.T.);
#5492 = EDGE_CURVE('',#3116,#5493,#5495,.T.);
#5493 = VERTEX_POINT('',#5494);
#5494 = CARTESIAN_POINT('',(63.28,6.162041116006,35.242584434655));
#5495 = B_SPLINE_CURVE_WITH_KNOTS('',1,(#5496,#5497),.UNSPECIFIED.,.F.,
  .F.,(2,2),(0.,0.6),.PIECEWISE_BEZIER_KNOTS.);
#5496 = CARTESIAN_POINT('',(63.88,6.162041116006,35.242584434655));
#5497 = CARTESIAN_POINT('',(63.28,6.162041116006,35.242584434655));
#5498 = ORIENTED_EDGE('',*,*,#5499,.T.);
#5499 = EDGE_CURVE('',#5493,#5468,#5500,.T.);
#5500 = B_SPLINE_CURVE_WITH_KNOTS('',2,(#5501,#5502,#5503),
  .UNSPECIFIED.,.F.,.F.,(3,3),(0.,1.),.PIECEWISE_BEZIER_KNOTS.);
#5501 = CARTESIAN_POINT('',(63.28,6.162041116006,35.242584434655));
#5502 = CARTESIAN_POINT('',(63.28,5.888913362702,34.962408223201));
#5503 = CARTESIAN_POINT('',(63.28,5.888913362702,34.483406754772));
#5504 = ORIENTED_EDGE('',*,*,#5467,.F.);
#5505 = ORIENTED_EDGE('',*,*,#3123,.F.);
#5506 = B_SPLINE_SURFACE_WITH_KNOTS('',2,1,(
    (#5507,#5508)
    ,(#5509,#5510)
    ,(#5511,#5512
    )),.UNSPECIFIED.,.F.,.F.,.F.,(3,3),(2,2),(0.,1.),(-0.6,0.),
  .PIECEWISE_BEZIER_KNOTS.);
#5507 = CARTESIAN_POINT('',(63.28,6.162041116006,35.242584434655));
#5508 = CARTESIAN_POINT('',(63.88,6.162041116006,35.242584434655));
#5509 = CARTESIAN_POINT('',(63.28,5.888913362702,34.962408223201));
#5510 = CARTESIAN_POINT('',(63.88,5.888913362702,34.962408223201));
#5511 = CARTESIAN_POINT('',(63.28,5.888913362702,34.483406754772));
#5512 = CARTESIAN_POINT('',(63.88,5.888913362702,34.483406754772));
#5513 = ADVANCED_FACE('',(#5514),#5531,.T.);
#5514 = FACE_BOUND('',#5515,.T.);
#5515 = EDGE_LOOP('',(#5516,#5523,#5529,#5530));
#5516 = ORIENTED_EDGE('',*,*,#5517,.T.);
#5517 = EDGE_CURVE('',#3108,#5518,#5520,.T.);
#5518 = VERTEX_POINT('',#5519);
#5519 = CARTESIAN_POINT('',(63.28,6.880102790015,35.522907488987));
#5520 = B_SPLINE_CURVE_WITH_KNOTS('',1,(#5521,#5522),.UNSPECIFIED.,.F.,
  .F.,(2,2),(0.,0.6),.PIECEWISE_BEZIER_KNOTS.);
#5521 = CARTESIAN_POINT('',(63.88,6.880102790015,35.522907488987));
#5522 = CARTESIAN_POINT('',(63.28,6.880102790015,35.522907488987));
#5523 = ORIENTED_EDGE('',*,*,#5524,.T.);
#5524 = EDGE_CURVE('',#5518,#5493,#5525,.T.);
#5525 = B_SPLINE_CURVE_WITH_KNOTS('',2,(#5526,#5527,#5528),
  .UNSPECIFIED.,.F.,.F.,(3,3),(0.,1.),.PIECEWISE_BEZIER_KNOTS.);
#5526 = CARTESIAN_POINT('',(63.28,6.880102790015,35.522907488987));
#5527 = CARTESIAN_POINT('',(63.28,6.43516886931,35.522907488987));
#5528 = CARTESIAN_POINT('',(63.28,6.162041116006,35.242584434655));
#5529 = ORIENTED_EDGE('',*,*,#5492,.F.);
#5530 = ORIENTED_EDGE('',*,*,#3115,.F.);
#5531 = B_SPLINE_SURFACE_WITH_KNOTS('',2,1,(
    (#5532,#5533)
    ,(#5534,#5535)
    ,(#5536,#5537
    )),.UNSPECIFIED.,.F.,.F.,.F.,(3,3),(2,2),(0.,1.),(-0.6,0.),
  .PIECEWISE_BEZIER_KNOTS.);
#5532 = CARTESIAN_POINT('',(63.28,6.880102790015,35.522907488987));
#5533 = CARTESIAN_POINT('',(63.88,6.880102790015,35.522907488987));
#5534 = CARTESIAN_POINT('',(63.28,6.43516886931,35.522907488987));
#5535 = CARTESIAN_POINT('',(63.88,6.43516886931,35.522907488987));
#5536 = CARTESIAN_POINT('',(63.28,6.162041116006,35.242584434655));
#5537 = CARTESIAN_POINT('',(63.88,6.162041116006,35.242584434655));
#5538 = ADVANCED_FACE('',(#5539),#5556,.T.);
#5539 = FACE_BOUND('',#5540,.T.);
#5540 = EDGE_LOOP('',(#5541,#5548,#5554,#5555));
#5541 = ORIENTED_EDGE('',*,*,#5542,.T.);
#5542 = EDGE_CURVE('',#3101,#5543,#5545,.T.);
#5543 = VERTEX_POINT('',#5544);
#5544 = CARTESIAN_POINT('',(63.28,7.602569750367,35.336417033774));
#5545 = B_SPLINE_CURVE_WITH_KNOTS('',1,(#5546,#5547),.UNSPECIFIED.,.F.,
  .F.,(2,2),(0.,0.6),.PIECEWISE_BEZIER_KNOTS.);
#5546 = CARTESIAN_POINT('',(63.88,7.602569750367,35.336417033774));
#5547 = CARTESIAN_POINT('',(63.28,7.602569750367,35.336417033774));
#5548 = ORIENTED_EDGE('',*,*,#5549,.T.);
#5549 = EDGE_CURVE('',#5543,#5518,#5550,.T.);
#5550 = B_SPLINE_CURVE_WITH_KNOTS('',2,(#5551,#5552,#5553),
  .UNSPECIFIED.,.F.,.F.,(3,3),(0.,1.),.PIECEWISE_BEZIER_KNOTS.);
#5551 = CARTESIAN_POINT('',(63.28,7.602569750367,35.336417033774));
#5552 = CARTESIAN_POINT('',(63.28,7.285389133627,35.522907488987));
#5553 = CARTESIAN_POINT('',(63.28,6.880102790015,35.522907488987));
#5554 = ORIENTED_EDGE('',*,*,#5517,.F.);
#5555 = ORIENTED_EDGE('',*,*,#3107,.F.);
#5556 = B_SPLINE_SURFACE_WITH_KNOTS('',2,1,(
    (#5557,#5558)
    ,(#5559,#5560)
    ,(#5561,#5562
    )),.UNSPECIFIED.,.F.,.F.,.F.,(3,3),(2,2),(0.,1.),(-0.6,0.),
  .PIECEWISE_BEZIER_KNOTS.);
#5557 = CARTESIAN_POINT('',(63.28,7.602569750367,35.336417033774));
#5558 = CARTESIAN_POINT('',(63.88,7.602569750367,35.336417033774));
#5559 = CARTESIAN_POINT('',(63.28,7.285389133627,35.522907488987));
#5560 = CARTESIAN_POINT('',(63.88,7.285389133627,35.522907488987));
#5561 = CARTESIAN_POINT('',(63.28,6.880102790015,35.522907488987));
#5562 = CARTESIAN_POINT('',(63.88,6.880102790015,35.522907488987));
#5563 = ADVANCED_FACE('',(#5564),#5580,.T.);
#5564 = FACE_BOUND('',#5565,.T.);
#5565 = EDGE_LOOP('',(#5566,#5573,#5578,#5579));
#5566 = ORIENTED_EDGE('',*,*,#5567,.T.);
#5567 = EDGE_CURVE('',#3093,#5568,#5570,.T.);
#5568 = VERTEX_POINT('',#5569);
#5569 = CARTESIAN_POINT('',(63.28,7.602569750367,36.018942731278));
#5570 = B_SPLINE_CURVE_WITH_KNOTS('',1,(#5571,#5572),.UNSPECIFIED.,.F.,
  .F.,(2,2),(0.,0.6),.PIECEWISE_BEZIER_KNOTS.);
#5571 = CARTESIAN_POINT('',(63.88,7.602569750367,36.018942731278));
#5572 = CARTESIAN_POINT('',(63.28,7.602569750367,36.018942731278));
#5573 = ORIENTED_EDGE('',*,*,#5574,.T.);
#5574 = EDGE_CURVE('',#5568,#5543,#5575,.T.);
#5575 = B_SPLINE_CURVE_WITH_KNOTS('',1,(#5576,#5577),.UNSPECIFIED.,.F.,
  .F.,(2,2),(0.,0.682525697504),.PIECEWISE_BEZIER_KNOTS.);
#5576 = CARTESIAN_POINT('',(63.28,7.602569750367,36.018942731278));
#5577 = CARTESIAN_POINT('',(63.28,7.602569750367,35.336417033774));
#5578 = ORIENTED_EDGE('',*,*,#5542,.F.);
#5579 = ORIENTED_EDGE('',*,*,#3100,.F.);
#5580 = B_SPLINE_SURFACE_WITH_KNOTS('',1,1,(
    (#5581,#5582)
    ,(#5583,#5584
    )),.UNSPECIFIED.,.F.,.F.,.F.,(2,2),(2,2),(0.,0.682525697504),(-0.6,
    0.),.PIECEWISE_BEZIER_KNOTS.);
#5581 = CARTESIAN_POINT('',(63.28,7.602569750367,36.018942731278));
#5582 = CARTESIAN_POINT('',(63.88,7.602569750367,36.018942731278));
#5583 = CARTESIAN_POINT('',(63.28,7.602569750367,35.336417033774));
#5584 = CARTESIAN_POINT('',(63.88,7.602569750367,35.336417033774));
#5585 = ADVANCED_FACE('',(#5586),#5603,.T.);
#5586 = FACE_BOUND('',#5587,.T.);
#5587 = EDGE_LOOP('',(#5588,#5595,#5601,#5602));
#5588 = ORIENTED_EDGE('',*,*,#5589,.T.);
#5589 = EDGE_CURVE('',#3085,#5590,#5592,.T.);
#5590 = VERTEX_POINT('',#5591);
#5591 = CARTESIAN_POINT('',(63.28,6.822834067548,36.135242290749));
#5592 = B_SPLINE_CURVE_WITH_KNOTS('',1,(#5593,#5594),.UNSPECIFIED.,.F.,
  .F.,(2,2),(0.,0.6),.PIECEWISE_BEZIER_KNOTS.);
#5593 = CARTESIAN_POINT('',(63.88,6.822834067548,36.135242290749));
#5594 = CARTESIAN_POINT('',(63.28,6.822834067548,36.135242290749));
#5595 = ORIENTED_EDGE('',*,*,#5596,.T.);
#5596 = EDGE_CURVE('',#5590,#5568,#5597,.T.);
#5597 = B_SPLINE_CURVE_WITH_KNOTS('',2,(#5598,#5599,#5600),
  .UNSPECIFIED.,.F.,.F.,(3,3),(0.,1.),.PIECEWISE_BEZIER_KNOTS.);
#5598 = CARTESIAN_POINT('',(63.28,6.822834067548,36.135242290749));
#5599 = CARTESIAN_POINT('',(63.28,7.285389133627,36.135242290749));
#5600 = CARTESIAN_POINT('',(63.28,7.602569750367,36.018942731278));
#5601 = ORIENTED_EDGE('',*,*,#5567,.F.);
#5602 = ORIENTED_EDGE('',*,*,#3092,.F.);
#5603 = B_SPLINE_SURFACE_WITH_KNOTS('',2,1,(
    (#5604,#5605)
    ,(#5606,#5607)
    ,(#5608,#5609
    )),.UNSPECIFIED.,.F.,.F.,.F.,(3,3),(2,2),(0.,1.),(-0.6,0.),
  .PIECEWISE_BEZIER_KNOTS.);
#5604 = CARTESIAN_POINT('',(63.28,6.822834067548,36.135242290749));
#5605 = CARTESIAN_POINT('',(63.88,6.822834067548,36.135242290749));
#5606 = CARTESIAN_POINT('',(63.28,7.285389133627,36.135242290749));
#5607 = CARTESIAN_POINT('',(63.88,7.285389133627,36.135242290749));
#5608 = CARTESIAN_POINT('',(63.28,7.602569750367,36.018942731278));
#5609 = CARTESIAN_POINT('',(63.88,7.602569750367,36.018942731278));
#5610 = ADVANCED_FACE('',(#5611),#5628,.T.);
#5611 = FACE_BOUND('',#5612,.T.);
#5612 = EDGE_LOOP('',(#5613,#5620,#5626,#5627));
#5613 = ORIENTED_EDGE('',*,*,#5614,.T.);
#5614 = EDGE_CURVE('',#3077,#5615,#5617,.T.);
#5615 = VERTEX_POINT('',#5616);
#5616 = CARTESIAN_POINT('',(63.28,5.608002936858,35.66328928047));
#5617 = B_SPLINE_CURVE_WITH_KNOTS('',1,(#5618,#5619),.UNSPECIFIED.,.F.,
  .F.,(2,2),(0.,0.6),.PIECEWISE_BEZIER_KNOTS.);
#5618 = CARTESIAN_POINT('',(63.88,5.608002936858,35.66328928047));
#5619 = CARTESIAN_POINT('',(63.28,5.608002936858,35.66328928047));
#5620 = ORIENTED_EDGE('',*,*,#5621,.T.);
#5621 = EDGE_CURVE('',#5615,#5590,#5622,.T.);
#5622 = B_SPLINE_CURVE_WITH_KNOTS('',2,(#5623,#5624,#5625),
  .UNSPECIFIED.,.F.,.F.,(3,3),(0.,1.),.PIECEWISE_BEZIER_KNOTS.);
#5623 = CARTESIAN_POINT('',(63.28,5.608002936858,35.66328928047));
#5624 = CARTESIAN_POINT('',(63.28,6.076138032305,36.135242290749));
#5625 = CARTESIAN_POINT('',(63.28,6.822834067548,36.135242290749));
#5626 = ORIENTED_EDGE('',*,*,#5589,.F.);
#5627 = ORIENTED_EDGE('',*,*,#3084,.F.);
#5628 = B_SPLINE_SURFACE_WITH_KNOTS('',2,1,(
    (#5629,#5630)
    ,(#5631,#5632)
    ,(#5633,#5634
    )),.UNSPECIFIED.,.F.,.F.,.F.,(3,3),(2,2),(0.,1.),(-0.6,0.),
  .PIECEWISE_BEZIER_KNOTS.);
#5629 = CARTESIAN_POINT('',(63.28,5.608002936858,35.66328928047));
#5630 = CARTESIAN_POINT('',(63.88,5.608002936858,35.66328928047));
#5631 = CARTESIAN_POINT('',(63.28,6.076138032305,36.135242290749));
#5632 = CARTESIAN_POINT('',(63.88,6.076138032305,36.135242290749));
#5633 = CARTESIAN_POINT('',(63.28,6.822834067548,36.135242290749));
#5634 = CARTESIAN_POINT('',(63.88,6.822834067548,36.135242290749));
#5635 = ADVANCED_FACE('',(#5636),#5653,.T.);
#5636 = FACE_BOUND('',#5637,.T.);
#5637 = EDGE_LOOP('',(#5638,#5645,#5651,#5652));
#5638 = ORIENTED_EDGE('',*,*,#5639,.T.);
#5639 = EDGE_CURVE('',#3069,#5640,#5642,.T.);
#5640 = VERTEX_POINT('',#5641);
#5641 = CARTESIAN_POINT('',(63.28,5.140014684288,34.432745961821));
#5642 = B_SPLINE_CURVE_WITH_KNOTS('',1,(#5643,#5644),.UNSPECIFIED.,.F.,
  .F.,(2,2),(0.,0.6),.PIECEWISE_BEZIER_KNOTS.);
#5643 = CARTESIAN_POINT('',(63.88,5.140014684288,34.432745961821));
#5644 = CARTESIAN_POINT('',(63.28,5.140014684288,34.432745961821));
#5645 = ORIENTED_EDGE('',*,*,#5646,.T.);
#5646 = EDGE_CURVE('',#5640,#5615,#5647,.T.);
#5647 = B_SPLINE_CURVE_WITH_KNOTS('',2,(#5648,#5649,#5650),
  .UNSPECIFIED.,.F.,.F.,(3,3),(0.,1.),.PIECEWISE_BEZIER_KNOTS.);
#5648 = CARTESIAN_POINT('',(63.28,5.140014684288,34.432745961821));
#5649 = CARTESIAN_POINT('',(63.28,5.140014684288,35.191336270191));
#5650 = CARTESIAN_POINT('',(63.28,5.608002936858,35.66328928047));
#5651 = ORIENTED_EDGE('',*,*,#5614,.F.);
#5652 = ORIENTED_EDGE('',*,*,#3076,.F.);
#5653 = B_SPLINE_SURFACE_WITH_KNOTS('',2,1,(
    (#5654,#5655)
    ,(#5656,#5657)
    ,(#5658,#5659
    )),.UNSPECIFIED.,.F.,.F.,.F.,(3,3),(2,2),(0.,1.),(-0.6,0.),
  .PIECEWISE_BEZIER_KNOTS.);
#5654 = CARTESIAN_POINT('',(63.28,5.140014684288,34.432745961821));
#5655 = CARTESIAN_POINT('',(63.88,5.140014684288,34.432745961821));
#5656 = CARTESIAN_POINT('',(63.28,5.140014684288,35.191336270191));
#5657 = CARTESIAN_POINT('',(63.88,5.140014684288,35.191336270191));
#5658 = CARTESIAN_POINT('',(63.28,5.608002936858,35.66328928047));
#5659 = CARTESIAN_POINT('',(63.88,5.608002936858,35.66328928047));
#5660 = ADVANCED_FACE('',(#5661),#5678,.T.);
#5661 = FACE_BOUND('',#5662,.T.);
#5662 = EDGE_LOOP('',(#5663,#5670,#5676,#5677));
#5663 = ORIENTED_EDGE('',*,*,#5664,.T.);
#5664 = EDGE_CURVE('',#3061,#5665,#5667,.T.);
#5665 = VERTEX_POINT('',#5666);
#5666 = CARTESIAN_POINT('',(63.28,5.556314243759,33.292511013216));
#5667 = B_SPLINE_CURVE_WITH_KNOTS('',1,(#5668,#5669),.UNSPECIFIED.,.F.,
  .F.,(2,2),(0.,0.6),.PIECEWISE_BEZIER_KNOTS.);
#5668 = CARTESIAN_POINT('',(63.88,5.556314243759,33.292511013216));
#5669 = CARTESIAN_POINT('',(63.28,5.556314243759,33.292511013216));
#5670 = ORIENTED_EDGE('',*,*,#5671,.T.);
#5671 = EDGE_CURVE('',#5665,#5640,#5672,.T.);
#5672 = B_SPLINE_CURVE_WITH_KNOTS('',2,(#5673,#5674,#5675),
  .UNSPECIFIED.,.F.,.F.,(3,3),(0.,1.),.PIECEWISE_BEZIER_KNOTS.);
#5673 = CARTESIAN_POINT('',(63.28,5.556314243759,33.292511013216));
#5674 = CARTESIAN_POINT('',(63.28,5.140014684288,33.720411160059));
#5675 = CARTESIAN_POINT('',(63.28,5.140014684288,34.432745961821));
#5676 = ORIENTED_EDGE('',*,*,#5639,.F.);
#5677 = ORIENTED_EDGE('',*,*,#3068,.F.);
#5678 = B_SPLINE_SURFACE_WITH_KNOTS('',2,1,(
    (#5679,#5680)
    ,(#5681,#5682)
    ,(#5683,#5684
    )),.UNSPECIFIED.,.F.,.F.,.F.,(3,3),(2,2),(0.,1.),(-0.6,0.),
  .PIECEWISE_BEZIER_KNOTS.);
#5679 = CARTESIAN_POINT('',(63.28,5.556314243759,33.292511013216));
#5680 = CARTESIAN_POINT('',(63.88,5.556314243759,33.292511013216));
#5681 = CARTESIAN_POINT('',(63.28,5.140014684288,33.720411160059));
#5682 = CARTESIAN_POINT('',(63.88,5.140014684288,33.720411160059));
#5683 = CARTESIAN_POINT('',(63.28,5.140014684288,34.432745961821));
#5684 = CARTESIAN_POINT('',(63.88,5.140014684288,34.432745961821));
#5685 = ADVANCED_FACE('',(#5686),#5703,.T.);
#5686 = FACE_BOUND('',#5687,.T.);
#5687 = EDGE_LOOP('',(#5688,#5695,#5701,#5702));
#5688 = ORIENTED_EDGE('',*,*,#5689,.T.);
#5689 = EDGE_CURVE('',#3053,#5690,#5692,.T.);
#5690 = VERTEX_POINT('',#5691);
#5691 = CARTESIAN_POINT('',(63.28,6.699486049927,32.864757709251));
#5692 = B_SPLINE_CURVE_WITH_KNOTS('',1,(#5693,#5694),.UNSPECIFIED.,.F.,
  .F.,(2,2),(0.,0.6),.PIECEWISE_BEZIER_KNOTS.);
#5693 = CARTESIAN_POINT('',(63.88,6.699486049927,32.864757709251));
#5694 = CARTESIAN_POINT('',(63.28,6.699486049927,32.864757709251));
#5695 = ORIENTED_EDGE('',*,*,#5696,.T.);
#5696 = EDGE_CURVE('',#5690,#5665,#5697,.T.);
#5697 = B_SPLINE_CURVE_WITH_KNOTS('',2,(#5698,#5699,#5700),
  .UNSPECIFIED.,.F.,.F.,(3,3),(0.,1.),.PIECEWISE_BEZIER_KNOTS.);
#5698 = CARTESIAN_POINT('',(63.28,6.699486049927,32.864757709251));
#5699 = CARTESIAN_POINT('',(63.28,5.972613803231,32.864757709251));
#5700 = CARTESIAN_POINT('',(63.28,5.556314243759,33.292511013216));
#5701 = ORIENTED_EDGE('',*,*,#5664,.F.);
#5702 = ORIENTED_EDGE('',*,*,#3060,.F.);
#5703 = B_SPLINE_SURFACE_WITH_KNOTS('',2,1,(
    (#5704,#5705)
    ,(#5706,#5707)
    ,(#5708,#5709
    )),.UNSPECIFIED.,.F.,.F.,.F.,(3,3),(2,2),(0.,1.),(-0.6,0.),
  .PIECEWISE_BEZIER_KNOTS.);
#5704 = CARTESIAN_POINT('',(63.28,6.699486049927,32.864757709251));
#5705 = CARTESIAN_POINT('',(63.88,6.699486049927,32.864757709251));
#5706 = CARTESIAN_POINT('',(63.28,5.972613803231,32.864757709251));
#5707 = CARTESIAN_POINT('',(63.88,5.972613803231,32.864757709251));
#5708 = CARTESIAN_POINT('',(63.28,5.556314243759,33.292511013216));
#5709 = CARTESIAN_POINT('',(63.88,5.556314243759,33.292511013216));
#5710 = ADVANCED_FACE('',(#5711),#5722,.T.);
#5711 = FACE_BOUND('',#5712,.T.);
#5712 = EDGE_LOOP('',(#5713,#5714,#5720,#5721));
#5713 = ORIENTED_EDGE('',*,*,#5403,.T.);
#5714 = ORIENTED_EDGE('',*,*,#5715,.T.);
#5715 = EDGE_CURVE('',#5397,#5690,#5716,.T.);
#5716 = B_SPLINE_CURVE_WITH_KNOTS('',2,(#5717,#5718,#5719),
  .UNSPECIFIED.,.F.,.F.,(3,3),(0.,1.),.PIECEWISE_BEZIER_KNOTS.);
#5717 = CARTESIAN_POINT('',(63.28,7.602569750367,33.032305433186));
#5718 = CARTESIAN_POINT('',(63.28,7.256754772394,32.864757709251));
#5719 = CARTESIAN_POINT('',(63.28,6.699486049927,32.864757709251));
#5720 = ORIENTED_EDGE('',*,*,#5689,.F.);
#5721 = ORIENTED_EDGE('',*,*,#3052,.F.);
#5722 = B_SPLINE_SURFACE_WITH_KNOTS('',2,1,(
    (#5723,#5724)
    ,(#5725,#5726)
    ,(#5727,#5728
    )),.UNSPECIFIED.,.F.,.F.,.F.,(3,3),(2,2),(0.,1.),(-0.6,0.),
  .PIECEWISE_BEZIER_KNOTS.);
#5723 = CARTESIAN_POINT('',(63.28,7.602569750367,33.032305433186));
#5724 = CARTESIAN_POINT('',(63.88,7.602569750367,33.032305433186));
#5725 = CARTESIAN_POINT('',(63.28,7.256754772394,32.864757709251));
#5726 = CARTESIAN_POINT('',(63.88,7.256754772394,32.864757709251));
#5727 = CARTESIAN_POINT('',(63.28,6.699486049927,32.864757709251));
#5728 = CARTESIAN_POINT('',(63.88,6.699486049927,32.864757709251));
#5729 = ADVANCED_FACE('',(#5730),#5752,.T.);
#5730 = FACE_BOUND('',#5731,.T.);
#5731 = EDGE_LOOP('',(#5732,#5739,#5746,#5751));
#5732 = ORIENTED_EDGE('',*,*,#5733,.T.);
#5733 = EDGE_CURVE('',#3156,#5734,#5736,.T.);
#5734 = VERTEX_POINT('',#5735);
#5735 = CARTESIAN_POINT('',(63.28,3.130323054332,32.921145374449));
#5736 = B_SPLINE_CURVE_WITH_KNOTS('',1,(#5737,#5738),.UNSPECIFIED.,.F.,
  .F.,(2,2),(0.,0.6),.PIECEWISE_BEZIER_KNOTS.);
#5737 = CARTESIAN_POINT('',(63.88,3.130323054332,32.921145374449));
#5738 = CARTESIAN_POINT('',(63.28,3.130323054332,32.921145374449));
#5739 = ORIENTED_EDGE('',*,*,#5740,.T.);
#5740 = EDGE_CURVE('',#5734,#5741,#5743,.T.);
#5741 = VERTEX_POINT('',#5742);
#5742 = CARTESIAN_POINT('',(63.28,2.011380323054,32.921145374449));
#5743 = B_SPLINE_CURVE_WITH_KNOTS('',1,(#5744,#5745),.UNSPECIFIED.,.F.,
  .F.,(2,2),(0.,1.118942731278),.PIECEWISE_BEZIER_KNOTS.);
#5744 = CARTESIAN_POINT('',(63.28,3.130323054332,32.921145374449));
#5745 = CARTESIAN_POINT('',(63.28,2.011380323054,32.921145374449));
#5746 = ORIENTED_EDGE('',*,*,#5747,.F.);
#5747 = EDGE_CURVE('',#3158,#5741,#5748,.T.);
#5748 = B_SPLINE_CURVE_WITH_KNOTS('',1,(#5749,#5750),.UNSPECIFIED.,.F.,
  .F.,(2,2),(0.,0.6),.PIECEWISE_BEZIER_KNOTS.);
#5749 = CARTESIAN_POINT('',(63.88,2.011380323054,32.921145374449));
#5750 = CARTESIAN_POINT('',(63.28,2.011380323054,32.921145374449));
#5751 = ORIENTED_EDGE('',*,*,#3155,.F.);
#5752 = B_SPLINE_SURFACE_WITH_KNOTS('',1,1,(
    (#5753,#5754)
    ,(#5755,#5756
    )),.UNSPECIFIED.,.F.,.F.,.F.,(2,2),(2,2),(0.,1.118942731278),(-0.6,
    0.),.PIECEWISE_BEZIER_KNOTS.);
#5753 = CARTESIAN_POINT('',(63.28,3.130323054332,32.921145374449));
#5754 = CARTESIAN_POINT('',(63.88,3.130323054332,32.921145374449));
#5755 = CARTESIAN_POINT('',(63.28,2.011380323054,32.921145374449));
#5756 = CARTESIAN_POINT('',(63.88,2.011380323054,32.921145374449));
#5757 = ADVANCED_FACE('',(#5758),#5775,.T.);
#5758 = FACE_BOUND('',#5759,.T.);
#5759 = EDGE_LOOP('',(#5760,#5767,#5773,#5774));
#5760 = ORIENTED_EDGE('',*,*,#5761,.T.);
#5761 = EDGE_CURVE('',#3187,#5762,#5764,.T.);
#5762 = VERTEX_POINT('',#5763);
#5763 = CARTESIAN_POINT('',(63.28,4.353817914831,33.361527165932));
#5764 = B_SPLINE_CURVE_WITH_KNOTS('',1,(#5765,#5766),.UNSPECIFIED.,.F.,
  .F.,(2,2),(0.,0.6),.PIECEWISE_BEZIER_KNOTS.);
#5765 = CARTESIAN_POINT('',(63.88,4.353817914831,33.361527165932));
#5766 = CARTESIAN_POINT('',(63.28,4.353817914831,33.361527165932));
#5767 = ORIENTED_EDGE('',*,*,#5768,.T.);
#5768 = EDGE_CURVE('',#5762,#5734,#5769,.T.);
#5769 = B_SPLINE_CURVE_WITH_KNOTS('',2,(#5770,#5771,#5772),
  .UNSPECIFIED.,.F.,.F.,(3,3),(0.,1.),.PIECEWISE_BEZIER_KNOTS.);
#5770 = CARTESIAN_POINT('',(63.28,4.353817914831,33.361527165932));
#5771 = CARTESIAN_POINT('',(63.28,3.894640234949,32.921145374449));
#5772 = CARTESIAN_POINT('',(63.28,3.130323054332,32.921145374449));
#5773 = ORIENTED_EDGE('',*,*,#5733,.F.);
#5774 = ORIENTED_EDGE('',*,*,#3194,.F.);
#5775 = B_SPLINE_SURFACE_WITH_KNOTS('',2,1,(
    (#5776,#5777)
    ,(#5778,#5779)
    ,(#5780,#5781
    )),.UNSPECIFIED.,.F.,.F.,.F.,(3,3),(2,2),(0.,1.),(-0.6,0.),
  .PIECEWISE_BEZIER_KNOTS.);
#5776 = CARTESIAN_POINT('',(63.28,4.353817914831,33.361527165932));
#5777 = CARTESIAN_POINT('',(63.88,4.353817914831,33.361527165932));
#5778 = CARTESIAN_POINT('',(63.28,3.894640234949,32.921145374449));
#5779 = CARTESIAN_POINT('',(63.88,3.894640234949,32.921145374449));
#5780 = CARTESIAN_POINT('',(63.28,3.130323054332,32.921145374449));
#5781 = CARTESIAN_POINT('',(63.88,3.130323054332,32.921145374449));
#5782 = ADVANCED_FACE('',(#5783),#5800,.T.);
#5783 = FACE_BOUND('',#5784,.T.);
#5784 = EDGE_LOOP('',(#5785,#5792,#5798,#5799));
#5785 = ORIENTED_EDGE('',*,*,#5786,.T.);
#5786 = EDGE_CURVE('',#3179,#5787,#5789,.T.);
#5787 = VERTEX_POINT('',#5788);
#5788 = CARTESIAN_POINT('',(63.28,4.813142437592,34.539647577093));
#5789 = B_SPLINE_CURVE_WITH_KNOTS('',1,(#5790,#5791),.UNSPECIFIED.,.F.,
  .F.,(2,2),(0.,0.6),.PIECEWISE_BEZIER_KNOTS.);
#5790 = CARTESIAN_POINT('',(63.88,4.813142437592,34.539647577093));
#5791 = CARTESIAN_POINT('',(63.28,4.813142437592,34.539647577093));
#5792 = ORIENTED_EDGE('',*,*,#5793,.T.);
#5793 = EDGE_CURVE('',#5787,#5762,#5794,.T.);
#5794 = B_SPLINE_CURVE_WITH_KNOTS('',2,(#5795,#5796,#5797),
  .UNSPECIFIED.,.F.,.F.,(3,3),(0.,1.),.PIECEWISE_BEZIER_KNOTS.);
#5795 = CARTESIAN_POINT('',(63.28,4.813142437592,34.539647577093));
#5796 = CARTESIAN_POINT('',(63.28,4.813142437592,33.801908957416));
#5797 = CARTESIAN_POINT('',(63.28,4.353817914831,33.361527165932));
#5798 = ORIENTED_EDGE('',*,*,#5761,.F.);
#5799 = ORIENTED_EDGE('',*,*,#3186,.F.);
#5800 = B_SPLINE_SURFACE_WITH_KNOTS('',2,1,(
    (#5801,#5802)
    ,(#5803,#5804)
    ,(#5805,#5806
    )),.UNSPECIFIED.,.F.,.F.,.F.,(3,3),(2,2),(0.,1.),(-0.6,0.),
  .PIECEWISE_BEZIER_KNOTS.);
#5801 = CARTESIAN_POINT('',(63.28,4.813142437592,34.539647577093));
#5802 = CARTESIAN_POINT('',(63.88,4.813142437592,34.539647577093));
#5803 = CARTESIAN_POINT('',(63.28,4.813142437592,33.801908957416));
#5804 = CARTESIAN_POINT('',(63.88,4.813142437592,33.801908957416));
#5805 = CARTESIAN_POINT('',(63.28,4.353817914831,33.361527165932));
#5806 = CARTESIAN_POINT('',(63.88,4.353817914831,33.361527165932));
#5807 = ADVANCED_FACE('',(#5808),#5825,.T.);
#5808 = FACE_BOUND('',#5809,.T.);
#5809 = EDGE_LOOP('',(#5810,#5817,#5823,#5824));
#5810 = ORIENTED_EDGE('',*,*,#5811,.T.);
#5811 = EDGE_CURVE('',#3172,#5812,#5814,.T.);
#5812 = VERTEX_POINT('',#5813);
#5813 = CARTESIAN_POINT('',(63.28,3.130323054332,36.078854625551));
#5814 = B_SPLINE_CURVE_WITH_KNOTS('',1,(#5815,#5816),.UNSPECIFIED.,.F.,
  .F.,(2,2),(0.,0.6),.PIECEWISE_BEZIER_KNOTS.);
#5815 = CARTESIAN_POINT('',(63.88,3.130323054332,36.078854625551));
#5816 = CARTESIAN_POINT('',(63.28,3.130323054332,36.078854625551));
#5817 = ORIENTED_EDGE('',*,*,#5818,.T.);
#5818 = EDGE_CURVE('',#5812,#5787,#5819,.T.);
#5819 = B_SPLINE_CURVE_WITH_KNOTS('',2,(#5820,#5821,#5822),
  .UNSPECIFIED.,.F.,.F.,(3,3),(0.,1.),.PIECEWISE_BEZIER_KNOTS.);
#5820 = CARTESIAN_POINT('',(63.28,3.130323054332,36.078854625551));
#5821 = CARTESIAN_POINT('',(63.28,4.813142437592,36.078854625551));
#5822 = CARTESIAN_POINT('',(63.28,4.813142437592,34.539647577093));
#5823 = ORIENTED_EDGE('',*,*,#5786,.F.);
#5824 = ORIENTED_EDGE('',*,*,#3178,.F.);
#5825 = B_SPLINE_SURFACE_WITH_KNOTS('',2,1,(
    (#5826,#5827)
    ,(#5828,#5829)
    ,(#5830,#5831
    )),.UNSPECIFIED.,.F.,.F.,.F.,(3,3),(2,2),(0.,1.),(-0.6,0.),
  .PIECEWISE_BEZIER_KNOTS.);
#5826 = CARTESIAN_POINT('',(63.28,3.130323054332,36.078854625551));
#5827 = CARTESIAN_POINT('',(63.88,3.130323054332,36.078854625551));
#5828 = CARTESIAN_POINT('',(63.28,4.813142437592,36.078854625551));
#5829 = CARTESIAN_POINT('',(63.88,4.813142437592,36.078854625551));
#5830 = CARTESIAN_POINT('',(63.28,4.813142437592,34.539647577093));
#5831 = CARTESIAN_POINT('',(63.88,4.813142437592,34.539647577093));
#5832 = ADVANCED_FACE('',(#5833),#5849,.T.);
#5833 = FACE_BOUND('',#5834,.T.);
#5834 = EDGE_LOOP('',(#5835,#5842,#5847,#5848));
#5835 = ORIENTED_EDGE('',*,*,#5836,.T.);
#5836 = EDGE_CURVE('',#3165,#5837,#5839,.T.);
#5837 = VERTEX_POINT('',#5838);
#5838 = CARTESIAN_POINT('',(63.28,2.011380323054,36.078854625551));
#5839 = B_SPLINE_CURVE_WITH_KNOTS('',1,(#5840,#5841),.UNSPECIFIED.,.F.,
  .F.,(2,2),(0.,0.6),.PIECEWISE_BEZIER_KNOTS.);
#5840 = CARTESIAN_POINT('',(63.88,2.011380323054,36.078854625551));
#5841 = CARTESIAN_POINT('',(63.28,2.011380323054,36.078854625551));
#5842 = ORIENTED_EDGE('',*,*,#5843,.T.);
#5843 = EDGE_CURVE('',#5837,#5812,#5844,.T.);
#5844 = B_SPLINE_CURVE_WITH_KNOTS('',1,(#5845,#5846),.UNSPECIFIED.,.F.,
  .F.,(2,2),(0.,1.118942731278),.PIECEWISE_BEZIER_KNOTS.);
#5845 = CARTESIAN_POINT('',(63.28,2.011380323054,36.078854625551));
#5846 = CARTESIAN_POINT('',(63.28,3.130323054332,36.078854625551));
#5847 = ORIENTED_EDGE('',*,*,#5811,.F.);
#5848 = ORIENTED_EDGE('',*,*,#3171,.F.);
#5849 = B_SPLINE_SURFACE_WITH_KNOTS('',1,1,(
    (#5850,#5851)
    ,(#5852,#5853
    )),.UNSPECIFIED.,.F.,.F.,.F.,(2,2),(2,2),(0.,1.118942731278),(-0.6,
    0.),.PIECEWISE_BEZIER_KNOTS.);
#5850 = CARTESIAN_POINT('',(63.28,2.011380323054,36.078854625551));
#5851 = CARTESIAN_POINT('',(63.88,2.011380323054,36.078854625551));
#5852 = CARTESIAN_POINT('',(63.28,3.130323054332,36.078854625551));
#5853 = CARTESIAN_POINT('',(63.88,3.130323054332,36.078854625551));
#5854 = ADVANCED_FACE('',(#5855),#5865,.T.);
#5855 = FACE_BOUND('',#5856,.T.);
#5856 = EDGE_LOOP('',(#5857,#5858,#5863,#5864));
#5857 = ORIENTED_EDGE('',*,*,#5747,.T.);
#5858 = ORIENTED_EDGE('',*,*,#5859,.T.);
#5859 = EDGE_CURVE('',#5741,#5837,#5860,.T.);
#5860 = B_SPLINE_CURVE_WITH_KNOTS('',1,(#5861,#5862),.UNSPECIFIED.,.F.,
  .F.,(2,2),(0.,3.157709251101),.PIECEWISE_BEZIER_KNOTS.);
#5861 = CARTESIAN_POINT('',(63.28,2.011380323054,32.921145374449));
#5862 = CARTESIAN_POINT('',(63.28,2.011380323054,36.078854625551));
#5863 = ORIENTED_EDGE('',*,*,#5836,.F.);
#5864 = ORIENTED_EDGE('',*,*,#3164,.F.);
#5865 = B_SPLINE_SURFACE_WITH_KNOTS('',1,1,(
    (#5866,#5867)
    ,(#5868,#5869
    )),.UNSPECIFIED.,.F.,.F.,.F.,(2,2),(2,2),(0.,3.157709251101),(-0.6,
    0.),.PIECEWISE_BEZIER_KNOTS.);
#5866 = CARTESIAN_POINT('',(63.28,2.011380323054,32.921145374449));
#5867 = CARTESIAN_POINT('',(63.88,2.011380323054,32.921145374449));
#5868 = CARTESIAN_POINT('',(63.28,2.011380323054,36.078854625551));
#5869 = CARTESIAN_POINT('',(63.88,2.011380323054,36.078854625551));
#5870 = ADVANCED_FACE('',(#5871),#5882,.F.);
#5871 = FACE_BOUND('',#5872,.F.);
#5872 = EDGE_LOOP('',(#5873,#5874,#5880,#5881));
#5873 = ORIENTED_EDGE('',*,*,#3989,.F.);
#5874 = ORIENTED_EDGE('',*,*,#5875,.F.);
#5875 = EDGE_CURVE('',#3203,#3990,#5876,.T.);
#5876 = LINE('',#5877,#5878);
#5877 = CARTESIAN_POINT('',(64.88,9.797174393179E-16,22.));
#5878 = VECTOR('',#5879,1.);
#5879 = DIRECTION('',(-1.,0.,0.));
#5880 = ORIENTED_EDGE('',*,*,#3202,.T.);
#5881 = ORIENTED_EDGE('',*,*,#5875,.T.);
#5882 = CYLINDRICAL_SURFACE('',#5883,4.);
#5883 = AXIS2_PLACEMENT_3D('',#5884,#5885,#5886);
#5884 = CARTESIAN_POINT('',(64.88,0.,26.));
#5885 = DIRECTION('',(-1.,0.,0.));
#5886 = DIRECTION('',(0.,0.,-1.));
#5887 = ADVANCED_FACE('',(#5888),#5910,.T.);
#5888 = FACE_BOUND('',#5889,.T.);
#5889 = EDGE_LOOP('',(#5890,#5897,#5904,#5909));
#5890 = ORIENTED_EDGE('',*,*,#5891,.T.);
#5891 = EDGE_CURVE('',#3214,#5892,#5894,.T.);
#5892 = VERTEX_POINT('',#5893);
#5893 = CARTESIAN_POINT('',(63.28,-0.351027900147,36.078854625551));
#5894 = B_SPLINE_CURVE_WITH_KNOTS('',1,(#5895,#5896),.UNSPECIFIED.,.F.,
  .F.,(2,2),(0.,0.6),.PIECEWISE_BEZIER_KNOTS.);
#5895 = CARTESIAN_POINT('',(63.88,-0.351027900147,36.078854625551));
#5896 = CARTESIAN_POINT('',(63.28,-0.351027900147,36.078854625551));
#5897 = ORIENTED_EDGE('',*,*,#5898,.T.);
#5898 = EDGE_CURVE('',#5892,#5899,#5901,.T.);
#5899 = VERTEX_POINT('',#5900);
#5900 = CARTESIAN_POINT('',(63.28,0.393465491924,36.078854625551));
#5901 = B_SPLINE_CURVE_WITH_KNOTS('',1,(#5902,#5903),.UNSPECIFIED.,.F.,
  .F.,(2,2),(0.,0.74449339207),.PIECEWISE_BEZIER_KNOTS.);
#5902 = CARTESIAN_POINT('',(63.28,-0.351027900147,36.078854625551));
#5903 = CARTESIAN_POINT('',(63.28,0.393465491924,36.078854625551));
#5904 = ORIENTED_EDGE('',*,*,#5905,.F.);
#5905 = EDGE_CURVE('',#3216,#5899,#5906,.T.);
#5906 = B_SPLINE_CURVE_WITH_KNOTS('',1,(#5907,#5908),.UNSPECIFIED.,.F.,
  .F.,(2,2),(0.,0.6),.PIECEWISE_BEZIER_KNOTS.);
#5907 = CARTESIAN_POINT('',(63.88,0.393465491924,36.078854625551));
#5908 = CARTESIAN_POINT('',(63.28,0.393465491924,36.078854625551));
#5909 = ORIENTED_EDGE('',*,*,#3213,.F.);
#5910 = B_SPLINE_SURFACE_WITH_KNOTS('',1,1,(
    (#5911,#5912)
    ,(#5913,#5914
    )),.UNSPECIFIED.,.F.,.F.,.F.,(2,2),(2,2),(0.,0.74449339207),(-0.6,0.
    ),.PIECEWISE_BEZIER_KNOTS.);
#5911 = CARTESIAN_POINT('',(63.28,-0.351027900147,36.078854625551));
#5912 = CARTESIAN_POINT('',(63.88,-0.351027900147,36.078854625551));
#5913 = CARTESIAN_POINT('',(63.28,0.393465491924,36.078854625551));
#5914 = CARTESIAN_POINT('',(63.88,0.393465491924,36.078854625551));
#5915 = ADVANCED_FACE('',(#5916),#5932,.T.);
#5916 = FACE_BOUND('',#5917,.T.);
#5917 = EDGE_LOOP('',(#5918,#5925,#5930,#5931));
#5918 = ORIENTED_EDGE('',*,*,#5919,.T.);
#5919 = EDGE_CURVE('',#3273,#5920,#5922,.T.);
#5920 = VERTEX_POINT('',#5921);
#5921 = CARTESIAN_POINT('',(63.28,-1.005212922173,33.890014684288));
#5922 = B_SPLINE_CURVE_WITH_KNOTS('',1,(#5923,#5924),.UNSPECIFIED.,.F.,
  .F.,(2,2),(0.,0.6),.PIECEWISE_BEZIER_KNOTS.);
#5923 = CARTESIAN_POINT('',(63.88,-1.005212922173,33.890014684288));
#5924 = CARTESIAN_POINT('',(63.28,-1.005212922173,33.890014684288));
#5925 = ORIENTED_EDGE('',*,*,#5926,.T.);
#5926 = EDGE_CURVE('',#5920,#5892,#5927,.T.);
#5927 = B_SPLINE_CURVE_WITH_KNOTS('',1,(#5928,#5929),.UNSPECIFIED.,.F.,
  .F.,(2,2),(0.,2.284508334743),.PIECEWISE_BEZIER_KNOTS.);
#5928 = CARTESIAN_POINT('',(63.28,-1.005212922173,33.890014684288));
#5929 = CARTESIAN_POINT('',(63.28,-0.351027900147,36.078854625551));
#5930 = ORIENTED_EDGE('',*,*,#5891,.F.);
#5931 = ORIENTED_EDGE('',*,*,#3280,.F.);
#5932 = B_SPLINE_SURFACE_WITH_KNOTS('',1,1,(
    (#5933,#5934)
    ,(#5935,#5936
    )),.UNSPECIFIED.,.F.,.F.,.F.,(2,2),(2,2),(0.,2.284508334743),(-0.6,
    0.),.PIECEWISE_BEZIER_KNOTS.);
#5933 = CARTESIAN_POINT('',(63.28,-1.005212922173,33.890014684288));
#5934 = CARTESIAN_POINT('',(63.88,-1.005212922173,33.890014684288));
#5935 = CARTESIAN_POINT('',(63.28,-0.351027900147,36.078854625551));
#5936 = CARTESIAN_POINT('',(63.88,-0.351027900147,36.078854625551));
#5937 = ADVANCED_FACE('',(#5938),#5955,.T.);
#5938 = FACE_BOUND('',#5939,.T.);
#5939 = EDGE_LOOP('',(#5940,#5947,#5953,#5954));
#5940 = ORIENTED_EDGE('',*,*,#5941,.T.);
#5941 = EDGE_CURVE('',#3266,#5942,#5944,.T.);
#5942 = VERTEX_POINT('',#5943);
#5943 = CARTESIAN_POINT('',(63.28,-1.073494860499,33.56637298091));
#5944 = B_SPLINE_CURVE_WITH_KNOTS('',1,(#5945,#5946),.UNSPECIFIED.,.F.,
  .F.,(2,2),(0.,0.6),.PIECEWISE_BEZIER_KNOTS.);
#5945 = CARTESIAN_POINT('',(63.88,-1.073494860499,33.56637298091));
#5946 = CARTESIAN_POINT('',(63.28,-1.073494860499,33.56637298091));
#5947 = ORIENTED_EDGE('',*,*,#5948,.T.);
#5948 = EDGE_CURVE('',#5942,#5920,#5949,.T.);
#5949 = B_SPLINE_CURVE_WITH_KNOTS('',2,(#5950,#5951,#5952),
  .UNSPECIFIED.,.F.,.F.,(3,3),(0.,1.),.PIECEWISE_BEZIER_KNOTS.);
#5950 = CARTESIAN_POINT('',(63.28,-1.073494860499,33.56637298091));
#5951 = CARTESIAN_POINT('',(63.28,-1.058076358297,33.713950073421));
#5952 = CARTESIAN_POINT('',(63.28,-1.005212922173,33.890014684288));
#5953 = ORIENTED_EDGE('',*,*,#5919,.F.);
#5954 = ORIENTED_EDGE('',*,*,#3272,.F.);
#5955 = B_SPLINE_SURFACE_WITH_KNOTS('',2,1,(
    (#5956,#5957)
    ,(#5958,#5959)
    ,(#5960,#5961
    )),.UNSPECIFIED.,.F.,.F.,.F.,(3,3),(2,2),(0.,1.),(-0.6,0.),
  .PIECEWISE_BEZIER_KNOTS.);
#5956 = CARTESIAN_POINT('',(63.28,-1.073494860499,33.56637298091));
#5957 = CARTESIAN_POINT('',(63.88,-1.073494860499,33.56637298091));
#5958 = CARTESIAN_POINT('',(63.28,-1.058076358297,33.713950073421));
#5959 = CARTESIAN_POINT('',(63.88,-1.058076358297,33.713950073421));
#5960 = CARTESIAN_POINT('',(63.28,-1.005212922173,33.890014684288));
#5961 = CARTESIAN_POINT('',(63.88,-1.005212922173,33.890014684288));
#5962 = ADVANCED_FACE('',(#5963),#5979,.T.);
#5963 = FACE_BOUND('',#5964,.T.);
#5964 = EDGE_LOOP('',(#5965,#5972,#5977,#5978));
#5965 = ORIENTED_EDGE('',*,*,#5966,.T.);
#5966 = EDGE_CURVE('',#3258,#5967,#5969,.T.);
#5967 = VERTEX_POINT('',#5968);
#5968 = CARTESIAN_POINT('',(63.28,-1.08671071953,33.56637298091));
#5969 = B_SPLINE_CURVE_WITH_KNOTS('',1,(#5970,#5971),.UNSPECIFIED.,.F.,
  .F.,(2,2),(0.,0.6),.PIECEWISE_BEZIER_KNOTS.);
#5970 = CARTESIAN_POINT('',(63.88,-1.08671071953,33.56637298091));
#5971 = CARTESIAN_POINT('',(63.28,-1.08671071953,33.56637298091));
#5972 = ORIENTED_EDGE('',*,*,#5973,.T.);
#5973 = EDGE_CURVE('',#5967,#5942,#5974,.T.);
#5974 = B_SPLINE_CURVE_WITH_KNOTS('',1,(#5975,#5976),.UNSPECIFIED.,.F.,
  .F.,(2,2),(0.,1.321585903084E-02),.PIECEWISE_BEZIER_KNOTS.);
#5975 = CARTESIAN_POINT('',(63.28,-1.08671071953,33.56637298091));
#5976 = CARTESIAN_POINT('',(63.28,-1.073494860499,33.56637298091));
#5977 = ORIENTED_EDGE('',*,*,#5941,.F.);
#5978 = ORIENTED_EDGE('',*,*,#3265,.F.);
#5979 = B_SPLINE_SURFACE_WITH_KNOTS('',1,1,(
    (#5980,#5981)
    ,(#5982,#5983
    )),.UNSPECIFIED.,.F.,.F.,.F.,(2,2),(2,2),(0.,1.321585903084E-02),(
    -0.6,0.),.PIECEWISE_BEZIER_KNOTS.);
#5980 = CARTESIAN_POINT('',(63.28,-1.08671071953,33.56637298091));
#5981 = CARTESIAN_POINT('',(63.88,-1.08671071953,33.56637298091));
#5982 = CARTESIAN_POINT('',(63.28,-1.073494860499,33.56637298091));
#5983 = CARTESIAN_POINT('',(63.88,-1.073494860499,33.56637298091));
#5984 = ADVANCED_FACE('',(#5985),#6002,.T.);
#5985 = FACE_BOUND('',#5986,.T.);
#5986 = EDGE_LOOP('',(#5987,#5994,#6000,#6001));
#5987 = ORIENTED_EDGE('',*,*,#5988,.T.);
#5988 = EDGE_CURVE('',#3251,#5989,#5991,.T.);
#5989 = VERTEX_POINT('',#5990);
#5990 = CARTESIAN_POINT('',(63.28,-1.150587371512,33.881204111601));
#5991 = B_SPLINE_CURVE_WITH_KNOTS('',1,(#5992,#5993),.UNSPECIFIED.,.F.,
  .F.,(2,2),(0.,0.6),.PIECEWISE_BEZIER_KNOTS.);
#5992 = CARTESIAN_POINT('',(63.88,-1.150587371512,33.881204111601));
#5993 = CARTESIAN_POINT('',(63.28,-1.150587371512,33.881204111601));
#5994 = ORIENTED_EDGE('',*,*,#5995,.T.);
#5995 = EDGE_CURVE('',#5989,#5967,#5996,.T.);
#5996 = B_SPLINE_CURVE_WITH_KNOTS('',2,(#5997,#5998,#5999),
  .UNSPECIFIED.,.F.,.F.,(3,3),(0.,1.),.PIECEWISE_BEZIER_KNOTS.);
#5997 = CARTESIAN_POINT('',(63.28,-1.150587371512,33.881204111601));
#5998 = CARTESIAN_POINT('',(63.28,-1.097723935389,33.702936857562));
#5999 = CARTESIAN_POINT('',(63.28,-1.08671071953,33.56637298091));
#6000 = ORIENTED_EDGE('',*,*,#5966,.F.);
#6001 = ORIENTED_EDGE('',*,*,#3257,.F.);
#6002 = B_SPLINE_SURFACE_WITH_KNOTS('',2,1,(
    (#6003,#6004)
    ,(#6005,#6006)
    ,(#6007,#6008
    )),.UNSPECIFIED.,.F.,.F.,.F.,(3,3),(2,2),(0.,1.),(-0.6,0.),
  .PIECEWISE_BEZIER_KNOTS.);
#6003 = CARTESIAN_POINT('',(63.28,-1.150587371512,33.881204111601));
#6004 = CARTESIAN_POINT('',(63.88,-1.150587371512,33.881204111601));
#6005 = CARTESIAN_POINT('',(63.28,-1.097723935389,33.702936857562));
#6006 = CARTESIAN_POINT('',(63.88,-1.097723935389,33.702936857562));
#6007 = CARTESIAN_POINT('',(63.28,-1.08671071953,33.56637298091));
#6008 = CARTESIAN_POINT('',(63.88,-1.08671071953,33.56637298091));
#6009 = ADVANCED_FACE('',(#6010),#6026,.T.);
#6010 = FACE_BOUND('',#6011,.T.);
#6011 = EDGE_LOOP('',(#6012,#6019,#6024,#6025));
#6012 = ORIENTED_EDGE('',*,*,#6013,.T.);
#6013 = EDGE_CURVE('',#3244,#6014,#6016,.T.);
#6014 = VERTEX_POINT('',#6015);
#6015 = CARTESIAN_POINT('',(63.28,-1.809177679883,36.078854625551));
#6016 = B_SPLINE_CURVE_WITH_KNOTS('',1,(#6017,#6018),.UNSPECIFIED.,.F.,
  .F.,(2,2),(0.,0.6),.PIECEWISE_BEZIER_KNOTS.);
#6017 = CARTESIAN_POINT('',(63.88,-1.809177679883,36.078854625551));
#6018 = CARTESIAN_POINT('',(63.28,-1.809177679883,36.078854625551));
#6019 = ORIENTED_EDGE('',*,*,#6020,.T.);
#6020 = EDGE_CURVE('',#6014,#5989,#6021,.T.);
#6021 = B_SPLINE_CURVE_WITH_KNOTS('',1,(#6022,#6023),.UNSPECIFIED.,.F.,
  .F.,(2,2),(0.,2.29421205989),.PIECEWISE_BEZIER_KNOTS.);
#6022 = CARTESIAN_POINT('',(63.28,-1.809177679883,36.078854625551));
#6023 = CARTESIAN_POINT('',(63.28,-1.150587371512,33.881204111601));
#6024 = ORIENTED_EDGE('',*,*,#5988,.F.);
#6025 = ORIENTED_EDGE('',*,*,#3250,.F.);
#6026 = B_SPLINE_SURFACE_WITH_KNOTS('',1,1,(
    (#6027,#6028)
    ,(#6029,#6030
    )),.UNSPECIFIED.,.F.,.F.,.F.,(2,2),(2,2),(0.,2.29421205989),(-0.6,0.
    ),.PIECEWISE_BEZIER_KNOTS.);
#6027 = CARTESIAN_POINT('',(63.28,-1.809177679883,36.078854625551));
#6028 = CARTESIAN_POINT('',(63.88,-1.809177679883,36.078854625551));
#6029 = CARTESIAN_POINT('',(63.28,-1.150587371512,33.881204111601));
#6030 = CARTESIAN_POINT('',(63.88,-1.150587371512,33.881204111601));
#6031 = ADVANCED_FACE('',(#6032),#6048,.T.);
#6032 = FACE_BOUND('',#6033,.T.);
#6033 = EDGE_LOOP('',(#6034,#6041,#6046,#6047));
#6034 = ORIENTED_EDGE('',*,*,#6035,.T.);
#6035 = EDGE_CURVE('',#3237,#6036,#6038,.T.);
#6036 = VERTEX_POINT('',#6037);
#6037 = CARTESIAN_POINT('',(63.28,-2.575697503671,36.078854625551));
#6038 = B_SPLINE_CURVE_WITH_KNOTS('',1,(#6039,#6040),.UNSPECIFIED.,.F.,
  .F.,(2,2),(0.,0.6),.PIECEWISE_BEZIER_KNOTS.);
#6039 = CARTESIAN_POINT('',(63.88,-2.575697503671,36.078854625551));
#6040 = CARTESIAN_POINT('',(63.28,-2.575697503671,36.078854625551));
#6041 = ORIENTED_EDGE('',*,*,#6042,.T.);
#6042 = EDGE_CURVE('',#6036,#6014,#6043,.T.);
#6043 = B_SPLINE_CURVE_WITH_KNOTS('',1,(#6044,#6045),.UNSPECIFIED.,.F.,
  .F.,(2,2),(0.,0.766519823789),.PIECEWISE_BEZIER_KNOTS.);
#6044 = CARTESIAN_POINT('',(63.28,-2.575697503671,36.078854625551));
#6045 = CARTESIAN_POINT('',(63.28,-1.809177679883,36.078854625551));
#6046 = ORIENTED_EDGE('',*,*,#6013,.F.);
#6047 = ORIENTED_EDGE('',*,*,#3243,.F.);
#6048 = B_SPLINE_SURFACE_WITH_KNOTS('',1,1,(
    (#6049,#6050)
    ,(#6051,#6052
    )),.UNSPECIFIED.,.F.,.F.,.F.,(2,2),(2,2),(0.,0.766519823789),(-0.6,
    0.),.PIECEWISE_BEZIER_KNOTS.);
#6049 = CARTESIAN_POINT('',(63.28,-2.575697503671,36.078854625551));
#6050 = CARTESIAN_POINT('',(63.88,-2.575697503671,36.078854625551));
#6051 = CARTESIAN_POINT('',(63.28,-1.809177679883,36.078854625551));
#6052 = CARTESIAN_POINT('',(63.88,-1.809177679883,36.078854625551));
#6053 = ADVANCED_FACE('',(#6054),#6070,.T.);
#6054 = FACE_BOUND('',#6055,.T.);
#6055 = EDGE_LOOP('',(#6056,#6063,#6068,#6069));
#6056 = ORIENTED_EDGE('',*,*,#6057,.T.);
#6057 = EDGE_CURVE('',#3230,#6058,#6060,.T.);
#6058 = VERTEX_POINT('',#6059);
#6059 = CARTESIAN_POINT('',(63.28,-1.50080763583,32.921145374449));
#6060 = B_SPLINE_CURVE_WITH_KNOTS('',1,(#6061,#6062),.UNSPECIFIED.,.F.,
  .F.,(2,2),(0.,0.6),.PIECEWISE_BEZIER_KNOTS.);
#6061 = CARTESIAN_POINT('',(63.88,-1.50080763583,32.921145374449));
#6062 = CARTESIAN_POINT('',(63.28,-1.50080763583,32.921145374449));
#6063 = ORIENTED_EDGE('',*,*,#6064,.T.);
#6064 = EDGE_CURVE('',#6058,#6036,#6065,.T.);
#6065 = B_SPLINE_CURVE_WITH_KNOTS('',1,(#6066,#6067),.UNSPECIFIED.,.F.,
  .F.,(2,2),(0.,3.335643257676),.PIECEWISE_BEZIER_KNOTS.);
#6066 = CARTESIAN_POINT('',(63.28,-1.50080763583,32.921145374449));
#6067 = CARTESIAN_POINT('',(63.28,-2.575697503671,36.078854625551));
#6068 = ORIENTED_EDGE('',*,*,#6035,.F.);
#6069 = ORIENTED_EDGE('',*,*,#3236,.F.);
#6070 = B_SPLINE_SURFACE_WITH_KNOTS('',1,1,(
    (#6071,#6072)
    ,(#6073,#6074
    )),.UNSPECIFIED.,.F.,.F.,.F.,(2,2),(2,2),(0.,3.335643257676),(-0.6,
    0.),.PIECEWISE_BEZIER_KNOTS.);
#6071 = CARTESIAN_POINT('',(63.28,-1.50080763583,32.921145374449));
#6072 = CARTESIAN_POINT('',(63.88,-1.50080763583,32.921145374449));
#6073 = CARTESIAN_POINT('',(63.28,-2.575697503671,36.078854625551));
#6074 = CARTESIAN_POINT('',(63.88,-2.575697503671,36.078854625551));
#6075 = ADVANCED_FACE('',(#6076),#6092,.T.);
#6076 = FACE_BOUND('',#6077,.T.);
#6077 = EDGE_LOOP('',(#6078,#6085,#6090,#6091));
#6078 = ORIENTED_EDGE('',*,*,#6079,.T.);
#6079 = EDGE_CURVE('',#3223,#6080,#6082,.T.);
#6080 = VERTEX_POINT('',#6081);
#6081 = CARTESIAN_POINT('',(63.28,-0.694640234949,32.921145374449));
#6082 = B_SPLINE_CURVE_WITH_KNOTS('',1,(#6083,#6084),.UNSPECIFIED.,.F.,
  .F.,(2,2),(0.,0.6),.PIECEWISE_BEZIER_KNOTS.);
#6083 = CARTESIAN_POINT('',(63.88,-0.694640234949,32.921145374449));
#6084 = CARTESIAN_POINT('',(63.28,-0.694640234949,32.921145374449));
#6085 = ORIENTED_EDGE('',*,*,#6086,.T.);
#6086 = EDGE_CURVE('',#6080,#6058,#6087,.T.);
#6087 = B_SPLINE_CURVE_WITH_KNOTS('',1,(#6088,#6089),.UNSPECIFIED.,.F.,
  .F.,(2,2),(0.,0.806167400881),.PIECEWISE_BEZIER_KNOTS.);
#6088 = CARTESIAN_POINT('',(63.28,-0.694640234949,32.921145374449));
#6089 = CARTESIAN_POINT('',(63.28,-1.50080763583,32.921145374449));
#6090 = ORIENTED_EDGE('',*,*,#6057,.F.);
#6091 = ORIENTED_EDGE('',*,*,#3229,.F.);
#6092 = B_SPLINE_SURFACE_WITH_KNOTS('',1,1,(
    (#6093,#6094)
    ,(#6095,#6096
    )),.UNSPECIFIED.,.F.,.F.,.F.,(2,2),(2,2),(0.,0.806167400881),(-0.6,
    0.),.PIECEWISE_BEZIER_KNOTS.);
#6093 = CARTESIAN_POINT('',(63.28,-0.694640234949,32.921145374449));
#6094 = CARTESIAN_POINT('',(63.88,-0.694640234949,32.921145374449));
#6095 = CARTESIAN_POINT('',(63.28,-1.50080763583,32.921145374449));
#6096 = CARTESIAN_POINT('',(63.88,-1.50080763583,32.921145374449));
#6097 = ADVANCED_FACE('',(#6098),#6108,.T.);
#6098 = FACE_BOUND('',#6099,.T.);
#6099 = EDGE_LOOP('',(#6100,#6101,#6106,#6107));
#6100 = ORIENTED_EDGE('',*,*,#5905,.T.);
#6101 = ORIENTED_EDGE('',*,*,#6102,.T.);
#6102 = EDGE_CURVE('',#5899,#6080,#6103,.T.);
#6103 = B_SPLINE_CURVE_WITH_KNOTS('',1,(#6104,#6105),.UNSPECIFIED.,.F.,
  .F.,(2,2),(0.,3.339925416434),.PIECEWISE_BEZIER_KNOTS.);
#6104 = CARTESIAN_POINT('',(63.28,0.393465491924,36.078854625551));
#6105 = CARTESIAN_POINT('',(63.28,-0.694640234949,32.921145374449));
#6106 = ORIENTED_EDGE('',*,*,#6079,.F.);
#6107 = ORIENTED_EDGE('',*,*,#3222,.F.);
#6108 = B_SPLINE_SURFACE_WITH_KNOTS('',1,1,(
    (#6109,#6110)
    ,(#6111,#6112
    )),.UNSPECIFIED.,.F.,.F.,.F.,(2,2),(2,2),(0.,3.339925416434),(-0.6,
    0.),.PIECEWISE_BEZIER_KNOTS.);
#6109 = CARTESIAN_POINT('',(63.28,0.393465491924,36.078854625551));
#6110 = CARTESIAN_POINT('',(63.88,0.393465491924,36.078854625551));
#6111 = CARTESIAN_POINT('',(63.28,-0.694640234949,32.921145374449));
#6112 = CARTESIAN_POINT('',(63.88,-0.694640234949,32.921145374449));
#6113 = ADVANCED_FACE('',(#6114),#6136,.T.);
#6114 = FACE_BOUND('',#6115,.T.);
#6115 = EDGE_LOOP('',(#6116,#6123,#6130,#6135));
#6116 = ORIENTED_EDGE('',*,*,#6117,.T.);
#6117 = EDGE_CURVE('',#3288,#6118,#6120,.T.);
#6118 = VERTEX_POINT('',#6119);
#6119 = CARTESIAN_POINT('',(63.28,-3.740014684288,36.078854625551));
#6120 = B_SPLINE_CURVE_WITH_KNOTS('',1,(#6121,#6122),.UNSPECIFIED.,.F.,
  .F.,(2,2),(0.,0.6),.PIECEWISE_BEZIER_KNOTS.);
#6121 = CARTESIAN_POINT('',(63.88,-3.740014684288,36.078854625551));
#6122 = CARTESIAN_POINT('',(63.28,-3.740014684288,36.078854625551));
#6123 = ORIENTED_EDGE('',*,*,#6124,.T.);
#6124 = EDGE_CURVE('',#6118,#6125,#6127,.T.);
#6125 = VERTEX_POINT('',#6126);
#6126 = CARTESIAN_POINT('',(63.28,-3.094640234949,36.078854625551));
#6127 = B_SPLINE_CURVE_WITH_KNOTS('',1,(#6128,#6129),.UNSPECIFIED.,.F.,
  .F.,(2,2),(0.,0.645374449339),.PIECEWISE_BEZIER_KNOTS.);
#6128 = CARTESIAN_POINT('',(63.28,-3.740014684288,36.078854625551));
#6129 = CARTESIAN_POINT('',(63.28,-3.094640234949,36.078854625551));
#6130 = ORIENTED_EDGE('',*,*,#6131,.F.);
#6131 = EDGE_CURVE('',#3290,#6125,#6132,.T.);
#6132 = B_SPLINE_CURVE_WITH_KNOTS('',1,(#6133,#6134),.UNSPECIFIED.,.F.,
  .F.,(2,2),(0.,0.6),.PIECEWISE_BEZIER_KNOTS.);
#6133 = CARTESIAN_POINT('',(63.88,-3.094640234949,36.078854625551));
#6134 = CARTESIAN_POINT('',(63.28,-3.094640234949,36.078854625551));
#6135 = ORIENTED_EDGE('',*,*,#3287,.F.);
#6136 = B_SPLINE_SURFACE_WITH_KNOTS('',1,1,(
    (#6137,#6138)
    ,(#6139,#6140
    )),.UNSPECIFIED.,.F.,.F.,.F.,(2,2),(2,2),(0.,0.645374449339),(-0.6,
    0.),.PIECEWISE_BEZIER_KNOTS.);
#6137 = CARTESIAN_POINT('',(63.28,-3.740014684288,36.078854625551));
#6138 = CARTESIAN_POINT('',(63.88,-3.740014684288,36.078854625551));
#6139 = CARTESIAN_POINT('',(63.28,-3.094640234949,36.078854625551));
#6140 = CARTESIAN_POINT('',(63.88,-3.094640234949,36.078854625551));
#6141 = ADVANCED_FACE('',(#6142),#6159,.T.);
#6142 = FACE_BOUND('',#6143,.T.);
#6143 = EDGE_LOOP('',(#6144,#6151,#6157,#6158));
#6144 = ORIENTED_EDGE('',*,*,#6145,.T.);
#6145 = EDGE_CURVE('',#3376,#6146,#6148,.T.);
#6146 = VERTEX_POINT('',#6147);
#6147 = CARTESIAN_POINT('',(63.28,-4.007709251101,35.580323054332));
#6148 = B_SPLINE_CURVE_WITH_KNOTS('',1,(#6149,#6150),.UNSPECIFIED.,.F.,
  .F.,(2,2),(0.,0.6),.PIECEWISE_BEZIER_KNOTS.);
#6149 = CARTESIAN_POINT('',(63.88,-4.007709251101,35.580323054332));
#6150 = CARTESIAN_POINT('',(63.28,-4.007709251101,35.580323054332));
#6151 = ORIENTED_EDGE('',*,*,#6152,.T.);
#6152 = EDGE_CURVE('',#6146,#6118,#6153,.T.);
#6153 = B_SPLINE_CURVE_WITH_KNOTS('',2,(#6154,#6155,#6156),
  .UNSPECIFIED.,.F.,.F.,(3,3),(0.,1.),.PIECEWISE_BEZIER_KNOTS.);
#6154 = CARTESIAN_POINT('',(63.28,-4.007709251101,35.580323054332));
#6155 = CARTESIAN_POINT('',(63.28,-3.850146842878,35.841116005874));
#6156 = CARTESIAN_POINT('',(63.28,-3.740014684288,36.078854625551));
#6157 = ORIENTED_EDGE('',*,*,#6117,.F.);
#6158 = ORIENTED_EDGE('',*,*,#3383,.F.);
#6159 = B_SPLINE_SURFACE_WITH_KNOTS('',2,1,(
    (#6160,#6161)
    ,(#6162,#6163)
    ,(#6164,#6165
    )),.UNSPECIFIED.,.F.,.F.,.F.,(3,3),(2,2),(0.,1.),(-0.6,0.),
  .PIECEWISE_BEZIER_KNOTS.);
#6160 = CARTESIAN_POINT('',(63.28,-4.007709251101,35.580323054332));
#6161 = CARTESIAN_POINT('',(63.88,-4.007709251101,35.580323054332));
#6162 = CARTESIAN_POINT('',(63.28,-3.850146842878,35.841116005874));
#6163 = CARTESIAN_POINT('',(63.88,-3.850146842878,35.841116005874));
#6164 = CARTESIAN_POINT('',(63.28,-3.740014684288,36.078854625551));
#6165 = CARTESIAN_POINT('',(63.88,-3.740014684288,36.078854625551));
#6166 = ADVANCED_FACE('',(#6167),#6184,.T.);
#6167 = FACE_BOUND('',#6168,.T.);
#6168 = EDGE_LOOP('',(#6169,#6176,#6182,#6183));
#6169 = ORIENTED_EDGE('',*,*,#6170,.T.);
#6170 = EDGE_CURVE('',#3368,#6171,#6173,.T.);
#6171 = VERTEX_POINT('',#6172);
#6172 = CARTESIAN_POINT('',(63.28,-4.347944199706,35.062114537445));
#6173 = B_SPLINE_CURVE_WITH_KNOTS('',1,(#6174,#6175),.UNSPECIFIED.,.F.,
  .F.,(2,2),(0.,0.6),.PIECEWISE_BEZIER_KNOTS.);
#6174 = CARTESIAN_POINT('',(63.88,-4.347944199706,35.062114537445));
#6175 = CARTESIAN_POINT('',(63.28,-4.347944199706,35.062114537445));
#6176 = ORIENTED_EDGE('',*,*,#6177,.T.);
#6177 = EDGE_CURVE('',#6171,#6146,#6178,.T.);
#6178 = B_SPLINE_CURVE_WITH_KNOTS('',2,(#6179,#6180,#6181),
  .UNSPECIFIED.,.F.,.F.,(3,3),(0.,1.),.PIECEWISE_BEZIER_KNOTS.);
#6179 = CARTESIAN_POINT('',(63.28,-4.347944199706,35.062114537445));
#6180 = CARTESIAN_POINT('',(63.28,-4.165124816446,35.319676945668));
#6181 = CARTESIAN_POINT('',(63.28,-4.007709251101,35.580323054332));
#6182 = ORIENTED_EDGE('',*,*,#6145,.F.);
#6183 = ORIENTED_EDGE('',*,*,#3375,.F.);
#6184 = B_SPLINE_SURFACE_WITH_KNOTS('',2,1,(
    (#6185,#6186)
    ,(#6187,#6188)
    ,(#6189,#6190
    )),.UNSPECIFIED.,.F.,.F.,.F.,(3,3),(2,2),(0.,1.),(-0.6,0.),
  .PIECEWISE_BEZIER_KNOTS.);
#6185 = CARTESIAN_POINT('',(63.28,-4.347944199706,35.062114537445));
#6186 = CARTESIAN_POINT('',(63.88,-4.347944199706,35.062114537445));
#6187 = CARTESIAN_POINT('',(63.28,-4.165124816446,35.319676945668));
#6188 = CARTESIAN_POINT('',(63.88,-4.165124816446,35.319676945668));
#6189 = CARTESIAN_POINT('',(63.28,-4.007709251101,35.580323054332));
#6190 = CARTESIAN_POINT('',(63.88,-4.007709251101,35.580323054332));
#6191 = ADVANCED_FACE('',(#6192),#6209,.T.);
#6192 = FACE_BOUND('',#6193,.T.);
#6193 = EDGE_LOOP('',(#6194,#6201,#6207,#6208));
#6194 = ORIENTED_EDGE('',*,*,#6195,.T.);
#6195 = EDGE_CURVE('',#3360,#6196,#6198,.T.);
#6196 = VERTEX_POINT('',#6197);
#6197 = CARTESIAN_POINT('',(63.28,-4.726798825257,34.561527165932));
#6198 = B_SPLINE_CURVE_WITH_KNOTS('',1,(#6199,#6200),.UNSPECIFIED.,.F.,
  .F.,(2,2),(0.,0.6),.PIECEWISE_BEZIER_KNOTS.);
#6199 = CARTESIAN_POINT('',(63.88,-4.726798825257,34.561527165932));
#6200 = CARTESIAN_POINT('',(63.28,-4.726798825257,34.561527165932));
#6201 = ORIENTED_EDGE('',*,*,#6202,.T.);
#6202 = EDGE_CURVE('',#6196,#6171,#6203,.T.);
#6203 = B_SPLINE_CURVE_WITH_KNOTS('',2,(#6204,#6205,#6206),
  .UNSPECIFIED.,.F.,.F.,(3,3),(0.,1.),.PIECEWISE_BEZIER_KNOTS.);
#6204 = CARTESIAN_POINT('',(63.28,-4.726798825257,34.561527165932));
#6205 = CARTESIAN_POINT('',(63.28,-4.530763582966,34.8046989721));
#6206 = CARTESIAN_POINT('',(63.28,-4.347944199706,35.062114537445));
#6207 = ORIENTED_EDGE('',*,*,#6170,.F.);
#6208 = ORIENTED_EDGE('',*,*,#3367,.F.);
#6209 = B_SPLINE_SURFACE_WITH_KNOTS('',2,1,(
    (#6210,#6211)
    ,(#6212,#6213)
    ,(#6214,#6215
    )),.UNSPECIFIED.,.F.,.F.,.F.,(3,3),(2,2),(0.,1.),(-0.6,0.),
  .PIECEWISE_BEZIER_KNOTS.);
#6210 = CARTESIAN_POINT('',(63.28,-4.726798825257,34.561527165932));
#6211 = CARTESIAN_POINT('',(63.88,-4.726798825257,34.561527165932));
#6212 = CARTESIAN_POINT('',(63.28,-4.530763582966,34.8046989721));
#6213 = CARTESIAN_POINT('',(63.88,-4.530763582966,34.8046989721));
#6214 = CARTESIAN_POINT('',(63.28,-4.347944199706,35.062114537445));
#6215 = CARTESIAN_POINT('',(63.88,-4.347944199706,35.062114537445));
#6216 = ADVANCED_FACE('',(#6217),#6234,.T.);
#6217 = FACE_BOUND('',#6218,.T.);
#6218 = EDGE_LOOP('',(#6219,#6226,#6232,#6233));
#6219 = ORIENTED_EDGE('',*,*,#6220,.T.);
#6220 = EDGE_CURVE('',#3353,#6221,#6223,.T.);
#6221 = VERTEX_POINT('',#6222);
#6222 = CARTESIAN_POINT('',(63.28,-5.105653450808,34.113656387665));
#6223 = B_SPLINE_CURVE_WITH_KNOTS('',1,(#6224,#6225),.UNSPECIFIED.,.F.,
  .F.,(2,2),(0.,0.6),.PIECEWISE_BEZIER_KNOTS.);
#6224 = CARTESIAN_POINT('',(63.88,-5.105653450808,34.113656387665));
#6225 = CARTESIAN_POINT('',(63.28,-5.105653450808,34.113656387665));
#6226 = ORIENTED_EDGE('',*,*,#6227,.T.);
#6227 = EDGE_CURVE('',#6221,#6196,#6228,.T.);
#6228 = B_SPLINE_CURVE_WITH_KNOTS('',2,(#6229,#6230,#6231),
  .UNSPECIFIED.,.F.,.F.,(3,3),(0.,1.),.PIECEWISE_BEZIER_KNOTS.);
#6229 = CARTESIAN_POINT('',(63.28,-5.105653450808,34.113656387665));
#6230 = CARTESIAN_POINT('',(63.28,-4.922834067548,34.318355359765));
#6231 = CARTESIAN_POINT('',(63.28,-4.726798825257,34.561527165932));
#6232 = ORIENTED_EDGE('',*,*,#6195,.F.);
#6233 = ORIENTED_EDGE('',*,*,#3359,.F.);
#6234 = B_SPLINE_SURFACE_WITH_KNOTS('',2,1,(
    (#6235,#6236)
    ,(#6237,#6238)
    ,(#6239,#6240
    )),.UNSPECIFIED.,.F.,.F.,.F.,(3,3),(2,2),(0.,1.),(-0.6,0.),
  .PIECEWISE_BEZIER_KNOTS.);
#6235 = CARTESIAN_POINT('',(63.28,-5.105653450808,34.113656387665));
#6236 = CARTESIAN_POINT('',(63.88,-5.105653450808,34.113656387665));
#6237 = CARTESIAN_POINT('',(63.28,-4.922834067548,34.318355359765));
#6238 = CARTESIAN_POINT('',(63.88,-4.922834067548,34.318355359765));
#6239 = CARTESIAN_POINT('',(63.28,-4.726798825257,34.561527165932));
#6240 = CARTESIAN_POINT('',(63.88,-4.726798825257,34.561527165932));
#6241 = ADVANCED_FACE('',(#6242),#6258,.T.);
#6242 = FACE_BOUND('',#6243,.T.);
#6243 = EDGE_LOOP('',(#6244,#6251,#6256,#6257));
#6244 = ORIENTED_EDGE('',*,*,#6245,.T.);
#6245 = EDGE_CURVE('',#3346,#6246,#6248,.T.);
#6246 = VERTEX_POINT('',#6247);
#6247 = CARTESIAN_POINT('',(63.28,-5.105653450808,33.569603524229));
#6248 = B_SPLINE_CURVE_WITH_KNOTS('',1,(#6249,#6250),.UNSPECIFIED.,.F.,
  .F.,(2,2),(0.,0.6),.PIECEWISE_BEZIER_KNOTS.);
#6249 = CARTESIAN_POINT('',(63.88,-5.105653450808,33.569603524229));
#6250 = CARTESIAN_POINT('',(63.28,-5.105653450808,33.569603524229));
#6251 = ORIENTED_EDGE('',*,*,#6252,.T.);
#6252 = EDGE_CURVE('',#6246,#6221,#6253,.T.);
#6253 = B_SPLINE_CURVE_WITH_KNOTS('',1,(#6254,#6255),.UNSPECIFIED.,.F.,
  .F.,(2,2),(0.,0.544052863436),.PIECEWISE_BEZIER_KNOTS.);
#6254 = CARTESIAN_POINT('',(63.28,-5.105653450808,33.569603524229));
#6255 = CARTESIAN_POINT('',(63.28,-5.105653450808,34.113656387665));
#6256 = ORIENTED_EDGE('',*,*,#6220,.F.);
#6257 = ORIENTED_EDGE('',*,*,#3352,.F.);
#6258 = B_SPLINE_SURFACE_WITH_KNOTS('',1,1,(
    (#6259,#6260)
    ,(#6261,#6262
    )),.UNSPECIFIED.,.F.,.F.,.F.,(2,2),(2,2),(0.,0.544052863436),(-0.6,
    0.),.PIECEWISE_BEZIER_KNOTS.);
#6259 = CARTESIAN_POINT('',(63.28,-5.105653450808,33.569603524229));
#6260 = CARTESIAN_POINT('',(63.88,-5.105653450808,33.569603524229));
#6261 = CARTESIAN_POINT('',(63.28,-5.105653450808,34.113656387665));
#6262 = CARTESIAN_POINT('',(63.88,-5.105653450808,34.113656387665));
#6263 = ADVANCED_FACE('',(#6264),#6280,.T.);
#6264 = FACE_BOUND('',#6265,.T.);
#6265 = EDGE_LOOP('',(#6266,#6273,#6278,#6279));
#6266 = ORIENTED_EDGE('',*,*,#6267,.T.);
#6267 = EDGE_CURVE('',#3339,#6268,#6270,.T.);
#6268 = VERTEX_POINT('',#6269);
#6269 = CARTESIAN_POINT('',(63.28,-3.729001468429,33.569603524229));
#6270 = B_SPLINE_CURVE_WITH_KNOTS('',1,(#6271,#6272),.UNSPECIFIED.,.F.,
  .F.,(2,2),(0.,0.6),.PIECEWISE_BEZIER_KNOTS.);
#6271 = CARTESIAN_POINT('',(63.88,-3.729001468429,33.569603524229));
#6272 = CARTESIAN_POINT('',(63.28,-3.729001468429,33.569603524229));
#6273 = ORIENTED_EDGE('',*,*,#6274,.T.);
#6274 = EDGE_CURVE('',#6268,#6246,#6275,.T.);
#6275 = B_SPLINE_CURVE_WITH_KNOTS('',1,(#6276,#6277),.UNSPECIFIED.,.F.,
  .F.,(2,2),(0.,1.376651982379),.PIECEWISE_BEZIER_KNOTS.);
#6276 = CARTESIAN_POINT('',(63.28,-3.729001468429,33.569603524229));
#6277 = CARTESIAN_POINT('',(63.28,-5.105653450808,33.569603524229));
#6278 = ORIENTED_EDGE('',*,*,#6245,.F.);
#6279 = ORIENTED_EDGE('',*,*,#3345,.F.);
#6280 = B_SPLINE_SURFACE_WITH_KNOTS('',1,1,(
    (#6281,#6282)
    ,(#6283,#6284
    )),.UNSPECIFIED.,.F.,.F.,.F.,(2,2),(2,2),(0.,1.376651982379),(-0.6,
    0.),.PIECEWISE_BEZIER_KNOTS.);
#6281 = CARTESIAN_POINT('',(63.28,-3.729001468429,33.569603524229));
#6282 = CARTESIAN_POINT('',(63.88,-3.729001468429,33.569603524229));
#6283 = CARTESIAN_POINT('',(63.28,-5.105653450808,33.569603524229));
#6284 = CARTESIAN_POINT('',(63.88,-5.105653450808,33.569603524229));
#6285 = ADVANCED_FACE('',(#6286),#6302,.T.);
#6286 = FACE_BOUND('',#6287,.T.);
#6287 = EDGE_LOOP('',(#6288,#6295,#6300,#6301));
#6288 = ORIENTED_EDGE('',*,*,#6289,.T.);
#6289 = EDGE_CURVE('',#3332,#6290,#6292,.T.);
#6290 = VERTEX_POINT('',#6291);
#6291 = CARTESIAN_POINT('',(63.28,-3.729001468429,32.921145374449));
#6292 = B_SPLINE_CURVE_WITH_KNOTS('',1,(#6293,#6294),.UNSPECIFIED.,.F.,
  .F.,(2,2),(0.,0.6),.PIECEWISE_BEZIER_KNOTS.);
#6293 = CARTESIAN_POINT('',(63.88,-3.729001468429,32.921145374449));
#6294 = CARTESIAN_POINT('',(63.28,-3.729001468429,32.921145374449));
#6295 = ORIENTED_EDGE('',*,*,#6296,.T.);
#6296 = EDGE_CURVE('',#6290,#6268,#6297,.T.);
#6297 = B_SPLINE_CURVE_WITH_KNOTS('',1,(#6298,#6299),.UNSPECIFIED.,.F.,
  .F.,(2,2),(0.,0.64845814978),.PIECEWISE_BEZIER_KNOTS.);
#6298 = CARTESIAN_POINT('',(63.28,-3.729001468429,32.921145374449));
#6299 = CARTESIAN_POINT('',(63.28,-3.729001468429,33.569603524229));
#6300 = ORIENTED_EDGE('',*,*,#6267,.F.);
#6301 = ORIENTED_EDGE('',*,*,#3338,.F.);
#6302 = B_SPLINE_SURFACE_WITH_KNOTS('',1,1,(
    (#6303,#6304)
    ,(#6305,#6306
    )),.UNSPECIFIED.,.F.,.F.,.F.,(2,2),(2,2),(0.,0.64845814978),(-0.6,0.
    ),.PIECEWISE_BEZIER_KNOTS.);
#6303 = CARTESIAN_POINT('',(63.28,-3.729001468429,32.921145374449));
#6304 = CARTESIAN_POINT('',(63.88,-3.729001468429,32.921145374449));
#6305 = CARTESIAN_POINT('',(63.28,-3.729001468429,33.569603524229));
#6306 = CARTESIAN_POINT('',(63.88,-3.729001468429,33.569603524229));
#6307 = ADVANCED_FACE('',(#6308),#6324,.T.);
#6308 = FACE_BOUND('',#6309,.T.);
#6309 = EDGE_LOOP('',(#6310,#6317,#6322,#6323));
#6310 = ORIENTED_EDGE('',*,*,#6311,.T.);
#6311 = EDGE_CURVE('',#3325,#6312,#6314,.T.);
#6312 = VERTEX_POINT('',#6313);
#6313 = CARTESIAN_POINT('',(63.28,-3.094640234949,32.921145374449));
#6314 = B_SPLINE_CURVE_WITH_KNOTS('',1,(#6315,#6316),.UNSPECIFIED.,.F.,
  .F.,(2,2),(0.,0.6),.PIECEWISE_BEZIER_KNOTS.);
#6315 = CARTESIAN_POINT('',(63.88,-3.094640234949,32.921145374449));
#6316 = CARTESIAN_POINT('',(63.28,-3.094640234949,32.921145374449));
#6317 = ORIENTED_EDGE('',*,*,#6318,.T.);
#6318 = EDGE_CURVE('',#6312,#6290,#6319,.T.);
#6319 = B_SPLINE_CURVE_WITH_KNOTS('',1,(#6320,#6321),.UNSPECIFIED.,.F.,
  .F.,(2,2),(0.,0.63436123348),.PIECEWISE_BEZIER_KNOTS.);
#6320 = CARTESIAN_POINT('',(63.28,-3.094640234949,32.921145374449));
#6321 = CARTESIAN_POINT('',(63.28,-3.729001468429,32.921145374449));
#6322 = ORIENTED_EDGE('',*,*,#6289,.F.);
#6323 = ORIENTED_EDGE('',*,*,#3331,.F.);
#6324 = B_SPLINE_SURFACE_WITH_KNOTS('',1,1,(
    (#6325,#6326)
    ,(#6327,#6328
    )),.UNSPECIFIED.,.F.,.F.,.F.,(2,2),(2,2),(0.,0.63436123348),(-0.6,0.
    ),.PIECEWISE_BEZIER_KNOTS.);
#6325 = CARTESIAN_POINT('',(63.28,-3.094640234949,32.921145374449));
#6326 = CARTESIAN_POINT('',(63.88,-3.094640234949,32.921145374449));
#6327 = CARTESIAN_POINT('',(63.28,-3.729001468429,32.921145374449));
#6328 = CARTESIAN_POINT('',(63.88,-3.729001468429,32.921145374449));
#6329 = ADVANCED_FACE('',(#6330),#6346,.T.);
#6330 = FACE_BOUND('',#6331,.T.);
#6331 = EDGE_LOOP('',(#6332,#6339,#6344,#6345));
#6332 = ORIENTED_EDGE('',*,*,#6333,.T.);
#6333 = EDGE_CURVE('',#3318,#6334,#6336,.T.);
#6334 = VERTEX_POINT('',#6335);
#6335 = CARTESIAN_POINT('',(63.28,-3.094640234949,33.569603524229));
#6336 = B_SPLINE_CURVE_WITH_KNOTS('',1,(#6337,#6338),.UNSPECIFIED.,.F.,
  .F.,(2,2),(0.,0.6),.PIECEWISE_BEZIER_KNOTS.);
#6337 = CARTESIAN_POINT('',(63.88,-3.094640234949,33.569603524229));
#6338 = CARTESIAN_POINT('',(63.28,-3.094640234949,33.569603524229));
#6339 = ORIENTED_EDGE('',*,*,#6340,.T.);
#6340 = EDGE_CURVE('',#6334,#6312,#6341,.T.);
#6341 = B_SPLINE_CURVE_WITH_KNOTS('',1,(#6342,#6343),.UNSPECIFIED.,.F.,
  .F.,(2,2),(0.,0.64845814978),.PIECEWISE_BEZIER_KNOTS.);
#6342 = CARTESIAN_POINT('',(63.28,-3.094640234949,33.569603524229));
#6343 = CARTESIAN_POINT('',(63.28,-3.094640234949,32.921145374449));
#6344 = ORIENTED_EDGE('',*,*,#6311,.F.);
#6345 = ORIENTED_EDGE('',*,*,#3324,.F.);
#6346 = B_SPLINE_SURFACE_WITH_KNOTS('',1,1,(
    (#6347,#6348)
    ,(#6349,#6350
    )),.UNSPECIFIED.,.F.,.F.,.F.,(2,2),(2,2),(0.,0.64845814978),(-0.6,0.
    ),.PIECEWISE_BEZIER_KNOTS.);
#6347 = CARTESIAN_POINT('',(63.28,-3.094640234949,33.569603524229));
#6348 = CARTESIAN_POINT('',(63.88,-3.094640234949,33.569603524229));
#6349 = CARTESIAN_POINT('',(63.28,-3.094640234949,32.921145374449));
#6350 = CARTESIAN_POINT('',(63.88,-3.094640234949,32.921145374449));
#6351 = ADVANCED_FACE('',(#6352),#6368,.T.);
#6352 = FACE_BOUND('',#6353,.T.);
#6353 = EDGE_LOOP('',(#6354,#6361,#6366,#6367));
#6354 = ORIENTED_EDGE('',*,*,#6355,.T.);
#6355 = EDGE_CURVE('',#3311,#6356,#6358,.T.);
#6356 = VERTEX_POINT('',#6357);
#6357 = CARTESIAN_POINT('',(63.28,-2.715785609398,33.569603524229));
#6358 = B_SPLINE_CURVE_WITH_KNOTS('',1,(#6359,#6360),.UNSPECIFIED.,.F.,
  .F.,(2,2),(0.,0.6),.PIECEWISE_BEZIER_KNOTS.);
#6359 = CARTESIAN_POINT('',(63.88,-2.715785609398,33.569603524229));
#6360 = CARTESIAN_POINT('',(63.28,-2.715785609398,33.569603524229));
#6361 = ORIENTED_EDGE('',*,*,#6362,.T.);
#6362 = EDGE_CURVE('',#6356,#6334,#6363,.T.);
#6363 = B_SPLINE_CURVE_WITH_KNOTS('',1,(#6364,#6365),.UNSPECIFIED.,.F.,
  .F.,(2,2),(0.,0.378854625551),.PIECEWISE_BEZIER_KNOTS.);
#6364 = CARTESIAN_POINT('',(63.28,-2.715785609398,33.569603524229));
#6365 = CARTESIAN_POINT('',(63.28,-3.094640234949,33.569603524229));
#6366 = ORIENTED_EDGE('',*,*,#6333,.F.);
#6367 = ORIENTED_EDGE('',*,*,#3317,.F.);
#6368 = B_SPLINE_SURFACE_WITH_KNOTS('',1,1,(
    (#6369,#6370)
    ,(#6371,#6372
    )),.UNSPECIFIED.,.F.,.F.,.F.,(2,2),(2,2),(0.,0.378854625551),(-0.6,
    0.),.PIECEWISE_BEZIER_KNOTS.);
#6369 = CARTESIAN_POINT('',(63.28,-2.715785609398,33.569603524229));
#6370 = CARTESIAN_POINT('',(63.88,-2.715785609398,33.569603524229));
#6371 = CARTESIAN_POINT('',(63.28,-3.094640234949,33.569603524229));
#6372 = CARTESIAN_POINT('',(63.88,-3.094640234949,33.569603524229));
#6373 = ADVANCED_FACE('',(#6374),#6390,.T.);
#6374 = FACE_BOUND('',#6375,.T.);
#6375 = EDGE_LOOP('',(#6376,#6383,#6388,#6389));
#6376 = ORIENTED_EDGE('',*,*,#6377,.T.);
#6377 = EDGE_CURVE('',#3304,#6378,#6380,.T.);
#6378 = VERTEX_POINT('',#6379);
#6379 = CARTESIAN_POINT('',(63.28,-2.715785609398,34.089427312775));
#6380 = B_SPLINE_CURVE_WITH_KNOTS('',1,(#6381,#6382),.UNSPECIFIED.,.F.,
  .F.,(2,2),(0.,0.6),.PIECEWISE_BEZIER_KNOTS.);
#6381 = CARTESIAN_POINT('',(63.88,-2.715785609398,34.089427312775));
#6382 = CARTESIAN_POINT('',(63.28,-2.715785609398,34.089427312775));
#6383 = ORIENTED_EDGE('',*,*,#6384,.T.);
#6384 = EDGE_CURVE('',#6378,#6356,#6385,.T.);
#6385 = B_SPLINE_CURVE_WITH_KNOTS('',1,(#6386,#6387),.UNSPECIFIED.,.F.,
  .F.,(2,2),(0.,0.519823788546),.PIECEWISE_BEZIER_KNOTS.);
#6386 = CARTESIAN_POINT('',(63.28,-2.715785609398,34.089427312775));
#6387 = CARTESIAN_POINT('',(63.28,-2.715785609398,33.569603524229));
#6388 = ORIENTED_EDGE('',*,*,#6355,.F.);
#6389 = ORIENTED_EDGE('',*,*,#3310,.F.);
#6390 = B_SPLINE_SURFACE_WITH_KNOTS('',1,1,(
    (#6391,#6392)
    ,(#6393,#6394
    )),.UNSPECIFIED.,.F.,.F.,.F.,(2,2),(2,2),(0.,0.519823788546),(-0.6,
    0.),.PIECEWISE_BEZIER_KNOTS.);
#6391 = CARTESIAN_POINT('',(63.28,-2.715785609398,34.089427312775));
#6392 = CARTESIAN_POINT('',(63.88,-2.715785609398,34.089427312775));
#6393 = CARTESIAN_POINT('',(63.28,-2.715785609398,33.569603524229));
#6394 = CARTESIAN_POINT('',(63.88,-2.715785609398,33.569603524229));
#6395 = ADVANCED_FACE('',(#6396),#6412,.T.);
#6396 = FACE_BOUND('',#6397,.T.);
#6397 = EDGE_LOOP('',(#6398,#6405,#6410,#6411));
#6398 = ORIENTED_EDGE('',*,*,#6399,.T.);
#6399 = EDGE_CURVE('',#3297,#6400,#6402,.T.);
#6400 = VERTEX_POINT('',#6401);
#6401 = CARTESIAN_POINT('',(63.28,-3.094640234949,34.089427312775));
#6402 = B_SPLINE_CURVE_WITH_KNOTS('',1,(#6403,#6404),.UNSPECIFIED.,.F.,
  .F.,(2,2),(0.,0.6),.PIECEWISE_BEZIER_KNOTS.);
#6403 = CARTESIAN_POINT('',(63.88,-3.094640234949,34.089427312775));
#6404 = CARTESIAN_POINT('',(63.28,-3.094640234949,34.089427312775));
#6405 = ORIENTED_EDGE('',*,*,#6406,.T.);
#6406 = EDGE_CURVE('',#6400,#6378,#6407,.T.);
#6407 = B_SPLINE_CURVE_WITH_KNOTS('',1,(#6408,#6409),.UNSPECIFIED.,.F.,
  .F.,(2,2),(0.,0.378854625551),.PIECEWISE_BEZIER_KNOTS.);
#6408 = CARTESIAN_POINT('',(63.28,-3.094640234949,34.089427312775));
#6409 = CARTESIAN_POINT('',(63.28,-2.715785609398,34.089427312775));
#6410 = ORIENTED_EDGE('',*,*,#6377,.F.);
#6411 = ORIENTED_EDGE('',*,*,#3303,.F.);
#6412 = B_SPLINE_SURFACE_WITH_KNOTS('',1,1,(
    (#6413,#6414)
    ,(#6415,#6416
    )),.UNSPECIFIED.,.F.,.F.,.F.,(2,2),(2,2),(0.,0.378854625551),(-0.6,
    0.),.PIECEWISE_BEZIER_KNOTS.);
#6413 = CARTESIAN_POINT('',(63.28,-3.094640234949,34.089427312775));
#6414 = CARTESIAN_POINT('',(63.88,-3.094640234949,34.089427312775));
#6415 = CARTESIAN_POINT('',(63.28,-2.715785609398,34.089427312775));
#6416 = CARTESIAN_POINT('',(63.88,-2.715785609398,34.089427312775));
#6417 = ADVANCED_FACE('',(#6418),#6428,.T.);
#6418 = FACE_BOUND('',#6419,.T.);
#6419 = EDGE_LOOP('',(#6420,#6421,#6426,#6427));
#6420 = ORIENTED_EDGE('',*,*,#6131,.T.);
#6421 = ORIENTED_EDGE('',*,*,#6422,.T.);
#6422 = EDGE_CURVE('',#6125,#6400,#6423,.T.);
#6423 = B_SPLINE_CURVE_WITH_KNOTS('',1,(#6424,#6425),.UNSPECIFIED.,.F.,
  .F.,(2,2),(0.,1.989427312775),.PIECEWISE_BEZIER_KNOTS.);
#6424 = CARTESIAN_POINT('',(63.28,-3.094640234949,36.078854625551));
#6425 = CARTESIAN_POINT('',(63.28,-3.094640234949,34.089427312775));
#6426 = ORIENTED_EDGE('',*,*,#6399,.F.);
#6427 = ORIENTED_EDGE('',*,*,#3296,.F.);
#6428 = B_SPLINE_SURFACE_WITH_KNOTS('',1,1,(
    (#6429,#6430)
    ,(#6431,#6432
    )),.UNSPECIFIED.,.F.,.F.,.F.,(2,2),(2,2),(0.,1.989427312775),(-0.6,
    0.),.PIECEWISE_BEZIER_KNOTS.);
#6429 = CARTESIAN_POINT('',(63.28,-3.094640234949,36.078854625551));
#6430 = CARTESIAN_POINT('',(63.88,-3.094640234949,36.078854625551));
#6431 = CARTESIAN_POINT('',(63.28,-3.094640234949,34.089427312775));
#6432 = CARTESIAN_POINT('',(63.88,-3.094640234949,34.089427312775));
#6433 = ADVANCED_FACE('',(#6434),#6457,.T.);
#6434 = FACE_BOUND('',#6435,.T.);
#6435 = EDGE_LOOP('',(#6436,#6443,#6451,#6456));
#6436 = ORIENTED_EDGE('',*,*,#6437,.T.);
#6437 = EDGE_CURVE('',#3392,#6438,#6440,.T.);
#6438 = VERTEX_POINT('',#6439);
#6439 = CARTESIAN_POINT('',(63.28,-6.796402349486,33.628487518355));
#6440 = B_SPLINE_CURVE_WITH_KNOTS('',1,(#6441,#6442),.UNSPECIFIED.,.F.,
  .F.,(2,2),(0.,0.6),.PIECEWISE_BEZIER_KNOTS.);
#6441 = CARTESIAN_POINT('',(63.88,-6.796402349486,33.628487518355));
#6442 = CARTESIAN_POINT('',(63.28,-6.796402349486,33.628487518355));
#6443 = ORIENTED_EDGE('',*,*,#6444,.T.);
#6444 = EDGE_CURVE('',#6438,#6445,#6447,.T.);
#6445 = VERTEX_POINT('',#6446);
#6446 = CARTESIAN_POINT('',(63.28,-6.840455212922,33.498237885463));
#6447 = B_SPLINE_CURVE_WITH_KNOTS('',2,(#6448,#6449,#6450),
  .UNSPECIFIED.,.F.,.F.,(3,3),(0.,1.),.PIECEWISE_BEZIER_KNOTS.);
#6448 = CARTESIAN_POINT('',(63.28,-6.796402349486,33.628487518355));
#6449 = CARTESIAN_POINT('',(63.28,-6.840455212922,33.560058737151));
#6450 = CARTESIAN_POINT('',(63.28,-6.840455212922,33.498237885463));
#6451 = ORIENTED_EDGE('',*,*,#6452,.F.);
#6452 = EDGE_CURVE('',#3394,#6445,#6453,.T.);
#6453 = B_SPLINE_CURVE_WITH_KNOTS('',1,(#6454,#6455),.UNSPECIFIED.,.F.,
  .F.,(2,2),(0.,0.6),.PIECEWISE_BEZIER_KNOTS.);
#6454 = CARTESIAN_POINT('',(63.88,-6.840455212922,33.498237885463));
#6455 = CARTESIAN_POINT('',(63.28,-6.840455212922,33.498237885463));
#6456 = ORIENTED_EDGE('',*,*,#3391,.F.);
#6457 = B_SPLINE_SURFACE_WITH_KNOTS('',2,1,(
    (#6458,#6459)
    ,(#6460,#6461)
    ,(#6462,#6463
    )),.UNSPECIFIED.,.F.,.F.,.F.,(3,3),(2,2),(0.,1.),(-0.6,0.),
  .PIECEWISE_BEZIER_KNOTS.);
#6458 = CARTESIAN_POINT('',(63.28,-6.796402349486,33.628487518355));
#6459 = CARTESIAN_POINT('',(63.88,-6.796402349486,33.628487518355));
#6460 = CARTESIAN_POINT('',(63.28,-6.840455212922,33.560058737151));
#6461 = CARTESIAN_POINT('',(63.88,-6.840455212922,33.560058737151));
#6462 = CARTESIAN_POINT('',(63.28,-6.840455212922,33.498237885463));
#6463 = CARTESIAN_POINT('',(63.88,-6.840455212922,33.498237885463));
#6464 = ADVANCED_FACE('',(#6465),#6482,.T.);
#6465 = FACE_BOUND('',#6466,.T.);
#6466 = EDGE_LOOP('',(#6467,#6474,#6480,#6481));
#6467 = ORIENTED_EDGE('',*,*,#6468,.T.);
#6468 = EDGE_CURVE('',#3605,#6469,#6471,.T.);
#6469 = VERTEX_POINT('',#6470);
#6470 = CARTESIAN_POINT('',(63.28,-6.677459618209,33.768575624082));
#6471 = B_SPLINE_CURVE_WITH_KNOTS('',1,(#6472,#6473),.UNSPECIFIED.,.F.,
  .F.,(2,2),(0.,0.6),.PIECEWISE_BEZIER_KNOTS.);
#6472 = CARTESIAN_POINT('',(63.88,-6.677459618209,33.768575624082));
#6473 = CARTESIAN_POINT('',(63.28,-6.677459618209,33.768575624082));
#6474 = ORIENTED_EDGE('',*,*,#6475,.T.);
#6475 = EDGE_CURVE('',#6469,#6438,#6476,.T.);
#6476 = B_SPLINE_CURVE_WITH_KNOTS('',2,(#6477,#6478,#6479),
  .UNSPECIFIED.,.F.,.F.,(3,3),(0.,1.),.PIECEWISE_BEZIER_KNOTS.);
#6477 = CARTESIAN_POINT('',(63.28,-6.677459618209,33.768575624082));
#6478 = CARTESIAN_POINT('',(63.28,-6.75234948605,33.696916299559));
#6479 = CARTESIAN_POINT('',(63.28,-6.796402349486,33.628487518355));
#6480 = ORIENTED_EDGE('',*,*,#6437,.F.);
#6481 = ORIENTED_EDGE('',*,*,#3612,.F.);
#6482 = B_SPLINE_SURFACE_WITH_KNOTS('',2,1,(
    (#6483,#6484)
    ,(#6485,#6486)
    ,(#6487,#6488
    )),.UNSPECIFIED.,.F.,.F.,.F.,(3,3),(2,2),(0.,1.),(-0.6,0.),
  .PIECEWISE_BEZIER_KNOTS.);
#6483 = CARTESIAN_POINT('',(63.28,-6.677459618209,33.768575624082));
#6484 = CARTESIAN_POINT('',(63.88,-6.677459618209,33.768575624082));
#6485 = CARTESIAN_POINT('',(63.28,-6.75234948605,33.696916299559));
#6486 = CARTESIAN_POINT('',(63.88,-6.75234948605,33.696916299559));
#6487 = CARTESIAN_POINT('',(63.28,-6.796402349486,33.628487518355));
#6488 = CARTESIAN_POINT('',(63.88,-6.796402349486,33.628487518355));
#6489 = ADVANCED_FACE('',(#6490),#6507,.T.);
#6490 = FACE_BOUND('',#6491,.T.);
#6491 = EDGE_LOOP('',(#6492,#6499,#6505,#6506));
#6492 = ORIENTED_EDGE('',*,*,#6493,.T.);
#6493 = EDGE_CURVE('',#3597,#6494,#6496,.T.);
#6494 = VERTEX_POINT('',#6495);
#6495 = CARTESIAN_POINT('',(63.28,-6.504625550661,33.914243759178));
#6496 = B_SPLINE_CURVE_WITH_KNOTS('',1,(#6497,#6498),.UNSPECIFIED.,.F.,
  .F.,(2,2),(0.,0.6),.PIECEWISE_BEZIER_KNOTS.);
#6497 = CARTESIAN_POINT('',(63.88,-6.504625550661,33.914243759178));
#6498 = CARTESIAN_POINT('',(63.28,-6.504625550661,33.914243759178));
#6499 = ORIENTED_EDGE('',*,*,#6500,.T.);
#6500 = EDGE_CURVE('',#6494,#6469,#6501,.T.);
#6501 = B_SPLINE_CURVE_WITH_KNOTS('',2,(#6502,#6503,#6504),
  .UNSPECIFIED.,.F.,.F.,(3,3),(0.,1.),.PIECEWISE_BEZIER_KNOTS.);
#6502 = CARTESIAN_POINT('',(63.28,-6.504625550661,33.914243759178));
#6503 = CARTESIAN_POINT('',(63.28,-6.602569750367,33.840381791483));
#6504 = CARTESIAN_POINT('',(63.28,-6.677459618209,33.768575624082));
#6505 = ORIENTED_EDGE('',*,*,#6468,.F.);
#6506 = ORIENTED_EDGE('',*,*,#3604,.F.);
#6507 = B_SPLINE_SURFACE_WITH_KNOTS('',2,1,(
    (#6508,#6509)
    ,(#6510,#6511)
    ,(#6512,#6513
    )),.UNSPECIFIED.,.F.,.F.,.F.,(3,3),(2,2),(0.,1.),(-0.6,0.),
  .PIECEWISE_BEZIER_KNOTS.);
#6508 = CARTESIAN_POINT('',(63.28,-6.504625550661,33.914243759178));
#6509 = CARTESIAN_POINT('',(63.88,-6.504625550661,33.914243759178));
#6510 = CARTESIAN_POINT('',(63.28,-6.602569750367,33.840381791483));
#6511 = CARTESIAN_POINT('',(63.88,-6.602569750367,33.840381791483));
#6512 = CARTESIAN_POINT('',(63.28,-6.677459618209,33.768575624082));
#6513 = CARTESIAN_POINT('',(63.88,-6.677459618209,33.768575624082));
#6514 = ADVANCED_FACE('',(#6515),#6532,.T.);
#6515 = FACE_BOUND('',#6516,.T.);
#6516 = EDGE_LOOP('',(#6517,#6524,#6530,#6531));
#6517 = ORIENTED_EDGE('',*,*,#6518,.T.);
#6518 = EDGE_CURVE('',#3589,#6519,#6521,.T.);
#6519 = VERTEX_POINT('',#6520);
#6520 = CARTESIAN_POINT('',(63.28,-6.30080763583,34.06328928047));
#6521 = B_SPLINE_CURVE_WITH_KNOTS('',1,(#6522,#6523),.UNSPECIFIED.,.F.,
  .F.,(2,2),(0.,0.6),.PIECEWISE_BEZIER_KNOTS.);
#6522 = CARTESIAN_POINT('',(63.88,-6.30080763583,34.06328928047));
#6523 = CARTESIAN_POINT('',(63.28,-6.30080763583,34.06328928047));
#6524 = ORIENTED_EDGE('',*,*,#6525,.T.);
#6525 = EDGE_CURVE('',#6519,#6494,#6526,.T.);
#6526 = B_SPLINE_CURVE_WITH_KNOTS('',2,(#6527,#6528,#6529),
  .UNSPECIFIED.,.F.,.F.,(3,3),(0.,1.),.PIECEWISE_BEZIER_KNOTS.);
#6527 = CARTESIAN_POINT('',(63.28,-6.30080763583,34.06328928047));
#6528 = CARTESIAN_POINT('',(63.28,-6.406534508076,33.98825256975));
#6529 = CARTESIAN_POINT('',(63.28,-6.504625550661,33.914243759178));
#6530 = ORIENTED_EDGE('',*,*,#6493,.F.);
#6531 = ORIENTED_EDGE('',*,*,#3596,.F.);
#6532 = B_SPLINE_SURFACE_WITH_KNOTS('',2,1,(
    (#6533,#6534)
    ,(#6535,#6536)
    ,(#6537,#6538
    )),.UNSPECIFIED.,.F.,.F.,.F.,(3,3),(2,2),(0.,1.),(-0.6,0.),
  .PIECEWISE_BEZIER_KNOTS.);
#6533 = CARTESIAN_POINT('',(63.28,-6.30080763583,34.06328928047));
#6534 = CARTESIAN_POINT('',(63.88,-6.30080763583,34.06328928047));
#6535 = CARTESIAN_POINT('',(63.28,-6.406534508076,33.98825256975));
#6536 = CARTESIAN_POINT('',(63.88,-6.406534508076,33.98825256975));
#6537 = CARTESIAN_POINT('',(63.28,-6.504625550661,33.914243759178));
#6538 = CARTESIAN_POINT('',(63.88,-6.504625550661,33.914243759178));
#6539 = ADVANCED_FACE('',(#6540),#6557,.T.);
#6540 = FACE_BOUND('',#6541,.T.);
#6541 = EDGE_LOOP('',(#6542,#6549,#6555,#6556));
#6542 = ORIENTED_EDGE('',*,*,#6543,.T.);
#6543 = EDGE_CURVE('',#3581,#6544,#6546,.T.);
#6544 = VERTEX_POINT('',#6545);
#6545 = CARTESIAN_POINT('',(63.28,-5.999045521292,34.287077826725));
#6546 = B_SPLINE_CURVE_WITH_KNOTS('',1,(#6547,#6548),.UNSPECIFIED.,.F.,
  .F.,(2,2),(0.,0.6),.PIECEWISE_BEZIER_KNOTS.);
#6547 = CARTESIAN_POINT('',(63.88,-5.999045521292,34.287077826725));
#6548 = CARTESIAN_POINT('',(63.28,-5.999045521292,34.287077826725));
#6549 = ORIENTED_EDGE('',*,*,#6550,.T.);
#6550 = EDGE_CURVE('',#6544,#6519,#6551,.T.);
#6551 = B_SPLINE_CURVE_WITH_KNOTS('',2,(#6552,#6553,#6554),
  .UNSPECIFIED.,.F.,.F.,(3,3),(0.,1.),.PIECEWISE_BEZIER_KNOTS.);
#6552 = CARTESIAN_POINT('',(63.28,-5.999045521292,34.287077826725));
#6553 = CARTESIAN_POINT('',(63.28,-6.144419970631,34.171365638767));
#6554 = CARTESIAN_POINT('',(63.28,-6.30080763583,34.06328928047));
#6555 = ORIENTED_EDGE('',*,*,#6518,.F.);
#6556 = ORIENTED_EDGE('',*,*,#3588,.F.);
#6557 = B_SPLINE_SURFACE_WITH_KNOTS('',2,1,(
    (#6558,#6559)
    ,(#6560,#6561)
    ,(#6562,#6563
    )),.UNSPECIFIED.,.F.,.F.,.F.,(3,3),(2,2),(0.,1.),(-0.6,0.),
  .PIECEWISE_BEZIER_KNOTS.);
#6558 = CARTESIAN_POINT('',(63.28,-5.999045521292,34.287077826725));
#6559 = CARTESIAN_POINT('',(63.88,-5.999045521292,34.287077826725));
#6560 = CARTESIAN_POINT('',(63.28,-6.144419970631,34.171365638767));
#6561 = CARTESIAN_POINT('',(63.88,-6.144419970631,34.171365638767));
#6562 = CARTESIAN_POINT('',(63.28,-6.30080763583,34.06328928047));
#6563 = CARTESIAN_POINT('',(63.88,-6.30080763583,34.06328928047));
#6564 = ADVANCED_FACE('',(#6565),#6582,.T.);
#6565 = FACE_BOUND('',#6566,.T.);
#6566 = EDGE_LOOP('',(#6567,#6574,#6580,#6581));
#6567 = ORIENTED_EDGE('',*,*,#6568,.T.);
#6568 = EDGE_CURVE('',#3573,#6569,#6571,.T.);
#6569 = VERTEX_POINT('',#6570);
#6570 = CARTESIAN_POINT('',(63.28,-5.742511013216,34.541556534508));
#6571 = B_SPLINE_CURVE_WITH_KNOTS('',1,(#6572,#6573),.UNSPECIFIED.,.F.,
  .F.,(2,2),(0.,0.6),.PIECEWISE_BEZIER_KNOTS.);
#6572 = CARTESIAN_POINT('',(63.88,-5.742511013216,34.541556534508));
#6573 = CARTESIAN_POINT('',(63.28,-5.742511013216,34.541556534508));
#6574 = ORIENTED_EDGE('',*,*,#6575,.T.);
#6575 = EDGE_CURVE('',#6569,#6544,#6576,.T.);
#6576 = B_SPLINE_CURVE_WITH_KNOTS('',2,(#6577,#6578,#6579),
  .UNSPECIFIED.,.F.,.F.,(3,3),(0.,1.),.PIECEWISE_BEZIER_KNOTS.);
#6577 = CARTESIAN_POINT('',(63.28,-5.742511013216,34.541556534508));
#6578 = CARTESIAN_POINT('',(63.28,-5.853671071953,34.402790014684));
#6579 = CARTESIAN_POINT('',(63.28,-5.999045521292,34.287077826725));
#6580 = ORIENTED_EDGE('',*,*,#6543,.F.);
#6581 = ORIENTED_EDGE('',*,*,#3580,.F.);
#6582 = B_SPLINE_SURFACE_WITH_KNOTS('',2,1,(
    (#6583,#6584)
    ,(#6585,#6586)
    ,(#6587,#6588
    )),.UNSPECIFIED.,.F.,.F.,.F.,(3,3),(2,2),(0.,1.),(-0.6,0.),
  .PIECEWISE_BEZIER_KNOTS.);
#6583 = CARTESIAN_POINT('',(63.28,-5.742511013216,34.541556534508));
#6584 = CARTESIAN_POINT('',(63.88,-5.742511013216,34.541556534508));
#6585 = CARTESIAN_POINT('',(63.28,-5.853671071953,34.402790014684));
#6586 = CARTESIAN_POINT('',(63.88,-5.853671071953,34.402790014684));
#6587 = CARTESIAN_POINT('',(63.28,-5.999045521292,34.287077826725));
#6588 = CARTESIAN_POINT('',(63.88,-5.999045521292,34.287077826725));
#6589 = ADVANCED_FACE('',(#6590),#6607,.T.);
#6590 = FACE_BOUND('',#6591,.T.);
#6591 = EDGE_LOOP('',(#6592,#6599,#6605,#6606));
#6592 = ORIENTED_EDGE('',*,*,#6593,.T.);
#6593 = EDGE_CURVE('',#3565,#6594,#6596,.T.);
#6594 = VERTEX_POINT('',#6595);
#6595 = CARTESIAN_POINT('',(63.28,-5.5640969163,34.850220264317));
#6596 = B_SPLINE_CURVE_WITH_KNOTS('',1,(#6597,#6598),.UNSPECIFIED.,.F.,
  .F.,(2,2),(0.,0.6),.PIECEWISE_BEZIER_KNOTS.);
#6597 = CARTESIAN_POINT('',(63.88,-5.5640969163,34.850220264317));
#6598 = CARTESIAN_POINT('',(63.28,-5.5640969163,34.850220264317));
#6599 = ORIENTED_EDGE('',*,*,#6600,.T.);
#6600 = EDGE_CURVE('',#6594,#6569,#6601,.T.);
#6601 = B_SPLINE_CURVE_WITH_KNOTS('',2,(#6602,#6603,#6604),
  .UNSPECIFIED.,.F.,.F.,(3,3),(0.,1.),.PIECEWISE_BEZIER_KNOTS.);
#6602 = CARTESIAN_POINT('',(63.28,-5.5640969163,34.850220264317));
#6603 = CARTESIAN_POINT('',(63.28,-5.631204111601,34.68046989721));
#6604 = CARTESIAN_POINT('',(63.28,-5.742511013216,34.541556534508));
#6605 = ORIENTED_EDGE('',*,*,#6568,.F.);
#6606 = ORIENTED_EDGE('',*,*,#3572,.F.);
#6607 = B_SPLINE_SURFACE_WITH_KNOTS('',2,1,(
    (#6608,#6609)
    ,(#6610,#6611)
    ,(#6612,#6613
    )),.UNSPECIFIED.,.F.,.F.,.F.,(3,3),(2,2),(0.,1.),(-0.6,0.),
  .PIECEWISE_BEZIER_KNOTS.);
#6608 = CARTESIAN_POINT('',(63.28,-5.5640969163,34.850220264317));
#6609 = CARTESIAN_POINT('',(63.88,-5.5640969163,34.850220264317));
#6610 = CARTESIAN_POINT('',(63.28,-5.631204111601,34.68046989721));
#6611 = CARTESIAN_POINT('',(63.88,-5.631204111601,34.68046989721));
#6612 = CARTESIAN_POINT('',(63.28,-5.742511013216,34.541556534508));
#6613 = CARTESIAN_POINT('',(63.88,-5.742511013216,34.541556534508));
#6614 = ADVANCED_FACE('',(#6615),#6632,.T.);
#6615 = FACE_BOUND('',#6616,.T.);
#6616 = EDGE_LOOP('',(#6617,#6624,#6630,#6631));
#6617 = ORIENTED_EDGE('',*,*,#6618,.T.);
#6618 = EDGE_CURVE('',#3557,#6619,#6621,.T.);
#6619 = VERTEX_POINT('',#6620);
#6620 = CARTESIAN_POINT('',(63.28,-5.49684287812,35.238179148311));
#6621 = B_SPLINE_CURVE_WITH_KNOTS('',1,(#6622,#6623),.UNSPECIFIED.,.F.,
  .F.,(2,2),(0.,0.6),.PIECEWISE_BEZIER_KNOTS.);
#6622 = CARTESIAN_POINT('',(63.88,-5.49684287812,35.238179148311));
#6623 = CARTESIAN_POINT('',(63.28,-5.49684287812,35.238179148311));
#6624 = ORIENTED_EDGE('',*,*,#6625,.T.);
#6625 = EDGE_CURVE('',#6619,#6594,#6626,.T.);
#6626 = B_SPLINE_CURVE_WITH_KNOTS('',2,(#6627,#6628,#6629),
  .UNSPECIFIED.,.F.,.F.,(3,3),(0.,1.),.PIECEWISE_BEZIER_KNOTS.);
#6627 = CARTESIAN_POINT('',(63.28,-5.49684287812,35.238179148311));
#6628 = CARTESIAN_POINT('',(63.28,-5.49684287812,35.019970631424));
#6629 = CARTESIAN_POINT('',(63.28,-5.5640969163,34.850220264317));
#6630 = ORIENTED_EDGE('',*,*,#6593,.F.);
#6631 = ORIENTED_EDGE('',*,*,#3564,.F.);
#6632 = B_SPLINE_SURFACE_WITH_KNOTS('',2,1,(
    (#6633,#6634)
    ,(#6635,#6636)
    ,(#6637,#6638
    )),.UNSPECIFIED.,.F.,.F.,.F.,(3,3),(2,2),(0.,1.),(-0.6,0.),
  .PIECEWISE_BEZIER_KNOTS.);
#6633 = CARTESIAN_POINT('',(63.28,-5.49684287812,35.238179148311));
#6634 = CARTESIAN_POINT('',(63.88,-5.49684287812,35.238179148311));
#6635 = CARTESIAN_POINT('',(63.28,-5.49684287812,35.019970631424));
#6636 = CARTESIAN_POINT('',(63.88,-5.49684287812,35.019970631424));
#6637 = CARTESIAN_POINT('',(63.28,-5.5640969163,34.850220264317));
#6638 = CARTESIAN_POINT('',(63.88,-5.5640969163,34.850220264317));
#6639 = ADVANCED_FACE('',(#6640),#6657,.T.);
#6640 = FACE_BOUND('',#6641,.T.);
#6641 = EDGE_LOOP('',(#6642,#6649,#6655,#6656));
#6642 = ORIENTED_EDGE('',*,*,#6643,.T.);
#6643 = EDGE_CURVE('',#3549,#6644,#6646,.T.);
#6644 = VERTEX_POINT('',#6645);
#6645 = CARTESIAN_POINT('',(63.28,-5.566299559471,35.609544787078));
#6646 = B_SPLINE_CURVE_WITH_KNOTS('',1,(#6647,#6648),.UNSPECIFIED.,.F.,
  .F.,(2,2),(0.,0.6),.PIECEWISE_BEZIER_KNOTS.);
#6647 = CARTESIAN_POINT('',(63.88,-5.566299559471,35.609544787078));
#6648 = CARTESIAN_POINT('',(63.28,-5.566299559471,35.609544787078));
#6649 = ORIENTED_EDGE('',*,*,#6650,.T.);
#6650 = EDGE_CURVE('',#6644,#6619,#6651,.T.);
#6651 = B_SPLINE_CURVE_WITH_KNOTS('',2,(#6652,#6653,#6654),
  .UNSPECIFIED.,.F.,.F.,(3,3),(0.,1.),.PIECEWISE_BEZIER_KNOTS.);
#6652 = CARTESIAN_POINT('',(63.28,-5.566299559471,35.609544787078));
#6653 = CARTESIAN_POINT('',(63.28,-5.49684287812,35.443171806167));
#6654 = CARTESIAN_POINT('',(63.28,-5.49684287812,35.238179148311));
#6655 = ORIENTED_EDGE('',*,*,#6618,.F.);
#6656 = ORIENTED_EDGE('',*,*,#3556,.F.);
#6657 = B_SPLINE_SURFACE_WITH_KNOTS('',2,1,(
    (#6658,#6659)
    ,(#6660,#6661)
    ,(#6662,#6663
    )),.UNSPECIFIED.,.F.,.F.,.F.,(3,3),(2,2),(0.,1.),(-0.6,0.),
  .PIECEWISE_BEZIER_KNOTS.);
#6658 = CARTESIAN_POINT('',(63.28,-5.566299559471,35.609544787078));
#6659 = CARTESIAN_POINT('',(63.88,-5.566299559471,35.609544787078));
#6660 = CARTESIAN_POINT('',(63.28,-5.49684287812,35.443171806167));
#6661 = CARTESIAN_POINT('',(63.88,-5.49684287812,35.443171806167));
#6662 = CARTESIAN_POINT('',(63.28,-5.49684287812,35.238179148311));
#6663 = CARTESIAN_POINT('',(63.88,-5.49684287812,35.238179148311));
#6664 = ADVANCED_FACE('',(#6665),#6682,.T.);
#6665 = FACE_BOUND('',#6666,.T.);
#6666 = EDGE_LOOP('',(#6667,#6674,#6680,#6681));
#6667 = ORIENTED_EDGE('',*,*,#6668,.T.);
#6668 = EDGE_CURVE('',#3541,#6669,#6671,.T.);
#6669 = VERTEX_POINT('',#6670);
#6670 = CARTESIAN_POINT('',(63.28,-5.767767988253,35.892657856094));
#6671 = B_SPLINE_CURVE_WITH_KNOTS('',1,(#6672,#6673),.UNSPECIFIED.,.F.,
  .F.,(2,2),(0.,0.6),.PIECEWISE_BEZIER_KNOTS.);
#6672 = CARTESIAN_POINT('',(63.88,-5.767767988253,35.892657856094));
#6673 = CARTESIAN_POINT('',(63.28,-5.767767988253,35.892657856094));
#6674 = ORIENTED_EDGE('',*,*,#6675,.T.);
#6675 = EDGE_CURVE('',#6669,#6644,#6676,.T.);
#6676 = B_SPLINE_CURVE_WITH_KNOTS('',2,(#6677,#6678,#6679),
  .UNSPECIFIED.,.F.,.F.,(3,3),(0.,1.),.PIECEWISE_BEZIER_KNOTS.);
#6677 = CARTESIAN_POINT('',(63.28,-5.767767988253,35.892657856094));
#6678 = CARTESIAN_POINT('',(63.28,-5.635609397944,35.775917767988));
#6679 = CARTESIAN_POINT('',(63.28,-5.566299559471,35.609544787078));
#6680 = ORIENTED_EDGE('',*,*,#6643,.F.);
#6681 = ORIENTED_EDGE('',*,*,#3548,.F.);
#6682 = B_SPLINE_SURFACE_WITH_KNOTS('',2,1,(
    (#6683,#6684)
    ,(#6685,#6686)
    ,(#6687,#6688
    )),.UNSPECIFIED.,.F.,.F.,.F.,(3,3),(2,2),(0.,1.),(-0.6,0.),
  .PIECEWISE_BEZIER_KNOTS.);
#6683 = CARTESIAN_POINT('',(63.28,-5.767767988253,35.892657856094));
#6684 = CARTESIAN_POINT('',(63.88,-5.767767988253,35.892657856094));
#6685 = CARTESIAN_POINT('',(63.28,-5.635609397944,35.775917767988));
#6686 = CARTESIAN_POINT('',(63.88,-5.635609397944,35.775917767988));
#6687 = CARTESIAN_POINT('',(63.28,-5.566299559471,35.609544787078));
#6688 = CARTESIAN_POINT('',(63.88,-5.566299559471,35.609544787078));
#6689 = ADVANCED_FACE('',(#6690),#6707,.T.);
#6690 = FACE_BOUND('',#6691,.T.);
#6691 = EDGE_LOOP('',(#6692,#6699,#6705,#6706));
#6692 = ORIENTED_EDGE('',*,*,#6693,.T.);
#6693 = EDGE_CURVE('',#3533,#6694,#6696,.T.);
#6694 = VERTEX_POINT('',#6695);
#6695 = CARTESIAN_POINT('',(63.28,-6.090528634361,36.072393538913));
#6696 = B_SPLINE_CURVE_WITH_KNOTS('',1,(#6697,#6698),.UNSPECIFIED.,.F.,
  .F.,(2,2),(0.,0.6),.PIECEWISE_BEZIER_KNOTS.);
#6697 = CARTESIAN_POINT('',(63.88,-6.090528634361,36.072393538913));
#6698 = CARTESIAN_POINT('',(63.28,-6.090528634361,36.072393538913));
#6699 = ORIENTED_EDGE('',*,*,#6700,.T.);
#6700 = EDGE_CURVE('',#6694,#6669,#6701,.T.);
#6701 = B_SPLINE_CURVE_WITH_KNOTS('',2,(#6702,#6703,#6704),
  .UNSPECIFIED.,.F.,.F.,(3,3),(0.,1.),.PIECEWISE_BEZIER_KNOTS.);
#6702 = CARTESIAN_POINT('',(63.28,-6.090528634361,36.072393538913));
#6703 = CARTESIAN_POINT('',(63.28,-5.899926578561,36.009544787078));
#6704 = CARTESIAN_POINT('',(63.28,-5.767767988253,35.892657856094));
#6705 = ORIENTED_EDGE('',*,*,#6668,.F.);
#6706 = ORIENTED_EDGE('',*,*,#3540,.F.);
#6707 = B_SPLINE_SURFACE_WITH_KNOTS('',2,1,(
    (#6708,#6709)
    ,(#6710,#6711)
    ,(#6712,#6713
    )),.UNSPECIFIED.,.F.,.F.,.F.,(3,3),(2,2),(0.,1.),(-0.6,0.),
  .PIECEWISE_BEZIER_KNOTS.);
#6708 = CARTESIAN_POINT('',(63.28,-6.090528634361,36.072393538913));
#6709 = CARTESIAN_POINT('',(63.88,-6.090528634361,36.072393538913));
#6710 = CARTESIAN_POINT('',(63.28,-5.899926578561,36.009544787078));
#6711 = CARTESIAN_POINT('',(63.88,-5.899926578561,36.009544787078));
#6712 = CARTESIAN_POINT('',(63.28,-5.767767988253,35.892657856094));
#6713 = CARTESIAN_POINT('',(63.88,-5.767767988253,35.892657856094));
#6714 = ADVANCED_FACE('',(#6715),#6732,.T.);
#6715 = FACE_BOUND('',#6716,.T.);
#6716 = EDGE_LOOP('',(#6717,#6724,#6730,#6731));
#6717 = ORIENTED_EDGE('',*,*,#6718,.T.);
#6718 = EDGE_CURVE('',#3525,#6719,#6721,.T.);
#6719 = VERTEX_POINT('',#6720);
#6720 = CARTESIAN_POINT('',(63.28,-6.52107195301,36.135242290749));
#6721 = B_SPLINE_CURVE_WITH_KNOTS('',1,(#6722,#6723),.UNSPECIFIED.,.F.,
  .F.,(2,2),(0.,0.6),.PIECEWISE_BEZIER_KNOTS.);
#6722 = CARTESIAN_POINT('',(63.88,-6.52107195301,36.135242290749));
#6723 = CARTESIAN_POINT('',(63.28,-6.52107195301,36.135242290749));
#6724 = ORIENTED_EDGE('',*,*,#6725,.T.);
#6725 = EDGE_CURVE('',#6719,#6694,#6726,.T.);
#6726 = B_SPLINE_CURVE_WITH_KNOTS('',2,(#6727,#6728,#6729),
  .UNSPECIFIED.,.F.,.F.,(3,3),(0.,1.),.PIECEWISE_BEZIER_KNOTS.);
#6727 = CARTESIAN_POINT('',(63.28,-6.52107195301,36.135242290749));
#6728 = CARTESIAN_POINT('',(63.28,-6.280983847283,36.135242290749));
#6729 = CARTESIAN_POINT('',(63.28,-6.090528634361,36.072393538913));
#6730 = ORIENTED_EDGE('',*,*,#6693,.F.);
#6731 = ORIENTED_EDGE('',*,*,#3532,.F.);
#6732 = B_SPLINE_SURFACE_WITH_KNOTS('',2,1,(
    (#6733,#6734)
    ,(#6735,#6736)
    ,(#6737,#6738
    )),.UNSPECIFIED.,.F.,.F.,.F.,(3,3),(2,2),(0.,1.),(-0.6,0.),
  .PIECEWISE_BEZIER_KNOTS.);
#6733 = CARTESIAN_POINT('',(63.28,-6.52107195301,36.135242290749));
#6734 = CARTESIAN_POINT('',(63.88,-6.52107195301,36.135242290749));
#6735 = CARTESIAN_POINT('',(63.28,-6.280983847283,36.135242290749));
#6736 = CARTESIAN_POINT('',(63.88,-6.280983847283,36.135242290749));
#6737 = CARTESIAN_POINT('',(63.28,-6.090528634361,36.072393538913));
#6738 = CARTESIAN_POINT('',(63.88,-6.090528634361,36.072393538913));
#6739 = ADVANCED_FACE('',(#6740),#6757,.T.);
#6740 = FACE_BOUND('',#6741,.T.);
#6741 = EDGE_LOOP('',(#6742,#6749,#6755,#6756));
#6742 = ORIENTED_EDGE('',*,*,#6743,.T.);
#6743 = EDGE_CURVE('',#3518,#6744,#6746,.T.);
#6744 = VERTEX_POINT('',#6745);
#6745 = CARTESIAN_POINT('',(63.28,-7.450587371512,35.867400881057));
#6746 = B_SPLINE_CURVE_WITH_KNOTS('',1,(#6747,#6748),.UNSPECIFIED.,.F.,
  .F.,(2,2),(0.,0.6),.PIECEWISE_BEZIER_KNOTS.);
#6747 = CARTESIAN_POINT('',(63.88,-7.450587371512,35.867400881057));
#6748 = CARTESIAN_POINT('',(63.28,-7.450587371512,35.867400881057));
#6749 = ORIENTED_EDGE('',*,*,#6750,.T.);
#6750 = EDGE_CURVE('',#6744,#6719,#6751,.T.);
#6751 = B_SPLINE_CURVE_WITH_KNOTS('',2,(#6752,#6753,#6754),
  .UNSPECIFIED.,.F.,.F.,(3,3),(0.,1.),.PIECEWISE_BEZIER_KNOTS.);
#6752 = CARTESIAN_POINT('',(63.28,-7.450587371512,35.867400881057));
#6753 = CARTESIAN_POINT('',(63.28,-7.038693098385,36.135242290749));
#6754 = CARTESIAN_POINT('',(63.28,-6.52107195301,36.135242290749));
#6755 = ORIENTED_EDGE('',*,*,#6718,.F.);
#6756 = ORIENTED_EDGE('',*,*,#3524,.F.);
#6757 = B_SPLINE_SURFACE_WITH_KNOTS('',2,1,(
    (#6758,#6759)
    ,(#6760,#6761)
    ,(#6762,#6763
    )),.UNSPECIFIED.,.F.,.F.,.F.,(3,3),(2,2),(0.,1.),(-0.6,0.),
  .PIECEWISE_BEZIER_KNOTS.);
#6758 = CARTESIAN_POINT('',(63.28,-7.450587371512,35.867400881057));
#6759 = CARTESIAN_POINT('',(63.88,-7.450587371512,35.867400881057));
#6760 = CARTESIAN_POINT('',(63.28,-7.038693098385,36.135242290749));
#6761 = CARTESIAN_POINT('',(63.88,-7.038693098385,36.135242290749));
#6762 = CARTESIAN_POINT('',(63.28,-6.52107195301,36.135242290749));
#6763 = CARTESIAN_POINT('',(63.88,-6.52107195301,36.135242290749));
#6764 = ADVANCED_FACE('',(#6765),#6781,.T.);
#6765 = FACE_BOUND('',#6766,.T.);
#6766 = EDGE_LOOP('',(#6767,#6774,#6779,#6780));
#6767 = ORIENTED_EDGE('',*,*,#6768,.T.);
#6768 = EDGE_CURVE('',#3510,#6769,#6771,.T.);
#6769 = VERTEX_POINT('',#6770);
#6770 = CARTESIAN_POINT('',(63.28,-7.450587371512,35.251835535977));
#6771 = B_SPLINE_CURVE_WITH_KNOTS('',1,(#6772,#6773),.UNSPECIFIED.,.F.,
  .F.,(2,2),(0.,0.6),.PIECEWISE_BEZIER_KNOTS.);
#6772 = CARTESIAN_POINT('',(63.88,-7.450587371512,35.251835535977));
#6773 = CARTESIAN_POINT('',(63.28,-7.450587371512,35.251835535977));
#6774 = ORIENTED_EDGE('',*,*,#6775,.T.);
#6775 = EDGE_CURVE('',#6769,#6744,#6776,.T.);
#6776 = B_SPLINE_CURVE_WITH_KNOTS('',1,(#6777,#6778),.UNSPECIFIED.,.F.,
  .F.,(2,2),(0.,0.615565345081),.PIECEWISE_BEZIER_KNOTS.);
#6777 = CARTESIAN_POINT('',(63.28,-7.450587371512,35.251835535977));
#6778 = CARTESIAN_POINT('',(63.28,-7.450587371512,35.867400881057));
#6779 = ORIENTED_EDGE('',*,*,#6743,.F.);
#6780 = ORIENTED_EDGE('',*,*,#3517,.F.);
#6781 = B_SPLINE_SURFACE_WITH_KNOTS('',1,1,(
    (#6782,#6783)
    ,(#6784,#6785
    )),.UNSPECIFIED.,.F.,.F.,.F.,(2,2),(2,2),(0.,0.615565345081),(-0.6,
    0.),.PIECEWISE_BEZIER_KNOTS.);
#6782 = CARTESIAN_POINT('',(63.28,-7.450587371512,35.251835535977));
#6783 = CARTESIAN_POINT('',(63.88,-7.450587371512,35.251835535977));
#6784 = CARTESIAN_POINT('',(63.28,-7.450587371512,35.867400881057));
#6785 = CARTESIAN_POINT('',(63.88,-7.450587371512,35.867400881057));
#6786 = ADVANCED_FACE('',(#6787),#6804,.T.);
#6787 = FACE_BOUND('',#6788,.T.);
#6788 = EDGE_LOOP('',(#6789,#6796,#6802,#6803));
#6789 = ORIENTED_EDGE('',*,*,#6790,.T.);
#6790 = EDGE_CURVE('',#3502,#6791,#6793,.T.);
#6791 = VERTEX_POINT('',#6792);
#6792 = CARTESIAN_POINT('',(63.28,-6.670851688693,35.580176211454));
#6793 = B_SPLINE_CURVE_WITH_KNOTS('',1,(#6794,#6795),.UNSPECIFIED.,.F.,
  .F.,(2,2),(0.,0.6),.PIECEWISE_BEZIER_KNOTS.);
#6794 = CARTESIAN_POINT('',(63.88,-6.670851688693,35.580176211454));
#6795 = CARTESIAN_POINT('',(63.28,-6.670851688693,35.580176211454));
#6796 = ORIENTED_EDGE('',*,*,#6797,.T.);
#6797 = EDGE_CURVE('',#6791,#6769,#6798,.T.);
#6798 = B_SPLINE_CURVE_WITH_KNOTS('',2,(#6799,#6800,#6801),
  .UNSPECIFIED.,.F.,.F.,(3,3),(0.,1.),.PIECEWISE_BEZIER_KNOTS.);
#6799 = CARTESIAN_POINT('',(63.28,-6.670851688693,35.580176211454));
#6800 = CARTESIAN_POINT('',(63.28,-7.078340675477,35.580176211454));
#6801 = CARTESIAN_POINT('',(63.28,-7.450587371512,35.251835535977));
#6802 = ORIENTED_EDGE('',*,*,#6768,.F.);
#6803 = ORIENTED_EDGE('',*,*,#3509,.F.);
#6804 = B_SPLINE_SURFACE_WITH_KNOTS('',2,1,(
    (#6805,#6806)
    ,(#6807,#6808)
    ,(#6809,#6810
    )),.UNSPECIFIED.,.F.,.F.,.F.,(3,3),(2,2),(0.,1.),(-0.6,0.),
  .PIECEWISE_BEZIER_KNOTS.);
#6805 = CARTESIAN_POINT('',(63.28,-6.670851688693,35.580176211454));
#6806 = CARTESIAN_POINT('',(63.88,-6.670851688693,35.580176211454));
#6807 = CARTESIAN_POINT('',(63.28,-7.078340675477,35.580176211454));
#6808 = CARTESIAN_POINT('',(63.88,-7.078340675477,35.580176211454));
#6809 = CARTESIAN_POINT('',(63.28,-7.450587371512,35.251835535977));
#6810 = CARTESIAN_POINT('',(63.88,-7.450587371512,35.251835535977));
#6811 = ADVANCED_FACE('',(#6812),#6829,.T.);
#6812 = FACE_BOUND('',#6813,.T.);
#6813 = EDGE_LOOP('',(#6814,#6821,#6827,#6828));
#6814 = ORIENTED_EDGE('',*,*,#6815,.T.);
#6815 = EDGE_CURVE('',#3494,#6816,#6818,.T.);
#6816 = VERTEX_POINT('',#6817);
#6817 = CARTESIAN_POINT('',(63.28,-6.320631424376,35.476358296623));
#6818 = B_SPLINE_CURVE_WITH_KNOTS('',1,(#6819,#6820),.UNSPECIFIED.,.F.,
  .F.,(2,2),(0.,0.6),.PIECEWISE_BEZIER_KNOTS.);
#6819 = CARTESIAN_POINT('',(63.88,-6.320631424376,35.476358296623));
#6820 = CARTESIAN_POINT('',(63.28,-6.320631424376,35.476358296623));
#6821 = ORIENTED_EDGE('',*,*,#6822,.T.);
#6822 = EDGE_CURVE('',#6816,#6791,#6823,.T.);
#6823 = B_SPLINE_CURVE_WITH_KNOTS('',2,(#6824,#6825,#6826),
  .UNSPECIFIED.,.F.,.F.,(3,3),(0.,1.),.PIECEWISE_BEZIER_KNOTS.);
#6824 = CARTESIAN_POINT('',(63.28,-6.320631424376,35.476358296623));
#6825 = CARTESIAN_POINT('',(63.28,-6.43516886931,35.580176211454));
#6826 = CARTESIAN_POINT('',(63.28,-6.670851688693,35.580176211454));
#6827 = ORIENTED_EDGE('',*,*,#6790,.F.);
#6828 = ORIENTED_EDGE('',*,*,#3501,.F.);
#6829 = B_SPLINE_SURFACE_WITH_KNOTS('',2,1,(
    (#6830,#6831)
    ,(#6832,#6833)
    ,(#6834,#6835
    )),.UNSPECIFIED.,.F.,.F.,.F.,(3,3),(2,2),(0.,1.),(-0.6,0.),
  .PIECEWISE_BEZIER_KNOTS.);
#6830 = CARTESIAN_POINT('',(63.28,-6.320631424376,35.476358296623));
#6831 = CARTESIAN_POINT('',(63.88,-6.320631424376,35.476358296623));
#6832 = CARTESIAN_POINT('',(63.28,-6.43516886931,35.580176211454));
#6833 = CARTESIAN_POINT('',(63.88,-6.43516886931,35.580176211454));
#6834 = CARTESIAN_POINT('',(63.28,-6.670851688693,35.580176211454));
#6835 = CARTESIAN_POINT('',(63.88,-6.670851688693,35.580176211454));
#6836 = ADVANCED_FACE('',(#6837),#6854,.T.);
#6837 = FACE_BOUND('',#6838,.T.);
#6838 = EDGE_LOOP('',(#6839,#6846,#6852,#6853));
#6839 = ORIENTED_EDGE('',*,*,#6840,.T.);
#6840 = EDGE_CURVE('',#3486,#6841,#6843,.T.);
#6841 = VERTEX_POINT('',#6842);
#6842 = CARTESIAN_POINT('',(63.28,-6.206093979442,35.169750367107));
#6843 = B_SPLINE_CURVE_WITH_KNOTS('',1,(#6844,#6845),.UNSPECIFIED.,.F.,
  .F.,(2,2),(0.,0.6),.PIECEWISE_BEZIER_KNOTS.);
#6844 = CARTESIAN_POINT('',(63.88,-6.206093979442,35.169750367107));
#6845 = CARTESIAN_POINT('',(63.28,-6.206093979442,35.169750367107));
#6846 = ORIENTED_EDGE('',*,*,#6847,.T.);
#6847 = EDGE_CURVE('',#6841,#6816,#6848,.T.);
#6848 = B_SPLINE_CURVE_WITH_KNOTS('',2,(#6849,#6850,#6851),
  .UNSPECIFIED.,.F.,.F.,(3,3),(0.,1.),.PIECEWISE_BEZIER_KNOTS.);
#6849 = CARTESIAN_POINT('',(63.28,-6.206093979442,35.169750367107));
#6850 = CARTESIAN_POINT('',(63.28,-6.206093979442,35.37268722467));
#6851 = CARTESIAN_POINT('',(63.28,-6.320631424376,35.476358296623));
#6852 = ORIENTED_EDGE('',*,*,#6815,.F.);
#6853 = ORIENTED_EDGE('',*,*,#3493,.F.);
#6854 = B_SPLINE_SURFACE_WITH_KNOTS('',2,1,(
    (#6855,#6856)
    ,(#6857,#6858)
    ,(#6859,#6860
    )),.UNSPECIFIED.,.F.,.F.,.F.,(3,3),(2,2),(0.,1.),(-0.6,0.),
  .PIECEWISE_BEZIER_KNOTS.);
#6855 = CARTESIAN_POINT('',(63.28,-6.206093979442,35.169750367107));
#6856 = CARTESIAN_POINT('',(63.88,-6.206093979442,35.169750367107));
#6857 = CARTESIAN_POINT('',(63.28,-6.206093979442,35.37268722467));
#6858 = CARTESIAN_POINT('',(63.88,-6.206093979442,35.37268722467));
#6859 = CARTESIAN_POINT('',(63.28,-6.320631424376,35.476358296623));
#6860 = CARTESIAN_POINT('',(63.88,-6.320631424376,35.476358296623));
#6861 = ADVANCED_FACE('',(#6862),#6879,.T.);
#6862 = FACE_BOUND('',#6863,.T.);
#6863 = EDGE_LOOP('',(#6864,#6871,#6877,#6878));
#6864 = ORIENTED_EDGE('',*,*,#6865,.T.);
#6865 = EDGE_CURVE('',#3478,#6866,#6868,.T.);
#6866 = VERTEX_POINT('',#6867);
#6867 = CARTESIAN_POINT('',(63.28,-6.241336270191,34.974596182085));
#6868 = B_SPLINE_CURVE_WITH_KNOTS('',1,(#6869,#6870),.UNSPECIFIED.,.F.,
  .F.,(2,2),(0.,0.6),.PIECEWISE_BEZIER_KNOTS.);
#6869 = CARTESIAN_POINT('',(63.88,-6.241336270191,34.974596182085));
#6870 = CARTESIAN_POINT('',(63.28,-6.241336270191,34.974596182085));
#6871 = ORIENTED_EDGE('',*,*,#6872,.T.);
#6872 = EDGE_CURVE('',#6866,#6841,#6873,.T.);
#6873 = B_SPLINE_CURVE_WITH_KNOTS('',2,(#6874,#6875,#6876),
  .UNSPECIFIED.,.F.,.F.,(3,3),(0.,1.),.PIECEWISE_BEZIER_KNOTS.);
#6874 = CARTESIAN_POINT('',(63.28,-6.241336270191,34.974596182085));
#6875 = CARTESIAN_POINT('',(63.28,-6.206093979442,35.066079295154));
#6876 = CARTESIAN_POINT('',(63.28,-6.206093979442,35.169750367107));
#6877 = ORIENTED_EDGE('',*,*,#6840,.F.);
#6878 = ORIENTED_EDGE('',*,*,#3485,.F.);
#6879 = B_SPLINE_SURFACE_WITH_KNOTS('',2,1,(
    (#6880,#6881)
    ,(#6882,#6883)
    ,(#6884,#6885
    )),.UNSPECIFIED.,.F.,.F.,.F.,(3,3),(2,2),(0.,1.),(-0.6,0.),
  .PIECEWISE_BEZIER_KNOTS.);
#6880 = CARTESIAN_POINT('',(63.28,-6.241336270191,34.974596182085));
#6881 = CARTESIAN_POINT('',(63.88,-6.241336270191,34.974596182085));
#6882 = CARTESIAN_POINT('',(63.28,-6.206093979442,35.066079295154));
#6883 = CARTESIAN_POINT('',(63.88,-6.206093979442,35.066079295154));
#6884 = CARTESIAN_POINT('',(63.28,-6.206093979442,35.169750367107));
#6885 = CARTESIAN_POINT('',(63.88,-6.206093979442,35.169750367107));
#6886 = ADVANCED_FACE('',(#6887),#6904,.T.);
#6887 = FACE_BOUND('',#6888,.T.);
#6888 = EDGE_LOOP('',(#6889,#6896,#6902,#6903));
#6889 = ORIENTED_EDGE('',*,*,#6890,.T.);
#6890 = EDGE_CURVE('',#3470,#6891,#6893,.T.);
#6891 = VERTEX_POINT('',#6892);
#6892 = CARTESIAN_POINT('',(63.28,-6.348237885463,34.793832599119));
#6893 = B_SPLINE_CURVE_WITH_KNOTS('',1,(#6894,#6895),.UNSPECIFIED.,.F.,
  .F.,(2,2),(0.,0.6),.PIECEWISE_BEZIER_KNOTS.);
#6894 = CARTESIAN_POINT('',(63.88,-6.348237885463,34.793832599119));
#6895 = CARTESIAN_POINT('',(63.28,-6.348237885463,34.793832599119));
#6896 = ORIENTED_EDGE('',*,*,#6897,.T.);
#6897 = EDGE_CURVE('',#6891,#6866,#6898,.T.);
#6898 = B_SPLINE_CURVE_WITH_KNOTS('',2,(#6899,#6900,#6901),
  .UNSPECIFIED.,.F.,.F.,(3,3),(0.,1.),.PIECEWISE_BEZIER_KNOTS.);
#6899 = CARTESIAN_POINT('',(63.28,-6.348237885463,34.793832599119));
#6900 = CARTESIAN_POINT('',(63.28,-6.27657856094,34.883113069016));
#6901 = CARTESIAN_POINT('',(63.28,-6.241336270191,34.974596182085));
#6902 = ORIENTED_EDGE('',*,*,#6865,.F.);
#6903 = ORIENTED_EDGE('',*,*,#3477,.F.);
#6904 = B_SPLINE_SURFACE_WITH_KNOTS('',2,1,(
    (#6905,#6906)
    ,(#6907,#6908)
    ,(#6909,#6910
    )),.UNSPECIFIED.,.F.,.F.,.F.,(3,3),(2,2),(0.,1.),(-0.6,0.),
  .PIECEWISE_BEZIER_KNOTS.);
#6905 = CARTESIAN_POINT('',(63.28,-6.348237885463,34.793832599119));
#6906 = CARTESIAN_POINT('',(63.88,-6.348237885463,34.793832599119));
#6907 = CARTESIAN_POINT('',(63.28,-6.27657856094,34.883113069016));
#6908 = CARTESIAN_POINT('',(63.88,-6.27657856094,34.883113069016));
#6909 = CARTESIAN_POINT('',(63.28,-6.241336270191,34.974596182085));
#6910 = CARTESIAN_POINT('',(63.88,-6.241336270191,34.974596182085));
#6911 = ADVANCED_FACE('',(#6912),#6929,.T.);
#6912 = FACE_BOUND('',#6913,.T.);
#6913 = EDGE_LOOP('',(#6914,#6921,#6927,#6928));
#6914 = ORIENTED_EDGE('',*,*,#6915,.T.);
#6915 = EDGE_CURVE('',#3462,#6916,#6918,.T.);
#6916 = VERTEX_POINT('',#6917);
#6917 = CARTESIAN_POINT('',(63.28,-6.524449339207,34.6140969163));
#6918 = B_SPLINE_CURVE_WITH_KNOTS('',1,(#6919,#6920),.UNSPECIFIED.,.F.,
  .F.,(2,2),(0.,0.6),.PIECEWISE_BEZIER_KNOTS.);
#6919 = CARTESIAN_POINT('',(63.88,-6.524449339207,34.6140969163));
#6920 = CARTESIAN_POINT('',(63.28,-6.524449339207,34.6140969163));
#6921 = ORIENTED_EDGE('',*,*,#6922,.T.);
#6922 = EDGE_CURVE('',#6916,#6891,#6923,.T.);
#6923 = B_SPLINE_CURVE_WITH_KNOTS('',2,(#6924,#6925,#6926),
  .UNSPECIFIED.,.F.,.F.,(3,3),(0.,1.),.PIECEWISE_BEZIER_KNOTS.);
#6924 = CARTESIAN_POINT('',(63.28,-6.524449339207,34.6140969163));
#6925 = CARTESIAN_POINT('',(63.28,-6.419750367107,34.704552129222));
#6926 = CARTESIAN_POINT('',(63.28,-6.348237885463,34.793832599119));
#6927 = ORIENTED_EDGE('',*,*,#6890,.F.);
#6928 = ORIENTED_EDGE('',*,*,#3469,.F.);
#6929 = B_SPLINE_SURFACE_WITH_KNOTS('',2,1,(
    (#6930,#6931)
    ,(#6932,#6933)
    ,(#6934,#6935
    )),.UNSPECIFIED.,.F.,.F.,.F.,(3,3),(2,2),(0.,1.),(-0.6,0.),
  .PIECEWISE_BEZIER_KNOTS.);
#6930 = CARTESIAN_POINT('',(63.28,-6.524449339207,34.6140969163));
#6931 = CARTESIAN_POINT('',(63.88,-6.524449339207,34.6140969163));
#6932 = CARTESIAN_POINT('',(63.28,-6.419750367107,34.704552129222));
#6933 = CARTESIAN_POINT('',(63.88,-6.419750367107,34.704552129222));
#6934 = CARTESIAN_POINT('',(63.28,-6.348237885463,34.793832599119));
#6935 = CARTESIAN_POINT('',(63.88,-6.348237885463,34.793832599119));
#6936 = ADVANCED_FACE('',(#6937),#6954,.T.);
#6937 = FACE_BOUND('',#6938,.T.);
#6938 = EDGE_LOOP('',(#6939,#6946,#6952,#6953));
#6939 = ORIENTED_EDGE('',*,*,#6940,.T.);
#6940 = EDGE_CURVE('',#3454,#6941,#6943,.T.);
#6941 = VERTEX_POINT('',#6942);
#6942 = CARTESIAN_POINT('',(63.28,-6.767767988253,34.424522760646));
#6943 = B_SPLINE_CURVE_WITH_KNOTS('',1,(#6944,#6945),.UNSPECIFIED.,.F.,
  .F.,(2,2),(0.,0.6),.PIECEWISE_BEZIER_KNOTS.);
#6944 = CARTESIAN_POINT('',(63.88,-6.767767988253,34.424522760646));
#6945 = CARTESIAN_POINT('',(63.28,-6.767767988253,34.424522760646));
#6946 = ORIENTED_EDGE('',*,*,#6947,.T.);
#6947 = EDGE_CURVE('',#6941,#6916,#6948,.T.);
#6948 = B_SPLINE_CURVE_WITH_KNOTS('',2,(#6949,#6950,#6951),
  .UNSPECIFIED.,.F.,.F.,(3,3),(0.,1.),.PIECEWISE_BEZIER_KNOTS.);
#6949 = CARTESIAN_POINT('',(63.28,-6.767767988253,34.424522760646));
#6950 = CARTESIAN_POINT('',(63.28,-6.629001468429,34.523788546256));
#6951 = CARTESIAN_POINT('',(63.28,-6.524449339207,34.6140969163));
#6952 = ORIENTED_EDGE('',*,*,#6915,.F.);
#6953 = ORIENTED_EDGE('',*,*,#3461,.F.);
#6954 = B_SPLINE_SURFACE_WITH_KNOTS('',2,1,(
    (#6955,#6956)
    ,(#6957,#6958)
    ,(#6959,#6960
    )),.UNSPECIFIED.,.F.,.F.,.F.,(3,3),(2,2),(0.,1.),(-0.6,0.),
  .PIECEWISE_BEZIER_KNOTS.);
#6955 = CARTESIAN_POINT('',(63.28,-6.767767988253,34.424522760646));
#6956 = CARTESIAN_POINT('',(63.88,-6.767767988253,34.424522760646));
#6957 = CARTESIAN_POINT('',(63.28,-6.629001468429,34.523788546256));
#6958 = CARTESIAN_POINT('',(63.88,-6.629001468429,34.523788546256));
#6959 = CARTESIAN_POINT('',(63.28,-6.524449339207,34.6140969163));
#6960 = CARTESIAN_POINT('',(63.88,-6.524449339207,34.6140969163));
#6961 = ADVANCED_FACE('',(#6962),#6979,.T.);
#6962 = FACE_BOUND('',#6963,.T.);
#6963 = EDGE_LOOP('',(#6964,#6971,#6977,#6978));
#6964 = ORIENTED_EDGE('',*,*,#6965,.T.);
#6965 = EDGE_CURVE('',#3446,#6966,#6968,.T.);
#6966 = VERTEX_POINT('',#6967);
#6967 = CARTESIAN_POINT('',(63.28,-7.046475770925,34.21174743025));
#6968 = B_SPLINE_CURVE_WITH_KNOTS('',1,(#6969,#6970),.UNSPECIFIED.,.F.,
  .F.,(2,2),(0.,0.6),.PIECEWISE_BEZIER_KNOTS.);
#6969 = CARTESIAN_POINT('',(63.88,-7.046475770925,34.21174743025));
#6970 = CARTESIAN_POINT('',(63.28,-7.046475770925,34.21174743025));
#6971 = ORIENTED_EDGE('',*,*,#6972,.T.);
#6972 = EDGE_CURVE('',#6966,#6941,#6973,.T.);
#6973 = B_SPLINE_CURVE_WITH_KNOTS('',2,(#6974,#6975,#6976),
  .UNSPECIFIED.,.F.,.F.,(3,3),(0.,1.),.PIECEWISE_BEZIER_KNOTS.);
#6974 = CARTESIAN_POINT('',(63.28,-7.046475770925,34.21174743025));
#6975 = CARTESIAN_POINT('',(63.28,-6.899926578561,34.32966226138));
#6976 = CARTESIAN_POINT('',(63.28,-6.767767988253,34.424522760646));
#6977 = ORIENTED_EDGE('',*,*,#6940,.F.);
#6978 = ORIENTED_EDGE('',*,*,#3453,.F.);
#6979 = B_SPLINE_SURFACE_WITH_KNOTS('',2,1,(
    (#6980,#6981)
    ,(#6982,#6983)
    ,(#6984,#6985
    )),.UNSPECIFIED.,.F.,.F.,.F.,(3,3),(2,2),(0.,1.),(-0.6,0.),
  .PIECEWISE_BEZIER_KNOTS.);
#6980 = CARTESIAN_POINT('',(63.28,-7.046475770925,34.21174743025));
#6981 = CARTESIAN_POINT('',(63.88,-7.046475770925,34.21174743025));
#6982 = CARTESIAN_POINT('',(63.28,-6.899926578561,34.32966226138));
#6983 = CARTESIAN_POINT('',(63.88,-6.899926578561,34.32966226138));
#6984 = CARTESIAN_POINT('',(63.28,-6.767767988253,34.424522760646));
#6985 = CARTESIAN_POINT('',(63.88,-6.767767988253,34.424522760646));
#6986 = ADVANCED_FACE('',(#6987),#7004,.T.);
#6987 = FACE_BOUND('',#6988,.T.);
#6988 = EDGE_LOOP('',(#6989,#6996,#7002,#7003));
#6989 = ORIENTED_EDGE('',*,*,#6990,.T.);
#6990 = EDGE_CURVE('',#3438,#6991,#6993,.T.);
#6991 = VERTEX_POINT('',#6992);
#6992 = CARTESIAN_POINT('',(63.28,-7.316226138032,33.940528634361));
#6993 = B_SPLINE_CURVE_WITH_KNOTS('',1,(#6994,#6995),.UNSPECIFIED.,.F.,
  .F.,(2,2),(0.,0.6),.PIECEWISE_BEZIER_KNOTS.);
#6994 = CARTESIAN_POINT('',(63.88,-7.316226138032,33.940528634361));
#6995 = CARTESIAN_POINT('',(63.28,-7.316226138032,33.940528634361));
#6996 = ORIENTED_EDGE('',*,*,#6997,.T.);
#6997 = EDGE_CURVE('',#6991,#6966,#6998,.T.);
#6998 = B_SPLINE_CURVE_WITH_KNOTS('',2,(#6999,#7000,#7001),
  .UNSPECIFIED.,.F.,.F.,(3,3),(0.,1.),.PIECEWISE_BEZIER_KNOTS.);
#6999 = CARTESIAN_POINT('',(63.28,-7.316226138032,33.940528634361));
#7000 = CARTESIAN_POINT('',(63.28,-7.192878120411,34.093832599119));
#7001 = CARTESIAN_POINT('',(63.28,-7.046475770925,34.21174743025));
#7002 = ORIENTED_EDGE('',*,*,#6965,.F.);
#7003 = ORIENTED_EDGE('',*,*,#3445,.F.);
#7004 = B_SPLINE_SURFACE_WITH_KNOTS('',2,1,(
    (#7005,#7006)
    ,(#7007,#7008)
    ,(#7009,#7010
    )),.UNSPECIFIED.,.F.,.F.,.F.,(3,3),(2,2),(0.,1.),(-0.6,0.),
  .PIECEWISE_BEZIER_KNOTS.);
#7005 = CARTESIAN_POINT('',(63.28,-7.316226138032,33.940528634361));
#7006 = CARTESIAN_POINT('',(63.88,-7.316226138032,33.940528634361));
#7007 = CARTESIAN_POINT('',(63.28,-7.192878120411,34.093832599119));
#7008 = CARTESIAN_POINT('',(63.88,-7.192878120411,34.093832599119));
#7009 = CARTESIAN_POINT('',(63.28,-7.046475770925,34.21174743025));
#7010 = CARTESIAN_POINT('',(63.88,-7.046475770925,34.21174743025));
#7011 = ADVANCED_FACE('',(#7012),#7029,.T.);
#7012 = FACE_BOUND('',#7013,.T.);
#7013 = EDGE_LOOP('',(#7014,#7021,#7027,#7028));
#7014 = ORIENTED_EDGE('',*,*,#7015,.T.);
#7015 = EDGE_CURVE('',#3430,#7016,#7018,.T.);
#7016 = VERTEX_POINT('',#7017);
#7017 = CARTESIAN_POINT('',(63.28,-7.52107195301,33.594419970631));
#7018 = B_SPLINE_CURVE_WITH_KNOTS('',1,(#7019,#7020),.UNSPECIFIED.,.F.,
  .F.,(2,2),(0.,0.6),.PIECEWISE_BEZIER_KNOTS.);
#7019 = CARTESIAN_POINT('',(63.88,-7.52107195301,33.594419970631));
#7020 = CARTESIAN_POINT('',(63.28,-7.52107195301,33.594419970631));
#7021 = ORIENTED_EDGE('',*,*,#7022,.T.);
#7022 = EDGE_CURVE('',#7016,#6991,#7023,.T.);
#7023 = B_SPLINE_CURVE_WITH_KNOTS('',2,(#7024,#7025,#7026),
  .UNSPECIFIED.,.F.,.F.,(3,3),(0.,1.),.PIECEWISE_BEZIER_KNOTS.);
#7024 = CARTESIAN_POINT('',(63.28,-7.52107195301,33.594419970631));
#7025 = CARTESIAN_POINT('',(63.28,-7.439574155653,33.787371512482));
#7026 = CARTESIAN_POINT('',(63.28,-7.316226138032,33.940528634361));
#7027 = ORIENTED_EDGE('',*,*,#6990,.F.);
#7028 = ORIENTED_EDGE('',*,*,#3437,.F.);
#7029 = B_SPLINE_SURFACE_WITH_KNOTS('',2,1,(
    (#7030,#7031)
    ,(#7032,#7033)
    ,(#7034,#7035
    )),.UNSPECIFIED.,.F.,.F.,.F.,(3,3),(2,2),(0.,1.),(-0.6,0.),
  .PIECEWISE_BEZIER_KNOTS.);
#7030 = CARTESIAN_POINT('',(63.28,-7.52107195301,33.594419970631));
#7031 = CARTESIAN_POINT('',(63.88,-7.52107195301,33.594419970631));
#7032 = CARTESIAN_POINT('',(63.28,-7.439574155653,33.787371512482));
#7033 = CARTESIAN_POINT('',(63.88,-7.439574155653,33.787371512482));
#7034 = CARTESIAN_POINT('',(63.28,-7.316226138032,33.940528634361));
#7035 = CARTESIAN_POINT('',(63.88,-7.316226138032,33.940528634361));
#7036 = ADVANCED_FACE('',(#7037),#7054,.T.);
#7037 = FACE_BOUND('',#7038,.T.);
#7038 = EDGE_LOOP('',(#7039,#7046,#7052,#7053));
#7039 = ORIENTED_EDGE('',*,*,#7040,.T.);
#7040 = EDGE_CURVE('',#3423,#7041,#7043,.T.);
#7041 = VERTEX_POINT('',#7042);
#7042 = CARTESIAN_POINT('',(63.28,-7.602569750367,33.159030837004));
#7043 = B_SPLINE_CURVE_WITH_KNOTS('',1,(#7044,#7045),.UNSPECIFIED.,.F.,
  .F.,(2,2),(0.,0.6),.PIECEWISE_BEZIER_KNOTS.);
#7044 = CARTESIAN_POINT('',(63.88,-7.602569750367,33.159030837004));
#7045 = CARTESIAN_POINT('',(63.28,-7.602569750367,33.159030837004));
#7046 = ORIENTED_EDGE('',*,*,#7047,.T.);
#7047 = EDGE_CURVE('',#7041,#7016,#7048,.T.);
#7048 = B_SPLINE_CURVE_WITH_KNOTS('',2,(#7049,#7050,#7051),
  .UNSPECIFIED.,.F.,.F.,(3,3),(0.,1.),.PIECEWISE_BEZIER_KNOTS.);
#7049 = CARTESIAN_POINT('',(63.28,-7.602569750367,33.159030837004));
#7050 = CARTESIAN_POINT('',(63.28,-7.602569750367,33.401615271659));
#7051 = CARTESIAN_POINT('',(63.28,-7.52107195301,33.594419970631));
#7052 = ORIENTED_EDGE('',*,*,#7015,.F.);
#7053 = ORIENTED_EDGE('',*,*,#3429,.F.);
#7054 = B_SPLINE_SURFACE_WITH_KNOTS('',2,1,(
    (#7055,#7056)
    ,(#7057,#7058)
    ,(#7059,#7060
    )),.UNSPECIFIED.,.F.,.F.,.F.,(3,3),(2,2),(0.,1.),(-0.6,0.),
  .PIECEWISE_BEZIER_KNOTS.);
#7055 = CARTESIAN_POINT('',(63.28,-7.602569750367,33.159030837004));
#7056 = CARTESIAN_POINT('',(63.88,-7.602569750367,33.159030837004));
#7057 = CARTESIAN_POINT('',(63.28,-7.602569750367,33.401615271659));
#7058 = CARTESIAN_POINT('',(63.88,-7.602569750367,33.401615271659));
#7059 = CARTESIAN_POINT('',(63.28,-7.52107195301,33.594419970631));
#7060 = CARTESIAN_POINT('',(63.88,-7.52107195301,33.594419970631));
#7061 = ADVANCED_FACE('',(#7062),#7078,.T.);
#7062 = FACE_BOUND('',#7063,.T.);
#7063 = EDGE_LOOP('',(#7064,#7071,#7076,#7077));
#7064 = ORIENTED_EDGE('',*,*,#7065,.T.);
#7065 = EDGE_CURVE('',#3416,#7066,#7068,.T.);
#7066 = VERTEX_POINT('',#7067);
#7067 = CARTESIAN_POINT('',(63.28,-7.602569750367,32.921145374449));
#7068 = B_SPLINE_CURVE_WITH_KNOTS('',1,(#7069,#7070),.UNSPECIFIED.,.F.,
  .F.,(2,2),(0.,0.6),.PIECEWISE_BEZIER_KNOTS.);
#7069 = CARTESIAN_POINT('',(63.88,-7.602569750367,32.921145374449));
#7070 = CARTESIAN_POINT('',(63.28,-7.602569750367,32.921145374449));
#7071 = ORIENTED_EDGE('',*,*,#7072,.T.);
#7072 = EDGE_CURVE('',#7066,#7041,#7073,.T.);
#7073 = B_SPLINE_CURVE_WITH_KNOTS('',1,(#7074,#7075),.UNSPECIFIED.,.F.,
  .F.,(2,2),(0.,0.237885462555),.PIECEWISE_BEZIER_KNOTS.);
#7074 = CARTESIAN_POINT('',(63.28,-7.602569750367,32.921145374449));
#7075 = CARTESIAN_POINT('',(63.28,-7.602569750367,33.159030837004));
#7076 = ORIENTED_EDGE('',*,*,#7040,.F.);
#7077 = ORIENTED_EDGE('',*,*,#3422,.F.);
#7078 = B_SPLINE_SURFACE_WITH_KNOTS('',1,1,(
    (#7079,#7080)
    ,(#7081,#7082
    )),.UNSPECIFIED.,.F.,.F.,.F.,(2,2),(2,2),(0.,0.237885462555),(-0.6,
    0.),.PIECEWISE_BEZIER_KNOTS.);
#7079 = CARTESIAN_POINT('',(63.28,-7.602569750367,32.921145374449));
#7080 = CARTESIAN_POINT('',(63.88,-7.602569750367,32.921145374449));
#7081 = CARTESIAN_POINT('',(63.28,-7.602569750367,33.159030837004));
#7082 = CARTESIAN_POINT('',(63.88,-7.602569750367,33.159030837004));
#7083 = ADVANCED_FACE('',(#7084),#7100,.T.);
#7084 = FACE_BOUND('',#7085,.T.);
#7085 = EDGE_LOOP('',(#7086,#7093,#7098,#7099));
#7086 = ORIENTED_EDGE('',*,*,#7087,.T.);
#7087 = EDGE_CURVE('',#3409,#7088,#7090,.T.);
#7088 = VERTEX_POINT('',#7089);
#7089 = CARTESIAN_POINT('',(63.28,-5.501248164464,32.921145374449));
#7090 = B_SPLINE_CURVE_WITH_KNOTS('',1,(#7091,#7092),.UNSPECIFIED.,.F.,
  .F.,(2,2),(0.,0.6),.PIECEWISE_BEZIER_KNOTS.);
#7091 = CARTESIAN_POINT('',(63.88,-5.501248164464,32.921145374449));
#7092 = CARTESIAN_POINT('',(63.28,-5.501248164464,32.921145374449));
#7093 = ORIENTED_EDGE('',*,*,#7094,.T.);
#7094 = EDGE_CURVE('',#7088,#7066,#7095,.T.);
#7095 = B_SPLINE_CURVE_WITH_KNOTS('',1,(#7096,#7097),.UNSPECIFIED.,.F.,
  .F.,(2,2),(0.,2.101321585903),.PIECEWISE_BEZIER_KNOTS.);
#7096 = CARTESIAN_POINT('',(63.28,-5.501248164464,32.921145374449));
#7097 = CARTESIAN_POINT('',(63.28,-7.602569750367,32.921145374449));
#7098 = ORIENTED_EDGE('',*,*,#7065,.F.);
#7099 = ORIENTED_EDGE('',*,*,#3415,.F.);
#7100 = B_SPLINE_SURFACE_WITH_KNOTS('',1,1,(
    (#7101,#7102)
    ,(#7103,#7104
    )),.UNSPECIFIED.,.F.,.F.,.F.,(2,2),(2,2),(0.,2.101321585903),(-0.6,
    0.),.PIECEWISE_BEZIER_KNOTS.);
#7101 = CARTESIAN_POINT('',(63.28,-5.501248164464,32.921145374449));
#7102 = CARTESIAN_POINT('',(63.88,-5.501248164464,32.921145374449));
#7103 = CARTESIAN_POINT('',(63.28,-7.602569750367,32.921145374449));
#7104 = CARTESIAN_POINT('',(63.88,-7.602569750367,32.921145374449));
#7105 = ADVANCED_FACE('',(#7106),#7122,.T.);
#7106 = FACE_BOUND('',#7107,.T.);
#7107 = EDGE_LOOP('',(#7108,#7115,#7120,#7121));
#7108 = ORIENTED_EDGE('',*,*,#7109,.T.);
#7109 = EDGE_CURVE('',#3402,#7110,#7112,.T.);
#7110 = VERTEX_POINT('',#7111);
#7111 = CARTESIAN_POINT('',(63.28,-5.501248164464,33.498237885463));
#7112 = B_SPLINE_CURVE_WITH_KNOTS('',1,(#7113,#7114),.UNSPECIFIED.,.F.,
  .F.,(2,2),(0.,0.6),.PIECEWISE_BEZIER_KNOTS.);
#7113 = CARTESIAN_POINT('',(63.88,-5.501248164464,33.498237885463));
#7114 = CARTESIAN_POINT('',(63.28,-5.501248164464,33.498237885463));
#7115 = ORIENTED_EDGE('',*,*,#7116,.T.);
#7116 = EDGE_CURVE('',#7110,#7088,#7117,.T.);
#7117 = B_SPLINE_CURVE_WITH_KNOTS('',1,(#7118,#7119),.UNSPECIFIED.,.F.,
  .F.,(2,2),(0.,0.577092511013),.PIECEWISE_BEZIER_KNOTS.);
#7118 = CARTESIAN_POINT('',(63.28,-5.501248164464,33.498237885463));
#7119 = CARTESIAN_POINT('',(63.28,-5.501248164464,32.921145374449));
#7120 = ORIENTED_EDGE('',*,*,#7087,.F.);
#7121 = ORIENTED_EDGE('',*,*,#3408,.F.);
#7122 = B_SPLINE_SURFACE_WITH_KNOTS('',1,1,(
    (#7123,#7124)
    ,(#7125,#7126
    )),.UNSPECIFIED.,.F.,.F.,.F.,(2,2),(2,2),(0.,0.577092511013),(-0.6,
    0.),.PIECEWISE_BEZIER_KNOTS.);
#7123 = CARTESIAN_POINT('',(63.28,-5.501248164464,33.498237885463));
#7124 = CARTESIAN_POINT('',(63.88,-5.501248164464,33.498237885463));
#7125 = CARTESIAN_POINT('',(63.28,-5.501248164464,32.921145374449));
#7126 = CARTESIAN_POINT('',(63.88,-5.501248164464,32.921145374449));
#7127 = ADVANCED_FACE('',(#7128),#7138,.T.);
#7128 = FACE_BOUND('',#7129,.T.);
#7129 = EDGE_LOOP('',(#7130,#7131,#7136,#7137));
#7130 = ORIENTED_EDGE('',*,*,#6452,.T.);
#7131 = ORIENTED_EDGE('',*,*,#7132,.T.);
#7132 = EDGE_CURVE('',#6445,#7110,#7133,.T.);
#7133 = B_SPLINE_CURVE_WITH_KNOTS('',1,(#7134,#7135),.UNSPECIFIED.,.F.,
  .F.,(2,2),(0.,1.339207048458),.PIECEWISE_BEZIER_KNOTS.);
#7134 = CARTESIAN_POINT('',(63.28,-6.840455212922,33.498237885463));
#7135 = CARTESIAN_POINT('',(63.28,-5.501248164464,33.498237885463));
#7136 = ORIENTED_EDGE('',*,*,#7109,.F.);
#7137 = ORIENTED_EDGE('',*,*,#3401,.F.);
#7138 = B_SPLINE_SURFACE_WITH_KNOTS('',1,1,(
    (#7139,#7140)
    ,(#7141,#7142
    )),.UNSPECIFIED.,.F.,.F.,.F.,(2,2),(2,2),(0.,1.339207048458),(-0.6,
    0.),.PIECEWISE_BEZIER_KNOTS.);
#7139 = CARTESIAN_POINT('',(63.28,-6.840455212922,33.498237885463));
#7140 = CARTESIAN_POINT('',(63.88,-6.840455212922,33.498237885463));
#7141 = CARTESIAN_POINT('',(63.28,-5.501248164464,33.498237885463));
#7142 = CARTESIAN_POINT('',(63.88,-5.501248164464,33.498237885463));
#7143 = ADVANCED_FACE('',(#7144),#7147,.T.);
#7144 = FACE_BOUND('',#7145,.F.);
#7145 = EDGE_LOOP('',(#7146));
#7146 = ORIENTED_EDGE('',*,*,#3635,.F.);
#7147 = PLANE('',#7148);
#7148 = AXIS2_PLACEMENT_3D('',#7149,#7150,#7151);
#7149 = CARTESIAN_POINT('',(-58.48,-37.34,47.4));
#7150 = DIRECTION('',(0.,0.,1.));
#7151 = DIRECTION('',(1.,0.,-0.));
#7152 = ADVANCED_FACE('',(#7153),#7156,.T.);
#7153 = FACE_BOUND('',#7154,.F.);
#7154 = EDGE_LOOP('',(#7155));
#7155 = ORIENTED_EDGE('',*,*,#3660,.F.);
#7156 = PLANE('',#7157);
#7157 = AXIS2_PLACEMENT_3D('',#7158,#7159,#7160);
#7158 = CARTESIAN_POINT('',(58.48,-37.34,47.4));
#7159 = DIRECTION('',(0.,0.,1.));
#7160 = DIRECTION('',(1.,0.,-0.));
#7161 = ADVANCED_FACE('',(#7162,#7176,#7194,#7205,#7223),#7234,.T.);
#7162 = FACE_BOUND('',#7163,.T.);
#7163 = EDGE_LOOP('',(#7164,#7165,#7166,#7167,#7168,#7169,#7170,#7171,
    #7172,#7173,#7174,#7175));
#7164 = ORIENTED_EDGE('',*,*,#4033,.F.);
#7165 = ORIENTED_EDGE('',*,*,#3936,.F.);
#7166 = ORIENTED_EDGE('',*,*,#3956,.F.);
#7167 = ORIENTED_EDGE('',*,*,#3676,.T.);
#7168 = ORIENTED_EDGE('',*,*,#3920,.F.);
#7169 = ORIENTED_EDGE('',*,*,#3973,.T.);
#7170 = ORIENTED_EDGE('',*,*,#4016,.F.);
#7171 = ORIENTED_EDGE('',*,*,#4077,.F.);
#7172 = ORIENTED_EDGE('',*,*,#4316,.F.);
#7173 = ORIENTED_EDGE('',*,*,#4307,.F.);
#7174 = ORIENTED_EDGE('',*,*,#4049,.F.);
#7175 = ORIENTED_EDGE('',*,*,#4041,.F.);
#7176 = FACE_BOUND('',#7177,.T.);
#7177 = EDGE_LOOP('',(#7178,#7187));
#7178 = ORIENTED_EDGE('',*,*,#7179,.F.);
#7179 = EDGE_CURVE('',#4034,#7180,#7182,.T.);
#7180 = VERTEX_POINT('',#7181);
#7181 = CARTESIAN_POINT('',(-55.48,-27.5,2.4));
#7182 = CIRCLE('',#7183,3.);
#7183 = AXIS2_PLACEMENT_3D('',#7184,#7185,#7186);
#7184 = CARTESIAN_POINT('',(-58.48,-27.5,2.4));
#7185 = DIRECTION('',(0.,0.,1.));
#7186 = DIRECTION('',(1.,0.,-0.));
#7187 = ORIENTED_EDGE('',*,*,#7188,.F.);
#7188 = EDGE_CURVE('',#7180,#4034,#7189,.T.);
#7189 = CIRCLE('',#7190,3.);
#7190 = AXIS2_PLACEMENT_3D('',#7191,#7192,#7193);
#7191 = CARTESIAN_POINT('',(-58.48,-27.5,2.4));
#7192 = DIRECTION('',(0.,0.,1.));
#7193 = DIRECTION('',(1.,0.,-0.));
#7194 = FACE_BOUND('',#7195,.T.);
#7195 = EDGE_LOOP('',(#7196));
#7196 = ORIENTED_EDGE('',*,*,#7197,.F.);
#7197 = EDGE_CURVE('',#7198,#7198,#7200,.T.);
#7198 = VERTEX_POINT('',#7199);
#7199 = CARTESIAN_POINT('',(-30.48,-27.5,2.4));
#7200 = CIRCLE('',#7201,3.);
#7201 = AXIS2_PLACEMENT_3D('',#7202,#7203,#7204);
#7202 = CARTESIAN_POINT('',(-33.48,-27.5,2.4));
#7203 = DIRECTION('',(0.,0.,1.));
#7204 = DIRECTION('',(1.,0.,-0.));
#7205 = FACE_BOUND('',#7206,.T.);
#7206 = EDGE_LOOP('',(#7207,#7216));
#7207 = ORIENTED_EDGE('',*,*,#7208,.F.);
#7208 = EDGE_CURVE('',#4042,#7209,#7211,.T.);
#7209 = VERTEX_POINT('',#7210);
#7210 = CARTESIAN_POINT('',(-55.48,27.5,2.4));
#7211 = CIRCLE('',#7212,3.);
#7212 = AXIS2_PLACEMENT_3D('',#7213,#7214,#7215);
#7213 = CARTESIAN_POINT('',(-58.48,27.5,2.4));
#7214 = DIRECTION('',(0.,0.,1.));
#7215 = DIRECTION('',(1.,0.,-0.));
#7216 = ORIENTED_EDGE('',*,*,#7217,.F.);
#7217 = EDGE_CURVE('',#7209,#4042,#7218,.T.);
#7218 = CIRCLE('',#7219,3.);
#7219 = AXIS2_PLACEMENT_3D('',#7220,#7221,#7222);
#7220 = CARTESIAN_POINT('',(-58.48,27.5,2.4));
#7221 = DIRECTION('',(0.,0.,1.));
#7222 = DIRECTION('',(1.,0.,-0.));
#7223 = FACE_BOUND('',#7224,.T.);
#7224 = EDGE_LOOP('',(#7225));
#7225 = ORIENTED_EDGE('',*,*,#7226,.F.);
#7226 = EDGE_CURVE('',#7227,#7227,#7229,.T.);
#7227 = VERTEX_POINT('',#7228);
#7228 = CARTESIAN_POINT('',(-30.48,27.5,2.4));
#7229 = CIRCLE('',#7230,3.);
#7230 = AXIS2_PLACEMENT_3D('',#7231,#7232,#7233);
#7231 = CARTESIAN_POINT('',(-33.48,27.5,2.4));
#7232 = DIRECTION('',(0.,0.,1.));
#7233 = DIRECTION('',(1.,0.,-0.));
#7234 = PLANE('',#7235);
#7235 = AXIS2_PLACEMENT_3D('',#7236,#7237,#7238);
#7236 = CARTESIAN_POINT('',(-61.48,-40.34,2.4));
#7237 = DIRECTION('',(0.,0.,1.));
#7238 = DIRECTION('',(1.,0.,-0.));
#7239 = ADVANCED_FACE('',(#7240),#7243,.T.);
#7240 = FACE_BOUND('',#7241,.F.);
#7241 = EDGE_LOOP('',(#7242));
#7242 = ORIENTED_EDGE('',*,*,#4342,.F.);
#7243 = PLANE('',#7244);
#7244 = AXIS2_PLACEMENT_3D('',#7245,#7246,#7247);
#7245 = CARTESIAN_POINT('',(-58.48,37.34,47.4));
#7246 = DIRECTION('',(0.,0.,1.));
#7247 = DIRECTION('',(1.,0.,-0.));
#7248 = ADVANCED_FACE('',(#7249),#7252,.T.);
#7249 = FACE_BOUND('',#7250,.F.);
#7250 = EDGE_LOOP('',(#7251));
#7251 = ORIENTED_EDGE('',*,*,#4367,.F.);
#7252 = PLANE('',#7253);
#7253 = AXIS2_PLACEMENT_3D('',#7254,#7255,#7256);
#7254 = CARTESIAN_POINT('',(58.48,37.34,47.4));
#7255 = DIRECTION('',(0.,0.,1.));
#7256 = DIRECTION('',(1.,0.,-0.));
#7257 = ADVANCED_FACE('',(#7258),#7280,.T.);
#7258 = FACE_BOUND('',#7259,.T.);
#7259 = EDGE_LOOP('',(#7260,#7267,#7268,#7275));
#7260 = ORIENTED_EDGE('',*,*,#7261,.T.);
#7261 = EDGE_CURVE('',#7262,#4466,#7264,.T.);
#7262 = VERTEX_POINT('',#7263);
#7263 = CARTESIAN_POINT('',(-63.88,12.561380323054,28.581497797357));
#7264 = B_SPLINE_CURVE_WITH_KNOTS('',1,(#7265,#7266),.UNSPECIFIED.,.F.,
  .F.,(2,2),(0.,0.6),.PIECEWISE_BEZIER_KNOTS.);
#7265 = CARTESIAN_POINT('',(-63.88,12.561380323054,28.581497797357));
#7266 = CARTESIAN_POINT('',(-63.28,12.561380323054,28.581497797357));
#7267 = ORIENTED_EDGE('',*,*,#4465,.T.);
#7268 = ORIENTED_EDGE('',*,*,#7269,.F.);
#7269 = EDGE_CURVE('',#7270,#4468,#7272,.T.);
#7270 = VERTEX_POINT('',#7271);
#7271 = CARTESIAN_POINT('',(-63.88,12.561380323054,27.745374449339));
#7272 = B_SPLINE_CURVE_WITH_KNOTS('',1,(#7273,#7274),.UNSPECIFIED.,.F.,
  .F.,(2,2),(0.,0.6),.PIECEWISE_BEZIER_KNOTS.);
#7273 = CARTESIAN_POINT('',(-63.88,12.561380323054,27.745374449339));
#7274 = CARTESIAN_POINT('',(-63.28,12.561380323054,27.745374449339));
#7275 = ORIENTED_EDGE('',*,*,#7276,.F.);
#7276 = EDGE_CURVE('',#7262,#7270,#7277,.T.);
#7277 = B_SPLINE_CURVE_WITH_KNOTS('',1,(#7278,#7279),.UNSPECIFIED.,.F.,
  .F.,(2,2),(0.,0.836123348018),.PIECEWISE_BEZIER_KNOTS.);
#7278 = CARTESIAN_POINT('',(-63.88,12.561380323054,28.581497797357));
#7279 = CARTESIAN_POINT('',(-63.88,12.561380323054,27.745374449339));
#7280 = B_SPLINE_SURFACE_WITH_KNOTS('',1,1,(
    (#7281,#7282)
    ,(#7283,#7284
    )),.UNSPECIFIED.,.F.,.F.,.F.,(2,2),(2,2),(0.,0.836123348018),(-0.6,
    0.),.PIECEWISE_BEZIER_KNOTS.);
#7281 = CARTESIAN_POINT('',(-63.28,12.561380323054,28.581497797357));
#7282 = CARTESIAN_POINT('',(-63.88,12.561380323054,28.581497797357));
#7283 = CARTESIAN_POINT('',(-63.28,12.561380323054,27.745374449339));
#7284 = CARTESIAN_POINT('',(-63.88,12.561380323054,27.745374449339));
#7285 = ADVANCED_FACE('',(#7286),#7302,.T.);
#7286 = FACE_BOUND('',#7287,.T.);
#7287 = EDGE_LOOP('',(#7288,#7289,#7290,#7297));
#7288 = ORIENTED_EDGE('',*,*,#7269,.T.);
#7289 = ORIENTED_EDGE('',*,*,#4474,.T.);
#7290 = ORIENTED_EDGE('',*,*,#7291,.F.);
#7291 = EDGE_CURVE('',#7292,#4475,#7294,.T.);
#7292 = VERTEX_POINT('',#7293);
#7293 = CARTESIAN_POINT('',(-63.88,12.175917767988,27.745374449339));
#7294 = B_SPLINE_CURVE_WITH_KNOTS('',1,(#7295,#7296),.UNSPECIFIED.,.F.,
  .F.,(2,2),(0.,0.6),.PIECEWISE_BEZIER_KNOTS.);
#7295 = CARTESIAN_POINT('',(-63.88,12.175917767988,27.745374449339));
#7296 = CARTESIAN_POINT('',(-63.28,12.175917767988,27.745374449339));
#7297 = ORIENTED_EDGE('',*,*,#7298,.F.);
#7298 = EDGE_CURVE('',#7270,#7292,#7299,.T.);
#7299 = B_SPLINE_CURVE_WITH_KNOTS('',1,(#7300,#7301),.UNSPECIFIED.,.F.,
  .F.,(2,2),(0.,0.385462555066),.PIECEWISE_BEZIER_KNOTS.);
#7300 = CARTESIAN_POINT('',(-63.88,12.561380323054,27.745374449339));
#7301 = CARTESIAN_POINT('',(-63.88,12.175917767988,27.745374449339));
#7302 = B_SPLINE_SURFACE_WITH_KNOTS('',1,1,(
    (#7303,#7304)
    ,(#7305,#7306
    )),.UNSPECIFIED.,.F.,.F.,.F.,(2,2),(2,2),(0.,0.385462555066),(-0.6,
    0.),.PIECEWISE_BEZIER_KNOTS.);
#7303 = CARTESIAN_POINT('',(-63.28,12.561380323054,27.745374449339));
#7304 = CARTESIAN_POINT('',(-63.88,12.561380323054,27.745374449339));
#7305 = CARTESIAN_POINT('',(-63.28,12.175917767988,27.745374449339));
#7306 = CARTESIAN_POINT('',(-63.88,12.175917767988,27.745374449339));
#7307 = ADVANCED_FACE('',(#7308),#7325,.T.);
#7308 = FACE_BOUND('',#7309,.T.);
#7309 = EDGE_LOOP('',(#7310,#7311,#7312,#7319));
#7310 = ORIENTED_EDGE('',*,*,#7291,.T.);
#7311 = ORIENTED_EDGE('',*,*,#4481,.T.);
#7312 = ORIENTED_EDGE('',*,*,#7313,.F.);
#7313 = EDGE_CURVE('',#7314,#4482,#7316,.T.);
#7314 = VERTEX_POINT('',#7315);
#7315 = CARTESIAN_POINT('',(-63.88,11.789427312775,27.860352422907));
#7316 = B_SPLINE_CURVE_WITH_KNOTS('',1,(#7317,#7318),.UNSPECIFIED.,.F.,
  .F.,(2,2),(0.,0.6),.PIECEWISE_BEZIER_KNOTS.);
#7317 = CARTESIAN_POINT('',(-63.88,11.789427312775,27.860352422907));
#7318 = CARTESIAN_POINT('',(-63.28,11.789427312775,27.860352422907));
#7319 = ORIENTED_EDGE('',*,*,#7320,.F.);
#7320 = EDGE_CURVE('',#7292,#7314,#7321,.T.);
#7321 = B_SPLINE_CURVE_WITH_KNOTS('',2,(#7322,#7323,#7324),
  .UNSPECIFIED.,.F.,.F.,(3,3),(0.,1.),.PIECEWISE_BEZIER_KNOTS.);
#7322 = CARTESIAN_POINT('',(-63.88,12.175917767988,27.745374449339));
#7323 = CARTESIAN_POINT('',(-63.88,11.929221732746,27.745374449339));
#7324 = CARTESIAN_POINT('',(-63.88,11.789427312775,27.860352422907));
#7325 = B_SPLINE_SURFACE_WITH_KNOTS('',2,1,(
    (#7326,#7327)
    ,(#7328,#7329)
    ,(#7330,#7331
    )),.UNSPECIFIED.,.F.,.F.,.F.,(3,3),(2,2),(0.,1.),(-0.6,0.),
  .PIECEWISE_BEZIER_KNOTS.);
#7326 = CARTESIAN_POINT('',(-63.28,12.175917767988,27.745374449339));
#7327 = CARTESIAN_POINT('',(-63.88,12.175917767988,27.745374449339));
#7328 = CARTESIAN_POINT('',(-63.28,11.929221732746,27.745374449339));
#7329 = CARTESIAN_POINT('',(-63.88,11.929221732746,27.745374449339));
#7330 = CARTESIAN_POINT('',(-63.28,11.789427312775,27.860352422907));
#7331 = CARTESIAN_POINT('',(-63.88,11.789427312775,27.860352422907));
#7332 = ADVANCED_FACE('',(#7333),#7350,.T.);
#7333 = FACE_BOUND('',#7334,.T.);
#7334 = EDGE_LOOP('',(#7335,#7336,#7337,#7344));
#7335 = ORIENTED_EDGE('',*,*,#7313,.T.);
#7336 = ORIENTED_EDGE('',*,*,#4489,.T.);
#7337 = ORIENTED_EDGE('',*,*,#7338,.F.);
#7338 = EDGE_CURVE('',#7339,#4490,#7341,.T.);
#7339 = VERTEX_POINT('',#7340);
#7340 = CARTESIAN_POINT('',(-63.88,11.649486049927,28.174449339207));
#7341 = B_SPLINE_CURVE_WITH_KNOTS('',1,(#7342,#7343),.UNSPECIFIED.,.F.,
  .F.,(2,2),(0.,0.6),.PIECEWISE_BEZIER_KNOTS.);
#7342 = CARTESIAN_POINT('',(-63.88,11.649486049927,28.174449339207));
#7343 = CARTESIAN_POINT('',(-63.28,11.649486049927,28.174449339207));
#7344 = ORIENTED_EDGE('',*,*,#7345,.F.);
#7345 = EDGE_CURVE('',#7314,#7339,#7346,.T.);
#7346 = B_SPLINE_CURVE_WITH_KNOTS('',2,(#7347,#7348,#7349),
  .UNSPECIFIED.,.F.,.F.,(3,3),(0.,1.),.PIECEWISE_BEZIER_KNOTS.);
#7347 = CARTESIAN_POINT('',(-63.88,11.789427312775,27.860352422907));
#7348 = CARTESIAN_POINT('',(-63.88,11.649486049927,27.975477239354));
#7349 = CARTESIAN_POINT('',(-63.88,11.649486049927,28.174449339207));
#7350 = B_SPLINE_SURFACE_WITH_KNOTS('',2,1,(
    (#7351,#7352)
    ,(#7353,#7354)
    ,(#7355,#7356
    )),.UNSPECIFIED.,.F.,.F.,.F.,(3,3),(2,2),(0.,1.),(-0.6,0.),
  .PIECEWISE_BEZIER_KNOTS.);
#7351 = CARTESIAN_POINT('',(-63.28,11.789427312775,27.860352422907));
#7352 = CARTESIAN_POINT('',(-63.88,11.789427312775,27.860352422907));
#7353 = CARTESIAN_POINT('',(-63.28,11.649486049927,27.975477239354));
#7354 = CARTESIAN_POINT('',(-63.88,11.649486049927,27.975477239354));
#7355 = CARTESIAN_POINT('',(-63.28,11.649486049927,28.174449339207));
#7356 = CARTESIAN_POINT('',(-63.88,11.649486049927,28.174449339207));
#7357 = ADVANCED_FACE('',(#7358),#7375,.T.);
#7358 = FACE_BOUND('',#7359,.T.);
#7359 = EDGE_LOOP('',(#7360,#7361,#7362,#7369));
#7360 = ORIENTED_EDGE('',*,*,#7338,.T.);
#7361 = ORIENTED_EDGE('',*,*,#4497,.T.);
#7362 = ORIENTED_EDGE('',*,*,#7363,.F.);
#7363 = EDGE_CURVE('',#7364,#4498,#7366,.T.);
#7364 = VERTEX_POINT('',#7365);
#7365 = CARTESIAN_POINT('',(-63.88,11.787224669604,28.473127753304));
#7366 = B_SPLINE_CURVE_WITH_KNOTS('',1,(#7367,#7368),.UNSPECIFIED.,.F.,
  .F.,(2,2),(0.,0.6),.PIECEWISE_BEZIER_KNOTS.);
#7367 = CARTESIAN_POINT('',(-63.88,11.787224669604,28.473127753304));
#7368 = CARTESIAN_POINT('',(-63.28,11.787224669604,28.473127753304));
#7369 = ORIENTED_EDGE('',*,*,#7370,.F.);
#7370 = EDGE_CURVE('',#7339,#7364,#7371,.T.);
#7371 = B_SPLINE_CURVE_WITH_KNOTS('',2,(#7372,#7373,#7374),
  .UNSPECIFIED.,.F.,.F.,(3,3),(0.,1.),.PIECEWISE_BEZIER_KNOTS.);
#7372 = CARTESIAN_POINT('',(-63.88,11.649486049927,28.174449339207));
#7373 = CARTESIAN_POINT('',(-63.88,11.649486049927,28.364757709251));
#7374 = CARTESIAN_POINT('',(-63.88,11.787224669604,28.473127753304));
#7375 = B_SPLINE_SURFACE_WITH_KNOTS('',2,1,(
    (#7376,#7377)
    ,(#7378,#7379)
    ,(#7380,#7381
    )),.UNSPECIFIED.,.F.,.F.,.F.,(3,3),(2,2),(0.,1.),(-0.6,0.),
  .PIECEWISE_BEZIER_KNOTS.);
#7376 = CARTESIAN_POINT('',(-63.28,11.649486049927,28.174449339207));
#7377 = CARTESIAN_POINT('',(-63.88,11.649486049927,28.174449339207));
#7378 = CARTESIAN_POINT('',(-63.28,11.649486049927,28.364757709251));
#7379 = CARTESIAN_POINT('',(-63.88,11.649486049927,28.364757709251));
#7380 = CARTESIAN_POINT('',(-63.28,11.787224669604,28.473127753304));
#7381 = CARTESIAN_POINT('',(-63.88,11.787224669604,28.473127753304));
#7382 = ADVANCED_FACE('',(#7383),#7400,.T.);
#7383 = FACE_BOUND('',#7384,.T.);
#7384 = EDGE_LOOP('',(#7385,#7386,#7387,#7394));
#7385 = ORIENTED_EDGE('',*,*,#7363,.T.);
#7386 = ORIENTED_EDGE('',*,*,#4505,.T.);
#7387 = ORIENTED_EDGE('',*,*,#7388,.F.);
#7388 = EDGE_CURVE('',#7389,#4506,#7391,.T.);
#7389 = VERTEX_POINT('',#7390);
#7390 = CARTESIAN_POINT('',(-63.88,12.171512481645,28.581497797357));
#7391 = B_SPLINE_CURVE_WITH_KNOTS('',1,(#7392,#7393),.UNSPECIFIED.,.F.,
  .F.,(2,2),(0.,0.6),.PIECEWISE_BEZIER_KNOTS.);
#7392 = CARTESIAN_POINT('',(-63.88,12.171512481645,28.581497797357));
#7393 = CARTESIAN_POINT('',(-63.28,12.171512481645,28.581497797357));
#7394 = ORIENTED_EDGE('',*,*,#7395,.F.);
#7395 = EDGE_CURVE('',#7364,#7389,#7396,.T.);
#7396 = B_SPLINE_CURVE_WITH_KNOTS('',2,(#7397,#7398,#7399),
  .UNSPECIFIED.,.F.,.F.,(3,3),(0.,1.),.PIECEWISE_BEZIER_KNOTS.);
#7397 = CARTESIAN_POINT('',(-63.88,11.787224669604,28.473127753304));
#7398 = CARTESIAN_POINT('',(-63.88,11.924816446402,28.581497797357));
#7399 = CARTESIAN_POINT('',(-63.88,12.171512481645,28.581497797357));
#7400 = B_SPLINE_SURFACE_WITH_KNOTS('',2,1,(
    (#7401,#7402)
    ,(#7403,#7404)
    ,(#7405,#7406
    )),.UNSPECIFIED.,.F.,.F.,.F.,(3,3),(2,2),(0.,1.),(-0.6,0.),
  .PIECEWISE_BEZIER_KNOTS.);
#7401 = CARTESIAN_POINT('',(-63.28,11.787224669604,28.473127753304));
#7402 = CARTESIAN_POINT('',(-63.88,11.787224669604,28.473127753304));
#7403 = CARTESIAN_POINT('',(-63.28,11.924816446402,28.581497797357));
#7404 = CARTESIAN_POINT('',(-63.88,11.924816446402,28.581497797357));
#7405 = CARTESIAN_POINT('',(-63.28,12.171512481645,28.581497797357));
#7406 = CARTESIAN_POINT('',(-63.88,12.171512481645,28.581497797357));
#7407 = ADVANCED_FACE('',(#7408),#7418,.T.);
#7408 = FACE_BOUND('',#7409,.T.);
#7409 = EDGE_LOOP('',(#7410,#7411,#7412,#7413));
#7410 = ORIENTED_EDGE('',*,*,#7388,.T.);
#7411 = ORIENTED_EDGE('',*,*,#4513,.T.);
#7412 = ORIENTED_EDGE('',*,*,#7261,.F.);
#7413 = ORIENTED_EDGE('',*,*,#7414,.F.);
#7414 = EDGE_CURVE('',#7389,#7262,#7415,.T.);
#7415 = B_SPLINE_CURVE_WITH_KNOTS('',1,(#7416,#7417),.UNSPECIFIED.,.F.,
  .F.,(2,2),(0.,0.38986784141),.PIECEWISE_BEZIER_KNOTS.);
#7416 = CARTESIAN_POINT('',(-63.88,12.171512481645,28.581497797357));
#7417 = CARTESIAN_POINT('',(-63.88,12.561380323054,28.581497797357));
#7418 = B_SPLINE_SURFACE_WITH_KNOTS('',1,1,(
    (#7419,#7420)
    ,(#7421,#7422
    )),.UNSPECIFIED.,.F.,.F.,.F.,(2,2),(2,2),(0.,0.38986784141),(-0.6,0.
    ),.PIECEWISE_BEZIER_KNOTS.);
#7419 = CARTESIAN_POINT('',(-63.28,12.171512481645,28.581497797357));
#7420 = CARTESIAN_POINT('',(-63.88,12.171512481645,28.581497797357));
#7421 = CARTESIAN_POINT('',(-63.28,12.561380323054,28.581497797357));
#7422 = CARTESIAN_POINT('',(-63.88,12.561380323054,28.581497797357));
#7423 = ADVANCED_FACE('',(#7424),#7446,.T.);
#7424 = FACE_BOUND('',#7425,.T.);
#7425 = EDGE_LOOP('',(#7426,#7433,#7434,#7441));
#7426 = ORIENTED_EDGE('',*,*,#7427,.T.);
#7427 = EDGE_CURVE('',#7428,#4521,#7430,.T.);
#7428 = VERTEX_POINT('',#7429);
#7429 = CARTESIAN_POINT('',(-63.88,12.561380323054,29.854625550661));
#7430 = B_SPLINE_CURVE_WITH_KNOTS('',1,(#7431,#7432),.UNSPECIFIED.,.F.,
  .F.,(2,2),(0.,0.6),.PIECEWISE_BEZIER_KNOTS.);
#7431 = CARTESIAN_POINT('',(-63.88,12.561380323054,29.854625550661));
#7432 = CARTESIAN_POINT('',(-63.28,12.561380323054,29.854625550661));
#7433 = ORIENTED_EDGE('',*,*,#4520,.T.);
#7434 = ORIENTED_EDGE('',*,*,#7435,.F.);
#7435 = EDGE_CURVE('',#7436,#4523,#7438,.T.);
#7436 = VERTEX_POINT('',#7437);
#7437 = CARTESIAN_POINT('',(-63.88,12.561380323054,29.11013215859));
#7438 = B_SPLINE_CURVE_WITH_KNOTS('',1,(#7439,#7440),.UNSPECIFIED.,.F.,
  .F.,(2,2),(0.,0.6),.PIECEWISE_BEZIER_KNOTS.);
#7439 = CARTESIAN_POINT('',(-63.88,12.561380323054,29.11013215859));
#7440 = CARTESIAN_POINT('',(-63.28,12.561380323054,29.11013215859));
#7441 = ORIENTED_EDGE('',*,*,#7442,.F.);
#7442 = EDGE_CURVE('',#7428,#7436,#7443,.T.);
#7443 = B_SPLINE_CURVE_WITH_KNOTS('',1,(#7444,#7445),.UNSPECIFIED.,.F.,
  .F.,(2,2),(0.,0.74449339207),.PIECEWISE_BEZIER_KNOTS.);
#7444 = CARTESIAN_POINT('',(-63.88,12.561380323054,29.854625550661));
#7445 = CARTESIAN_POINT('',(-63.88,12.561380323054,29.11013215859));
#7446 = B_SPLINE_SURFACE_WITH_KNOTS('',1,1,(
    (#7447,#7448)
    ,(#7449,#7450
    )),.UNSPECIFIED.,.F.,.F.,.F.,(2,2),(2,2),(0.,0.74449339207),(-0.6,0.
    ),.PIECEWISE_BEZIER_KNOTS.);
#7447 = CARTESIAN_POINT('',(-63.28,12.561380323054,29.854625550661));
#7448 = CARTESIAN_POINT('',(-63.88,12.561380323054,29.854625550661));
#7449 = CARTESIAN_POINT('',(-63.28,12.561380323054,29.11013215859));
#7450 = CARTESIAN_POINT('',(-63.88,12.561380323054,29.11013215859));
#7451 = ADVANCED_FACE('',(#7452),#7468,.T.);
#7452 = FACE_BOUND('',#7453,.T.);
#7453 = EDGE_LOOP('',(#7454,#7455,#7456,#7463));
#7454 = ORIENTED_EDGE('',*,*,#7435,.T.);
#7455 = ORIENTED_EDGE('',*,*,#4529,.T.);
#7456 = ORIENTED_EDGE('',*,*,#7457,.F.);
#7457 = EDGE_CURVE('',#7458,#4530,#7460,.T.);
#7458 = VERTEX_POINT('',#7459);
#7459 = CARTESIAN_POINT('',(-63.88,12.248604992658,29.11013215859));
#7460 = B_SPLINE_CURVE_WITH_KNOTS('',1,(#7461,#7462),.UNSPECIFIED.,.F.,
  .F.,(2,2),(0.,0.6),.PIECEWISE_BEZIER_KNOTS.);
#7461 = CARTESIAN_POINT('',(-63.88,12.248604992658,29.11013215859));
#7462 = CARTESIAN_POINT('',(-63.28,12.248604992658,29.11013215859));
#7463 = ORIENTED_EDGE('',*,*,#7464,.F.);
#7464 = EDGE_CURVE('',#7436,#7458,#7465,.T.);
#7465 = B_SPLINE_CURVE_WITH_KNOTS('',1,(#7466,#7467),.UNSPECIFIED.,.F.,
  .F.,(2,2),(0.,0.312775330396),.PIECEWISE_BEZIER_KNOTS.);
#7466 = CARTESIAN_POINT('',(-63.88,12.561380323054,29.11013215859));
#7467 = CARTESIAN_POINT('',(-63.88,12.248604992658,29.11013215859));
#7468 = B_SPLINE_SURFACE_WITH_KNOTS('',1,1,(
    (#7469,#7470)
    ,(#7471,#7472
    )),.UNSPECIFIED.,.F.,.F.,.F.,(2,2),(2,2),(0.,0.312775330396),(-0.6,
    0.),.PIECEWISE_BEZIER_KNOTS.);
#7469 = CARTESIAN_POINT('',(-63.28,12.561380323054,29.11013215859));
#7470 = CARTESIAN_POINT('',(-63.88,12.561380323054,29.11013215859));
#7471 = CARTESIAN_POINT('',(-63.28,12.248604992658,29.11013215859));
#7472 = CARTESIAN_POINT('',(-63.88,12.248604992658,29.11013215859));
#7473 = ADVANCED_FACE('',(#7474),#7491,.T.);
#7474 = FACE_BOUND('',#7475,.T.);
#7475 = EDGE_LOOP('',(#7476,#7477,#7478,#7485));
#7476 = ORIENTED_EDGE('',*,*,#7457,.T.);
#7477 = ORIENTED_EDGE('',*,*,#4536,.T.);
#7478 = ORIENTED_EDGE('',*,*,#7479,.F.);
#7479 = EDGE_CURVE('',#7480,#4537,#7482,.T.);
#7480 = VERTEX_POINT('',#7481);
#7481 = CARTESIAN_POINT('',(-63.88,11.901762114537,29.216299559471));
#7482 = B_SPLINE_CURVE_WITH_KNOTS('',1,(#7483,#7484),.UNSPECIFIED.,.F.,
  .F.,(2,2),(0.,0.6),.PIECEWISE_BEZIER_KNOTS.);
#7483 = CARTESIAN_POINT('',(-63.88,11.901762114537,29.216299559471));
#7484 = CARTESIAN_POINT('',(-63.28,11.901762114537,29.216299559471));
#7485 = ORIENTED_EDGE('',*,*,#7486,.F.);
#7486 = EDGE_CURVE('',#7458,#7480,#7487,.T.);
#7487 = B_SPLINE_CURVE_WITH_KNOTS('',2,(#7488,#7489,#7490),
  .UNSPECIFIED.,.F.,.F.,(3,3),(0.,1.),.PIECEWISE_BEZIER_KNOTS.);
#7488 = CARTESIAN_POINT('',(-63.88,12.248604992658,29.11013215859));
#7489 = CARTESIAN_POINT('',(-63.88,12.028340675477,29.11013215859));
#7490 = CARTESIAN_POINT('',(-63.88,11.901762114537,29.216299559471));
#7491 = B_SPLINE_SURFACE_WITH_KNOTS('',2,1,(
    (#7492,#7493)
    ,(#7494,#7495)
    ,(#7496,#7497
    )),.UNSPECIFIED.,.F.,.F.,.F.,(3,3),(2,2),(0.,1.),(-0.6,0.),
  .PIECEWISE_BEZIER_KNOTS.);
#7492 = CARTESIAN_POINT('',(-63.28,12.248604992658,29.11013215859));
#7493 = CARTESIAN_POINT('',(-63.88,12.248604992658,29.11013215859));
#7494 = CARTESIAN_POINT('',(-63.28,12.028340675477,29.11013215859));
#7495 = CARTESIAN_POINT('',(-63.88,12.028340675477,29.11013215859));
#7496 = CARTESIAN_POINT('',(-63.28,11.901762114537,29.216299559471));
#7497 = CARTESIAN_POINT('',(-63.88,11.901762114537,29.216299559471));
#7498 = ADVANCED_FACE('',(#7499),#7516,.T.);
#7499 = FACE_BOUND('',#7500,.T.);
#7500 = EDGE_LOOP('',(#7501,#7502,#7503,#7510));
#7501 = ORIENTED_EDGE('',*,*,#7479,.T.);
#7502 = ORIENTED_EDGE('',*,*,#4544,.T.);
#7503 = ORIENTED_EDGE('',*,*,#7504,.F.);
#7504 = EDGE_CURVE('',#7505,#4545,#7507,.T.);
#7505 = VERTEX_POINT('',#7506);
#7506 = CARTESIAN_POINT('',(-63.88,11.77503671072,29.508663729809));
#7507 = B_SPLINE_CURVE_WITH_KNOTS('',1,(#7508,#7509),.UNSPECIFIED.,.F.,
  .F.,(2,2),(0.,0.6),.PIECEWISE_BEZIER_KNOTS.);
#7508 = CARTESIAN_POINT('',(-63.88,11.77503671072,29.508663729809));
#7509 = CARTESIAN_POINT('',(-63.28,11.77503671072,29.508663729809));
#7510 = ORIENTED_EDGE('',*,*,#7511,.F.);
#7511 = EDGE_CURVE('',#7480,#7505,#7512,.T.);
#7512 = B_SPLINE_CURVE_WITH_KNOTS('',2,(#7513,#7514,#7515),
  .UNSPECIFIED.,.F.,.F.,(3,3),(0.,1.),.PIECEWISE_BEZIER_KNOTS.);
#7513 = CARTESIAN_POINT('',(-63.88,11.901762114537,29.216299559471));
#7514 = CARTESIAN_POINT('',(-63.88,11.77503671072,29.322466960352));
#7515 = CARTESIAN_POINT('',(-63.88,11.77503671072,29.508663729809));
#7516 = B_SPLINE_SURFACE_WITH_KNOTS('',2,1,(
    (#7517,#7518)
    ,(#7519,#7520)
    ,(#7521,#7522
    )),.UNSPECIFIED.,.F.,.F.,.F.,(3,3),(2,2),(0.,1.),(-0.6,0.),
  .PIECEWISE_BEZIER_KNOTS.);
#7517 = CARTESIAN_POINT('',(-63.28,11.901762114537,29.216299559471));
#7518 = CARTESIAN_POINT('',(-63.88,11.901762114537,29.216299559471));
#7519 = CARTESIAN_POINT('',(-63.28,11.77503671072,29.322466960352));
#7520 = CARTESIAN_POINT('',(-63.88,11.77503671072,29.322466960352));
#7521 = CARTESIAN_POINT('',(-63.28,11.77503671072,29.508663729809));
#7522 = CARTESIAN_POINT('',(-63.88,11.77503671072,29.508663729809));
#7523 = ADVANCED_FACE('',(#7524),#7541,.T.);
#7524 = FACE_BOUND('',#7525,.T.);
#7525 = EDGE_LOOP('',(#7526,#7527,#7528,#7535));
#7526 = ORIENTED_EDGE('',*,*,#7504,.T.);
#7527 = ORIENTED_EDGE('',*,*,#4552,.T.);
#7528 = ORIENTED_EDGE('',*,*,#7529,.F.);
#7529 = EDGE_CURVE('',#7530,#4553,#7532,.T.);
#7530 = VERTEX_POINT('',#7531);
#7531 = CARTESIAN_POINT('',(-63.88,12.294860499266,29.854625550661));
#7532 = B_SPLINE_CURVE_WITH_KNOTS('',1,(#7533,#7534),.UNSPECIFIED.,.F.,
  .F.,(2,2),(0.,0.6),.PIECEWISE_BEZIER_KNOTS.);
#7533 = CARTESIAN_POINT('',(-63.88,12.294860499266,29.854625550661));
#7534 = CARTESIAN_POINT('',(-63.28,12.294860499266,29.854625550661));
#7535 = ORIENTED_EDGE('',*,*,#7536,.F.);
#7536 = EDGE_CURVE('',#7505,#7530,#7537,.T.);
#7537 = B_SPLINE_CURVE_WITH_KNOTS('',2,(#7538,#7539,#7540),
  .UNSPECIFIED.,.F.,.F.,(3,3),(0.,1.),.PIECEWISE_BEZIER_KNOTS.);
#7538 = CARTESIAN_POINT('',(-63.88,11.77503671072,29.508663729809));
#7539 = CARTESIAN_POINT('',(-63.88,11.77503671072,29.854625550661));
#7540 = CARTESIAN_POINT('',(-63.88,12.294860499266,29.854625550661));
#7541 = B_SPLINE_SURFACE_WITH_KNOTS('',2,1,(
    (#7542,#7543)
    ,(#7544,#7545)
    ,(#7546,#7547
    )),.UNSPECIFIED.,.F.,.F.,.F.,(3,3),(2,2),(0.,1.),(-0.6,0.),
  .PIECEWISE_BEZIER_KNOTS.);
#7542 = CARTESIAN_POINT('',(-63.28,11.77503671072,29.508663729809));
#7543 = CARTESIAN_POINT('',(-63.88,11.77503671072,29.508663729809));
#7544 = CARTESIAN_POINT('',(-63.28,11.77503671072,29.854625550661));
#7545 = CARTESIAN_POINT('',(-63.88,11.77503671072,29.854625550661));
#7546 = CARTESIAN_POINT('',(-63.28,12.294860499266,29.854625550661));
#7547 = CARTESIAN_POINT('',(-63.88,12.294860499266,29.854625550661));
#7548 = ADVANCED_FACE('',(#7549),#7559,.T.);
#7549 = FACE_BOUND('',#7550,.T.);
#7550 = EDGE_LOOP('',(#7551,#7552,#7553,#7554));
#7551 = ORIENTED_EDGE('',*,*,#7529,.T.);
#7552 = ORIENTED_EDGE('',*,*,#4560,.T.);
#7553 = ORIENTED_EDGE('',*,*,#7427,.F.);
#7554 = ORIENTED_EDGE('',*,*,#7555,.F.);
#7555 = EDGE_CURVE('',#7530,#7428,#7556,.T.);
#7556 = B_SPLINE_CURVE_WITH_KNOTS('',1,(#7557,#7558),.UNSPECIFIED.,.F.,
  .F.,(2,2),(0.,0.266519823789),.PIECEWISE_BEZIER_KNOTS.);
#7557 = CARTESIAN_POINT('',(-63.88,12.294860499266,29.854625550661));
#7558 = CARTESIAN_POINT('',(-63.88,12.561380323054,29.854625550661));
#7559 = B_SPLINE_SURFACE_WITH_KNOTS('',1,1,(
    (#7560,#7561)
    ,(#7562,#7563
    )),.UNSPECIFIED.,.F.,.F.,.F.,(2,2),(2,2),(0.,0.266519823789),(-0.6,
    0.),.PIECEWISE_BEZIER_KNOTS.);
#7560 = CARTESIAN_POINT('',(-63.28,12.294860499266,29.854625550661));
#7561 = CARTESIAN_POINT('',(-63.88,12.294860499266,29.854625550661));
#7562 = CARTESIAN_POINT('',(-63.28,12.561380323054,29.854625550661));
#7563 = CARTESIAN_POINT('',(-63.88,12.561380323054,29.854625550661));
#7564 = ADVANCED_FACE('',(#7565),#7581,.T.);
#7565 = FACE_BOUND('',#7566,.F.);
#7566 = EDGE_LOOP('',(#7567,#7568,#7569,#7570,#7571,#7572,#7573,#7574,
    #7575,#7576,#7577,#7578,#7579,#7580));
#7567 = ORIENTED_EDGE('',*,*,#5715,.T.);
#7568 = ORIENTED_EDGE('',*,*,#5696,.T.);
#7569 = ORIENTED_EDGE('',*,*,#5671,.T.);
#7570 = ORIENTED_EDGE('',*,*,#5646,.T.);
#7571 = ORIENTED_EDGE('',*,*,#5621,.T.);
#7572 = ORIENTED_EDGE('',*,*,#5596,.T.);
#7573 = ORIENTED_EDGE('',*,*,#5574,.T.);
#7574 = ORIENTED_EDGE('',*,*,#5549,.T.);
#7575 = ORIENTED_EDGE('',*,*,#5524,.T.);
#7576 = ORIENTED_EDGE('',*,*,#5499,.T.);
#7577 = ORIENTED_EDGE('',*,*,#5474,.T.);
#7578 = ORIENTED_EDGE('',*,*,#5449,.T.);
#7579 = ORIENTED_EDGE('',*,*,#5424,.T.);
#7580 = ORIENTED_EDGE('',*,*,#5396,.T.);
#7581 = B_SPLINE_SURFACE_WITH_KNOTS('',1,1,(
    (#7582,#7583)
    ,(#7584,#7585
    )),.UNSPECIFIED.,.F.,.F.,.F.,(2,2),(2,2),(-1.278117903058,
    1.184437163021),(-1.627904521167,1.642580060331),
  .PIECEWISE_BEZIER_KNOTS.);
#7582 = CARTESIAN_POINT('',(63.28,5.140014684288,32.864757709251));
#7583 = CARTESIAN_POINT('',(63.28,5.140014684288,36.135242290749));
#7584 = CARTESIAN_POINT('',(63.28,7.602569750367,32.864757709251));
#7585 = CARTESIAN_POINT('',(63.28,7.602569750367,36.135242290749));
#7586 = ADVANCED_FACE('',(#7587,#7595),#7650,.T.);
#7587 = FACE_BOUND('',#7588,.F.);
#7588 = EDGE_LOOP('',(#7589,#7590,#7591,#7592,#7593,#7594));
#7589 = ORIENTED_EDGE('',*,*,#5859,.T.);
#7590 = ORIENTED_EDGE('',*,*,#5843,.T.);
#7591 = ORIENTED_EDGE('',*,*,#5818,.T.);
#7592 = ORIENTED_EDGE('',*,*,#5793,.T.);
#7593 = ORIENTED_EDGE('',*,*,#5768,.T.);
#7594 = ORIENTED_EDGE('',*,*,#5740,.T.);
#7595 = FACE_BOUND('',#7596,.F.);
#7596 = EDGE_LOOP('',(#7597,#7606,#7613,#7621,#7629,#7637,#7645));
#7597 = ORIENTED_EDGE('',*,*,#7598,.T.);
#7598 = EDGE_CURVE('',#7599,#7601,#7603,.T.);
#7599 = VERTEX_POINT('',#7600);
#7600 = CARTESIAN_POINT('',(63.28,2.722834067548,35.499559471366));
#7601 = VERTEX_POINT('',#7602);
#7602 = CARTESIAN_POINT('',(63.28,2.722834067548,33.498237885463));
#7603 = B_SPLINE_CURVE_WITH_KNOTS('',1,(#7604,#7605),.UNSPECIFIED.,.F.,
  .F.,(2,2),(0.,2.001321585903),.PIECEWISE_BEZIER_KNOTS.);
#7604 = CARTESIAN_POINT('',(63.28,2.722834067548,35.499559471366));
#7605 = CARTESIAN_POINT('',(63.28,2.722834067548,33.498237885463));
#7606 = ORIENTED_EDGE('',*,*,#7607,.T.);
#7607 = EDGE_CURVE('',#7601,#7608,#7610,.T.);
#7608 = VERTEX_POINT('',#7609);
#7609 = CARTESIAN_POINT('',(63.28,3.075256975037,33.498237885463));
#7610 = B_SPLINE_CURVE_WITH_KNOTS('',1,(#7611,#7612),.UNSPECIFIED.,.F.,
  .F.,(2,2),(0.,0.352422907489),.PIECEWISE_BEZIER_KNOTS.);
#7611 = CARTESIAN_POINT('',(63.28,2.722834067548,33.498237885463));
#7612 = CARTESIAN_POINT('',(63.28,3.075256975037,33.498237885463));
#7613 = ORIENTED_EDGE('',*,*,#7614,.T.);
#7614 = EDGE_CURVE('',#7608,#7615,#7617,.T.);
#7615 = VERTEX_POINT('',#7616);
#7616 = CARTESIAN_POINT('',(63.28,3.800954478708,33.775624082232));
#7617 = B_SPLINE_CURVE_WITH_KNOTS('',2,(#7618,#7619,#7620),
  .UNSPECIFIED.,.F.,.F.,(3,3),(0.,1.),.PIECEWISE_BEZIER_KNOTS.);
#7618 = CARTESIAN_POINT('',(63.28,3.075256975037,33.498237885463));
#7619 = CARTESIAN_POINT('',(63.28,3.537812041116,33.498237885463));
#7620 = CARTESIAN_POINT('',(63.28,3.800954478708,33.775624082232));
#7621 = ORIENTED_EDGE('',*,*,#7622,.T.);
#7622 = EDGE_CURVE('',#7615,#7623,#7625,.T.);
#7623 = VERTEX_POINT('',#7624);
#7624 = CARTESIAN_POINT('',(63.28,4.064243759178,34.530837004405));
#7625 = B_SPLINE_CURVE_WITH_KNOTS('',2,(#7626,#7627,#7628),
  .UNSPECIFIED.,.F.,.F.,(3,3),(0.,1.),.PIECEWISE_BEZIER_KNOTS.);
#7626 = CARTESIAN_POINT('',(63.28,3.800954478708,33.775624082232));
#7627 = CARTESIAN_POINT('',(63.28,4.064243759178,34.053010279001));
#7628 = CARTESIAN_POINT('',(63.28,4.064243759178,34.530837004405));
#7629 = ORIENTED_EDGE('',*,*,#7630,.T.);
#7630 = EDGE_CURVE('',#7623,#7631,#7633,.T.);
#7631 = VERTEX_POINT('',#7632);
#7632 = CARTESIAN_POINT('',(63.28,3.80315712188,35.240822320117));
#7633 = B_SPLINE_CURVE_WITH_KNOTS('',2,(#7634,#7635,#7636),
  .UNSPECIFIED.,.F.,.F.,(3,3),(0.,1.),.PIECEWISE_BEZIER_KNOTS.);
#7634 = CARTESIAN_POINT('',(63.28,4.064243759178,34.530837004405));
#7635 = CARTESIAN_POINT('',(63.28,4.064243759178,34.982232011747));
#7636 = CARTESIAN_POINT('',(63.28,3.80315712188,35.240822320117));
#7637 = ORIENTED_EDGE('',*,*,#7638,.T.);
#7638 = EDGE_CURVE('',#7631,#7639,#7641,.T.);
#7639 = VERTEX_POINT('',#7640);
#7640 = CARTESIAN_POINT('',(63.28,3.070851688693,35.499559471366));
#7641 = B_SPLINE_CURVE_WITH_KNOTS('',2,(#7642,#7643,#7644),
  .UNSPECIFIED.,.F.,.F.,(3,3),(0.,1.),.PIECEWISE_BEZIER_KNOTS.);
#7642 = CARTESIAN_POINT('',(63.28,3.80315712188,35.240822320117));
#7643 = CARTESIAN_POINT('',(63.28,3.54221732746,35.499559471366));
#7644 = CARTESIAN_POINT('',(63.28,3.070851688693,35.499559471366));
#7645 = ORIENTED_EDGE('',*,*,#7646,.T.);
#7646 = EDGE_CURVE('',#7639,#7599,#7647,.T.);
#7647 = B_SPLINE_CURVE_WITH_KNOTS('',1,(#7648,#7649),.UNSPECIFIED.,.F.,
  .F.,(2,2),(0.,0.348017621145),.PIECEWISE_BEZIER_KNOTS.);
#7648 = CARTESIAN_POINT('',(63.28,3.070851688693,35.499559471366));
#7649 = CARTESIAN_POINT('',(63.28,2.722834067548,35.499559471366));
#7650 = B_SPLINE_SURFACE_WITH_KNOTS('',1,1,(
    (#7651,#7652)
    ,(#7653,#7654
    )),.UNSPECIFIED.,.F.,.F.,.F.,(2,2),(2,2),(-1.211480391538,
    1.590281722999),(-1.577242851087,1.580466400014),
  .PIECEWISE_BEZIER_KNOTS.);
#7651 = CARTESIAN_POINT('',(63.28,2.011380323054,32.921145374449));
#7652 = CARTESIAN_POINT('',(63.28,2.011380323054,36.078854625551));
#7653 = CARTESIAN_POINT('',(63.28,4.813142437592,32.921145374449));
#7654 = CARTESIAN_POINT('',(63.28,4.813142437592,36.078854625551));
#7655 = ADVANCED_FACE('',(#7656),#7668,.T.);
#7656 = FACE_BOUND('',#7657,.F.);
#7657 = EDGE_LOOP('',(#7658,#7659,#7660,#7661,#7662,#7663,#7664,#7665,
    #7666,#7667));
#7658 = ORIENTED_EDGE('',*,*,#6102,.T.);
#7659 = ORIENTED_EDGE('',*,*,#6086,.T.);
#7660 = ORIENTED_EDGE('',*,*,#6064,.T.);
#7661 = ORIENTED_EDGE('',*,*,#6042,.T.);
#7662 = ORIENTED_EDGE('',*,*,#6020,.T.);
#7663 = ORIENTED_EDGE('',*,*,#5995,.T.);
#7664 = ORIENTED_EDGE('',*,*,#5973,.T.);
#7665 = ORIENTED_EDGE('',*,*,#5948,.T.);
#7666 = ORIENTED_EDGE('',*,*,#5926,.T.);
#7667 = ORIENTED_EDGE('',*,*,#5898,.T.);
#7668 = B_SPLINE_SURFACE_WITH_KNOTS('',1,1,(
    (#7669,#7670)
    ,(#7671,#7672
    )),.UNSPECIFIED.,.F.,.F.,.F.,(2,2),(2,2),(-1.486032023369,
    1.483130972226),(-1.775783294495,1.381925956607),
  .PIECEWISE_BEZIER_KNOTS.);
#7669 = CARTESIAN_POINT('',(63.28,-2.575697503671,32.921145374449));
#7670 = CARTESIAN_POINT('',(63.28,-2.575697503671,36.078854625551));
#7671 = CARTESIAN_POINT('',(63.28,0.393465491924,32.921145374449));
#7672 = CARTESIAN_POINT('',(63.28,0.393465491924,36.078854625551));
#7673 = ADVANCED_FACE('',(#7674,#7690),#7738,.T.);
#7674 = FACE_BOUND('',#7675,.F.);
#7675 = EDGE_LOOP('',(#7676,#7677,#7678,#7679,#7680,#7681,#7682,#7683,
    #7684,#7685,#7686,#7687,#7688,#7689));
#7676 = ORIENTED_EDGE('',*,*,#6422,.T.);
#7677 = ORIENTED_EDGE('',*,*,#6406,.T.);
#7678 = ORIENTED_EDGE('',*,*,#6384,.T.);
#7679 = ORIENTED_EDGE('',*,*,#6362,.T.);
#7680 = ORIENTED_EDGE('',*,*,#6340,.T.);
#7681 = ORIENTED_EDGE('',*,*,#6318,.T.);
#7682 = ORIENTED_EDGE('',*,*,#6296,.T.);
#7683 = ORIENTED_EDGE('',*,*,#6274,.T.);
#7684 = ORIENTED_EDGE('',*,*,#6252,.T.);
#7685 = ORIENTED_EDGE('',*,*,#6227,.T.);
#7686 = ORIENTED_EDGE('',*,*,#6202,.T.);
#7687 = ORIENTED_EDGE('',*,*,#6177,.T.);
#7688 = ORIENTED_EDGE('',*,*,#6152,.T.);
#7689 = ORIENTED_EDGE('',*,*,#6124,.T.);
#7690 = FACE_BOUND('',#7691,.F.);
#7691 = EDGE_LOOP('',(#7692,#7701,#7708,#7716,#7724,#7732));
#7692 = ORIENTED_EDGE('',*,*,#7693,.T.);
#7693 = EDGE_CURVE('',#7694,#7696,#7698,.T.);
#7694 = VERTEX_POINT('',#7695);
#7695 = CARTESIAN_POINT('',(63.28,-4.482305433186,34.089427312775));
#7696 = VERTEX_POINT('',#7697);
#7697 = CARTESIAN_POINT('',(63.28,-3.729001468429,34.089427312775));
#7698 = B_SPLINE_CURVE_WITH_KNOTS('',1,(#7699,#7700),.UNSPECIFIED.,.F.,
  .F.,(2,2),(0.,0.753303964758),.PIECEWISE_BEZIER_KNOTS.);
#7699 = CARTESIAN_POINT('',(63.28,-4.482305433186,34.089427312775));
#7700 = CARTESIAN_POINT('',(63.28,-3.729001468429,34.089427312775));
#7701 = ORIENTED_EDGE('',*,*,#7702,.T.);
#7702 = EDGE_CURVE('',#7696,#7703,#7705,.T.);
#7703 = VERTEX_POINT('',#7704);
#7704 = CARTESIAN_POINT('',(63.28,-3.729001468429,35.191776798825));
#7705 = B_SPLINE_CURVE_WITH_KNOTS('',1,(#7706,#7707),.UNSPECIFIED.,.F.,
  .F.,(2,2),(0.,1.10234948605),.PIECEWISE_BEZIER_KNOTS.);
#7706 = CARTESIAN_POINT('',(63.28,-3.729001468429,34.089427312775));
#7707 = CARTESIAN_POINT('',(63.28,-3.729001468429,35.191776798825));
#7708 = ORIENTED_EDGE('',*,*,#7709,.T.);
#7709 = EDGE_CURVE('',#7703,#7710,#7712,.T.);
#7710 = VERTEX_POINT('',#7711);
#7711 = CARTESIAN_POINT('',(63.28,-3.896402349486,34.90234948605));
#7712 = B_SPLINE_CURVE_WITH_KNOTS('',2,(#7713,#7714,#7715),
  .UNSPECIFIED.,.F.,.F.,(3,3),(0.,1.),.PIECEWISE_BEZIER_KNOTS.);
#7713 = CARTESIAN_POINT('',(63.28,-3.729001468429,35.191776798825));
#7714 = CARTESIAN_POINT('',(63.28,-3.806093979442,35.048751835536));
#7715 = CARTESIAN_POINT('',(63.28,-3.896402349486,34.90234948605));
#7716 = ORIENTED_EDGE('',*,*,#7717,.T.);
#7717 = EDGE_CURVE('',#7710,#7718,#7720,.T.);
#7718 = VERTEX_POINT('',#7719);
#7719 = CARTESIAN_POINT('',(63.28,-4.085829662261,34.6140969163));
#7720 = B_SPLINE_CURVE_WITH_KNOTS('',2,(#7721,#7722,#7723),
  .UNSPECIFIED.,.F.,.F.,(3,3),(0.,1.),.PIECEWISE_BEZIER_KNOTS.);
#7721 = CARTESIAN_POINT('',(63.28,-3.896402349486,34.90234948605));
#7722 = CARTESIAN_POINT('',(63.28,-3.98671071953,34.756093979442));
#7723 = CARTESIAN_POINT('',(63.28,-4.085829662261,34.6140969163));
#7724 = ORIENTED_EDGE('',*,*,#7725,.T.);
#7725 = EDGE_CURVE('',#7718,#7726,#7728,.T.);
#7726 = VERTEX_POINT('',#7727);
#7727 = CARTESIAN_POINT('',(63.28,-4.286270190896,34.33906020558));
#7728 = B_SPLINE_CURVE_WITH_KNOTS('',2,(#7729,#7730,#7731),
  .UNSPECIFIED.,.F.,.F.,(3,3),(0.,1.),.PIECEWISE_BEZIER_KNOTS.);
#7729 = CARTESIAN_POINT('',(63.28,-4.085829662261,34.6140969163));
#7730 = CARTESIAN_POINT('',(63.28,-4.184948604993,34.472246696035));
#7731 = CARTESIAN_POINT('',(63.28,-4.286270190896,34.33906020558));
#7732 = ORIENTED_EDGE('',*,*,#7733,.T.);
#7733 = EDGE_CURVE('',#7726,#7694,#7734,.T.);
#7734 = B_SPLINE_CURVE_WITH_KNOTS('',2,(#7735,#7736,#7737),
  .UNSPECIFIED.,.F.,.F.,(3,3),(0.,1.),.PIECEWISE_BEZIER_KNOTS.);
#7735 = CARTESIAN_POINT('',(63.28,-4.286270190896,34.33906020558));
#7736 = CARTESIAN_POINT('',(63.28,-4.387591776799,34.206020558003));
#7737 = CARTESIAN_POINT('',(63.28,-4.482305433186,34.089427312775));
#7738 = B_SPLINE_SURFACE_WITH_KNOTS('',1,1,(
    (#7739,#7740)
    ,(#7741,#7742
    )),.UNSPECIFIED.,.F.,.F.,.F.,(2,2),(2,2),(-1.317252729811,
    1.072615111599),(-1.461602165646,1.696107085455),
  .PIECEWISE_BEZIER_KNOTS.);
#7739 = CARTESIAN_POINT('',(63.28,-5.105653450808,32.921145374449));
#7740 = CARTESIAN_POINT('',(63.28,-5.105653450808,36.078854625551));
#7741 = CARTESIAN_POINT('',(63.28,-2.715785609398,32.921145374449));
#7742 = CARTESIAN_POINT('',(63.28,-2.715785609398,36.078854625551));
#7743 = ADVANCED_FACE('',(#7744),#7775,.T.);
#7744 = FACE_BOUND('',#7745,.F.);
#7745 = EDGE_LOOP('',(#7746,#7747,#7748,#7749,#7750,#7751,#7752,#7753,
    #7754,#7755,#7756,#7757,#7758,#7759,#7760,#7761,#7762,#7763,#7764,
    #7765,#7766,#7767,#7768,#7769,#7770,#7771,#7772,#7773,#7774));
#7746 = ORIENTED_EDGE('',*,*,#7132,.T.);
#7747 = ORIENTED_EDGE('',*,*,#7116,.T.);
#7748 = ORIENTED_EDGE('',*,*,#7094,.T.);
#7749 = ORIENTED_EDGE('',*,*,#7072,.T.);
#7750 = ORIENTED_EDGE('',*,*,#7047,.T.);
#7751 = ORIENTED_EDGE('',*,*,#7022,.T.);
#7752 = ORIENTED_EDGE('',*,*,#6997,.T.);
#7753 = ORIENTED_EDGE('',*,*,#6972,.T.);
#7754 = ORIENTED_EDGE('',*,*,#6947,.T.);
#7755 = ORIENTED_EDGE('',*,*,#6922,.T.);
#7756 = ORIENTED_EDGE('',*,*,#6897,.T.);
#7757 = ORIENTED_EDGE('',*,*,#6872,.T.);
#7758 = ORIENTED_EDGE('',*,*,#6847,.T.);
#7759 = ORIENTED_EDGE('',*,*,#6822,.T.);
#7760 = ORIENTED_EDGE('',*,*,#6797,.T.);
#7761 = ORIENTED_EDGE('',*,*,#6775,.T.);
#7762 = ORIENTED_EDGE('',*,*,#6750,.T.);
#7763 = ORIENTED_EDGE('',*,*,#6725,.T.);
#7764 = ORIENTED_EDGE('',*,*,#6700,.T.);
#7765 = ORIENTED_EDGE('',*,*,#6675,.T.);
#7766 = ORIENTED_EDGE('',*,*,#6650,.T.);
#7767 = ORIENTED_EDGE('',*,*,#6625,.T.);
#7768 = ORIENTED_EDGE('',*,*,#6600,.T.);
#7769 = ORIENTED_EDGE('',*,*,#6575,.T.);
#7770 = ORIENTED_EDGE('',*,*,#6550,.T.);
#7771 = ORIENTED_EDGE('',*,*,#6525,.T.);
#7772 = ORIENTED_EDGE('',*,*,#6500,.T.);
#7773 = ORIENTED_EDGE('',*,*,#6475,.T.);
#7774 = ORIENTED_EDGE('',*,*,#6444,.T.);
#7775 = B_SPLINE_SURFACE_WITH_KNOTS('',1,1,(
    (#7776,#7777)
    ,(#7778,#7779
    )),.UNSPECIFIED.,.F.,.F.,.F.,(2,2),(2,2),(-1.096512097677,
    1.00921477457),(-1.487839436423,1.726257479877),
  .PIECEWISE_BEZIER_KNOTS.);
#7776 = CARTESIAN_POINT('',(63.28,-7.602569750367,32.921145374449));
#7777 = CARTESIAN_POINT('',(63.28,-7.602569750367,36.135242290749));
#7778 = CARTESIAN_POINT('',(63.28,-5.49684287812,32.921145374449));
#7779 = CARTESIAN_POINT('',(63.28,-5.49684287812,36.135242290749));
#7780 = ADVANCED_FACE('',(#7781),#7800,.T.);
#7781 = FACE_BOUND('',#7782,.T.);
#7782 = EDGE_LOOP('',(#7783,#7791,#7798,#7799));
#7783 = ORIENTED_EDGE('',*,*,#7784,.T.);
#7784 = EDGE_CURVE('',#7198,#7785,#7787,.T.);
#7785 = VERTEX_POINT('',#7786);
#7786 = CARTESIAN_POINT('',(-30.48,-27.5,8.4));
#7787 = LINE('',#7788,#7789);
#7788 = CARTESIAN_POINT('',(-30.48,-27.5,2.3));
#7789 = VECTOR('',#7790,1.);
#7790 = DIRECTION('',(0.,0.,1.));
#7791 = ORIENTED_EDGE('',*,*,#7792,.F.);
#7792 = EDGE_CURVE('',#7785,#7785,#7793,.T.);
#7793 = CIRCLE('',#7794,3.);
#7794 = AXIS2_PLACEMENT_3D('',#7795,#7796,#7797);
#7795 = CARTESIAN_POINT('',(-33.48,-27.5,8.4));
#7796 = DIRECTION('',(0.,0.,1.));
#7797 = DIRECTION('',(1.,0.,-0.));
#7798 = ORIENTED_EDGE('',*,*,#7784,.F.);
#7799 = ORIENTED_EDGE('',*,*,#7197,.T.);
#7800 = CYLINDRICAL_SURFACE('',#7801,3.);
#7801 = AXIS2_PLACEMENT_3D('',#7802,#7803,#7804);
#7802 = CARTESIAN_POINT('',(-33.48,-27.5,2.3));
#7803 = DIRECTION('',(0.,0.,1.));
#7804 = DIRECTION('',(1.,0.,-0.));
#7805 = ADVANCED_FACE('',(#7806),#7825,.T.);
#7806 = FACE_BOUND('',#7807,.T.);
#7807 = EDGE_LOOP('',(#7808,#7816,#7823,#7824));
#7808 = ORIENTED_EDGE('',*,*,#7809,.T.);
#7809 = EDGE_CURVE('',#7227,#7810,#7812,.T.);
#7810 = VERTEX_POINT('',#7811);
#7811 = CARTESIAN_POINT('',(-30.48,27.5,8.4));
#7812 = LINE('',#7813,#7814);
#7813 = CARTESIAN_POINT('',(-30.48,27.5,2.3));
#7814 = VECTOR('',#7815,1.);
#7815 = DIRECTION('',(0.,0.,1.));
#7816 = ORIENTED_EDGE('',*,*,#7817,.F.);
#7817 = EDGE_CURVE('',#7810,#7810,#7818,.T.);
#7818 = CIRCLE('',#7819,3.);
#7819 = AXIS2_PLACEMENT_3D('',#7820,#7821,#7822);
#7820 = CARTESIAN_POINT('',(-33.48,27.5,8.4));
#7821 = DIRECTION('',(0.,0.,1.));
#7822 = DIRECTION('',(1.,0.,-0.));
#7823 = ORIENTED_EDGE('',*,*,#7809,.F.);
#7824 = ORIENTED_EDGE('',*,*,#7226,.T.);
#7825 = CYLINDRICAL_SURFACE('',#7826,3.);
#7826 = AXIS2_PLACEMENT_3D('',#7827,#7828,#7829);
#7827 = CARTESIAN_POINT('',(-33.48,27.5,2.3));
#7828 = DIRECTION('',(0.,0.,1.));
#7829 = DIRECTION('',(1.,0.,-0.));
#7830 = ADVANCED_FACE('',(#7831),#7840,.F.);
#7831 = FACE_BOUND('',#7832,.F.);
#7832 = EDGE_LOOP('',(#7833,#7834,#7835,#7836,#7837,#7838,#7839));
#7833 = ORIENTED_EDGE('',*,*,#7276,.F.);
#7834 = ORIENTED_EDGE('',*,*,#7414,.F.);
#7835 = ORIENTED_EDGE('',*,*,#7395,.F.);
#7836 = ORIENTED_EDGE('',*,*,#7370,.F.);
#7837 = ORIENTED_EDGE('',*,*,#7345,.F.);
#7838 = ORIENTED_EDGE('',*,*,#7320,.F.);
#7839 = ORIENTED_EDGE('',*,*,#7298,.F.);
#7840 = PLANE('',#7841);
#7841 = AXIS2_PLACEMENT_3D('',#7842,#7843,#7844);
#7842 = CARTESIAN_POINT('',(-63.88,-42.74,0.));
#7843 = DIRECTION('',(1.,0.,-0.));
#7844 = DIRECTION('',(0.,0.,1.));
#7845 = ADVANCED_FACE('',(#7846),#7854,.F.);
#7846 = FACE_BOUND('',#7847,.F.);
#7847 = EDGE_LOOP('',(#7848,#7849,#7850,#7851,#7852,#7853));
#7848 = ORIENTED_EDGE('',*,*,#7442,.F.);
#7849 = ORIENTED_EDGE('',*,*,#7555,.F.);
#7850 = ORIENTED_EDGE('',*,*,#7536,.F.);
#7851 = ORIENTED_EDGE('',*,*,#7511,.F.);
#7852 = ORIENTED_EDGE('',*,*,#7486,.F.);
#7853 = ORIENTED_EDGE('',*,*,#7464,.F.);
#7854 = PLANE('',#7855);
#7855 = AXIS2_PLACEMENT_3D('',#7856,#7857,#7858);
#7856 = CARTESIAN_POINT('',(-63.88,-42.74,0.));
#7857 = DIRECTION('',(1.,0.,-0.));
#7858 = DIRECTION('',(0.,0.,1.));
#7859 = ADVANCED_FACE('',(#7860),#7882,.T.);
#7860 = FACE_BOUND('',#7861,.T.);
#7861 = EDGE_LOOP('',(#7862,#7869,#7870,#7877));
#7862 = ORIENTED_EDGE('',*,*,#7863,.T.);
#7863 = EDGE_CURVE('',#7864,#7599,#7866,.T.);
#7864 = VERTEX_POINT('',#7865);
#7865 = CARTESIAN_POINT('',(63.88,2.722834067548,35.499559471366));
#7866 = B_SPLINE_CURVE_WITH_KNOTS('',1,(#7867,#7868),.UNSPECIFIED.,.F.,
  .F.,(2,2),(0.,0.6),.PIECEWISE_BEZIER_KNOTS.);
#7867 = CARTESIAN_POINT('',(63.88,2.722834067548,35.499559471366));
#7868 = CARTESIAN_POINT('',(63.28,2.722834067548,35.499559471366));
#7869 = ORIENTED_EDGE('',*,*,#7598,.T.);
#7870 = ORIENTED_EDGE('',*,*,#7871,.F.);
#7871 = EDGE_CURVE('',#7872,#7601,#7874,.T.);
#7872 = VERTEX_POINT('',#7873);
#7873 = CARTESIAN_POINT('',(63.88,2.722834067548,33.498237885463));
#7874 = B_SPLINE_CURVE_WITH_KNOTS('',1,(#7875,#7876),.UNSPECIFIED.,.F.,
  .F.,(2,2),(0.,0.6),.PIECEWISE_BEZIER_KNOTS.);
#7875 = CARTESIAN_POINT('',(63.88,2.722834067548,33.498237885463));
#7876 = CARTESIAN_POINT('',(63.28,2.722834067548,33.498237885463));
#7877 = ORIENTED_EDGE('',*,*,#7878,.F.);
#7878 = EDGE_CURVE('',#7864,#7872,#7879,.T.);
#7879 = B_SPLINE_CURVE_WITH_KNOTS('',1,(#7880,#7881),.UNSPECIFIED.,.F.,
  .F.,(2,2),(0.,2.001321585903),.PIECEWISE_BEZIER_KNOTS.);
#7880 = CARTESIAN_POINT('',(63.88,2.722834067548,35.499559471366));
#7881 = CARTESIAN_POINT('',(63.88,2.722834067548,33.498237885463));
#7882 = B_SPLINE_SURFACE_WITH_KNOTS('',1,1,(
    (#7883,#7884)
    ,(#7885,#7886
    )),.UNSPECIFIED.,.F.,.F.,.F.,(2,2),(2,2),(0.,2.001321585903),(-0.6,
    0.),.PIECEWISE_BEZIER_KNOTS.);
#7883 = CARTESIAN_POINT('',(63.28,2.722834067548,35.499559471366));
#7884 = CARTESIAN_POINT('',(63.88,2.722834067548,35.499559471366));
#7885 = CARTESIAN_POINT('',(63.28,2.722834067548,33.498237885463));
#7886 = CARTESIAN_POINT('',(63.88,2.722834067548,33.498237885463));
#7887 = ADVANCED_FACE('',(#7888),#7904,.T.);
#7888 = FACE_BOUND('',#7889,.T.);
#7889 = EDGE_LOOP('',(#7890,#7891,#7892,#7899));
#7890 = ORIENTED_EDGE('',*,*,#7871,.T.);
#7891 = ORIENTED_EDGE('',*,*,#7607,.T.);
#7892 = ORIENTED_EDGE('',*,*,#7893,.F.);
#7893 = EDGE_CURVE('',#7894,#7608,#7896,.T.);
#7894 = VERTEX_POINT('',#7895);
#7895 = CARTESIAN_POINT('',(63.88,3.075256975037,33.498237885463));
#7896 = B_SPLINE_CURVE_WITH_KNOTS('',1,(#7897,#7898),.UNSPECIFIED.,.F.,
  .F.,(2,2),(0.,0.6),.PIECEWISE_BEZIER_KNOTS.);
#7897 = CARTESIAN_POINT('',(63.88,3.075256975037,33.498237885463));
#7898 = CARTESIAN_POINT('',(63.28,3.075256975037,33.498237885463));
#7899 = ORIENTED_EDGE('',*,*,#7900,.F.);
#7900 = EDGE_CURVE('',#7872,#7894,#7901,.T.);
#7901 = B_SPLINE_CURVE_WITH_KNOTS('',1,(#7902,#7903),.UNSPECIFIED.,.F.,
  .F.,(2,2),(0.,0.352422907489),.PIECEWISE_BEZIER_KNOTS.);
#7902 = CARTESIAN_POINT('',(63.88,2.722834067548,33.498237885463));
#7903 = CARTESIAN_POINT('',(63.88,3.075256975037,33.498237885463));
#7904 = B_SPLINE_SURFACE_WITH_KNOTS('',1,1,(
    (#7905,#7906)
    ,(#7907,#7908
    )),.UNSPECIFIED.,.F.,.F.,.F.,(2,2),(2,2),(0.,0.352422907489),(-0.6,
    0.),.PIECEWISE_BEZIER_KNOTS.);
#7905 = CARTESIAN_POINT('',(63.28,2.722834067548,33.498237885463));
#7906 = CARTESIAN_POINT('',(63.88,2.722834067548,33.498237885463));
#7907 = CARTESIAN_POINT('',(63.28,3.075256975037,33.498237885463));
#7908 = CARTESIAN_POINT('',(63.88,3.075256975037,33.498237885463));
#7909 = ADVANCED_FACE('',(#7910),#7927,.T.);
#7910 = FACE_BOUND('',#7911,.T.);
#7911 = EDGE_LOOP('',(#7912,#7913,#7914,#7921));
#7912 = ORIENTED_EDGE('',*,*,#7893,.T.);
#7913 = ORIENTED_EDGE('',*,*,#7614,.T.);
#7914 = ORIENTED_EDGE('',*,*,#7915,.F.);
#7915 = EDGE_CURVE('',#7916,#7615,#7918,.T.);
#7916 = VERTEX_POINT('',#7917);
#7917 = CARTESIAN_POINT('',(63.88,3.800954478708,33.775624082232));
#7918 = B_SPLINE_CURVE_WITH_KNOTS('',1,(#7919,#7920),.UNSPECIFIED.,.F.,
  .F.,(2,2),(0.,0.6),.PIECEWISE_BEZIER_KNOTS.);
#7919 = CARTESIAN_POINT('',(63.88,3.800954478708,33.775624082232));
#7920 = CARTESIAN_POINT('',(63.28,3.800954478708,33.775624082232));
#7921 = ORIENTED_EDGE('',*,*,#7922,.F.);
#7922 = EDGE_CURVE('',#7894,#7916,#7923,.T.);
#7923 = B_SPLINE_CURVE_WITH_KNOTS('',2,(#7924,#7925,#7926),
  .UNSPECIFIED.,.F.,.F.,(3,3),(0.,1.),.PIECEWISE_BEZIER_KNOTS.);
#7924 = CARTESIAN_POINT('',(63.88,3.075256975037,33.498237885463));
#7925 = CARTESIAN_POINT('',(63.88,3.537812041116,33.498237885463));
#7926 = CARTESIAN_POINT('',(63.88,3.800954478708,33.775624082232));
#7927 = B_SPLINE_SURFACE_WITH_KNOTS('',2,1,(
    (#7928,#7929)
    ,(#7930,#7931)
    ,(#7932,#7933
    )),.UNSPECIFIED.,.F.,.F.,.F.,(3,3),(2,2),(0.,1.),(-0.6,0.),
  .PIECEWISE_BEZIER_KNOTS.);
#7928 = CARTESIAN_POINT('',(63.28,3.075256975037,33.498237885463));
#7929 = CARTESIAN_POINT('',(63.88,3.075256975037,33.498237885463));
#7930 = CARTESIAN_POINT('',(63.28,3.537812041116,33.498237885463));
#7931 = CARTESIAN_POINT('',(63.88,3.537812041116,33.498237885463));
#7932 = CARTESIAN_POINT('',(63.28,3.800954478708,33.775624082232));
#7933 = CARTESIAN_POINT('',(63.88,3.800954478708,33.775624082232));
#7934 = ADVANCED_FACE('',(#7935),#7952,.T.);
#7935 = FACE_BOUND('',#7936,.T.);
#7936 = EDGE_LOOP('',(#7937,#7938,#7939,#7946));
#7937 = ORIENTED_EDGE('',*,*,#7915,.T.);
#7938 = ORIENTED_EDGE('',*,*,#7622,.T.);
#7939 = ORIENTED_EDGE('',*,*,#7940,.F.);
#7940 = EDGE_CURVE('',#7941,#7623,#7943,.T.);
#7941 = VERTEX_POINT('',#7942);
#7942 = CARTESIAN_POINT('',(63.88,4.064243759178,34.530837004405));
#7943 = B_SPLINE_CURVE_WITH_KNOTS('',1,(#7944,#7945),.UNSPECIFIED.,.F.,
  .F.,(2,2),(0.,0.6),.PIECEWISE_BEZIER_KNOTS.);
#7944 = CARTESIAN_POINT('',(63.88,4.064243759178,34.530837004405));
#7945 = CARTESIAN_POINT('',(63.28,4.064243759178,34.530837004405));
#7946 = ORIENTED_EDGE('',*,*,#7947,.F.);
#7947 = EDGE_CURVE('',#7916,#7941,#7948,.T.);
#7948 = B_SPLINE_CURVE_WITH_KNOTS('',2,(#7949,#7950,#7951),
  .UNSPECIFIED.,.F.,.F.,(3,3),(0.,1.),.PIECEWISE_BEZIER_KNOTS.);
#7949 = CARTESIAN_POINT('',(63.88,3.800954478708,33.775624082232));
#7950 = CARTESIAN_POINT('',(63.88,4.064243759178,34.053010279001));
#7951 = CARTESIAN_POINT('',(63.88,4.064243759178,34.530837004405));
#7952 = B_SPLINE_SURFACE_WITH_KNOTS('',2,1,(
    (#7953,#7954)
    ,(#7955,#7956)
    ,(#7957,#7958
    )),.UNSPECIFIED.,.F.,.F.,.F.,(3,3),(2,2),(0.,1.),(-0.6,0.),
  .PIECEWISE_BEZIER_KNOTS.);
#7953 = CARTESIAN_POINT('',(63.28,3.800954478708,33.775624082232));
#7954 = CARTESIAN_POINT('',(63.88,3.800954478708,33.775624082232));
#7955 = CARTESIAN_POINT('',(63.28,4.064243759178,34.053010279001));
#7956 = CARTESIAN_POINT('',(63.88,4.064243759178,34.053010279001));
#7957 = CARTESIAN_POINT('',(63.28,4.064243759178,34.530837004405));
#7958 = CARTESIAN_POINT('',(63.88,4.064243759178,34.530837004405));
#7959 = ADVANCED_FACE('',(#7960),#7977,.T.);
#7960 = FACE_BOUND('',#7961,.T.);
#7961 = EDGE_LOOP('',(#7962,#7963,#7964,#7971));
#7962 = ORIENTED_EDGE('',*,*,#7940,.T.);
#7963 = ORIENTED_EDGE('',*,*,#7630,.T.);
#7964 = ORIENTED_EDGE('',*,*,#7965,.F.);
#7965 = EDGE_CURVE('',#7966,#7631,#7968,.T.);
#7966 = VERTEX_POINT('',#7967);
#7967 = CARTESIAN_POINT('',(63.88,3.80315712188,35.240822320117));
#7968 = B_SPLINE_CURVE_WITH_KNOTS('',1,(#7969,#7970),.UNSPECIFIED.,.F.,
  .F.,(2,2),(0.,0.6),.PIECEWISE_BEZIER_KNOTS.);
#7969 = CARTESIAN_POINT('',(63.88,3.80315712188,35.240822320117));
#7970 = CARTESIAN_POINT('',(63.28,3.80315712188,35.240822320117));
#7971 = ORIENTED_EDGE('',*,*,#7972,.F.);
#7972 = EDGE_CURVE('',#7941,#7966,#7973,.T.);
#7973 = B_SPLINE_CURVE_WITH_KNOTS('',2,(#7974,#7975,#7976),
  .UNSPECIFIED.,.F.,.F.,(3,3),(0.,1.),.PIECEWISE_BEZIER_KNOTS.);
#7974 = CARTESIAN_POINT('',(63.88,4.064243759178,34.530837004405));
#7975 = CARTESIAN_POINT('',(63.88,4.064243759178,34.982232011747));
#7976 = CARTESIAN_POINT('',(63.88,3.80315712188,35.240822320117));
#7977 = B_SPLINE_SURFACE_WITH_KNOTS('',2,1,(
    (#7978,#7979)
    ,(#7980,#7981)
    ,(#7982,#7983
    )),.UNSPECIFIED.,.F.,.F.,.F.,(3,3),(2,2),(0.,1.),(-0.6,0.),
  .PIECEWISE_BEZIER_KNOTS.);
#7978 = CARTESIAN_POINT('',(63.28,4.064243759178,34.530837004405));
#7979 = CARTESIAN_POINT('',(63.88,4.064243759178,34.530837004405));
#7980 = CARTESIAN_POINT('',(63.28,4.064243759178,34.982232011747));
#7981 = CARTESIAN_POINT('',(63.88,4.064243759178,34.982232011747));
#7982 = CARTESIAN_POINT('',(63.28,3.80315712188,35.240822320117));
#7983 = CARTESIAN_POINT('',(63.88,3.80315712188,35.240822320117));
#7984 = ADVANCED_FACE('',(#7985),#8002,.T.);
#7985 = FACE_BOUND('',#7986,.T.);
#7986 = EDGE_LOOP('',(#7987,#7988,#7989,#7996));
#7987 = ORIENTED_EDGE('',*,*,#7965,.T.);
#7988 = ORIENTED_EDGE('',*,*,#7638,.T.);
#7989 = ORIENTED_EDGE('',*,*,#7990,.F.);
#7990 = EDGE_CURVE('',#7991,#7639,#7993,.T.);
#7991 = VERTEX_POINT('',#7992);
#7992 = CARTESIAN_POINT('',(63.88,3.070851688693,35.499559471366));
#7993 = B_SPLINE_CURVE_WITH_KNOTS('',1,(#7994,#7995),.UNSPECIFIED.,.F.,
  .F.,(2,2),(0.,0.6),.PIECEWISE_BEZIER_KNOTS.);
#7994 = CARTESIAN_POINT('',(63.88,3.070851688693,35.499559471366));
#7995 = CARTESIAN_POINT('',(63.28,3.070851688693,35.499559471366));
#7996 = ORIENTED_EDGE('',*,*,#7997,.F.);
#7997 = EDGE_CURVE('',#7966,#7991,#7998,.T.);
#7998 = B_SPLINE_CURVE_WITH_KNOTS('',2,(#7999,#8000,#8001),
  .UNSPECIFIED.,.F.,.F.,(3,3),(0.,1.),.PIECEWISE_BEZIER_KNOTS.);
#7999 = CARTESIAN_POINT('',(63.88,3.80315712188,35.240822320117));
#8000 = CARTESIAN_POINT('',(63.88,3.54221732746,35.499559471366));
#8001 = CARTESIAN_POINT('',(63.88,3.070851688693,35.499559471366));
#8002 = B_SPLINE_SURFACE_WITH_KNOTS('',2,1,(
    (#8003,#8004)
    ,(#8005,#8006)
    ,(#8007,#8008
    )),.UNSPECIFIED.,.F.,.F.,.F.,(3,3),(2,2),(0.,1.),(-0.6,0.),
  .PIECEWISE_BEZIER_KNOTS.);
#8003 = CARTESIAN_POINT('',(63.28,3.80315712188,35.240822320117));
#8004 = CARTESIAN_POINT('',(63.88,3.80315712188,35.240822320117));
#8005 = CARTESIAN_POINT('',(63.28,3.54221732746,35.499559471366));
#8006 = CARTESIAN_POINT('',(63.88,3.54221732746,35.499559471366));
#8007 = CARTESIAN_POINT('',(63.28,3.070851688693,35.499559471366));
#8008 = CARTESIAN_POINT('',(63.88,3.070851688693,35.499559471366));
#8009 = ADVANCED_FACE('',(#8010),#8020,.T.);
#8010 = FACE_BOUND('',#8011,.T.);
#8011 = EDGE_LOOP('',(#8012,#8013,#8014,#8015));
#8012 = ORIENTED_EDGE('',*,*,#7990,.T.);
#8013 = ORIENTED_EDGE('',*,*,#7646,.T.);
#8014 = ORIENTED_EDGE('',*,*,#7863,.F.);
#8015 = ORIENTED_EDGE('',*,*,#8016,.F.);
#8016 = EDGE_CURVE('',#7991,#7864,#8017,.T.);
#8017 = B_SPLINE_CURVE_WITH_KNOTS('',1,(#8018,#8019),.UNSPECIFIED.,.F.,
  .F.,(2,2),(0.,0.348017621145),.PIECEWISE_BEZIER_KNOTS.);
#8018 = CARTESIAN_POINT('',(63.88,3.070851688693,35.499559471366));
#8019 = CARTESIAN_POINT('',(63.88,2.722834067548,35.499559471366));
#8020 = B_SPLINE_SURFACE_WITH_KNOTS('',1,1,(
    (#8021,#8022)
    ,(#8023,#8024
    )),.UNSPECIFIED.,.F.,.F.,.F.,(2,2),(2,2),(0.,0.348017621145),(-0.6,
    0.),.PIECEWISE_BEZIER_KNOTS.);
#8021 = CARTESIAN_POINT('',(63.28,3.070851688693,35.499559471366));
#8022 = CARTESIAN_POINT('',(63.88,3.070851688693,35.499559471366));
#8023 = CARTESIAN_POINT('',(63.28,2.722834067548,35.499559471366));
#8024 = CARTESIAN_POINT('',(63.88,2.722834067548,35.499559471366));
#8025 = ADVANCED_FACE('',(#8026),#8048,.T.);
#8026 = FACE_BOUND('',#8027,.T.);
#8027 = EDGE_LOOP('',(#8028,#8035,#8036,#8043));
#8028 = ORIENTED_EDGE('',*,*,#8029,.T.);
#8029 = EDGE_CURVE('',#8030,#7694,#8032,.T.);
#8030 = VERTEX_POINT('',#8031);
#8031 = CARTESIAN_POINT('',(63.88,-4.482305433186,34.089427312775));
#8032 = B_SPLINE_CURVE_WITH_KNOTS('',1,(#8033,#8034),.UNSPECIFIED.,.F.,
  .F.,(2,2),(0.,0.6),.PIECEWISE_BEZIER_KNOTS.);
#8033 = CARTESIAN_POINT('',(63.88,-4.482305433186,34.089427312775));
#8034 = CARTESIAN_POINT('',(63.28,-4.482305433186,34.089427312775));
#8035 = ORIENTED_EDGE('',*,*,#7693,.T.);
#8036 = ORIENTED_EDGE('',*,*,#8037,.F.);
#8037 = EDGE_CURVE('',#8038,#7696,#8040,.T.);
#8038 = VERTEX_POINT('',#8039);
#8039 = CARTESIAN_POINT('',(63.88,-3.729001468429,34.089427312775));
#8040 = B_SPLINE_CURVE_WITH_KNOTS('',1,(#8041,#8042),.UNSPECIFIED.,.F.,
  .F.,(2,2),(0.,0.6),.PIECEWISE_BEZIER_KNOTS.);
#8041 = CARTESIAN_POINT('',(63.88,-3.729001468429,34.089427312775));
#8042 = CARTESIAN_POINT('',(63.28,-3.729001468429,34.089427312775));
#8043 = ORIENTED_EDGE('',*,*,#8044,.F.);
#8044 = EDGE_CURVE('',#8030,#8038,#8045,.T.);
#8045 = B_SPLINE_CURVE_WITH_KNOTS('',1,(#8046,#8047),.UNSPECIFIED.,.F.,
  .F.,(2,2),(0.,0.753303964758),.PIECEWISE_BEZIER_KNOTS.);
#8046 = CARTESIAN_POINT('',(63.88,-4.482305433186,34.089427312775));
#8047 = CARTESIAN_POINT('',(63.88,-3.729001468429,34.089427312775));
#8048 = B_SPLINE_SURFACE_WITH_KNOTS('',1,1,(
    (#8049,#8050)
    ,(#8051,#8052
    )),.UNSPECIFIED.,.F.,.F.,.F.,(2,2),(2,2),(0.,0.753303964758),(-0.6,
    0.),.PIECEWISE_BEZIER_KNOTS.);
#8049 = CARTESIAN_POINT('',(63.28,-4.482305433186,34.089427312775));
#8050 = CARTESIAN_POINT('',(63.88,-4.482305433186,34.089427312775));
#8051 = CARTESIAN_POINT('',(63.28,-3.729001468429,34.089427312775));
#8052 = CARTESIAN_POINT('',(63.88,-3.729001468429,34.089427312775));
#8053 = ADVANCED_FACE('',(#8054),#8070,.T.);
#8054 = FACE_BOUND('',#8055,.T.);
#8055 = EDGE_LOOP('',(#8056,#8057,#8058,#8065));
#8056 = ORIENTED_EDGE('',*,*,#8037,.T.);
#8057 = ORIENTED_EDGE('',*,*,#7702,.T.);
#8058 = ORIENTED_EDGE('',*,*,#8059,.F.);
#8059 = EDGE_CURVE('',#8060,#7703,#8062,.T.);
#8060 = VERTEX_POINT('',#8061);
#8061 = CARTESIAN_POINT('',(63.88,-3.729001468429,35.191776798825));
#8062 = B_SPLINE_CURVE_WITH_KNOTS('',1,(#8063,#8064),.UNSPECIFIED.,.F.,
  .F.,(2,2),(0.,0.6),.PIECEWISE_BEZIER_KNOTS.);
#8063 = CARTESIAN_POINT('',(63.88,-3.729001468429,35.191776798825));
#8064 = CARTESIAN_POINT('',(63.28,-3.729001468429,35.191776798825));
#8065 = ORIENTED_EDGE('',*,*,#8066,.F.);
#8066 = EDGE_CURVE('',#8038,#8060,#8067,.T.);
#8067 = B_SPLINE_CURVE_WITH_KNOTS('',1,(#8068,#8069),.UNSPECIFIED.,.F.,
  .F.,(2,2),(0.,1.10234948605),.PIECEWISE_BEZIER_KNOTS.);
#8068 = CARTESIAN_POINT('',(63.88,-3.729001468429,34.089427312775));
#8069 = CARTESIAN_POINT('',(63.88,-3.729001468429,35.191776798825));
#8070 = B_SPLINE_SURFACE_WITH_KNOTS('',1,1,(
    (#8071,#8072)
    ,(#8073,#8074
    )),.UNSPECIFIED.,.F.,.F.,.F.,(2,2),(2,2),(0.,1.10234948605),(-0.6,0.
    ),.PIECEWISE_BEZIER_KNOTS.);
#8071 = CARTESIAN_POINT('',(63.28,-3.729001468429,34.089427312775));
#8072 = CARTESIAN_POINT('',(63.88,-3.729001468429,34.089427312775));
#8073 = CARTESIAN_POINT('',(63.28,-3.729001468429,35.191776798825));
#8074 = CARTESIAN_POINT('',(63.88,-3.729001468429,35.191776798825));
#8075 = ADVANCED_FACE('',(#8076),#8093,.T.);
#8076 = FACE_BOUND('',#8077,.T.);
#8077 = EDGE_LOOP('',(#8078,#8079,#8080,#8087));
#8078 = ORIENTED_EDGE('',*,*,#8059,.T.);
#8079 = ORIENTED_EDGE('',*,*,#7709,.T.);
#8080 = ORIENTED_EDGE('',*,*,#8081,.F.);
#8081 = EDGE_CURVE('',#8082,#7710,#8084,.T.);
#8082 = VERTEX_POINT('',#8083);
#8083 = CARTESIAN_POINT('',(63.88,-3.896402349486,34.90234948605));
#8084 = B_SPLINE_CURVE_WITH_KNOTS('',1,(#8085,#8086),.UNSPECIFIED.,.F.,
  .F.,(2,2),(0.,0.6),.PIECEWISE_BEZIER_KNOTS.);
#8085 = CARTESIAN_POINT('',(63.88,-3.896402349486,34.90234948605));
#8086 = CARTESIAN_POINT('',(63.28,-3.896402349486,34.90234948605));
#8087 = ORIENTED_EDGE('',*,*,#8088,.F.);
#8088 = EDGE_CURVE('',#8060,#8082,#8089,.T.);
#8089 = B_SPLINE_CURVE_WITH_KNOTS('',2,(#8090,#8091,#8092),
  .UNSPECIFIED.,.F.,.F.,(3,3),(0.,1.),.PIECEWISE_BEZIER_KNOTS.);
#8090 = CARTESIAN_POINT('',(63.88,-3.729001468429,35.191776798825));
#8091 = CARTESIAN_POINT('',(63.88,-3.806093979442,35.048751835536));
#8092 = CARTESIAN_POINT('',(63.88,-3.896402349486,34.90234948605));
#8093 = B_SPLINE_SURFACE_WITH_KNOTS('',2,1,(
    (#8094,#8095)
    ,(#8096,#8097)
    ,(#8098,#8099
    )),.UNSPECIFIED.,.F.,.F.,.F.,(3,3),(2,2),(0.,1.),(-0.6,0.),
  .PIECEWISE_BEZIER_KNOTS.);
#8094 = CARTESIAN_POINT('',(63.28,-3.729001468429,35.191776798825));
#8095 = CARTESIAN_POINT('',(63.88,-3.729001468429,35.191776798825));
#8096 = CARTESIAN_POINT('',(63.28,-3.806093979442,35.048751835536));
#8097 = CARTESIAN_POINT('',(63.88,-3.806093979442,35.048751835536));
#8098 = CARTESIAN_POINT('',(63.28,-3.896402349486,34.90234948605));
#8099 = CARTESIAN_POINT('',(63.88,-3.896402349486,34.90234948605));
#8100 = ADVANCED_FACE('',(#8101),#8118,.T.);
#8101 = FACE_BOUND('',#8102,.T.);
#8102 = EDGE_LOOP('',(#8103,#8104,#8105,#8112));
#8103 = ORIENTED_EDGE('',*,*,#8081,.T.);
#8104 = ORIENTED_EDGE('',*,*,#7717,.T.);
#8105 = ORIENTED_EDGE('',*,*,#8106,.F.);
#8106 = EDGE_CURVE('',#8107,#7718,#8109,.T.);
#8107 = VERTEX_POINT('',#8108);
#8108 = CARTESIAN_POINT('',(63.88,-4.085829662261,34.6140969163));
#8109 = B_SPLINE_CURVE_WITH_KNOTS('',1,(#8110,#8111),.UNSPECIFIED.,.F.,
  .F.,(2,2),(0.,0.6),.PIECEWISE_BEZIER_KNOTS.);
#8110 = CARTESIAN_POINT('',(63.88,-4.085829662261,34.6140969163));
#8111 = CARTESIAN_POINT('',(63.28,-4.085829662261,34.6140969163));
#8112 = ORIENTED_EDGE('',*,*,#8113,.F.);
#8113 = EDGE_CURVE('',#8082,#8107,#8114,.T.);
#8114 = B_SPLINE_CURVE_WITH_KNOTS('',2,(#8115,#8116,#8117),
  .UNSPECIFIED.,.F.,.F.,(3,3),(0.,1.),.PIECEWISE_BEZIER_KNOTS.);
#8115 = CARTESIAN_POINT('',(63.88,-3.896402349486,34.90234948605));
#8116 = CARTESIAN_POINT('',(63.88,-3.98671071953,34.756093979442));
#8117 = CARTESIAN_POINT('',(63.88,-4.085829662261,34.6140969163));
#8118 = B_SPLINE_SURFACE_WITH_KNOTS('',2,1,(
    (#8119,#8120)
    ,(#8121,#8122)
    ,(#8123,#8124
    )),.UNSPECIFIED.,.F.,.F.,.F.,(3,3),(2,2),(0.,1.),(-0.6,0.),
  .PIECEWISE_BEZIER_KNOTS.);
#8119 = CARTESIAN_POINT('',(63.28,-3.896402349486,34.90234948605));
#8120 = CARTESIAN_POINT('',(63.88,-3.896402349486,34.90234948605));
#8121 = CARTESIAN_POINT('',(63.28,-3.98671071953,34.756093979442));
#8122 = CARTESIAN_POINT('',(63.88,-3.98671071953,34.756093979442));
#8123 = CARTESIAN_POINT('',(63.28,-4.085829662261,34.6140969163));
#8124 = CARTESIAN_POINT('',(63.88,-4.085829662261,34.6140969163));
#8125 = ADVANCED_FACE('',(#8126),#8143,.T.);
#8126 = FACE_BOUND('',#8127,.T.);
#8127 = EDGE_LOOP('',(#8128,#8129,#8130,#8137));
#8128 = ORIENTED_EDGE('',*,*,#8106,.T.);
#8129 = ORIENTED_EDGE('',*,*,#7725,.T.);
#8130 = ORIENTED_EDGE('',*,*,#8131,.F.);
#8131 = EDGE_CURVE('',#8132,#7726,#8134,.T.);
#8132 = VERTEX_POINT('',#8133);
#8133 = CARTESIAN_POINT('',(63.88,-4.286270190896,34.33906020558));
#8134 = B_SPLINE_CURVE_WITH_KNOTS('',1,(#8135,#8136),.UNSPECIFIED.,.F.,
  .F.,(2,2),(0.,0.6),.PIECEWISE_BEZIER_KNOTS.);
#8135 = CARTESIAN_POINT('',(63.88,-4.286270190896,34.33906020558));
#8136 = CARTESIAN_POINT('',(63.28,-4.286270190896,34.33906020558));
#8137 = ORIENTED_EDGE('',*,*,#8138,.F.);
#8138 = EDGE_CURVE('',#8107,#8132,#8139,.T.);
#8139 = B_SPLINE_CURVE_WITH_KNOTS('',2,(#8140,#8141,#8142),
  .UNSPECIFIED.,.F.,.F.,(3,3),(0.,1.),.PIECEWISE_BEZIER_KNOTS.);
#8140 = CARTESIAN_POINT('',(63.88,-4.085829662261,34.6140969163));
#8141 = CARTESIAN_POINT('',(63.88,-4.184948604993,34.472246696035));
#8142 = CARTESIAN_POINT('',(63.88,-4.286270190896,34.33906020558));
#8143 = B_SPLINE_SURFACE_WITH_KNOTS('',2,1,(
    (#8144,#8145)
    ,(#8146,#8147)
    ,(#8148,#8149
    )),.UNSPECIFIED.,.F.,.F.,.F.,(3,3),(2,2),(0.,1.),(-0.6,0.),
  .PIECEWISE_BEZIER_KNOTS.);
#8144 = CARTESIAN_POINT('',(63.28,-4.085829662261,34.6140969163));
#8145 = CARTESIAN_POINT('',(63.88,-4.085829662261,34.6140969163));
#8146 = CARTESIAN_POINT('',(63.28,-4.184948604993,34.472246696035));
#8147 = CARTESIAN_POINT('',(63.88,-4.184948604993,34.472246696035));
#8148 = CARTESIAN_POINT('',(63.28,-4.286270190896,34.33906020558));
#8149 = CARTESIAN_POINT('',(63.88,-4.286270190896,34.33906020558));
#8150 = ADVANCED_FACE('',(#8151),#8162,.T.);
#8151 = FACE_BOUND('',#8152,.T.);
#8152 = EDGE_LOOP('',(#8153,#8154,#8155,#8156));
#8153 = ORIENTED_EDGE('',*,*,#8131,.T.);
#8154 = ORIENTED_EDGE('',*,*,#7733,.T.);
#8155 = ORIENTED_EDGE('',*,*,#8029,.F.);
#8156 = ORIENTED_EDGE('',*,*,#8157,.F.);
#8157 = EDGE_CURVE('',#8132,#8030,#8158,.T.);
#8158 = B_SPLINE_CURVE_WITH_KNOTS('',2,(#8159,#8160,#8161),
  .UNSPECIFIED.,.F.,.F.,(3,3),(0.,1.),.PIECEWISE_BEZIER_KNOTS.);
#8159 = CARTESIAN_POINT('',(63.88,-4.286270190896,34.33906020558));
#8160 = CARTESIAN_POINT('',(63.88,-4.387591776799,34.206020558003));
#8161 = CARTESIAN_POINT('',(63.88,-4.482305433186,34.089427312775));
#8162 = B_SPLINE_SURFACE_WITH_KNOTS('',2,1,(
    (#8163,#8164)
    ,(#8165,#8166)
    ,(#8167,#8168
    )),.UNSPECIFIED.,.F.,.F.,.F.,(3,3),(2,2),(0.,1.),(-0.6,0.),
  .PIECEWISE_BEZIER_KNOTS.);
#8163 = CARTESIAN_POINT('',(63.28,-4.286270190896,34.33906020558));
#8164 = CARTESIAN_POINT('',(63.88,-4.286270190896,34.33906020558));
#8165 = CARTESIAN_POINT('',(63.28,-4.387591776799,34.206020558003));
#8166 = CARTESIAN_POINT('',(63.88,-4.387591776799,34.206020558003));
#8167 = CARTESIAN_POINT('',(63.28,-4.482305433186,34.089427312775));
#8168 = CARTESIAN_POINT('',(63.88,-4.482305433186,34.089427312775));
#8169 = ADVANCED_FACE('',(#8170,#8173),#8184,.T.);
#8170 = FACE_BOUND('',#8171,.T.);
#8171 = EDGE_LOOP('',(#8172));
#8172 = ORIENTED_EDGE('',*,*,#7792,.T.);
#8173 = FACE_BOUND('',#8174,.T.);
#8174 = EDGE_LOOP('',(#8175));
#8175 = ORIENTED_EDGE('',*,*,#8176,.F.);
#8176 = EDGE_CURVE('',#8177,#8177,#8179,.T.);
#8177 = VERTEX_POINT('',#8178);
#8178 = CARTESIAN_POINT('',(-32.38,-27.5,8.4));
#8179 = CIRCLE('',#8180,1.1);
#8180 = AXIS2_PLACEMENT_3D('',#8181,#8182,#8183);
#8181 = CARTESIAN_POINT('',(-33.48,-27.5,8.4));
#8182 = DIRECTION('',(0.,0.,1.));
#8183 = DIRECTION('',(1.,0.,-0.));
#8184 = PLANE('',#8185);
#8185 = AXIS2_PLACEMENT_3D('',#8186,#8187,#8188);
#8186 = CARTESIAN_POINT('',(-33.48,-27.5,8.4));
#8187 = DIRECTION('',(0.,0.,1.));
#8188 = DIRECTION('',(1.,0.,-0.));
#8189 = ADVANCED_FACE('',(#8190,#8193),#8204,.T.);
#8190 = FACE_BOUND('',#8191,.T.);
#8191 = EDGE_LOOP('',(#8192));
#8192 = ORIENTED_EDGE('',*,*,#7817,.T.);
#8193 = FACE_BOUND('',#8194,.T.);
#8194 = EDGE_LOOP('',(#8195));
#8195 = ORIENTED_EDGE('',*,*,#8196,.F.);
#8196 = EDGE_CURVE('',#8197,#8197,#8199,.T.);
#8197 = VERTEX_POINT('',#8198);
#8198 = CARTESIAN_POINT('',(-32.38,27.5,8.4));
#8199 = CIRCLE('',#8200,1.1);
#8200 = AXIS2_PLACEMENT_3D('',#8201,#8202,#8203);
#8201 = CARTESIAN_POINT('',(-33.48,27.5,8.4));
#8202 = DIRECTION('',(0.,0.,1.));
#8203 = DIRECTION('',(1.,0.,-0.));
#8204 = PLANE('',#8205);
#8205 = AXIS2_PLACEMENT_3D('',#8206,#8207,#8208);
#8206 = CARTESIAN_POINT('',(-33.48,27.5,8.4));
#8207 = DIRECTION('',(0.,0.,1.));
#8208 = DIRECTION('',(1.,0.,-0.));
#8209 = ADVANCED_FACE('',(#8210),#8219,.T.);
#8210 = FACE_BOUND('',#8211,.T.);
#8211 = EDGE_LOOP('',(#8212,#8213,#8214,#8215,#8216,#8217,#8218));
#8212 = ORIENTED_EDGE('',*,*,#8016,.T.);
#8213 = ORIENTED_EDGE('',*,*,#7878,.T.);
#8214 = ORIENTED_EDGE('',*,*,#7900,.T.);
#8215 = ORIENTED_EDGE('',*,*,#7922,.T.);
#8216 = ORIENTED_EDGE('',*,*,#7947,.T.);
#8217 = ORIENTED_EDGE('',*,*,#7972,.T.);
#8218 = ORIENTED_EDGE('',*,*,#7997,.T.);
#8219 = PLANE('',#8220);
#8220 = AXIS2_PLACEMENT_3D('',#8221,#8222,#8223);
#8221 = CARTESIAN_POINT('',(63.88,-42.74,0.));
#8222 = DIRECTION('',(1.,0.,-0.));
#8223 = DIRECTION('',(0.,0.,1.));
#8224 = ADVANCED_FACE('',(#8225),#8233,.T.);
#8225 = FACE_BOUND('',#8226,.T.);
#8226 = EDGE_LOOP('',(#8227,#8228,#8229,#8230,#8231,#8232));
#8227 = ORIENTED_EDGE('',*,*,#8157,.T.);
#8228 = ORIENTED_EDGE('',*,*,#8044,.T.);
#8229 = ORIENTED_EDGE('',*,*,#8066,.T.);
#8230 = ORIENTED_EDGE('',*,*,#8088,.T.);
#8231 = ORIENTED_EDGE('',*,*,#8113,.T.);
#8232 = ORIENTED_EDGE('',*,*,#8138,.T.);
#8233 = PLANE('',#8234);
#8234 = AXIS2_PLACEMENT_3D('',#8235,#8236,#8237);
#8235 = CARTESIAN_POINT('',(63.88,-42.74,0.));
#8236 = DIRECTION('',(1.,0.,-0.));
#8237 = DIRECTION('',(0.,0.,1.));
#8238 = ADVANCED_FACE('',(#8239),#8258,.F.);
#8239 = FACE_BOUND('',#8240,.F.);
#8240 = EDGE_LOOP('',(#8241,#8242,#8250,#8257));
#8241 = ORIENTED_EDGE('',*,*,#8176,.F.);
#8242 = ORIENTED_EDGE('',*,*,#8243,.F.);
#8243 = EDGE_CURVE('',#8244,#8177,#8246,.T.);
#8244 = VERTEX_POINT('',#8245);
#8245 = CARTESIAN_POINT('',(-32.38,-27.5,2.4));
#8246 = LINE('',#8247,#8248);
#8247 = CARTESIAN_POINT('',(-32.38,-27.5,2.4));
#8248 = VECTOR('',#8249,1.);
#8249 = DIRECTION('',(0.,0.,1.));
#8250 = ORIENTED_EDGE('',*,*,#8251,.T.);
#8251 = EDGE_CURVE('',#8244,#8244,#8252,.T.);
#8252 = CIRCLE('',#8253,1.1);
#8253 = AXIS2_PLACEMENT_3D('',#8254,#8255,#8256);
#8254 = CARTESIAN_POINT('',(-33.48,-27.5,2.4));
#8255 = DIRECTION('',(0.,0.,1.));
#8256 = DIRECTION('',(1.,0.,-0.));
#8257 = ORIENTED_EDGE('',*,*,#8243,.T.);
#8258 = CYLINDRICAL_SURFACE('',#8259,1.1);
#8259 = AXIS2_PLACEMENT_3D('',#8260,#8261,#8262);
#8260 = CARTESIAN_POINT('',(-33.48,-27.5,2.4));
#8261 = DIRECTION('',(0.,0.,1.));
#8262 = DIRECTION('',(1.,0.,-0.));
#8263 = ADVANCED_FACE('',(#8264),#8283,.F.);
#8264 = FACE_BOUND('',#8265,.F.);
#8265 = EDGE_LOOP('',(#8266,#8267,#8275,#8282));
#8266 = ORIENTED_EDGE('',*,*,#8196,.F.);
#8267 = ORIENTED_EDGE('',*,*,#8268,.F.);
#8268 = EDGE_CURVE('',#8269,#8197,#8271,.T.);
#8269 = VERTEX_POINT('',#8270);
#8270 = CARTESIAN_POINT('',(-32.38,27.5,2.4));
#8271 = LINE('',#8272,#8273);
#8272 = CARTESIAN_POINT('',(-32.38,27.5,2.4));
#8273 = VECTOR('',#8274,1.);
#8274 = DIRECTION('',(0.,0.,1.));
#8275 = ORIENTED_EDGE('',*,*,#8276,.T.);
#8276 = EDGE_CURVE('',#8269,#8269,#8277,.T.);
#8277 = CIRCLE('',#8278,1.1);
#8278 = AXIS2_PLACEMENT_3D('',#8279,#8280,#8281);
#8279 = CARTESIAN_POINT('',(-33.48,27.5,2.4));
#8280 = DIRECTION('',(0.,0.,1.));
#8281 = DIRECTION('',(1.,0.,-0.));
#8282 = ORIENTED_EDGE('',*,*,#8268,.T.);
#8283 = CYLINDRICAL_SURFACE('',#8284,1.1);
#8284 = AXIS2_PLACEMENT_3D('',#8285,#8286,#8287);
#8285 = CARTESIAN_POINT('',(-33.48,27.5,2.4));
#8286 = DIRECTION('',(0.,0.,1.));
#8287 = DIRECTION('',(1.,0.,-0.));
#8288 = ADVANCED_FACE('',(#8289),#8292,.T.);
#8289 = FACE_BOUND('',#8290,.F.);
#8290 = EDGE_LOOP('',(#8291));
#8291 = ORIENTED_EDGE('',*,*,#8251,.F.);
#8292 = PLANE('',#8293);
#8293 = AXIS2_PLACEMENT_3D('',#8294,#8295,#8296);
#8294 = CARTESIAN_POINT('',(-33.48,-27.5,2.4));
#8295 = DIRECTION('',(0.,0.,1.));
#8296 = DIRECTION('',(1.,0.,-0.));
#8297 = ADVANCED_FACE('',(#8298),#8301,.T.);
#8298 = FACE_BOUND('',#8299,.F.);
#8299 = EDGE_LOOP('',(#8300));
#8300 = ORIENTED_EDGE('',*,*,#8276,.F.);
#8301 = PLANE('',#8302);
#8302 = AXIS2_PLACEMENT_3D('',#8303,#8304,#8305);
#8303 = CARTESIAN_POINT('',(-33.48,27.5,2.4));
#8304 = DIRECTION('',(0.,0.,1.));
#8305 = DIRECTION('',(1.,0.,-0.));
#8306 = ADVANCED_FACE('',(#8307),#8335,.T.);
#8307 = FACE_BOUND('',#8308,.T.);
#8308 = EDGE_LOOP('',(#8309,#8310,#8311,#8318,#8327,#8334));
#8309 = ORIENTED_EDGE('',*,*,#7188,.T.);
#8310 = ORIENTED_EDGE('',*,*,#7179,.T.);
#8311 = ORIENTED_EDGE('',*,*,#8312,.T.);
#8312 = EDGE_CURVE('',#7180,#8313,#8315,.T.);
#8313 = VERTEX_POINT('',#8314);
#8314 = CARTESIAN_POINT('',(-55.48,-27.5,8.4));
#8315 = B_SPLINE_CURVE_WITH_KNOTS('',1,(#8316,#8317),.UNSPECIFIED.,.F.,
  .F.,(2,2),(0.1,6.1),.PIECEWISE_BEZIER_KNOTS.);
#8316 = CARTESIAN_POINT('',(-55.48,-27.5,2.4));
#8317 = CARTESIAN_POINT('',(-55.48,-27.5,8.4));
#8318 = ORIENTED_EDGE('',*,*,#8319,.F.);
#8319 = EDGE_CURVE('',#8320,#8313,#8322,.T.);
#8320 = VERTEX_POINT('',#8321);
#8321 = CARTESIAN_POINT('',(-61.48,-27.5,8.4));
#8322 = CIRCLE('',#8323,3.);
#8323 = AXIS2_PLACEMENT_3D('',#8324,#8325,#8326);
#8324 = CARTESIAN_POINT('',(-58.48,-27.5,8.4));
#8325 = DIRECTION('',(0.,0.,1.));
#8326 = DIRECTION('',(1.,0.,-0.));
#8327 = ORIENTED_EDGE('',*,*,#8328,.F.);
#8328 = EDGE_CURVE('',#8313,#8320,#8329,.T.);
#8329 = CIRCLE('',#8330,3.);
#8330 = AXIS2_PLACEMENT_3D('',#8331,#8332,#8333);
#8331 = CARTESIAN_POINT('',(-58.48,-27.5,8.4));
#8332 = DIRECTION('',(0.,0.,1.));
#8333 = DIRECTION('',(1.,0.,-0.));
#8334 = ORIENTED_EDGE('',*,*,#8312,.F.);
#8335 = CYLINDRICAL_SURFACE('',#8336,3.);
#8336 = AXIS2_PLACEMENT_3D('',#8337,#8338,#8339);
#8337 = CARTESIAN_POINT('',(-58.48,-27.5,2.3));
#8338 = DIRECTION('',(0.,0.,1.));
#8339 = DIRECTION('',(1.,0.,-0.));
#8340 = ADVANCED_FACE('',(#8341,#8345),#8356,.T.);
#8341 = FACE_BOUND('',#8342,.T.);
#8342 = EDGE_LOOP('',(#8343,#8344));
#8343 = ORIENTED_EDGE('',*,*,#8328,.T.);
#8344 = ORIENTED_EDGE('',*,*,#8319,.T.);
#8345 = FACE_BOUND('',#8346,.T.);
#8346 = EDGE_LOOP('',(#8347));
#8347 = ORIENTED_EDGE('',*,*,#8348,.F.);
#8348 = EDGE_CURVE('',#8349,#8349,#8351,.T.);
#8349 = VERTEX_POINT('',#8350);
#8350 = CARTESIAN_POINT('',(-57.38,-27.5,8.4));
#8351 = CIRCLE('',#8352,1.1);
#8352 = AXIS2_PLACEMENT_3D('',#8353,#8354,#8355);
#8353 = CARTESIAN_POINT('',(-58.48,-27.5,8.4));
#8354 = DIRECTION('',(0.,0.,1.));
#8355 = DIRECTION('',(1.,0.,-0.));
#8356 = PLANE('',#8357);
#8357 = AXIS2_PLACEMENT_3D('',#8358,#8359,#8360);
#8358 = CARTESIAN_POINT('',(-58.48,-27.5,8.4));
#8359 = DIRECTION('',(0.,0.,1.));
#8360 = DIRECTION('',(1.,0.,-0.));
#8361 = ADVANCED_FACE('',(#8362),#8381,.F.);
#8362 = FACE_BOUND('',#8363,.F.);
#8363 = EDGE_LOOP('',(#8364,#8365,#8373,#8380));
#8364 = ORIENTED_EDGE('',*,*,#8348,.F.);
#8365 = ORIENTED_EDGE('',*,*,#8366,.F.);
#8366 = EDGE_CURVE('',#8367,#8349,#8369,.T.);
#8367 = VERTEX_POINT('',#8368);
#8368 = CARTESIAN_POINT('',(-57.38,-27.5,2.4));
#8369 = LINE('',#8370,#8371);
#8370 = CARTESIAN_POINT('',(-57.38,-27.5,2.4));
#8371 = VECTOR('',#8372,1.);
#8372 = DIRECTION('',(0.,0.,1.));
#8373 = ORIENTED_EDGE('',*,*,#8374,.T.);
#8374 = EDGE_CURVE('',#8367,#8367,#8375,.T.);
#8375 = CIRCLE('',#8376,1.1);
#8376 = AXIS2_PLACEMENT_3D('',#8377,#8378,#8379);
#8377 = CARTESIAN_POINT('',(-58.48,-27.5,2.4));
#8378 = DIRECTION('',(0.,0.,1.));
#8379 = DIRECTION('',(1.,0.,-0.));
#8380 = ORIENTED_EDGE('',*,*,#8366,.T.);
#8381 = CYLINDRICAL_SURFACE('',#8382,1.1);
#8382 = AXIS2_PLACEMENT_3D('',#8383,#8384,#8385);
#8383 = CARTESIAN_POINT('',(-58.48,-27.5,2.4));
#8384 = DIRECTION('',(0.,0.,1.));
#8385 = DIRECTION('',(1.,0.,-0.));
#8386 = ADVANCED_FACE('',(#8387),#8390,.T.);
#8387 = FACE_BOUND('',#8388,.F.);
#8388 = EDGE_LOOP('',(#8389));
#8389 = ORIENTED_EDGE('',*,*,#8374,.F.);
#8390 = PLANE('',#8391);
#8391 = AXIS2_PLACEMENT_3D('',#8392,#8393,#8394);
#8392 = CARTESIAN_POINT('',(-58.48,-27.5,2.4));
#8393 = DIRECTION('',(0.,0.,1.));
#8394 = DIRECTION('',(1.,0.,-0.));
#8395 = ADVANCED_FACE('',(#8396),#8424,.T.);
#8396 = FACE_BOUND('',#8397,.T.);
#8397 = EDGE_LOOP('',(#8398,#8399,#8400,#8407,#8416,#8423));
#8398 = ORIENTED_EDGE('',*,*,#7217,.T.);
#8399 = ORIENTED_EDGE('',*,*,#7208,.T.);
#8400 = ORIENTED_EDGE('',*,*,#8401,.T.);
#8401 = EDGE_CURVE('',#7209,#8402,#8404,.T.);
#8402 = VERTEX_POINT('',#8403);
#8403 = CARTESIAN_POINT('',(-55.48,27.5,8.4));
#8404 = B_SPLINE_CURVE_WITH_KNOTS('',1,(#8405,#8406),.UNSPECIFIED.,.F.,
  .F.,(2,2),(0.1,6.1),.PIECEWISE_BEZIER_KNOTS.);
#8405 = CARTESIAN_POINT('',(-55.48,27.5,2.4));
#8406 = CARTESIAN_POINT('',(-55.48,27.5,8.4));
#8407 = ORIENTED_EDGE('',*,*,#8408,.F.);
#8408 = EDGE_CURVE('',#8409,#8402,#8411,.T.);
#8409 = VERTEX_POINT('',#8410);
#8410 = CARTESIAN_POINT('',(-61.48,27.5,8.4));
#8411 = CIRCLE('',#8412,3.);
#8412 = AXIS2_PLACEMENT_3D('',#8413,#8414,#8415);
#8413 = CARTESIAN_POINT('',(-58.48,27.5,8.4));
#8414 = DIRECTION('',(0.,0.,1.));
#8415 = DIRECTION('',(1.,0.,-0.));
#8416 = ORIENTED_EDGE('',*,*,#8417,.F.);
#8417 = EDGE_CURVE('',#8402,#8409,#8418,.T.);
#8418 = CIRCLE('',#8419,3.);
#8419 = AXIS2_PLACEMENT_3D('',#8420,#8421,#8422);
#8420 = CARTESIAN_POINT('',(-58.48,27.5,8.4));
#8421 = DIRECTION('',(0.,0.,1.));
#8422 = DIRECTION('',(1.,0.,-0.));
#8423 = ORIENTED_EDGE('',*,*,#8401,.F.);
#8424 = CYLINDRICAL_SURFACE('',#8425,3.);
#8425 = AXIS2_PLACEMENT_3D('',#8426,#8427,#8428);
#8426 = CARTESIAN_POINT('',(-58.48,27.5,2.3));
#8427 = DIRECTION('',(0.,0.,1.));
#8428 = DIRECTION('',(1.,0.,-0.));
#8429 = ADVANCED_FACE('',(#8430,#8434),#8445,.T.);
#8430 = FACE_BOUND('',#8431,.T.);
#8431 = EDGE_LOOP('',(#8432,#8433));
#8432 = ORIENTED_EDGE('',*,*,#8417,.T.);
#8433 = ORIENTED_EDGE('',*,*,#8408,.T.);
#8434 = FACE_BOUND('',#8435,.T.);
#8435 = EDGE_LOOP('',(#8436));
#8436 = ORIENTED_EDGE('',*,*,#8437,.F.);
#8437 = EDGE_CURVE('',#8438,#8438,#8440,.T.);
#8438 = VERTEX_POINT('',#8439);
#8439 = CARTESIAN_POINT('',(-57.38,27.5,8.4));
#8440 = CIRCLE('',#8441,1.1);
#8441 = AXIS2_PLACEMENT_3D('',#8442,#8443,#8444);
#8442 = CARTESIAN_POINT('',(-58.48,27.5,8.4));
#8443 = DIRECTION('',(0.,0.,1.));
#8444 = DIRECTION('',(1.,0.,-0.));
#8445 = PLANE('',#8446);
#8446 = AXIS2_PLACEMENT_3D('',#8447,#8448,#8449);
#8447 = CARTESIAN_POINT('',(-58.48,27.5,8.4));
#8448 = DIRECTION('',(0.,0.,1.));
#8449 = DIRECTION('',(1.,0.,-0.));
#8450 = ADVANCED_FACE('',(#8451),#8470,.F.);
#8451 = FACE_BOUND('',#8452,.F.);
#8452 = EDGE_LOOP('',(#8453,#8454,#8462,#8469));
#8453 = ORIENTED_EDGE('',*,*,#8437,.F.);
#8454 = ORIENTED_EDGE('',*,*,#8455,.F.);
#8455 = EDGE_CURVE('',#8456,#8438,#8458,.T.);
#8456 = VERTEX_POINT('',#8457);
#8457 = CARTESIAN_POINT('',(-57.38,27.5,2.4));
#8458 = LINE('',#8459,#8460);
#8459 = CARTESIAN_POINT('',(-57.38,27.5,2.4));
#8460 = VECTOR('',#8461,1.);
#8461 = DIRECTION('',(0.,0.,1.));
#8462 = ORIENTED_EDGE('',*,*,#8463,.T.);
#8463 = EDGE_CURVE('',#8456,#8456,#8464,.T.);
#8464 = CIRCLE('',#8465,1.1);
#8465 = AXIS2_PLACEMENT_3D('',#8466,#8467,#8468);
#8466 = CARTESIAN_POINT('',(-58.48,27.5,2.4));
#8467 = DIRECTION('',(0.,0.,1.));
#8468 = DIRECTION('',(1.,0.,-0.));
#8469 = ORIENTED_EDGE('',*,*,#8455,.T.);
#8470 = CYLINDRICAL_SURFACE('',#8471,1.1);
#8471 = AXIS2_PLACEMENT_3D('',#8472,#8473,#8474);
#8472 = CARTESIAN_POINT('',(-58.48,27.5,2.4));
#8473 = DIRECTION('',(0.,0.,1.));
#8474 = DIRECTION('',(1.,0.,-0.));
#8475 = ADVANCED_FACE('',(#8476),#8479,.T.);
#8476 = FACE_BOUND('',#8477,.F.);
#8477 = EDGE_LOOP('',(#8478));
#8478 = ORIENTED_EDGE('',*,*,#8463,.F.);
#8479 = PLANE('',#8480);
#8480 = AXIS2_PLACEMENT_3D('',#8481,#8482,#8483);
#8481 = CARTESIAN_POINT('',(-58.48,27.5,2.4));
#8482 = DIRECTION('',(0.,0.,1.));
#8483 = DIRECTION('',(1.,0.,-0.));
#8484 = ( GEOMETRIC_REPRESENTATION_CONTEXT(3) 
GLOBAL_UNCERTAINTY_ASSIGNED_CONTEXT((#8488)) 
GLOBAL_UNIT_ASSIGNED_CONTEXT((#8485,#8486,#8487)) REPRESENTATION_CONTEXT
('Context #1','3D Context with UNIT and UNCERTAINTY') );
#8485 = ( LENGTH_UNIT() NAMED_UNIT(*) SI_UNIT(.MILLI.,.METRE.) );
#8486 = ( NAMED_UNIT(*) PLANE_ANGLE_UNIT() SI_UNIT($,.RADIAN.) );
#8487 = ( NAMED_UNIT(*) SI_UNIT($,.STERADIAN.) SOLID_ANGLE_UNIT() );
#8488 = UNCERTAINTY_MEASURE_WITH_UNIT(LENGTH_MEASURE(2.E-07),#8485,
  'distance_accuracy_value','confusion accuracy');
#8489 = PRODUCT_RELATED_PRODUCT_CATEGORY('part',$,(#7));
ENDSEC;
END-ISO-10303-21;
