ISO-10303-21;
HEADER;
FILE_DESCRIPTION(('FreeCAD Model'),'2;1');
FILE_NAME('Open CASCADE Shape Model','2026-09-26T00:24:57',('FreeCAD'),(
    'FreeCAD'),'Open CASCADE STEP processor 7.8','FreeCAD','Unknown');
FILE_SCHEMA(('AUTOMOTIVE_DESIGN { 1 0 10303 214 1 1 1 1 }'));
ENDSEC;
DATA;
#1 = APPLICATION_PROTOCOL_DEFINITION('international standard',
  'automotive_design',2000,#2);
#2 = APPLICATION_CONTEXT(
  'core data for automotive mechanical design processes');
#3 = SHAPE_DEFINITION_REPRESENTATION(#4,#10);
#4 = PRODUCT_DEFINITION_SHAPE('','',#5);
#5 = PRODUCT_DEFINITION('design','',#6,#9);
#6 = PRODUCT_DEFINITION_FORMATION('','',#7);
#7 = PRODUCT('Open CASCADE STEP translator 7.8 13',
  'Open CASCADE STEP translator 7.8 13','',(#8));
#8 = PRODUCT_CONTEXT('',#2,'mechanical');
#9 = PRODUCT_DEFINITION_CONTEXT('part definition',#2,'design');
#10 = SHAPE_REPRESENTATION('',(#11,#15,#621,#1071,#1773,#1911,#2351,
    #2917,#3843,#4283,#4421,#4871,#5477,#5991,#6557,#7995,#8253,#8391,
    #8877,#10315,#10747,#11125,#11383,#12309,#12447,#12705,#13039,#13965
    ),#14479);
#11 = AXIS2_PLACEMENT_3D('',#12,#13,#14);
#12 = CARTESIAN_POINT('',(0.,0.,0.));
#13 = DIRECTION('',(0.,0.,1.));
#14 = DIRECTION('',(1.,0.,-0.));
#15 = MANIFOLD_SOLID_BREP('',#16);
#16 = CLOSED_SHELL('',(#17,#57,#89,#121,#153,#185,#217,#245,#277,#309,
    #341,#373,#405,#437,#465,#493,#521,#549,#569,#595));
#17 = ADVANCED_FACE('',(#18),#50,.F.);
#18 = FACE_BOUND('',#19,.F.);
#19 = EDGE_LOOP('',(#20,#29,#37,#44));
#20 = ORIENTED_EDGE('',*,*,#21,.T.);
#21 = EDGE_CURVE('',#22,#24,#26,.T.);
#22 = VERTEX_POINT('',#23);
#23 = CARTESIAN_POINT('',(-49.70019823788,-29.47980910425,57.4));
#24 = VERTEX_POINT('',#25);
#25 = CARTESIAN_POINT('',(-49.70019823788,-29.47980910425,56.8));
#26 = B_SPLINE_CURVE_WITH_KNOTS('',1,(#27,#28),.UNSPECIFIED.,.F.,.F.,(2,
    2),(0.,0.6),.PIECEWISE_BEZIER_KNOTS.);
#27 = CARTESIAN_POINT('',(-49.70019823788,-29.47980910425,57.4));
#28 = CARTESIAN_POINT('',(-49.70019823788,-29.47980910425,56.8));
#29 = ORIENTED_EDGE('',*,*,#30,.T.);
#30 = EDGE_CURVE('',#24,#31,#33,.T.);
#31 = VERTEX_POINT('',#32);
#32 = CARTESIAN_POINT('',(-49.36594713656,-30.91703377386,56.8));
#33 = B_SPLINE_CURVE_WITH_KNOTS('',2,(#34,#35,#36),.UNSPECIFIED.,.F.,.F.
  ,(3,3),(0.,1.),.PIECEWISE_BEZIER_KNOTS.);
#34 = CARTESIAN_POINT('',(-49.70019823788,-29.47980910425,56.8));
#35 = CARTESIAN_POINT('',(-49.36594713656,-30.05800293685,56.8));
#36 = CARTESIAN_POINT('',(-49.36594713656,-30.91703377386,56.8));
#37 = ORIENTED_EDGE('',*,*,#38,.F.);
#38 = EDGE_CURVE('',#39,#31,#41,.T.);
#39 = VERTEX_POINT('',#40);
#40 = CARTESIAN_POINT('',(-49.36594713656,-30.91703377386,57.4));
#41 = B_SPLINE_CURVE_WITH_KNOTS('',1,(#42,#43),.UNSPECIFIED.,.F.,.F.,(2,
    2),(0.,0.6),.PIECEWISE_BEZIER_KNOTS.);
#42 = CARTESIAN_POINT('',(-49.36594713656,-30.91703377386,57.4));
#43 = CARTESIAN_POINT('',(-49.36594713656,-30.91703377386,56.8));
#44 = ORIENTED_EDGE('',*,*,#45,.F.);
#45 = EDGE_CURVE('',#22,#39,#46,.T.);
#46 = B_SPLINE_CURVE_WITH_KNOTS('',2,(#47,#48,#49),.UNSPECIFIED.,.F.,.F.
  ,(3,3),(0.,1.),.PIECEWISE_BEZIER_KNOTS.);
#47 = CARTESIAN_POINT('',(-49.70019823788,-29.47980910425,57.4));
#48 = CARTESIAN_POINT('',(-49.36594713656,-30.05800293685,57.4));
#49 = CARTESIAN_POINT('',(-49.36594713656,-30.91703377386,57.4));
#50 = B_SPLINE_SURFACE_WITH_KNOTS('',2,1,(
    (#51,#52)
    ,(#53,#54)
    ,(#55,#56)),.UNSPECIFIED.,.F.,.F.,.F.,(3,3),(2,2),(0.,1.),(-0.6,0.),
  .PIECEWISE_BEZIER_KNOTS.);
#51 = CARTESIAN_POINT('',(-49.70019823788,-29.47980910425,56.8));
#52 = CARTESIAN_POINT('',(-49.70019823788,-29.47980910425,57.4));
#53 = CARTESIAN_POINT('',(-49.36594713656,-30.05800293685,56.8));
#54 = CARTESIAN_POINT('',(-49.36594713656,-30.05800293685,57.4));
#55 = CARTESIAN_POINT('',(-49.36594713656,-30.91703377386,56.8));
#56 = CARTESIAN_POINT('',(-49.36594713656,-30.91703377386,57.4));
#57 = ADVANCED_FACE('',(#58),#82,.F.);
#58 = FACE_BOUND('',#59,.F.);
#59 = EDGE_LOOP('',(#60,#61,#69,#76));
#60 = ORIENTED_EDGE('',*,*,#38,.T.);
#61 = ORIENTED_EDGE('',*,*,#62,.T.);
#62 = EDGE_CURVE('',#31,#63,#65,.T.);
#63 = VERTEX_POINT('',#64);
#64 = CARTESIAN_POINT('',(-49.8938472834,-32.41905286343,56.8));
#65 = B_SPLINE_CURVE_WITH_KNOTS('',2,(#66,#67,#68),.UNSPECIFIED.,.F.,.F.
  ,(3,3),(0.,1.),.PIECEWISE_BEZIER_KNOTS.);
#66 = CARTESIAN_POINT('',(-49.36594713656,-30.91703377386,56.8));
#67 = CARTESIAN_POINT('',(-49.36594713656,-31.86967694566,56.8));
#68 = CARTESIAN_POINT('',(-49.8938472834,-32.41905286343,56.8));
#69 = ORIENTED_EDGE('',*,*,#70,.F.);
#70 = EDGE_CURVE('',#71,#63,#73,.T.);
#71 = VERTEX_POINT('',#72);
#72 = CARTESIAN_POINT('',(-49.8938472834,-32.41905286343,57.4));
#73 = B_SPLINE_CURVE_WITH_KNOTS('',1,(#74,#75),.UNSPECIFIED.,.F.,.F.,(2,
    2),(0.,0.6),.PIECEWISE_BEZIER_KNOTS.);
#74 = CARTESIAN_POINT('',(-49.8938472834,-32.41905286343,57.4));
#75 = CARTESIAN_POINT('',(-49.8938472834,-32.41905286343,56.8));
#76 = ORIENTED_EDGE('',*,*,#77,.F.);
#77 = EDGE_CURVE('',#39,#71,#78,.T.);
#78 = B_SPLINE_CURVE_WITH_KNOTS('',2,(#79,#80,#81),.UNSPECIFIED.,.F.,.F.
  ,(3,3),(0.,1.),.PIECEWISE_BEZIER_KNOTS.);
#79 = CARTESIAN_POINT('',(-49.36594713656,-30.91703377386,57.4));
#80 = CARTESIAN_POINT('',(-49.36594713656,-31.86967694566,57.4));
#81 = CARTESIAN_POINT('',(-49.8938472834,-32.41905286343,57.4));
#82 = B_SPLINE_SURFACE_WITH_KNOTS('',2,1,(
    (#83,#84)
    ,(#85,#86)
    ,(#87,#88)),.UNSPECIFIED.,.F.,.F.,.F.,(3,3),(2,2),(0.,1.),(-0.6,0.),
  .PIECEWISE_BEZIER_KNOTS.);
#83 = CARTESIAN_POINT('',(-49.36594713656,-30.91703377386,56.8));
#84 = CARTESIAN_POINT('',(-49.36594713656,-30.91703377386,57.4));
#85 = CARTESIAN_POINT('',(-49.36594713656,-31.86967694566,56.8));
#86 = CARTESIAN_POINT('',(-49.36594713656,-31.86967694566,57.4));
#87 = CARTESIAN_POINT('',(-49.8938472834,-32.41905286343,56.8));
#88 = CARTESIAN_POINT('',(-49.8938472834,-32.41905286343,57.4));
#89 = ADVANCED_FACE('',(#90),#114,.F.);
#90 = FACE_BOUND('',#91,.F.);
#91 = EDGE_LOOP('',(#92,#93,#101,#108));
#92 = ORIENTED_EDGE('',*,*,#70,.T.);
#93 = ORIENTED_EDGE('',*,*,#94,.T.);
#94 = EDGE_CURVE('',#63,#95,#97,.T.);
#95 = VERTEX_POINT('',#96);
#96 = CARTESIAN_POINT('',(-51.34795888399,-32.9682452276,56.8));
#97 = B_SPLINE_CURVE_WITH_KNOTS('',2,(#98,#99,#100),.UNSPECIFIED.,.F.,
  .F.,(3,3),(0.,1.),.PIECEWISE_BEZIER_KNOTS.);
#98 = CARTESIAN_POINT('',(-49.8938472834,-32.41905286343,56.8));
#99 = CARTESIAN_POINT('',(-50.42174743025,-32.9682452276,56.8));
#100 = CARTESIAN_POINT('',(-51.34795888399,-32.9682452276,56.8));
#101 = ORIENTED_EDGE('',*,*,#102,.F.);
#102 = EDGE_CURVE('',#103,#95,#105,.T.);
#103 = VERTEX_POINT('',#104);
#104 = CARTESIAN_POINT('',(-51.34795888399,-32.9682452276,57.4));
#105 = B_SPLINE_CURVE_WITH_KNOTS('',1,(#106,#107),.UNSPECIFIED.,.F.,.F.,
  (2,2),(0.,0.6),.PIECEWISE_BEZIER_KNOTS.);
#106 = CARTESIAN_POINT('',(-51.34795888399,-32.9682452276,57.4));
#107 = CARTESIAN_POINT('',(-51.34795888399,-32.9682452276,56.8));
#108 = ORIENTED_EDGE('',*,*,#109,.F.);
#109 = EDGE_CURVE('',#71,#103,#110,.T.);
#110 = B_SPLINE_CURVE_WITH_KNOTS('',2,(#111,#112,#113),.UNSPECIFIED.,.F.
  ,.F.,(3,3),(0.,1.),.PIECEWISE_BEZIER_KNOTS.);
#111 = CARTESIAN_POINT('',(-49.8938472834,-32.41905286343,57.4));
#112 = CARTESIAN_POINT('',(-50.42174743025,-32.9682452276,57.4));
#113 = CARTESIAN_POINT('',(-51.34795888399,-32.9682452276,57.4));
#114 = B_SPLINE_SURFACE_WITH_KNOTS('',2,1,(
    (#115,#116)
    ,(#117,#118)
    ,(#119,#120
    )),.UNSPECIFIED.,.F.,.F.,.F.,(3,3),(2,2),(0.,1.),(-0.6,0.),
  .PIECEWISE_BEZIER_KNOTS.);
#115 = CARTESIAN_POINT('',(-49.8938472834,-32.41905286343,56.8));
#116 = CARTESIAN_POINT('',(-49.8938472834,-32.41905286343,57.4));
#117 = CARTESIAN_POINT('',(-50.42174743025,-32.9682452276,56.8));
#118 = CARTESIAN_POINT('',(-50.42174743025,-32.9682452276,57.4));
#119 = CARTESIAN_POINT('',(-51.34795888399,-32.9682452276,56.8));
#120 = CARTESIAN_POINT('',(-51.34795888399,-32.9682452276,57.4));
#121 = ADVANCED_FACE('',(#122),#146,.F.);
#122 = FACE_BOUND('',#123,.F.);
#123 = EDGE_LOOP('',(#124,#125,#133,#140));
#124 = ORIENTED_EDGE('',*,*,#102,.T.);
#125 = ORIENTED_EDGE('',*,*,#126,.T.);
#126 = EDGE_CURVE('',#95,#127,#129,.T.);
#127 = VERTEX_POINT('',#128);
#128 = CARTESIAN_POINT('',(-52.86686490455,-32.36802496328,56.8));
#129 = B_SPLINE_CURVE_WITH_KNOTS('',2,(#130,#131,#132),.UNSPECIFIED.,.F.
  ,.F.,(3,3),(0.,1.),.PIECEWISE_BEZIER_KNOTS.);
#130 = CARTESIAN_POINT('',(-51.34795888399,-32.9682452276,56.8));
#131 = CARTESIAN_POINT('',(-52.27967694566,-32.9682452276,56.8));
#132 = CARTESIAN_POINT('',(-52.86686490455,-32.36802496328,56.8));
#133 = ORIENTED_EDGE('',*,*,#134,.F.);
#134 = EDGE_CURVE('',#135,#127,#137,.T.);
#135 = VERTEX_POINT('',#136);
#136 = CARTESIAN_POINT('',(-52.86686490455,-32.36802496328,57.4));
#137 = B_SPLINE_CURVE_WITH_KNOTS('',1,(#138,#139),.UNSPECIFIED.,.F.,.F.,
  (2,2),(0.,0.6),.PIECEWISE_BEZIER_KNOTS.);
#138 = CARTESIAN_POINT('',(-52.86686490455,-32.36802496328,57.4));
#139 = CARTESIAN_POINT('',(-52.86686490455,-32.36802496328,56.8));
#140 = ORIENTED_EDGE('',*,*,#141,.F.);
#141 = EDGE_CURVE('',#103,#135,#142,.T.);
#142 = B_SPLINE_CURVE_WITH_KNOTS('',2,(#143,#144,#145),.UNSPECIFIED.,.F.
  ,.F.,(3,3),(0.,1.),.PIECEWISE_BEZIER_KNOTS.);
#143 = CARTESIAN_POINT('',(-51.34795888399,-32.9682452276,57.4));
#144 = CARTESIAN_POINT('',(-52.27967694566,-32.9682452276,57.4));
#145 = CARTESIAN_POINT('',(-52.86686490455,-32.36802496328,57.4));
#146 = B_SPLINE_SURFACE_WITH_KNOTS('',2,1,(
    (#147,#148)
    ,(#149,#150)
    ,(#151,#152
    )),.UNSPECIFIED.,.F.,.F.,.F.,(3,3),(2,2),(0.,1.),(-0.6,0.),
  .PIECEWISE_BEZIER_KNOTS.);
#147 = CARTESIAN_POINT('',(-51.34795888399,-32.9682452276,56.8));
#148 = CARTESIAN_POINT('',(-51.34795888399,-32.9682452276,57.4));
#149 = CARTESIAN_POINT('',(-52.27967694566,-32.9682452276,56.8));
#150 = CARTESIAN_POINT('',(-52.27967694566,-32.9682452276,57.4));
#151 = CARTESIAN_POINT('',(-52.86686490455,-32.36802496328,56.8));
#152 = CARTESIAN_POINT('',(-52.86686490455,-32.36802496328,57.4));
#153 = ADVANCED_FACE('',(#154),#178,.F.);
#154 = FACE_BOUND('',#155,.F.);
#155 = EDGE_LOOP('',(#156,#157,#165,#172));
#156 = ORIENTED_EDGE('',*,*,#134,.T.);
#157 = ORIENTED_EDGE('',*,*,#158,.T.);
#158 = EDGE_CURVE('',#127,#159,#161,.T.);
#159 = VERTEX_POINT('',#160);
#160 = CARTESIAN_POINT('',(-53.45405286343,-30.77110866373,56.8));
#161 = B_SPLINE_CURVE_WITH_KNOTS('',2,(#162,#163,#164),.UNSPECIFIED.,.F.
  ,.F.,(3,3),(0.,1.),.PIECEWISE_BEZIER_KNOTS.);
#162 = CARTESIAN_POINT('',(-52.86686490455,-32.36802496328,56.8));
#163 = CARTESIAN_POINT('',(-53.45405286343,-31.76780469897,56.8));
#164 = CARTESIAN_POINT('',(-53.45405286343,-30.77110866373,56.8));
#165 = ORIENTED_EDGE('',*,*,#166,.F.);
#166 = EDGE_CURVE('',#167,#159,#169,.T.);
#167 = VERTEX_POINT('',#168);
#168 = CARTESIAN_POINT('',(-53.45405286343,-30.77110866373,57.4));
#169 = B_SPLINE_CURVE_WITH_KNOTS('',1,(#170,#171),.UNSPECIFIED.,.F.,.F.,
  (2,2),(0.,0.6),.PIECEWISE_BEZIER_KNOTS.);
#170 = CARTESIAN_POINT('',(-53.45405286343,-30.77110866373,57.4));
#171 = CARTESIAN_POINT('',(-53.45405286343,-30.77110866373,56.8));
#172 = ORIENTED_EDGE('',*,*,#173,.F.);
#173 = EDGE_CURVE('',#135,#167,#174,.T.);
#174 = B_SPLINE_CURVE_WITH_KNOTS('',2,(#175,#176,#177),.UNSPECIFIED.,.F.
  ,.F.,(3,3),(0.,1.),.PIECEWISE_BEZIER_KNOTS.);
#175 = CARTESIAN_POINT('',(-52.86686490455,-32.36802496328,57.4));
#176 = CARTESIAN_POINT('',(-53.45405286343,-31.76780469897,57.4));
#177 = CARTESIAN_POINT('',(-53.45405286343,-30.77110866373,57.4));
#178 = B_SPLINE_SURFACE_WITH_KNOTS('',2,1,(
    (#179,#180)
    ,(#181,#182)
    ,(#183,#184
    )),.UNSPECIFIED.,.F.,.F.,.F.,(3,3),(2,2),(0.,1.),(-0.6,0.),
  .PIECEWISE_BEZIER_KNOTS.);
#179 = CARTESIAN_POINT('',(-52.86686490455,-32.36802496328,56.8));
#180 = CARTESIAN_POINT('',(-52.86686490455,-32.36802496328,57.4));
#181 = CARTESIAN_POINT('',(-53.45405286343,-31.76780469897,56.8));
#182 = CARTESIAN_POINT('',(-53.45405286343,-31.76780469897,57.4));
#183 = CARTESIAN_POINT('',(-53.45405286343,-30.77110866373,56.8));
#184 = CARTESIAN_POINT('',(-53.45405286343,-30.77110866373,57.4));
#185 = ADVANCED_FACE('',(#186),#210,.F.);
#186 = FACE_BOUND('',#187,.F.);
#187 = EDGE_LOOP('',(#188,#189,#197,#204));
#188 = ORIENTED_EDGE('',*,*,#166,.T.);
#189 = ORIENTED_EDGE('',*,*,#190,.T.);
#190 = EDGE_CURVE('',#159,#191,#193,.T.);
#191 = VERTEX_POINT('',#192);
#192 = CARTESIAN_POINT('',(-53.28022760646,-29.66428046989,56.8));
#193 = B_SPLINE_CURVE_WITH_KNOTS('',2,(#194,#195,#196),.UNSPECIFIED.,.F.
  ,.F.,(3,3),(0.,1.),.PIECEWISE_BEZIER_KNOTS.);
#194 = CARTESIAN_POINT('',(-53.45405286343,-30.77110866373,56.8));
#195 = CARTESIAN_POINT('',(-53.45405286343,-30.14335535976,56.8));
#196 = CARTESIAN_POINT('',(-53.28022760646,-29.66428046989,56.8));
#197 = ORIENTED_EDGE('',*,*,#198,.F.);
#198 = EDGE_CURVE('',#199,#191,#201,.T.);
#199 = VERTEX_POINT('',#200);
#200 = CARTESIAN_POINT('',(-53.28022760646,-29.66428046989,57.4));
#201 = B_SPLINE_CURVE_WITH_KNOTS('',1,(#202,#203),.UNSPECIFIED.,.F.,.F.,
  (2,2),(0.,0.6),.PIECEWISE_BEZIER_KNOTS.);
#202 = CARTESIAN_POINT('',(-53.28022760646,-29.66428046989,57.4));
#203 = CARTESIAN_POINT('',(-53.28022760646,-29.66428046989,56.8));
#204 = ORIENTED_EDGE('',*,*,#205,.F.);
#205 = EDGE_CURVE('',#167,#199,#206,.T.);
#206 = B_SPLINE_CURVE_WITH_KNOTS('',2,(#207,#208,#209),.UNSPECIFIED.,.F.
  ,.F.,(3,3),(0.,1.),.PIECEWISE_BEZIER_KNOTS.);
#207 = CARTESIAN_POINT('',(-53.45405286343,-30.77110866373,57.4));
#208 = CARTESIAN_POINT('',(-53.45405286343,-30.14335535976,57.4));
#209 = CARTESIAN_POINT('',(-53.28022760646,-29.66428046989,57.4));
#210 = B_SPLINE_SURFACE_WITH_KNOTS('',2,1,(
    (#211,#212)
    ,(#213,#214)
    ,(#215,#216
    )),.UNSPECIFIED.,.F.,.F.,.F.,(3,3),(2,2),(0.,1.),(-0.6,0.),
  .PIECEWISE_BEZIER_KNOTS.);
#211 = CARTESIAN_POINT('',(-53.45405286343,-30.77110866373,56.8));
#212 = CARTESIAN_POINT('',(-53.45405286343,-30.77110866373,57.4));
#213 = CARTESIAN_POINT('',(-53.45405286343,-30.14335535976,56.8));
#214 = CARTESIAN_POINT('',(-53.45405286343,-30.14335535976,57.4));
#215 = CARTESIAN_POINT('',(-53.28022760646,-29.66428046989,56.8));
#216 = CARTESIAN_POINT('',(-53.28022760646,-29.66428046989,57.4));
#217 = ADVANCED_FACE('',(#218),#240,.F.);
#218 = FACE_BOUND('',#219,.F.);
#219 = EDGE_LOOP('',(#220,#221,#228,#235));
#220 = ORIENTED_EDGE('',*,*,#198,.T.);
#221 = ORIENTED_EDGE('',*,*,#222,.T.);
#222 = EDGE_CURVE('',#191,#223,#225,.T.);
#223 = VERTEX_POINT('',#224);
#224 = CARTESIAN_POINT('',(-52.44377386196,-29.66428046989,56.8));
#225 = B_SPLINE_CURVE_WITH_KNOTS('',1,(#226,#227),.UNSPECIFIED.,.F.,.F.,
  (2,2),(0.,0.836453744493),.PIECEWISE_BEZIER_KNOTS.);
#226 = CARTESIAN_POINT('',(-53.28022760646,-29.66428046989,56.8));
#227 = CARTESIAN_POINT('',(-52.44377386196,-29.66428046989,56.8));
#228 = ORIENTED_EDGE('',*,*,#229,.F.);
#229 = EDGE_CURVE('',#230,#223,#232,.T.);
#230 = VERTEX_POINT('',#231);
#231 = CARTESIAN_POINT('',(-52.44377386196,-29.66428046989,57.4));
#232 = B_SPLINE_CURVE_WITH_KNOTS('',1,(#233,#234),.UNSPECIFIED.,.F.,.F.,
  (2,2),(0.,0.6),.PIECEWISE_BEZIER_KNOTS.);
#233 = CARTESIAN_POINT('',(-52.44377386196,-29.66428046989,57.4));
#234 = CARTESIAN_POINT('',(-52.44377386196,-29.66428046989,56.8));
#235 = ORIENTED_EDGE('',*,*,#236,.F.);
#236 = EDGE_CURVE('',#199,#230,#237,.T.);
#237 = B_SPLINE_CURVE_WITH_KNOTS('',1,(#238,#239),.UNSPECIFIED.,.F.,.F.,
  (2,2),(0.,0.836453744493),.PIECEWISE_BEZIER_KNOTS.);
#238 = CARTESIAN_POINT('',(-53.28022760646,-29.66428046989,57.4));
#239 = CARTESIAN_POINT('',(-52.44377386196,-29.66428046989,57.4));
#240 = B_SPLINE_SURFACE_WITH_KNOTS('',1,1,(
    (#241,#242)
    ,(#243,#244
    )),.UNSPECIFIED.,.F.,.F.,.F.,(2,2),(2,2),(0.,0.836453744493),(-0.6,
    0.),.PIECEWISE_BEZIER_KNOTS.);
#241 = CARTESIAN_POINT('',(-53.28022760646,-29.66428046989,56.8));
#242 = CARTESIAN_POINT('',(-53.28022760646,-29.66428046989,57.4));
#243 = CARTESIAN_POINT('',(-52.44377386196,-29.66428046989,56.8));
#244 = CARTESIAN_POINT('',(-52.44377386196,-29.66428046989,57.4));
#245 = ADVANCED_FACE('',(#246),#270,.F.);
#246 = FACE_BOUND('',#247,.F.);
#247 = EDGE_LOOP('',(#248,#249,#257,#264));
#248 = ORIENTED_EDGE('',*,*,#229,.T.);
#249 = ORIENTED_EDGE('',*,*,#250,.T.);
#250 = EDGE_CURVE('',#223,#251,#253,.T.);
#251 = VERTEX_POINT('',#252);
#252 = CARTESIAN_POINT('',(-52.71066079295,-30.78212187958,56.8));
#253 = B_SPLINE_CURVE_WITH_KNOTS('',2,(#254,#255,#256),.UNSPECIFIED.,.F.
  ,.F.,(3,3),(0.,1.),.PIECEWISE_BEZIER_KNOTS.);
#254 = CARTESIAN_POINT('',(-52.44377386196,-29.66428046989,56.8));
#255 = CARTESIAN_POINT('',(-52.71066079295,-30.12132892804,56.8));
#256 = CARTESIAN_POINT('',(-52.71066079295,-30.78212187958,56.8));
#257 = ORIENTED_EDGE('',*,*,#258,.F.);
#258 = EDGE_CURVE('',#259,#251,#261,.T.);
#259 = VERTEX_POINT('',#260);
#260 = CARTESIAN_POINT('',(-52.71066079295,-30.78212187958,57.4));
#261 = B_SPLINE_CURVE_WITH_KNOTS('',1,(#262,#263),.UNSPECIFIED.,.F.,.F.,
  (2,2),(0.,0.6),.PIECEWISE_BEZIER_KNOTS.);
#262 = CARTESIAN_POINT('',(-52.71066079295,-30.78212187958,57.4));
#263 = CARTESIAN_POINT('',(-52.71066079295,-30.78212187958,56.8));
#264 = ORIENTED_EDGE('',*,*,#265,.F.);
#265 = EDGE_CURVE('',#230,#259,#266,.T.);
#266 = B_SPLINE_CURVE_WITH_KNOTS('',2,(#267,#268,#269),.UNSPECIFIED.,.F.
  ,.F.,(3,3),(0.,1.),.PIECEWISE_BEZIER_KNOTS.);
#267 = CARTESIAN_POINT('',(-52.44377386196,-29.66428046989,57.4));
#268 = CARTESIAN_POINT('',(-52.71066079295,-30.12132892804,57.4));
#269 = CARTESIAN_POINT('',(-52.71066079295,-30.78212187958,57.4));
#270 = B_SPLINE_SURFACE_WITH_KNOTS('',2,1,(
    (#271,#272)
    ,(#273,#274)
    ,(#275,#276
    )),.UNSPECIFIED.,.F.,.F.,.F.,(3,3),(2,2),(0.,1.),(-0.6,0.),
  .PIECEWISE_BEZIER_KNOTS.);
#271 = CARTESIAN_POINT('',(-52.44377386196,-29.66428046989,56.8));
#272 = CARTESIAN_POINT('',(-52.44377386196,-29.66428046989,57.4));
#273 = CARTESIAN_POINT('',(-52.71066079295,-30.12132892804,56.8));
#274 = CARTESIAN_POINT('',(-52.71066079295,-30.12132892804,57.4));
#275 = CARTESIAN_POINT('',(-52.71066079295,-30.78212187958,56.8));
#276 = CARTESIAN_POINT('',(-52.71066079295,-30.78212187958,57.4));
#277 = ADVANCED_FACE('',(#278),#302,.F.);
#278 = FACE_BOUND('',#279,.F.);
#279 = EDGE_LOOP('',(#280,#281,#289,#296));
#280 = ORIENTED_EDGE('',*,*,#258,.T.);
#281 = ORIENTED_EDGE('',*,*,#282,.T.);
#282 = EDGE_CURVE('',#251,#283,#285,.T.);
#283 = VERTEX_POINT('',#284);
#284 = CARTESIAN_POINT('',(-52.35071218795,-31.68392070484,56.8));
#285 = B_SPLINE_CURVE_WITH_KNOTS('',2,(#286,#287,#288),.UNSPECIFIED.,.F.
  ,.F.,(3,3),(0.,1.),.PIECEWISE_BEZIER_KNOTS.);
#286 = CARTESIAN_POINT('',(-52.71066079295,-30.78212187958,56.8));
#287 = CARTESIAN_POINT('',(-52.71066079295,-31.3355359765,56.8));
#288 = CARTESIAN_POINT('',(-52.35071218795,-31.68392070484,56.8));
#289 = ORIENTED_EDGE('',*,*,#290,.F.);
#290 = EDGE_CURVE('',#291,#283,#293,.T.);
#291 = VERTEX_POINT('',#292);
#292 = CARTESIAN_POINT('',(-52.35071218795,-31.68392070484,57.4));
#293 = B_SPLINE_CURVE_WITH_KNOTS('',1,(#294,#295),.UNSPECIFIED.,.F.,.F.,
  (2,2),(0.,0.6),.PIECEWISE_BEZIER_KNOTS.);
#294 = CARTESIAN_POINT('',(-52.35071218795,-31.68392070484,57.4));
#295 = CARTESIAN_POINT('',(-52.35071218795,-31.68392070484,56.8));
#296 = ORIENTED_EDGE('',*,*,#297,.F.);
#297 = EDGE_CURVE('',#259,#291,#298,.T.);
#298 = B_SPLINE_CURVE_WITH_KNOTS('',2,(#299,#300,#301),.UNSPECIFIED.,.F.
  ,.F.,(3,3),(0.,1.),.PIECEWISE_BEZIER_KNOTS.);
#299 = CARTESIAN_POINT('',(-52.71066079295,-30.78212187958,57.4));
#300 = CARTESIAN_POINT('',(-52.71066079295,-31.3355359765,57.4));
#301 = CARTESIAN_POINT('',(-52.35071218795,-31.68392070484,57.4));
#302 = B_SPLINE_SURFACE_WITH_KNOTS('',2,1,(
    (#303,#304)
    ,(#305,#306)
    ,(#307,#308
    )),.UNSPECIFIED.,.F.,.F.,.F.,(3,3),(2,2),(0.,1.),(-0.6,0.),
  .PIECEWISE_BEZIER_KNOTS.);
#303 = CARTESIAN_POINT('',(-52.71066079295,-30.78212187958,56.8));
#304 = CARTESIAN_POINT('',(-52.71066079295,-30.78212187958,57.4));
#305 = CARTESIAN_POINT('',(-52.71066079295,-31.3355359765,56.8));
#306 = CARTESIAN_POINT('',(-52.71066079295,-31.3355359765,57.4));
#307 = CARTESIAN_POINT('',(-52.35071218795,-31.68392070484,56.8));
#308 = CARTESIAN_POINT('',(-52.35071218795,-31.68392070484,57.4));
#309 = ADVANCED_FACE('',(#310),#334,.F.);
#310 = FACE_BOUND('',#311,.F.);
#311 = EDGE_LOOP('',(#312,#313,#321,#328));
#312 = ORIENTED_EDGE('',*,*,#290,.T.);
#313 = ORIENTED_EDGE('',*,*,#314,.T.);
#314 = EDGE_CURVE('',#283,#315,#317,.T.);
#315 = VERTEX_POINT('',#316);
#316 = CARTESIAN_POINT('',(-51.38925844346,-32.03212187958,56.8));
#317 = B_SPLINE_CURVE_WITH_KNOTS('',2,(#318,#319,#320),.UNSPECIFIED.,.F.
  ,.F.,(3,3),(0.,1.),.PIECEWISE_BEZIER_KNOTS.);
#318 = CARTESIAN_POINT('',(-52.35071218795,-31.68392070484,56.8));
#319 = CARTESIAN_POINT('',(-51.99076358296,-32.03212187958,56.8));
#320 = CARTESIAN_POINT('',(-51.38925844346,-32.03212187958,56.8));
#321 = ORIENTED_EDGE('',*,*,#322,.F.);
#322 = EDGE_CURVE('',#323,#315,#325,.T.);
#323 = VERTEX_POINT('',#324);
#324 = CARTESIAN_POINT('',(-51.38925844346,-32.03212187958,57.4));
#325 = B_SPLINE_CURVE_WITH_KNOTS('',1,(#326,#327),.UNSPECIFIED.,.F.,.F.,
  (2,2),(0.,0.6),.PIECEWISE_BEZIER_KNOTS.);
#326 = CARTESIAN_POINT('',(-51.38925844346,-32.03212187958,57.4));
#327 = CARTESIAN_POINT('',(-51.38925844346,-32.03212187958,56.8));
#328 = ORIENTED_EDGE('',*,*,#329,.F.);
#329 = EDGE_CURVE('',#291,#323,#330,.T.);
#330 = B_SPLINE_CURVE_WITH_KNOTS('',2,(#331,#332,#333),.UNSPECIFIED.,.F.
  ,.F.,(3,3),(0.,1.),.PIECEWISE_BEZIER_KNOTS.);
#331 = CARTESIAN_POINT('',(-52.35071218795,-31.68392070484,57.4));
#332 = CARTESIAN_POINT('',(-51.99076358296,-32.03212187958,57.4));
#333 = CARTESIAN_POINT('',(-51.38925844346,-32.03212187958,57.4));
#334 = B_SPLINE_SURFACE_WITH_KNOTS('',2,1,(
    (#335,#336)
    ,(#337,#338)
    ,(#339,#340
    )),.UNSPECIFIED.,.F.,.F.,.F.,(3,3),(2,2),(0.,1.),(-0.6,0.),
  .PIECEWISE_BEZIER_KNOTS.);
#335 = CARTESIAN_POINT('',(-52.35071218795,-31.68392070484,56.8));
#336 = CARTESIAN_POINT('',(-52.35071218795,-31.68392070484,57.4));
#337 = CARTESIAN_POINT('',(-51.99076358296,-32.03212187958,56.8));
#338 = CARTESIAN_POINT('',(-51.99076358296,-32.03212187958,57.4));
#339 = CARTESIAN_POINT('',(-51.38925844346,-32.03212187958,56.8));
#340 = CARTESIAN_POINT('',(-51.38925844346,-32.03212187958,57.4));
#341 = ADVANCED_FACE('',(#342),#366,.F.);
#342 = FACE_BOUND('',#343,.F.);
#343 = EDGE_LOOP('',(#344,#345,#353,#360));
#344 = ORIENTED_EDGE('',*,*,#322,.T.);
#345 = ORIENTED_EDGE('',*,*,#346,.T.);
#346 = EDGE_CURVE('',#315,#347,#349,.T.);
#347 = VERTEX_POINT('',#348);
#348 = CARTESIAN_POINT('',(-50.44579295154,-31.71971365638,56.8));
#349 = B_SPLINE_CURVE_WITH_KNOTS('',2,(#350,#351,#352),.UNSPECIFIED.,.F.
  ,.F.,(3,3),(0.,1.),.PIECEWISE_BEZIER_KNOTS.);
#350 = CARTESIAN_POINT('',(-51.38925844346,-32.03212187958,56.8));
#351 = CARTESIAN_POINT('',(-50.77967694566,-32.03212187958,56.8));
#352 = CARTESIAN_POINT('',(-50.44579295154,-31.71971365638,56.8));
#353 = ORIENTED_EDGE('',*,*,#354,.F.);
#354 = EDGE_CURVE('',#355,#347,#357,.T.);
#355 = VERTEX_POINT('',#356);
#356 = CARTESIAN_POINT('',(-50.44579295154,-31.71971365638,57.4));
#357 = B_SPLINE_CURVE_WITH_KNOTS('',1,(#358,#359),.UNSPECIFIED.,.F.,.F.,
  (2,2),(0.,0.6),.PIECEWISE_BEZIER_KNOTS.);
#358 = CARTESIAN_POINT('',(-50.44579295154,-31.71971365638,57.4));
#359 = CARTESIAN_POINT('',(-50.44579295154,-31.71971365638,56.8));
#360 = ORIENTED_EDGE('',*,*,#361,.F.);
#361 = EDGE_CURVE('',#323,#355,#362,.T.);
#362 = B_SPLINE_CURVE_WITH_KNOTS('',2,(#363,#364,#365),.UNSPECIFIED.,.F.
  ,.F.,(3,3),(0.,1.),.PIECEWISE_BEZIER_KNOTS.);
#363 = CARTESIAN_POINT('',(-51.38925844346,-32.03212187958,57.4));
#364 = CARTESIAN_POINT('',(-50.77967694566,-32.03212187958,57.4));
#365 = CARTESIAN_POINT('',(-50.44579295154,-31.71971365638,57.4));
#366 = B_SPLINE_SURFACE_WITH_KNOTS('',2,1,(
    (#367,#368)
    ,(#369,#370)
    ,(#371,#372
    )),.UNSPECIFIED.,.F.,.F.,.F.,(3,3),(2,2),(0.,1.),(-0.6,0.),
  .PIECEWISE_BEZIER_KNOTS.);
#367 = CARTESIAN_POINT('',(-51.38925844346,-32.03212187958,56.8));
#368 = CARTESIAN_POINT('',(-51.38925844346,-32.03212187958,57.4));
#369 = CARTESIAN_POINT('',(-50.77967694566,-32.03212187958,56.8));
#370 = CARTESIAN_POINT('',(-50.77967694566,-32.03212187958,57.4));
#371 = CARTESIAN_POINT('',(-50.44579295154,-31.71971365638,56.8));
#372 = CARTESIAN_POINT('',(-50.44579295154,-31.71971365638,57.4));
#373 = ADVANCED_FACE('',(#374),#398,.F.);
#374 = FACE_BOUND('',#375,.F.);
#375 = EDGE_LOOP('',(#376,#377,#385,#392));
#376 = ORIENTED_EDGE('',*,*,#354,.T.);
#377 = ORIENTED_EDGE('',*,*,#378,.T.);
#378 = EDGE_CURVE('',#347,#379,#381,.T.);
#379 = VERTEX_POINT('',#380);
#380 = CARTESIAN_POINT('',(-50.11209251101,-30.87573421439,56.8));
#381 = B_SPLINE_CURVE_WITH_KNOTS('',2,(#382,#383,#384),.UNSPECIFIED.,.F.
  ,.F.,(3,3),(0.,1.),.PIECEWISE_BEZIER_KNOTS.);
#382 = CARTESIAN_POINT('',(-50.44579295154,-31.71971365638,56.8));
#383 = CARTESIAN_POINT('',(-50.11209251101,-31.40712187958,56.8));
#384 = CARTESIAN_POINT('',(-50.11209251101,-30.87573421439,56.8));
#385 = ORIENTED_EDGE('',*,*,#386,.F.);
#386 = EDGE_CURVE('',#387,#379,#389,.T.);
#387 = VERTEX_POINT('',#388);
#388 = CARTESIAN_POINT('',(-50.11209251101,-30.87573421439,57.4));
#389 = B_SPLINE_CURVE_WITH_KNOTS('',1,(#390,#391),.UNSPECIFIED.,.F.,.F.,
  (2,2),(0.,0.6),.PIECEWISE_BEZIER_KNOTS.);
#390 = CARTESIAN_POINT('',(-50.11209251101,-30.87573421439,57.4));
#391 = CARTESIAN_POINT('',(-50.11209251101,-30.87573421439,56.8));
#392 = ORIENTED_EDGE('',*,*,#393,.F.);
#393 = EDGE_CURVE('',#355,#387,#394,.T.);
#394 = B_SPLINE_CURVE_WITH_KNOTS('',2,(#395,#396,#397),.UNSPECIFIED.,.F.
  ,.F.,(3,3),(0.,1.),.PIECEWISE_BEZIER_KNOTS.);
#395 = CARTESIAN_POINT('',(-50.44579295154,-31.71971365638,57.4));
#396 = CARTESIAN_POINT('',(-50.11209251101,-31.40712187958,57.4));
#397 = CARTESIAN_POINT('',(-50.11209251101,-30.87573421439,57.4));
#398 = B_SPLINE_SURFACE_WITH_KNOTS('',2,1,(
    (#399,#400)
    ,(#401,#402)
    ,(#403,#404
    )),.UNSPECIFIED.,.F.,.F.,.F.,(3,3),(2,2),(0.,1.),(-0.6,0.),
  .PIECEWISE_BEZIER_KNOTS.);
#399 = CARTESIAN_POINT('',(-50.44579295154,-31.71971365638,56.8));
#400 = CARTESIAN_POINT('',(-50.44579295154,-31.71971365638,57.4));
#401 = CARTESIAN_POINT('',(-50.11209251101,-31.40712187958,56.8));
#402 = CARTESIAN_POINT('',(-50.11209251101,-31.40712187958,57.4));
#403 = CARTESIAN_POINT('',(-50.11209251101,-30.87573421439,56.8));
#404 = CARTESIAN_POINT('',(-50.11209251101,-30.87573421439,57.4));
#405 = ADVANCED_FACE('',(#406),#430,.F.);
#406 = FACE_BOUND('',#407,.F.);
#407 = EDGE_LOOP('',(#408,#409,#417,#424));
#408 = ORIENTED_EDGE('',*,*,#386,.T.);
#409 = ORIENTED_EDGE('',*,*,#410,.T.);
#410 = EDGE_CURVE('',#379,#411,#413,.T.);
#411 = VERTEX_POINT('',#412);
#412 = CARTESIAN_POINT('',(-50.20368575624,-30.36912628487,56.8));
#413 = B_SPLINE_CURVE_WITH_KNOTS('',2,(#414,#415,#416),.UNSPECIFIED.,.F.
  ,.F.,(3,3),(0.,1.),.PIECEWISE_BEZIER_KNOTS.);
#414 = CARTESIAN_POINT('',(-50.11209251101,-30.87573421439,56.8));
#415 = CARTESIAN_POINT('',(-50.11209251101,-30.55635095447,56.8));
#416 = CARTESIAN_POINT('',(-50.20368575624,-30.36912628487,56.8));
#417 = ORIENTED_EDGE('',*,*,#418,.F.);
#418 = EDGE_CURVE('',#419,#411,#421,.T.);
#419 = VERTEX_POINT('',#420);
#420 = CARTESIAN_POINT('',(-50.20368575624,-30.36912628487,57.4));
#421 = B_SPLINE_CURVE_WITH_KNOTS('',1,(#422,#423),.UNSPECIFIED.,.F.,.F.,
  (2,2),(0.,0.6),.PIECEWISE_BEZIER_KNOTS.);
#422 = CARTESIAN_POINT('',(-50.20368575624,-30.36912628487,57.4));
#423 = CARTESIAN_POINT('',(-50.20368575624,-30.36912628487,56.8));
#424 = ORIENTED_EDGE('',*,*,#425,.F.);
#425 = EDGE_CURVE('',#387,#419,#426,.T.);
#426 = B_SPLINE_CURVE_WITH_KNOTS('',2,(#427,#428,#429),.UNSPECIFIED.,.F.
  ,.F.,(3,3),(0.,1.),.PIECEWISE_BEZIER_KNOTS.);
#427 = CARTESIAN_POINT('',(-50.11209251101,-30.87573421439,57.4));
#428 = CARTESIAN_POINT('',(-50.11209251101,-30.55635095447,57.4));
#429 = CARTESIAN_POINT('',(-50.20368575624,-30.36912628487,57.4));
#430 = B_SPLINE_SURFACE_WITH_KNOTS('',2,1,(
    (#431,#432)
    ,(#433,#434)
    ,(#435,#436
    )),.UNSPECIFIED.,.F.,.F.,.F.,(3,3),(2,2),(0.,1.),(-0.6,0.),
  .PIECEWISE_BEZIER_KNOTS.);
#431 = CARTESIAN_POINT('',(-50.11209251101,-30.87573421439,56.8));
#432 = CARTESIAN_POINT('',(-50.11209251101,-30.87573421439,57.4));
#433 = CARTESIAN_POINT('',(-50.11209251101,-30.55635095447,56.8));
#434 = CARTESIAN_POINT('',(-50.11209251101,-30.55635095447,57.4));
#435 = CARTESIAN_POINT('',(-50.20368575624,-30.36912628487,56.8));
#436 = CARTESIAN_POINT('',(-50.20368575624,-30.36912628487,57.4));
#437 = ADVANCED_FACE('',(#438),#460,.F.);
#438 = FACE_BOUND('',#439,.F.);
#439 = EDGE_LOOP('',(#440,#441,#448,#455));
#440 = ORIENTED_EDGE('',*,*,#418,.T.);
#441 = ORIENTED_EDGE('',*,*,#442,.T.);
#442 = EDGE_CURVE('',#411,#443,#445,.T.);
#443 = VERTEX_POINT('',#444);
#444 = CARTESIAN_POINT('',(-50.98158590308,-30.36912628487,56.8));
#445 = B_SPLINE_CURVE_WITH_KNOTS('',1,(#446,#447),.UNSPECIFIED.,.F.,.F.,
  (2,2),(0.,0.777900146843),.PIECEWISE_BEZIER_KNOTS.);
#446 = CARTESIAN_POINT('',(-50.20368575624,-30.36912628487,56.8));
#447 = CARTESIAN_POINT('',(-50.98158590308,-30.36912628487,56.8));
#448 = ORIENTED_EDGE('',*,*,#449,.F.);
#449 = EDGE_CURVE('',#450,#443,#452,.T.);
#450 = VERTEX_POINT('',#451);
#451 = CARTESIAN_POINT('',(-50.98158590308,-30.36912628487,57.4));
#452 = B_SPLINE_CURVE_WITH_KNOTS('',1,(#453,#454),.UNSPECIFIED.,.F.,.F.,
  (2,2),(0.,0.6),.PIECEWISE_BEZIER_KNOTS.);
#453 = CARTESIAN_POINT('',(-50.98158590308,-30.36912628487,57.4));
#454 = CARTESIAN_POINT('',(-50.98158590308,-30.36912628487,56.8));
#455 = ORIENTED_EDGE('',*,*,#456,.F.);
#456 = EDGE_CURVE('',#419,#450,#457,.T.);
#457 = B_SPLINE_CURVE_WITH_KNOTS('',1,(#458,#459),.UNSPECIFIED.,.F.,.F.,
  (2,2),(0.,0.777900146843),.PIECEWISE_BEZIER_KNOTS.);
#458 = CARTESIAN_POINT('',(-50.20368575624,-30.36912628487,57.4));
#459 = CARTESIAN_POINT('',(-50.98158590308,-30.36912628487,57.4));
#460 = B_SPLINE_SURFACE_WITH_KNOTS('',1,1,(
    (#461,#462)
    ,(#463,#464
    )),.UNSPECIFIED.,.F.,.F.,.F.,(2,2),(2,2),(0.,0.777900146843),(-0.6,
    0.),.PIECEWISE_BEZIER_KNOTS.);
#461 = CARTESIAN_POINT('',(-50.20368575624,-30.36912628487,56.8));
#462 = CARTESIAN_POINT('',(-50.20368575624,-30.36912628487,57.4));
#463 = CARTESIAN_POINT('',(-50.98158590308,-30.36912628487,56.8));
#464 = CARTESIAN_POINT('',(-50.98158590308,-30.36912628487,57.4));
#465 = ADVANCED_FACE('',(#466),#488,.F.);
#466 = FACE_BOUND('',#467,.F.);
#467 = EDGE_LOOP('',(#468,#469,#476,#483));
#468 = ORIENTED_EDGE('',*,*,#449,.T.);
#469 = ORIENTED_EDGE('',*,*,#470,.T.);
#470 = EDGE_CURVE('',#443,#471,#473,.T.);
#471 = VERTEX_POINT('',#472);
#472 = CARTESIAN_POINT('',(-50.98158590308,-31.15932452276,56.8));
#473 = B_SPLINE_CURVE_WITH_KNOTS('',1,(#474,#475),.UNSPECIFIED.,.F.,.F.,
  (2,2),(0.,0.790198237885),.PIECEWISE_BEZIER_KNOTS.);
#474 = CARTESIAN_POINT('',(-50.98158590308,-30.36912628487,56.8));
#475 = CARTESIAN_POINT('',(-50.98158590308,-31.15932452276,56.8));
#476 = ORIENTED_EDGE('',*,*,#477,.F.);
#477 = EDGE_CURVE('',#478,#471,#480,.T.);
#478 = VERTEX_POINT('',#479);
#479 = CARTESIAN_POINT('',(-50.98158590308,-31.15932452276,57.4));
#480 = B_SPLINE_CURVE_WITH_KNOTS('',1,(#481,#482),.UNSPECIFIED.,.F.,.F.,
  (2,2),(0.,0.6),.PIECEWISE_BEZIER_KNOTS.);
#481 = CARTESIAN_POINT('',(-50.98158590308,-31.15932452276,57.4));
#482 = CARTESIAN_POINT('',(-50.98158590308,-31.15932452276,56.8));
#483 = ORIENTED_EDGE('',*,*,#484,.F.);
#484 = EDGE_CURVE('',#450,#478,#485,.T.);
#485 = B_SPLINE_CURVE_WITH_KNOTS('',1,(#486,#487),.UNSPECIFIED.,.F.,.F.,
  (2,2),(0.,0.790198237885),.PIECEWISE_BEZIER_KNOTS.);
#486 = CARTESIAN_POINT('',(-50.98158590308,-30.36912628487,57.4));
#487 = CARTESIAN_POINT('',(-50.98158590308,-31.15932452276,57.4));
#488 = B_SPLINE_SURFACE_WITH_KNOTS('',1,1,(
    (#489,#490)
    ,(#491,#492
    )),.UNSPECIFIED.,.F.,.F.,.F.,(2,2),(2,2),(0.,0.790198237885),(-0.6,
    0.),.PIECEWISE_BEZIER_KNOTS.);
#489 = CARTESIAN_POINT('',(-50.98158590308,-30.36912628487,56.8));
#490 = CARTESIAN_POINT('',(-50.98158590308,-30.36912628487,57.4));
#491 = CARTESIAN_POINT('',(-50.98158590308,-31.15932452276,56.8));
#492 = CARTESIAN_POINT('',(-50.98158590308,-31.15932452276,57.4));
#493 = ADVANCED_FACE('',(#494),#516,.F.);
#494 = FACE_BOUND('',#495,.F.);
#495 = EDGE_LOOP('',(#496,#497,#504,#511));
#496 = ORIENTED_EDGE('',*,*,#477,.T.);
#497 = ORIENTED_EDGE('',*,*,#498,.T.);
#498 = EDGE_CURVE('',#471,#499,#501,.T.);
#499 = VERTEX_POINT('',#500);
#500 = CARTESIAN_POINT('',(-51.69193832599,-31.15932452276,56.8));
#501 = B_SPLINE_CURVE_WITH_KNOTS('',1,(#502,#503),.UNSPECIFIED.,.F.,.F.,
  (2,2),(0.,0.710352422907),.PIECEWISE_BEZIER_KNOTS.);
#502 = CARTESIAN_POINT('',(-50.98158590308,-31.15932452276,56.8));
#503 = CARTESIAN_POINT('',(-51.69193832599,-31.15932452276,56.8));
#504 = ORIENTED_EDGE('',*,*,#505,.F.);
#505 = EDGE_CURVE('',#506,#499,#508,.T.);
#506 = VERTEX_POINT('',#507);
#507 = CARTESIAN_POINT('',(-51.69193832599,-31.15932452276,57.4));
#508 = B_SPLINE_CURVE_WITH_KNOTS('',1,(#509,#510),.UNSPECIFIED.,.F.,.F.,
  (2,2),(0.,0.6),.PIECEWISE_BEZIER_KNOTS.);
#509 = CARTESIAN_POINT('',(-51.69193832599,-31.15932452276,57.4));
#510 = CARTESIAN_POINT('',(-51.69193832599,-31.15932452276,56.8));
#511 = ORIENTED_EDGE('',*,*,#512,.F.);
#512 = EDGE_CURVE('',#478,#506,#513,.T.);
#513 = B_SPLINE_CURVE_WITH_KNOTS('',1,(#514,#515),.UNSPECIFIED.,.F.,.F.,
  (2,2),(0.,0.710352422907),.PIECEWISE_BEZIER_KNOTS.);
#514 = CARTESIAN_POINT('',(-50.98158590308,-31.15932452276,57.4));
#515 = CARTESIAN_POINT('',(-51.69193832599,-31.15932452276,57.4));
#516 = B_SPLINE_SURFACE_WITH_KNOTS('',1,1,(
    (#517,#518)
    ,(#519,#520
    )),.UNSPECIFIED.,.F.,.F.,.F.,(2,2),(2,2),(0.,0.710352422907),(-0.6,
    0.),.PIECEWISE_BEZIER_KNOTS.);
#517 = CARTESIAN_POINT('',(-50.98158590308,-31.15932452276,56.8));
#518 = CARTESIAN_POINT('',(-50.98158590308,-31.15932452276,57.4));
#519 = CARTESIAN_POINT('',(-51.69193832599,-31.15932452276,56.8));
#520 = CARTESIAN_POINT('',(-51.69193832599,-31.15932452276,57.4));
#521 = ADVANCED_FACE('',(#522),#544,.F.);
#522 = FACE_BOUND('',#523,.F.);
#523 = EDGE_LOOP('',(#524,#525,#532,#539));
#524 = ORIENTED_EDGE('',*,*,#505,.T.);
#525 = ORIENTED_EDGE('',*,*,#526,.T.);
#526 = EDGE_CURVE('',#499,#527,#529,.T.);
#527 = VERTEX_POINT('',#528);
#528 = CARTESIAN_POINT('',(-51.69193832599,-29.47980910425,56.8));
#529 = B_SPLINE_CURVE_WITH_KNOTS('',1,(#530,#531),.UNSPECIFIED.,.F.,.F.,
  (2,2),(0.,1.679515418502),.PIECEWISE_BEZIER_KNOTS.);
#530 = CARTESIAN_POINT('',(-51.69193832599,-31.15932452276,56.8));
#531 = CARTESIAN_POINT('',(-51.69193832599,-29.47980910425,56.8));
#532 = ORIENTED_EDGE('',*,*,#533,.F.);
#533 = EDGE_CURVE('',#534,#527,#536,.T.);
#534 = VERTEX_POINT('',#535);
#535 = CARTESIAN_POINT('',(-51.69193832599,-29.47980910425,57.4));
#536 = B_SPLINE_CURVE_WITH_KNOTS('',1,(#537,#538),.UNSPECIFIED.,.F.,.F.,
  (2,2),(0.,0.6),.PIECEWISE_BEZIER_KNOTS.);
#537 = CARTESIAN_POINT('',(-51.69193832599,-29.47980910425,57.4));
#538 = CARTESIAN_POINT('',(-51.69193832599,-29.47980910425,56.8));
#539 = ORIENTED_EDGE('',*,*,#540,.F.);
#540 = EDGE_CURVE('',#506,#534,#541,.T.);
#541 = B_SPLINE_CURVE_WITH_KNOTS('',1,(#542,#543),.UNSPECIFIED.,.F.,.F.,
  (2,2),(0.,1.679515418502),.PIECEWISE_BEZIER_KNOTS.);
#542 = CARTESIAN_POINT('',(-51.69193832599,-31.15932452276,57.4));
#543 = CARTESIAN_POINT('',(-51.69193832599,-29.47980910425,57.4));
#544 = B_SPLINE_SURFACE_WITH_KNOTS('',1,1,(
    (#545,#546)
    ,(#547,#548
    )),.UNSPECIFIED.,.F.,.F.,.F.,(2,2),(2,2),(0.,1.679515418502),(-0.6,
    0.),.PIECEWISE_BEZIER_KNOTS.);
#545 = CARTESIAN_POINT('',(-51.69193832599,-31.15932452276,56.8));
#546 = CARTESIAN_POINT('',(-51.69193832599,-31.15932452276,57.4));
#547 = CARTESIAN_POINT('',(-51.69193832599,-29.47980910425,56.8));
#548 = CARTESIAN_POINT('',(-51.69193832599,-29.47980910425,57.4));
#549 = ADVANCED_FACE('',(#550),#564,.F.);
#550 = FACE_BOUND('',#551,.F.);
#551 = EDGE_LOOP('',(#552,#553,#558,#559));
#552 = ORIENTED_EDGE('',*,*,#533,.T.);
#553 = ORIENTED_EDGE('',*,*,#554,.T.);
#554 = EDGE_CURVE('',#527,#24,#555,.T.);
#555 = B_SPLINE_CURVE_WITH_KNOTS('',1,(#556,#557),.UNSPECIFIED.,.F.,.F.,
  (2,2),(0.,1.991740088106),.PIECEWISE_BEZIER_KNOTS.);
#556 = CARTESIAN_POINT('',(-51.69193832599,-29.47980910425,56.8));
#557 = CARTESIAN_POINT('',(-49.70019823788,-29.47980910425,56.8));
#558 = ORIENTED_EDGE('',*,*,#21,.F.);
#559 = ORIENTED_EDGE('',*,*,#560,.F.);
#560 = EDGE_CURVE('',#534,#22,#561,.T.);
#561 = B_SPLINE_CURVE_WITH_KNOTS('',1,(#562,#563),.UNSPECIFIED.,.F.,.F.,
  (2,2),(0.,1.991740088106),.PIECEWISE_BEZIER_KNOTS.);
#562 = CARTESIAN_POINT('',(-51.69193832599,-29.47980910425,57.4));
#563 = CARTESIAN_POINT('',(-49.70019823788,-29.47980910425,57.4));
#564 = B_SPLINE_SURFACE_WITH_KNOTS('',1,1,(
    (#565,#566)
    ,(#567,#568
    )),.UNSPECIFIED.,.F.,.F.,.F.,(2,2),(2,2),(0.,1.991740088106),(-0.6,
    0.),.PIECEWISE_BEZIER_KNOTS.);
#565 = CARTESIAN_POINT('',(-51.69193832599,-29.47980910425,56.8));
#566 = CARTESIAN_POINT('',(-51.69193832599,-29.47980910425,57.4));
#567 = CARTESIAN_POINT('',(-49.70019823788,-29.47980910425,56.8));
#568 = CARTESIAN_POINT('',(-49.70019823788,-29.47980910425,57.4));
#569 = ADVANCED_FACE('',(#570),#590,.T.);
#570 = FACE_BOUND('',#571,.F.);
#571 = EDGE_LOOP('',(#572,#573,#574,#575,#576,#577,#578,#579,#580,#581,
    #582,#583,#584,#585,#586,#587,#588,#589));
#572 = ORIENTED_EDGE('',*,*,#45,.T.);
#573 = ORIENTED_EDGE('',*,*,#77,.T.);
#574 = ORIENTED_EDGE('',*,*,#109,.T.);
#575 = ORIENTED_EDGE('',*,*,#141,.T.);
#576 = ORIENTED_EDGE('',*,*,#173,.T.);
#577 = ORIENTED_EDGE('',*,*,#205,.T.);
#578 = ORIENTED_EDGE('',*,*,#236,.T.);
#579 = ORIENTED_EDGE('',*,*,#265,.T.);
#580 = ORIENTED_EDGE('',*,*,#297,.T.);
#581 = ORIENTED_EDGE('',*,*,#329,.T.);
#582 = ORIENTED_EDGE('',*,*,#361,.T.);
#583 = ORIENTED_EDGE('',*,*,#393,.T.);
#584 = ORIENTED_EDGE('',*,*,#425,.T.);
#585 = ORIENTED_EDGE('',*,*,#456,.T.);
#586 = ORIENTED_EDGE('',*,*,#484,.T.);
#587 = ORIENTED_EDGE('',*,*,#512,.T.);
#588 = ORIENTED_EDGE('',*,*,#540,.T.);
#589 = ORIENTED_EDGE('',*,*,#560,.T.);
#590 = B_SPLINE_SURFACE_WITH_KNOTS('',1,1,(
    (#591,#592)
    ,(#593,#594
    )),.UNSPECIFIED.,.F.,.F.,.F.,(2,2),(2,2),(-1.909888289513,
    1.578547833835),(-2.020075536075,2.068030190797),
  .PIECEWISE_BEZIER_KNOTS.);
#591 = CARTESIAN_POINT('',(-49.36594713656,-32.9682452276,57.4));
#592 = CARTESIAN_POINT('',(-53.45405286343,-32.9682452276,57.4));
#593 = CARTESIAN_POINT('',(-49.36594713656,-29.47980910425,57.4));
#594 = CARTESIAN_POINT('',(-53.45405286343,-29.47980910425,57.4));
#595 = ADVANCED_FACE('',(#596),#616,.F.);
#596 = FACE_BOUND('',#597,.T.);
#597 = EDGE_LOOP('',(#598,#599,#600,#601,#602,#603,#604,#605,#606,#607,
    #608,#609,#610,#611,#612,#613,#614,#615));
#598 = ORIENTED_EDGE('',*,*,#30,.T.);
#599 = ORIENTED_EDGE('',*,*,#62,.T.);
#600 = ORIENTED_EDGE('',*,*,#94,.T.);
#601 = ORIENTED_EDGE('',*,*,#126,.T.);
#602 = ORIENTED_EDGE('',*,*,#158,.T.);
#603 = ORIENTED_EDGE('',*,*,#190,.T.);
#604 = ORIENTED_EDGE('',*,*,#222,.T.);
#605 = ORIENTED_EDGE('',*,*,#250,.T.);
#606 = ORIENTED_EDGE('',*,*,#282,.T.);
#607 = ORIENTED_EDGE('',*,*,#314,.T.);
#608 = ORIENTED_EDGE('',*,*,#346,.T.);
#609 = ORIENTED_EDGE('',*,*,#378,.T.);
#610 = ORIENTED_EDGE('',*,*,#410,.T.);
#611 = ORIENTED_EDGE('',*,*,#442,.T.);
#612 = ORIENTED_EDGE('',*,*,#470,.T.);
#613 = ORIENTED_EDGE('',*,*,#498,.T.);
#614 = ORIENTED_EDGE('',*,*,#526,.T.);
#615 = ORIENTED_EDGE('',*,*,#554,.T.);
#616 = B_SPLINE_SURFACE_WITH_KNOTS('',1,1,(
    (#617,#618)
    ,(#619,#620
    )),.UNSPECIFIED.,.F.,.F.,.F.,(2,2),(2,2),(-1.909888289513,
    1.578547833835),(-2.020075536075,2.068030190797),
  .PIECEWISE_BEZIER_KNOTS.);
#617 = CARTESIAN_POINT('',(-49.36594713656,-32.9682452276,56.8));
#618 = CARTESIAN_POINT('',(-53.45405286343,-32.9682452276,56.8));
#619 = CARTESIAN_POINT('',(-49.36594713656,-29.47980910425,56.8));
#620 = CARTESIAN_POINT('',(-53.45405286343,-29.47980910425,56.8));
#621 = MANIFOLD_SOLID_BREP('',#622);
#622 = CLOSED_SHELL('',(#623,#659,#687,#715,#743,#771,#799,#827,#847,
    #883,#915,#943,#975,#1003,#1023,#1047));
#623 = ADVANCED_FACE('',(#624),#654,.F.);
#624 = FACE_BOUND('',#625,.F.);
#625 = EDGE_LOOP('',(#626,#635,#642,#649));
#626 = ORIENTED_EDGE('',*,*,#627,.T.);
#627 = EDGE_CURVE('',#628,#630,#632,.T.);
#628 = VERTEX_POINT('',#629);
#629 = CARTESIAN_POINT('',(-49.43643171806,-25.24265785609,57.4));
#630 = VERTEX_POINT('',#631);
#631 = CARTESIAN_POINT('',(-49.43643171806,-25.24265785609,56.8));
#632 = B_SPLINE_CURVE_WITH_KNOTS('',1,(#633,#634),.UNSPECIFIED.,.F.,.F.,
  (2,2),(0.,0.6),.PIECEWISE_BEZIER_KNOTS.);
#633 = CARTESIAN_POINT('',(-49.43643171806,-25.24265785609,57.4));
#634 = CARTESIAN_POINT('',(-49.43643171806,-25.24265785609,56.8));
#635 = ORIENTED_EDGE('',*,*,#636,.T.);
#636 = EDGE_CURVE('',#630,#637,#639,.T.);
#637 = VERTEX_POINT('',#638);
#638 = CARTESIAN_POINT('',(-49.43643171806,-26.21182085168,56.8));
#639 = B_SPLINE_CURVE_WITH_KNOTS('',1,(#640,#641),.UNSPECIFIED.,.F.,.F.,
  (2,2),(0.,0.969162995595),.PIECEWISE_BEZIER_KNOTS.);
#640 = CARTESIAN_POINT('',(-49.43643171806,-25.24265785609,56.8));
#641 = CARTESIAN_POINT('',(-49.43643171806,-26.21182085168,56.8));
#642 = ORIENTED_EDGE('',*,*,#643,.F.);
#643 = EDGE_CURVE('',#644,#637,#646,.T.);
#644 = VERTEX_POINT('',#645);
#645 = CARTESIAN_POINT('',(-49.43643171806,-26.21182085168,57.4));
#646 = B_SPLINE_CURVE_WITH_KNOTS('',1,(#647,#648),.UNSPECIFIED.,.F.,.F.,
  (2,2),(0.,0.6),.PIECEWISE_BEZIER_KNOTS.);
#647 = CARTESIAN_POINT('',(-49.43643171806,-26.21182085168,57.4));
#648 = CARTESIAN_POINT('',(-49.43643171806,-26.21182085168,56.8));
#649 = ORIENTED_EDGE('',*,*,#650,.F.);
#650 = EDGE_CURVE('',#628,#644,#651,.T.);
#651 = B_SPLINE_CURVE_WITH_KNOTS('',1,(#652,#653),.UNSPECIFIED.,.F.,.F.,
  (2,2),(0.,0.969162995595),.PIECEWISE_BEZIER_KNOTS.);
#652 = CARTESIAN_POINT('',(-49.43643171806,-25.24265785609,57.4));
#653 = CARTESIAN_POINT('',(-49.43643171806,-26.21182085168,57.4));
#654 = B_SPLINE_SURFACE_WITH_KNOTS('',1,1,(
    (#655,#656)
    ,(#657,#658
    )),.UNSPECIFIED.,.F.,.F.,.F.,(2,2),(2,2),(0.,0.969162995595),(-0.6,
    0.),.PIECEWISE_BEZIER_KNOTS.);
#655 = CARTESIAN_POINT('',(-49.43643171806,-25.24265785609,56.8));
#656 = CARTESIAN_POINT('',(-49.43643171806,-25.24265785609,57.4));
#657 = CARTESIAN_POINT('',(-49.43643171806,-26.21182085168,56.8));
#658 = CARTESIAN_POINT('',(-49.43643171806,-26.21182085168,57.4));
#659 = ADVANCED_FACE('',(#660),#682,.F.);
#660 = FACE_BOUND('',#661,.F.);
#661 = EDGE_LOOP('',(#662,#663,#670,#677));
#662 = ORIENTED_EDGE('',*,*,#643,.T.);
#663 = ORIENTED_EDGE('',*,*,#664,.T.);
#664 = EDGE_CURVE('',#637,#665,#667,.T.);
#665 = VERTEX_POINT('',#666);
#666 = CARTESIAN_POINT('',(-50.316020558,-26.49265785609,56.8));
#667 = B_SPLINE_CURVE_WITH_KNOTS('',1,(#668,#669),.UNSPECIFIED.,.F.,.F.,
  (2,2),(0.,0.923334148828),.PIECEWISE_BEZIER_KNOTS.);
#668 = CARTESIAN_POINT('',(-49.43643171806,-26.21182085168,56.8));
#669 = CARTESIAN_POINT('',(-50.316020558,-26.49265785609,56.8));
#670 = ORIENTED_EDGE('',*,*,#671,.F.);
#671 = EDGE_CURVE('',#672,#665,#674,.T.);
#672 = VERTEX_POINT('',#673);
#673 = CARTESIAN_POINT('',(-50.316020558,-26.49265785609,57.4));
#674 = B_SPLINE_CURVE_WITH_KNOTS('',1,(#675,#676),.UNSPECIFIED.,.F.,.F.,
  (2,2),(0.,0.6),.PIECEWISE_BEZIER_KNOTS.);
#675 = CARTESIAN_POINT('',(-50.316020558,-26.49265785609,57.4));
#676 = CARTESIAN_POINT('',(-50.316020558,-26.49265785609,56.8));
#677 = ORIENTED_EDGE('',*,*,#678,.F.);
#678 = EDGE_CURVE('',#644,#672,#679,.T.);
#679 = B_SPLINE_CURVE_WITH_KNOTS('',1,(#680,#681),.UNSPECIFIED.,.F.,.F.,
  (2,2),(0.,0.923334148828),.PIECEWISE_BEZIER_KNOTS.);
#680 = CARTESIAN_POINT('',(-49.43643171806,-26.21182085168,57.4));
#681 = CARTESIAN_POINT('',(-50.316020558,-26.49265785609,57.4));
#682 = B_SPLINE_SURFACE_WITH_KNOTS('',1,1,(
    (#683,#684)
    ,(#685,#686
    )),.UNSPECIFIED.,.F.,.F.,.F.,(2,2),(2,2),(0.,0.923334148828),(-0.6,
    0.),.PIECEWISE_BEZIER_KNOTS.);
#683 = CARTESIAN_POINT('',(-49.43643171806,-26.21182085168,56.8));
#684 = CARTESIAN_POINT('',(-49.43643171806,-26.21182085168,57.4));
#685 = CARTESIAN_POINT('',(-50.316020558,-26.49265785609,56.8));
#686 = CARTESIAN_POINT('',(-50.316020558,-26.49265785609,57.4));
#687 = ADVANCED_FACE('',(#688),#710,.F.);
#688 = FACE_BOUND('',#689,.F.);
#689 = EDGE_LOOP('',(#690,#691,#698,#705));
#690 = ORIENTED_EDGE('',*,*,#671,.T.);
#691 = ORIENTED_EDGE('',*,*,#692,.T.);
#692 = EDGE_CURVE('',#665,#693,#695,.T.);
#693 = VERTEX_POINT('',#694);
#694 = CARTESIAN_POINT('',(-50.316020558,-27.89684287812,56.8));
#695 = B_SPLINE_CURVE_WITH_KNOTS('',1,(#696,#697),.UNSPECIFIED.,.F.,.F.,
  (2,2),(0.,1.404185022026),.PIECEWISE_BEZIER_KNOTS.);
#696 = CARTESIAN_POINT('',(-50.316020558,-26.49265785609,56.8));
#697 = CARTESIAN_POINT('',(-50.316020558,-27.89684287812,56.8));
#698 = ORIENTED_EDGE('',*,*,#699,.F.);
#699 = EDGE_CURVE('',#700,#693,#702,.T.);
#700 = VERTEX_POINT('',#701);
#701 = CARTESIAN_POINT('',(-50.316020558,-27.89684287812,57.4));
#702 = B_SPLINE_CURVE_WITH_KNOTS('',1,(#703,#704),.UNSPECIFIED.,.F.,.F.,
  (2,2),(0.,0.6),.PIECEWISE_BEZIER_KNOTS.);
#703 = CARTESIAN_POINT('',(-50.316020558,-27.89684287812,57.4));
#704 = CARTESIAN_POINT('',(-50.316020558,-27.89684287812,56.8));
#705 = ORIENTED_EDGE('',*,*,#706,.F.);
#706 = EDGE_CURVE('',#672,#700,#707,.T.);
#707 = B_SPLINE_CURVE_WITH_KNOTS('',1,(#708,#709),.UNSPECIFIED.,.F.,.F.,
  (2,2),(0.,1.404185022026),.PIECEWISE_BEZIER_KNOTS.);
#708 = CARTESIAN_POINT('',(-50.316020558,-26.49265785609,57.4));
#709 = CARTESIAN_POINT('',(-50.316020558,-27.89684287812,57.4));
#710 = B_SPLINE_SURFACE_WITH_KNOTS('',1,1,(
    (#711,#712)
    ,(#713,#714
    )),.UNSPECIFIED.,.F.,.F.,.F.,(2,2),(2,2),(0.,1.404185022026),(-0.6,
    0.),.PIECEWISE_BEZIER_KNOTS.);
#711 = CARTESIAN_POINT('',(-50.316020558,-26.49265785609,56.8));
#712 = CARTESIAN_POINT('',(-50.316020558,-26.49265785609,57.4));
#713 = CARTESIAN_POINT('',(-50.316020558,-27.89684287812,56.8));
#714 = CARTESIAN_POINT('',(-50.316020558,-27.89684287812,57.4));
#715 = ADVANCED_FACE('',(#716),#738,.F.);
#716 = FACE_BOUND('',#717,.F.);
#717 = EDGE_LOOP('',(#718,#719,#726,#733));
#718 = ORIENTED_EDGE('',*,*,#699,.T.);
#719 = ORIENTED_EDGE('',*,*,#720,.T.);
#720 = EDGE_CURVE('',#693,#721,#723,.T.);
#721 = VERTEX_POINT('',#722);
#722 = CARTESIAN_POINT('',(-49.43643171806,-28.17492657856,56.8));
#723 = B_SPLINE_CURVE_WITH_KNOTS('',1,(#724,#725),.UNSPECIFIED.,.F.,.F.,
  (2,2),(0.,0.92250044542),.PIECEWISE_BEZIER_KNOTS.);
#724 = CARTESIAN_POINT('',(-50.316020558,-27.89684287812,56.8));
#725 = CARTESIAN_POINT('',(-49.43643171806,-28.17492657856,56.8));
#726 = ORIENTED_EDGE('',*,*,#727,.F.);
#727 = EDGE_CURVE('',#728,#721,#730,.T.);
#728 = VERTEX_POINT('',#729);
#729 = CARTESIAN_POINT('',(-49.43643171806,-28.17492657856,57.4));
#730 = B_SPLINE_CURVE_WITH_KNOTS('',1,(#731,#732),.UNSPECIFIED.,.F.,.F.,
  (2,2),(0.,0.6),.PIECEWISE_BEZIER_KNOTS.);
#731 = CARTESIAN_POINT('',(-49.43643171806,-28.17492657856,57.4));
#732 = CARTESIAN_POINT('',(-49.43643171806,-28.17492657856,56.8));
#733 = ORIENTED_EDGE('',*,*,#734,.F.);
#734 = EDGE_CURVE('',#700,#728,#735,.T.);
#735 = B_SPLINE_CURVE_WITH_KNOTS('',1,(#736,#737),.UNSPECIFIED.,.F.,.F.,
  (2,2),(0.,0.92250044542),.PIECEWISE_BEZIER_KNOTS.);
#736 = CARTESIAN_POINT('',(-50.316020558,-27.89684287812,57.4));
#737 = CARTESIAN_POINT('',(-49.43643171806,-28.17492657856,57.4));
#738 = B_SPLINE_SURFACE_WITH_KNOTS('',1,1,(
    (#739,#740)
    ,(#741,#742
    )),.UNSPECIFIED.,.F.,.F.,.F.,(2,2),(2,2),(0.,0.92250044542),(-0.6,0.
    ),.PIECEWISE_BEZIER_KNOTS.);
#739 = CARTESIAN_POINT('',(-50.316020558,-27.89684287812,56.8));
#740 = CARTESIAN_POINT('',(-50.316020558,-27.89684287812,57.4));
#741 = CARTESIAN_POINT('',(-49.43643171806,-28.17492657856,56.8));
#742 = CARTESIAN_POINT('',(-49.43643171806,-28.17492657856,57.4));
#743 = ADVANCED_FACE('',(#744),#766,.F.);
#744 = FACE_BOUND('',#745,.F.);
#745 = EDGE_LOOP('',(#746,#747,#754,#761));
#746 = ORIENTED_EDGE('',*,*,#727,.T.);
#747 = ORIENTED_EDGE('',*,*,#748,.T.);
#748 = EDGE_CURVE('',#721,#749,#751,.T.);
#749 = VERTEX_POINT('',#750);
#750 = CARTESIAN_POINT('',(-49.43643171806,-29.13858296622,56.8));
#751 = B_SPLINE_CURVE_WITH_KNOTS('',1,(#752,#753),.UNSPECIFIED.,.F.,.F.,
  (2,2),(0.,0.963656387665),.PIECEWISE_BEZIER_KNOTS.);
#752 = CARTESIAN_POINT('',(-49.43643171806,-28.17492657856,56.8));
#753 = CARTESIAN_POINT('',(-49.43643171806,-29.13858296622,56.8));
#754 = ORIENTED_EDGE('',*,*,#755,.F.);
#755 = EDGE_CURVE('',#756,#749,#758,.T.);
#756 = VERTEX_POINT('',#757);
#757 = CARTESIAN_POINT('',(-49.43643171806,-29.13858296622,57.4));
#758 = B_SPLINE_CURVE_WITH_KNOTS('',1,(#759,#760),.UNSPECIFIED.,.F.,.F.,
  (2,2),(0.,0.6),.PIECEWISE_BEZIER_KNOTS.);
#759 = CARTESIAN_POINT('',(-49.43643171806,-29.13858296622,57.4));
#760 = CARTESIAN_POINT('',(-49.43643171806,-29.13858296622,56.8));
#761 = ORIENTED_EDGE('',*,*,#762,.F.);
#762 = EDGE_CURVE('',#728,#756,#763,.T.);
#763 = B_SPLINE_CURVE_WITH_KNOTS('',1,(#764,#765),.UNSPECIFIED.,.F.,.F.,
  (2,2),(0.,0.963656387665),.PIECEWISE_BEZIER_KNOTS.);
#764 = CARTESIAN_POINT('',(-49.43643171806,-28.17492657856,57.4));
#765 = CARTESIAN_POINT('',(-49.43643171806,-29.13858296622,57.4));
#766 = B_SPLINE_SURFACE_WITH_KNOTS('',1,1,(
    (#767,#768)
    ,(#769,#770
    )),.UNSPECIFIED.,.F.,.F.,.F.,(2,2),(2,2),(0.,0.963656387665),(-0.6,
    0.),.PIECEWISE_BEZIER_KNOTS.);
#767 = CARTESIAN_POINT('',(-49.43643171806,-28.17492657856,56.8));
#768 = CARTESIAN_POINT('',(-49.43643171806,-28.17492657856,57.4));
#769 = CARTESIAN_POINT('',(-49.43643171806,-29.13858296622,56.8));
#770 = CARTESIAN_POINT('',(-49.43643171806,-29.13858296622,57.4));
#771 = ADVANCED_FACE('',(#772),#794,.F.);
#772 = FACE_BOUND('',#773,.F.);
#773 = EDGE_LOOP('',(#774,#775,#782,#789));
#774 = ORIENTED_EDGE('',*,*,#755,.T.);
#775 = ORIENTED_EDGE('',*,*,#776,.T.);
#776 = EDGE_CURVE('',#749,#777,#779,.T.);
#777 = VERTEX_POINT('',#778);
#778 = CARTESIAN_POINT('',(-53.38356828193,-27.70135829662,56.8));
#779 = B_SPLINE_CURVE_WITH_KNOTS('',1,(#780,#781),.UNSPECIFIED.,.F.,.F.,
  (2,2),(0.,4.2006549257),.PIECEWISE_BEZIER_KNOTS.);
#780 = CARTESIAN_POINT('',(-49.43643171806,-29.13858296622,56.8));
#781 = CARTESIAN_POINT('',(-53.38356828193,-27.70135829662,56.8));
#782 = ORIENTED_EDGE('',*,*,#783,.F.);
#783 = EDGE_CURVE('',#784,#777,#786,.T.);
#784 = VERTEX_POINT('',#785);
#785 = CARTESIAN_POINT('',(-53.38356828193,-27.70135829662,57.4));
#786 = B_SPLINE_CURVE_WITH_KNOTS('',1,(#787,#788),.UNSPECIFIED.,.F.,.F.,
  (2,2),(0.,0.6),.PIECEWISE_BEZIER_KNOTS.);
#787 = CARTESIAN_POINT('',(-53.38356828193,-27.70135829662,57.4));
#788 = CARTESIAN_POINT('',(-53.38356828193,-27.70135829662,56.8));
#789 = ORIENTED_EDGE('',*,*,#790,.F.);
#790 = EDGE_CURVE('',#756,#784,#791,.T.);
#791 = B_SPLINE_CURVE_WITH_KNOTS('',1,(#792,#793),.UNSPECIFIED.,.F.,.F.,
  (2,2),(0.,4.2006549257),.PIECEWISE_BEZIER_KNOTS.);
#792 = CARTESIAN_POINT('',(-49.43643171806,-29.13858296622,57.4));
#793 = CARTESIAN_POINT('',(-53.38356828193,-27.70135829662,57.4));
#794 = B_SPLINE_SURFACE_WITH_KNOTS('',1,1,(
    (#795,#796)
    ,(#797,#798
    )),.UNSPECIFIED.,.F.,.F.,.F.,(2,2),(2,2),(0.,4.2006549257),(-0.6,0.)
  ,.PIECEWISE_BEZIER_KNOTS.);
#795 = CARTESIAN_POINT('',(-49.43643171806,-29.13858296622,56.8));
#796 = CARTESIAN_POINT('',(-49.43643171806,-29.13858296622,57.4));
#797 = CARTESIAN_POINT('',(-53.38356828193,-27.70135829662,56.8));
#798 = CARTESIAN_POINT('',(-53.38356828193,-27.70135829662,57.4));
#799 = ADVANCED_FACE('',(#800),#822,.F.);
#800 = FACE_BOUND('',#801,.F.);
#801 = EDGE_LOOP('',(#802,#803,#810,#817));
#802 = ORIENTED_EDGE('',*,*,#783,.T.);
#803 = ORIENTED_EDGE('',*,*,#804,.T.);
#804 = EDGE_CURVE('',#777,#805,#807,.T.);
#805 = VERTEX_POINT('',#806);
#806 = CARTESIAN_POINT('',(-53.38356828193,-26.64684287812,56.8));
#807 = B_SPLINE_CURVE_WITH_KNOTS('',1,(#808,#809),.UNSPECIFIED.,.F.,.F.,
  (2,2),(0.,1.054515418502),.PIECEWISE_BEZIER_KNOTS.);
#808 = CARTESIAN_POINT('',(-53.38356828193,-27.70135829662,56.8));
#809 = CARTESIAN_POINT('',(-53.38356828193,-26.64684287812,56.8));
#810 = ORIENTED_EDGE('',*,*,#811,.F.);
#811 = EDGE_CURVE('',#812,#805,#814,.T.);
#812 = VERTEX_POINT('',#813);
#813 = CARTESIAN_POINT('',(-53.38356828193,-26.64684287812,57.4));
#814 = B_SPLINE_CURVE_WITH_KNOTS('',1,(#815,#816),.UNSPECIFIED.,.F.,.F.,
  (2,2),(0.,0.6),.PIECEWISE_BEZIER_KNOTS.);
#815 = CARTESIAN_POINT('',(-53.38356828193,-26.64684287812,57.4));
#816 = CARTESIAN_POINT('',(-53.38356828193,-26.64684287812,56.8));
#817 = ORIENTED_EDGE('',*,*,#818,.F.);
#818 = EDGE_CURVE('',#784,#812,#819,.T.);
#819 = B_SPLINE_CURVE_WITH_KNOTS('',1,(#820,#821),.UNSPECIFIED.,.F.,.F.,
  (2,2),(0.,1.054515418502),.PIECEWISE_BEZIER_KNOTS.);
#820 = CARTESIAN_POINT('',(-53.38356828193,-27.70135829662,57.4));
#821 = CARTESIAN_POINT('',(-53.38356828193,-26.64684287812,57.4));
#822 = B_SPLINE_SURFACE_WITH_KNOTS('',1,1,(
    (#823,#824)
    ,(#825,#826
    )),.UNSPECIFIED.,.F.,.F.,.F.,(2,2),(2,2),(0.,1.054515418502),(-0.6,
    0.),.PIECEWISE_BEZIER_KNOTS.);
#823 = CARTESIAN_POINT('',(-53.38356828193,-27.70135829662,56.8));
#824 = CARTESIAN_POINT('',(-53.38356828193,-27.70135829662,57.4));
#825 = CARTESIAN_POINT('',(-53.38356828193,-26.64684287812,56.8));
#826 = CARTESIAN_POINT('',(-53.38356828193,-26.64684287812,57.4));
#827 = ADVANCED_FACE('',(#828),#842,.F.);
#828 = FACE_BOUND('',#829,.F.);
#829 = EDGE_LOOP('',(#830,#831,#836,#837));
#830 = ORIENTED_EDGE('',*,*,#811,.T.);
#831 = ORIENTED_EDGE('',*,*,#832,.T.);
#832 = EDGE_CURVE('',#805,#630,#833,.T.);
#833 = B_SPLINE_CURVE_WITH_KNOTS('',1,(#834,#835),.UNSPECIFIED.,.F.,.F.,
  (2,2),(0.,4.189465673565),.PIECEWISE_BEZIER_KNOTS.);
#834 = CARTESIAN_POINT('',(-53.38356828193,-26.64684287812,56.8));
#835 = CARTESIAN_POINT('',(-49.43643171806,-25.24265785609,56.8));
#836 = ORIENTED_EDGE('',*,*,#627,.F.);
#837 = ORIENTED_EDGE('',*,*,#838,.F.);
#838 = EDGE_CURVE('',#812,#628,#839,.T.);
#839 = B_SPLINE_CURVE_WITH_KNOTS('',1,(#840,#841),.UNSPECIFIED.,.F.,.F.,
  (2,2),(0.,4.189465673565),.PIECEWISE_BEZIER_KNOTS.);
#840 = CARTESIAN_POINT('',(-53.38356828193,-26.64684287812,57.4));
#841 = CARTESIAN_POINT('',(-49.43643171806,-25.24265785609,57.4));
#842 = B_SPLINE_SURFACE_WITH_KNOTS('',1,1,(
    (#843,#844)
    ,(#845,#846
    )),.UNSPECIFIED.,.F.,.F.,.F.,(2,2),(2,2),(0.,4.189465673565),(-0.6,
    0.),.PIECEWISE_BEZIER_KNOTS.);
#843 = CARTESIAN_POINT('',(-53.38356828193,-26.64684287812,56.8));
#844 = CARTESIAN_POINT('',(-53.38356828193,-26.64684287812,57.4));
#845 = CARTESIAN_POINT('',(-49.43643171806,-25.24265785609,56.8));
#846 = CARTESIAN_POINT('',(-49.43643171806,-25.24265785609,57.4));
#847 = ADVANCED_FACE('',(#848),#878,.F.);
#848 = FACE_BOUND('',#849,.F.);
#849 = EDGE_LOOP('',(#850,#859,#866,#873));
#850 = ORIENTED_EDGE('',*,*,#851,.T.);
#851 = EDGE_CURVE('',#852,#854,#856,.T.);
#852 = VERTEX_POINT('',#853);
#853 = CARTESIAN_POINT('',(-50.99883994126,-26.69640234948,57.4));
#854 = VERTEX_POINT('',#855);
#855 = CARTESIAN_POINT('',(-50.99883994126,-26.69640234948,56.8));
#856 = B_SPLINE_CURVE_WITH_KNOTS('',1,(#857,#858),.UNSPECIFIED.,.F.,.F.,
  (2,2),(0.,0.6),.PIECEWISE_BEZIER_KNOTS.);
#857 = CARTESIAN_POINT('',(-50.99883994126,-26.69640234948,57.4));
#858 = CARTESIAN_POINT('',(-50.99883994126,-26.69640234948,56.8));
#859 = ORIENTED_EDGE('',*,*,#860,.T.);
#860 = EDGE_CURVE('',#854,#861,#863,.T.);
#861 = VERTEX_POINT('',#862);
#862 = CARTESIAN_POINT('',(-52.3237298091,-27.12041116005,56.8));
#863 = B_SPLINE_CURVE_WITH_KNOTS('',1,(#864,#865),.UNSPECIFIED.,.F.,.F.,
  (2,2),(0.,1.391084696685),.PIECEWISE_BEZIER_KNOTS.);
#864 = CARTESIAN_POINT('',(-50.99883994126,-26.69640234948,56.8));
#865 = CARTESIAN_POINT('',(-52.3237298091,-27.12041116005,56.8));
#866 = ORIENTED_EDGE('',*,*,#867,.F.);
#867 = EDGE_CURVE('',#868,#861,#870,.T.);
#868 = VERTEX_POINT('',#869);
#869 = CARTESIAN_POINT('',(-52.3237298091,-27.12041116005,57.4));
#870 = B_SPLINE_CURVE_WITH_KNOTS('',1,(#871,#872),.UNSPECIFIED.,.F.,.F.,
  (2,2),(0.,0.6),.PIECEWISE_BEZIER_KNOTS.);
#871 = CARTESIAN_POINT('',(-52.3237298091,-27.12041116005,57.4));
#872 = CARTESIAN_POINT('',(-52.3237298091,-27.12041116005,56.8));
#873 = ORIENTED_EDGE('',*,*,#874,.F.);
#874 = EDGE_CURVE('',#852,#868,#875,.T.);
#875 = B_SPLINE_CURVE_WITH_KNOTS('',1,(#876,#877),.UNSPECIFIED.,.F.,.F.,
  (2,2),(0.,1.391084696685),.PIECEWISE_BEZIER_KNOTS.);
#876 = CARTESIAN_POINT('',(-50.99883994126,-26.69640234948,57.4));
#877 = CARTESIAN_POINT('',(-52.3237298091,-27.12041116005,57.4));
#878 = B_SPLINE_SURFACE_WITH_KNOTS('',1,1,(
    (#879,#880)
    ,(#881,#882
    )),.UNSPECIFIED.,.F.,.F.,.F.,(2,2),(2,2),(0.,1.391084696685),(-0.6,
    0.),.PIECEWISE_BEZIER_KNOTS.);
#879 = CARTESIAN_POINT('',(-50.99883994126,-26.69640234948,56.8));
#880 = CARTESIAN_POINT('',(-50.99883994126,-26.69640234948,57.4));
#881 = CARTESIAN_POINT('',(-52.3237298091,-27.12041116005,56.8));
#882 = CARTESIAN_POINT('',(-52.3237298091,-27.12041116005,57.4));
#883 = ADVANCED_FACE('',(#884),#908,.F.);
#884 = FACE_BOUND('',#885,.F.);
#885 = EDGE_LOOP('',(#886,#887,#895,#902));
#886 = ORIENTED_EDGE('',*,*,#867,.T.);
#887 = ORIENTED_EDGE('',*,*,#888,.T.);
#888 = EDGE_CURVE('',#861,#889,#891,.T.);
#889 = VERTEX_POINT('',#890);
#890 = CARTESIAN_POINT('',(-52.67890602055,-27.18649045521,56.8));
#891 = B_SPLINE_CURVE_WITH_KNOTS('',2,(#892,#893,#894),.UNSPECIFIED.,.F.
  ,.F.,(3,3),(0.,1.),.PIECEWISE_BEZIER_KNOTS.);
#892 = CARTESIAN_POINT('',(-52.3237298091,-27.12041116005,56.8));
#893 = CARTESIAN_POINT('',(-52.4724082232,-27.16721732746,56.8));
#894 = CARTESIAN_POINT('',(-52.67890602055,-27.18649045521,56.8));
#895 = ORIENTED_EDGE('',*,*,#896,.F.);
#896 = EDGE_CURVE('',#897,#889,#899,.T.);
#897 = VERTEX_POINT('',#898);
#898 = CARTESIAN_POINT('',(-52.67890602055,-27.18649045521,57.4));
#899 = B_SPLINE_CURVE_WITH_KNOTS('',1,(#900,#901),.UNSPECIFIED.,.F.,.F.,
  (2,2),(0.,0.6),.PIECEWISE_BEZIER_KNOTS.);
#900 = CARTESIAN_POINT('',(-52.67890602055,-27.18649045521,57.4));
#901 = CARTESIAN_POINT('',(-52.67890602055,-27.18649045521,56.8));
#902 = ORIENTED_EDGE('',*,*,#903,.F.);
#903 = EDGE_CURVE('',#868,#897,#904,.T.);
#904 = B_SPLINE_CURVE_WITH_KNOTS('',2,(#905,#906,#907),.UNSPECIFIED.,.F.
  ,.F.,(3,3),(0.,1.),.PIECEWISE_BEZIER_KNOTS.);
#905 = CARTESIAN_POINT('',(-52.3237298091,-27.12041116005,57.4));
#906 = CARTESIAN_POINT('',(-52.4724082232,-27.16721732746,57.4));
#907 = CARTESIAN_POINT('',(-52.67890602055,-27.18649045521,57.4));
#908 = B_SPLINE_SURFACE_WITH_KNOTS('',2,1,(
    (#909,#910)
    ,(#911,#912)
    ,(#913,#914
    )),.UNSPECIFIED.,.F.,.F.,.F.,(3,3),(2,2),(0.,1.),(-0.6,0.),
  .PIECEWISE_BEZIER_KNOTS.);
#909 = CARTESIAN_POINT('',(-52.3237298091,-27.12041116005,56.8));
#910 = CARTESIAN_POINT('',(-52.3237298091,-27.12041116005,57.4));
#911 = CARTESIAN_POINT('',(-52.4724082232,-27.16721732746,56.8));
#912 = CARTESIAN_POINT('',(-52.4724082232,-27.16721732746,57.4));
#913 = CARTESIAN_POINT('',(-52.67890602055,-27.18649045521,56.8));
#914 = CARTESIAN_POINT('',(-52.67890602055,-27.18649045521,57.4));
#915 = ADVANCED_FACE('',(#916),#938,.F.);
#916 = FACE_BOUND('',#917,.F.);
#917 = EDGE_LOOP('',(#918,#919,#926,#933));
#918 = ORIENTED_EDGE('',*,*,#896,.T.);
#919 = ORIENTED_EDGE('',*,*,#920,.T.);
#920 = EDGE_CURVE('',#889,#921,#923,.T.);
#921 = VERTEX_POINT('',#922);
#922 = CARTESIAN_POINT('',(-52.67890602055,-27.20851688693,56.8));
#923 = B_SPLINE_CURVE_WITH_KNOTS('',1,(#924,#925),.UNSPECIFIED.,.F.,.F.,
  (2,2),(0.,2.202643171806E-02),.PIECEWISE_BEZIER_KNOTS.);
#924 = CARTESIAN_POINT('',(-52.67890602055,-27.18649045521,56.8));
#925 = CARTESIAN_POINT('',(-52.67890602055,-27.20851688693,56.8));
#926 = ORIENTED_EDGE('',*,*,#927,.F.);
#927 = EDGE_CURVE('',#928,#921,#930,.T.);
#928 = VERTEX_POINT('',#929);
#929 = CARTESIAN_POINT('',(-52.67890602055,-27.20851688693,57.4));
#930 = B_SPLINE_CURVE_WITH_KNOTS('',1,(#931,#932),.UNSPECIFIED.,.F.,.F.,
  (2,2),(0.,0.6),.PIECEWISE_BEZIER_KNOTS.);
#931 = CARTESIAN_POINT('',(-52.67890602055,-27.20851688693,57.4));
#932 = CARTESIAN_POINT('',(-52.67890602055,-27.20851688693,56.8));
#933 = ORIENTED_EDGE('',*,*,#934,.F.);
#934 = EDGE_CURVE('',#897,#928,#935,.T.);
#935 = B_SPLINE_CURVE_WITH_KNOTS('',1,(#936,#937),.UNSPECIFIED.,.F.,.F.,
  (2,2),(0.,2.202643171806E-02),.PIECEWISE_BEZIER_KNOTS.);
#936 = CARTESIAN_POINT('',(-52.67890602055,-27.18649045521,57.4));
#937 = CARTESIAN_POINT('',(-52.67890602055,-27.20851688693,57.4));
#938 = B_SPLINE_SURFACE_WITH_KNOTS('',1,1,(
    (#939,#940)
    ,(#941,#942
    )),.UNSPECIFIED.,.F.,.F.,.F.,(2,2),(2,2),(0.,2.202643171806E-02),(
    -0.6,0.),.PIECEWISE_BEZIER_KNOTS.);
#939 = CARTESIAN_POINT('',(-52.67890602055,-27.18649045521,56.8));
#940 = CARTESIAN_POINT('',(-52.67890602055,-27.18649045521,57.4));
#941 = CARTESIAN_POINT('',(-52.67890602055,-27.20851688693,56.8));
#942 = CARTESIAN_POINT('',(-52.67890602055,-27.20851688693,57.4));
#943 = ADVANCED_FACE('',(#944),#968,.F.);
#944 = FACE_BOUND('',#945,.F.);
#945 = EDGE_LOOP('',(#946,#947,#955,#962));
#946 = ORIENTED_EDGE('',*,*,#927,.T.);
#947 = ORIENTED_EDGE('',*,*,#948,.T.);
#948 = EDGE_CURVE('',#921,#949,#951,.T.);
#949 = VERTEX_POINT('',#950);
#950 = CARTESIAN_POINT('',(-52.33474302496,-27.27734948605,56.8));
#951 = B_SPLINE_CURVE_WITH_KNOTS('',2,(#952,#953,#954),.UNSPECIFIED.,.F.
  ,.F.,(3,3),(0.,1.),.PIECEWISE_BEZIER_KNOTS.);
#952 = CARTESIAN_POINT('',(-52.67890602055,-27.20851688693,56.8));
#953 = CARTESIAN_POINT('',(-52.50544787077,-27.22228340675,56.8));
#954 = CARTESIAN_POINT('',(-52.33474302496,-27.27734948605,56.8));
#955 = ORIENTED_EDGE('',*,*,#956,.F.);
#956 = EDGE_CURVE('',#957,#949,#959,.T.);
#957 = VERTEX_POINT('',#958);
#958 = CARTESIAN_POINT('',(-52.33474302496,-27.27734948605,57.4));
#959 = B_SPLINE_CURVE_WITH_KNOTS('',1,(#960,#961),.UNSPECIFIED.,.F.,.F.,
  (2,2),(0.,0.6),.PIECEWISE_BEZIER_KNOTS.);
#960 = CARTESIAN_POINT('',(-52.33474302496,-27.27734948605,57.4));
#961 = CARTESIAN_POINT('',(-52.33474302496,-27.27734948605,56.8));
#962 = ORIENTED_EDGE('',*,*,#963,.F.);
#963 = EDGE_CURVE('',#928,#957,#964,.T.);
#964 = B_SPLINE_CURVE_WITH_KNOTS('',2,(#965,#966,#967),.UNSPECIFIED.,.F.
  ,.F.,(3,3),(0.,1.),.PIECEWISE_BEZIER_KNOTS.);
#965 = CARTESIAN_POINT('',(-52.67890602055,-27.20851688693,57.4));
#966 = CARTESIAN_POINT('',(-52.50544787077,-27.22228340675,57.4));
#967 = CARTESIAN_POINT('',(-52.33474302496,-27.27734948605,57.4));
#968 = B_SPLINE_SURFACE_WITH_KNOTS('',2,1,(
    (#969,#970)
    ,(#971,#972)
    ,(#973,#974
    )),.UNSPECIFIED.,.F.,.F.,.F.,(3,3),(2,2),(0.,1.),(-0.6,0.),
  .PIECEWISE_BEZIER_KNOTS.);
#969 = CARTESIAN_POINT('',(-52.67890602055,-27.20851688693,56.8));
#970 = CARTESIAN_POINT('',(-52.67890602055,-27.20851688693,57.4));
#971 = CARTESIAN_POINT('',(-52.50544787077,-27.22228340675,56.8));
#972 = CARTESIAN_POINT('',(-52.50544787077,-27.22228340675,57.4));
#973 = CARTESIAN_POINT('',(-52.33474302496,-27.27734948605,56.8));
#974 = CARTESIAN_POINT('',(-52.33474302496,-27.27734948605,57.4));
#975 = ADVANCED_FACE('',(#976),#998,.F.);
#976 = FACE_BOUND('',#977,.F.);
#977 = EDGE_LOOP('',(#978,#979,#986,#993));
#978 = ORIENTED_EDGE('',*,*,#956,.T.);
#979 = ORIENTED_EDGE('',*,*,#980,.T.);
#980 = EDGE_CURVE('',#949,#981,#983,.T.);
#981 = VERTEX_POINT('',#982);
#982 = CARTESIAN_POINT('',(-50.99883994126,-27.70686490455,56.8));
#983 = B_SPLINE_CURVE_WITH_KNOTS('',1,(#984,#985),.UNSPECIFIED.,.F.,.F.,
  (2,2),(0.,1.403253556479),.PIECEWISE_BEZIER_KNOTS.);
#984 = CARTESIAN_POINT('',(-52.33474302496,-27.27734948605,56.8));
#985 = CARTESIAN_POINT('',(-50.99883994126,-27.70686490455,56.8));
#986 = ORIENTED_EDGE('',*,*,#987,.F.);
#987 = EDGE_CURVE('',#988,#981,#990,.T.);
#988 = VERTEX_POINT('',#989);
#989 = CARTESIAN_POINT('',(-50.99883994126,-27.70686490455,57.4));
#990 = B_SPLINE_CURVE_WITH_KNOTS('',1,(#991,#992),.UNSPECIFIED.,.F.,.F.,
  (2,2),(0.,0.6),.PIECEWISE_BEZIER_KNOTS.);
#991 = CARTESIAN_POINT('',(-50.99883994126,-27.70686490455,57.4));
#992 = CARTESIAN_POINT('',(-50.99883994126,-27.70686490455,56.8));
#993 = ORIENTED_EDGE('',*,*,#994,.F.);
#994 = EDGE_CURVE('',#957,#988,#995,.T.);
#995 = B_SPLINE_CURVE_WITH_KNOTS('',1,(#996,#997),.UNSPECIFIED.,.F.,.F.,
  (2,2),(0.,1.403253556479),.PIECEWISE_BEZIER_KNOTS.);
#996 = CARTESIAN_POINT('',(-52.33474302496,-27.27734948605,57.4));
#997 = CARTESIAN_POINT('',(-50.99883994126,-27.70686490455,57.4));
#998 = B_SPLINE_SURFACE_WITH_KNOTS('',1,1,(
    (#999,#1000)
    ,(#1001,#1002
    )),.UNSPECIFIED.,.F.,.F.,.F.,(2,2),(2,2),(0.,1.403253556479),(-0.6,
    0.),.PIECEWISE_BEZIER_KNOTS.);
#999 = CARTESIAN_POINT('',(-52.33474302496,-27.27734948605,56.8));
#1000 = CARTESIAN_POINT('',(-52.33474302496,-27.27734948605,57.4));
#1001 = CARTESIAN_POINT('',(-50.99883994126,-27.70686490455,56.8));
#1002 = CARTESIAN_POINT('',(-50.99883994126,-27.70686490455,57.4));
#1003 = ADVANCED_FACE('',(#1004),#1018,.F.);
#1004 = FACE_BOUND('',#1005,.F.);
#1005 = EDGE_LOOP('',(#1006,#1007,#1012,#1013));
#1006 = ORIENTED_EDGE('',*,*,#987,.T.);
#1007 = ORIENTED_EDGE('',*,*,#1008,.T.);
#1008 = EDGE_CURVE('',#981,#854,#1009,.T.);
#1009 = B_SPLINE_CURVE_WITH_KNOTS('',1,(#1010,#1011),.UNSPECIFIED.,.F.,
  .F.,(2,2),(0.,1.010462555066),.PIECEWISE_BEZIER_KNOTS.);
#1010 = CARTESIAN_POINT('',(-50.99883994126,-27.70686490455,56.8));
#1011 = CARTESIAN_POINT('',(-50.99883994126,-26.69640234948,56.8));
#1012 = ORIENTED_EDGE('',*,*,#851,.F.);
#1013 = ORIENTED_EDGE('',*,*,#1014,.F.);
#1014 = EDGE_CURVE('',#988,#852,#1015,.T.);
#1015 = B_SPLINE_CURVE_WITH_KNOTS('',1,(#1016,#1017),.UNSPECIFIED.,.F.,
  .F.,(2,2),(0.,1.010462555066),.PIECEWISE_BEZIER_KNOTS.);
#1016 = CARTESIAN_POINT('',(-50.99883994126,-27.70686490455,57.4));
#1017 = CARTESIAN_POINT('',(-50.99883994126,-26.69640234948,57.4));
#1018 = B_SPLINE_SURFACE_WITH_KNOTS('',1,1,(
    (#1019,#1020)
    ,(#1021,#1022
    )),.UNSPECIFIED.,.F.,.F.,.F.,(2,2),(2,2),(0.,1.010462555066),(-0.6,
    0.),.PIECEWISE_BEZIER_KNOTS.);
#1019 = CARTESIAN_POINT('',(-50.99883994126,-27.70686490455,56.8));
#1020 = CARTESIAN_POINT('',(-50.99883994126,-27.70686490455,57.4));
#1021 = CARTESIAN_POINT('',(-50.99883994126,-26.69640234948,56.8));
#1022 = CARTESIAN_POINT('',(-50.99883994126,-26.69640234948,57.4));
#1023 = ADVANCED_FACE('',(#1024,#1034),#1042,.T.);
#1024 = FACE_BOUND('',#1025,.F.);
#1025 = EDGE_LOOP('',(#1026,#1027,#1028,#1029,#1030,#1031,#1032,#1033));
#1026 = ORIENTED_EDGE('',*,*,#650,.T.);
#1027 = ORIENTED_EDGE('',*,*,#678,.T.);
#1028 = ORIENTED_EDGE('',*,*,#706,.T.);
#1029 = ORIENTED_EDGE('',*,*,#734,.T.);
#1030 = ORIENTED_EDGE('',*,*,#762,.T.);
#1031 = ORIENTED_EDGE('',*,*,#790,.T.);
#1032 = ORIENTED_EDGE('',*,*,#818,.T.);
#1033 = ORIENTED_EDGE('',*,*,#838,.T.);
#1034 = FACE_BOUND('',#1035,.F.);
#1035 = EDGE_LOOP('',(#1036,#1037,#1038,#1039,#1040,#1041));
#1036 = ORIENTED_EDGE('',*,*,#874,.T.);
#1037 = ORIENTED_EDGE('',*,*,#903,.T.);
#1038 = ORIENTED_EDGE('',*,*,#934,.T.);
#1039 = ORIENTED_EDGE('',*,*,#963,.T.);
#1040 = ORIENTED_EDGE('',*,*,#994,.T.);
#1041 = ORIENTED_EDGE('',*,*,#1014,.T.);
#1042 = B_SPLINE_SURFACE_WITH_KNOTS('',1,1,(
    (#1043,#1044)
    ,(#1045,#1046
    )),.UNSPECIFIED.,.F.,.F.,.F.,(2,2),(2,2),(-1.949017485229,
    1.946907624903),(-1.712790385986,2.234346177891),
  .PIECEWISE_BEZIER_KNOTS.);
#1043 = CARTESIAN_POINT('',(-49.43643171806,-29.13858296622,57.4));
#1044 = CARTESIAN_POINT('',(-53.38356828193,-29.13858296622,57.4));
#1045 = CARTESIAN_POINT('',(-49.43643171806,-25.24265785609,57.4));
#1046 = CARTESIAN_POINT('',(-53.38356828193,-25.24265785609,57.4));
#1047 = ADVANCED_FACE('',(#1048,#1058),#1066,.F.);
#1048 = FACE_BOUND('',#1049,.T.);
#1049 = EDGE_LOOP('',(#1050,#1051,#1052,#1053,#1054,#1055,#1056,#1057));
#1050 = ORIENTED_EDGE('',*,*,#636,.T.);
#1051 = ORIENTED_EDGE('',*,*,#664,.T.);
#1052 = ORIENTED_EDGE('',*,*,#692,.T.);
#1053 = ORIENTED_EDGE('',*,*,#720,.T.);
#1054 = ORIENTED_EDGE('',*,*,#748,.T.);
#1055 = ORIENTED_EDGE('',*,*,#776,.T.);
#1056 = ORIENTED_EDGE('',*,*,#804,.T.);
#1057 = ORIENTED_EDGE('',*,*,#832,.T.);
#1058 = FACE_BOUND('',#1059,.T.);
#1059 = EDGE_LOOP('',(#1060,#1061,#1062,#1063,#1064,#1065));
#1060 = ORIENTED_EDGE('',*,*,#860,.T.);
#1061 = ORIENTED_EDGE('',*,*,#888,.T.);
#1062 = ORIENTED_EDGE('',*,*,#920,.T.);
#1063 = ORIENTED_EDGE('',*,*,#948,.T.);
#1064 = ORIENTED_EDGE('',*,*,#980,.T.);
#1065 = ORIENTED_EDGE('',*,*,#1008,.T.);
#1066 = B_SPLINE_SURFACE_WITH_KNOTS('',1,1,(
    (#1067,#1068)
    ,(#1069,#1070
    )),.UNSPECIFIED.,.F.,.F.,.F.,(2,2),(2,2),(-1.949017485229,
    1.946907624903),(-1.712790385986,2.234346177891),
  .PIECEWISE_BEZIER_KNOTS.);
#1067 = CARTESIAN_POINT('',(-49.43643171806,-29.13858296622,56.8));
#1068 = CARTESIAN_POINT('',(-53.38356828193,-29.13858296622,56.8));
#1069 = CARTESIAN_POINT('',(-49.43643171806,-25.24265785609,56.8));
#1070 = CARTESIAN_POINT('',(-53.38356828193,-25.24265785609,56.8));
#1071 = MANIFOLD_SOLID_BREP('',#1072);
#1072 = CLOSED_SHELL('',(#1073,#1109,#1137,#1169,#1197,#1229,#1257,#1285
    ,#1313,#1345,#1373,#1405,#1433,#1461,#1489,#1517,#1545,#1577,#1605,
    #1637,#1665,#1693,#1713,#1743));
#1073 = ADVANCED_FACE('',(#1074),#1104,.F.);
#1074 = FACE_BOUND('',#1075,.F.);
#1075 = EDGE_LOOP('',(#1076,#1085,#1092,#1099));
#1076 = ORIENTED_EDGE('',*,*,#1077,.T.);
#1077 = EDGE_CURVE('',#1078,#1080,#1082,.T.);
#1078 = VERTEX_POINT('',#1079);
#1079 = CARTESIAN_POINT('',(-49.43643171806,-20.24504405286,57.4));
#1080 = VERTEX_POINT('',#1081);
#1081 = CARTESIAN_POINT('',(-49.43643171806,-20.24504405286,56.8));
#1082 = B_SPLINE_CURVE_WITH_KNOTS('',1,(#1083,#1084),.UNSPECIFIED.,.F.,
  .F.,(2,2),(0.,0.6),.PIECEWISE_BEZIER_KNOTS.);
#1083 = CARTESIAN_POINT('',(-49.43643171806,-20.24504405286,57.4));
#1084 = CARTESIAN_POINT('',(-49.43643171806,-20.24504405286,56.8));
#1085 = ORIENTED_EDGE('',*,*,#1086,.T.);
#1086 = EDGE_CURVE('',#1080,#1087,#1089,.T.);
#1087 = VERTEX_POINT('',#1088);
#1088 = CARTESIAN_POINT('',(-49.43643171806,-21.12334801762,56.8));
#1089 = B_SPLINE_CURVE_WITH_KNOTS('',1,(#1090,#1091),.UNSPECIFIED.,.F.,
  .F.,(2,2),(0.,0.878303964758),.PIECEWISE_BEZIER_KNOTS.);
#1090 = CARTESIAN_POINT('',(-49.43643171806,-20.24504405286,56.8));
#1091 = CARTESIAN_POINT('',(-49.43643171806,-21.12334801762,56.8));
#1092 = ORIENTED_EDGE('',*,*,#1093,.F.);
#1093 = EDGE_CURVE('',#1094,#1087,#1096,.T.);
#1094 = VERTEX_POINT('',#1095);
#1095 = CARTESIAN_POINT('',(-49.43643171806,-21.12334801762,57.4));
#1096 = B_SPLINE_CURVE_WITH_KNOTS('',1,(#1097,#1098),.UNSPECIFIED.,.F.,
  .F.,(2,2),(0.,0.6),.PIECEWISE_BEZIER_KNOTS.);
#1097 = CARTESIAN_POINT('',(-49.43643171806,-21.12334801762,57.4));
#1098 = CARTESIAN_POINT('',(-49.43643171806,-21.12334801762,56.8));
#1099 = ORIENTED_EDGE('',*,*,#1100,.F.);
#1100 = EDGE_CURVE('',#1078,#1094,#1101,.T.);
#1101 = B_SPLINE_CURVE_WITH_KNOTS('',1,(#1102,#1103),.UNSPECIFIED.,.F.,
  .F.,(2,2),(0.,0.878303964758),.PIECEWISE_BEZIER_KNOTS.);
#1102 = CARTESIAN_POINT('',(-49.43643171806,-20.24504405286,57.4));
#1103 = CARTESIAN_POINT('',(-49.43643171806,-21.12334801762,57.4));
#1104 = B_SPLINE_SURFACE_WITH_KNOTS('',1,1,(
    (#1105,#1106)
    ,(#1107,#1108
    )),.UNSPECIFIED.,.F.,.F.,.F.,(2,2),(2,2),(0.,0.878303964758),(-0.6,
    0.),.PIECEWISE_BEZIER_KNOTS.);
#1105 = CARTESIAN_POINT('',(-49.43643171806,-20.24504405286,56.8));
#1106 = CARTESIAN_POINT('',(-49.43643171806,-20.24504405286,57.4));
#1107 = CARTESIAN_POINT('',(-49.43643171806,-21.12334801762,56.8));
#1108 = CARTESIAN_POINT('',(-49.43643171806,-21.12334801762,57.4));
#1109 = ADVANCED_FACE('',(#1110),#1132,.F.);
#1110 = FACE_BOUND('',#1111,.F.);
#1111 = EDGE_LOOP('',(#1112,#1113,#1120,#1127));
#1112 = ORIENTED_EDGE('',*,*,#1093,.T.);
#1113 = ORIENTED_EDGE('',*,*,#1114,.T.);
#1114 = EDGE_CURVE('',#1087,#1115,#1117,.T.);
#1115 = VERTEX_POINT('',#1116);
#1116 = CARTESIAN_POINT('',(-51.79803230543,-21.12334801762,56.8));
#1117 = B_SPLINE_CURVE_WITH_KNOTS('',1,(#1118,#1119),.UNSPECIFIED.,.F.,
  .F.,(2,2),(0.,2.361600587372),.PIECEWISE_BEZIER_KNOTS.);
#1118 = CARTESIAN_POINT('',(-49.43643171806,-21.12334801762,56.8));
#1119 = CARTESIAN_POINT('',(-51.79803230543,-21.12334801762,56.8));
#1120 = ORIENTED_EDGE('',*,*,#1121,.F.);
#1121 = EDGE_CURVE('',#1122,#1115,#1124,.T.);
#1122 = VERTEX_POINT('',#1123);
#1123 = CARTESIAN_POINT('',(-51.79803230543,-21.12334801762,57.4));
#1124 = B_SPLINE_CURVE_WITH_KNOTS('',1,(#1125,#1126),.UNSPECIFIED.,.F.,
  .F.,(2,2),(0.,0.6),.PIECEWISE_BEZIER_KNOTS.);
#1125 = CARTESIAN_POINT('',(-51.79803230543,-21.12334801762,57.4));
#1126 = CARTESIAN_POINT('',(-51.79803230543,-21.12334801762,56.8));
#1127 = ORIENTED_EDGE('',*,*,#1128,.F.);
#1128 = EDGE_CURVE('',#1094,#1122,#1129,.T.);
#1129 = B_SPLINE_CURVE_WITH_KNOTS('',1,(#1130,#1131),.UNSPECIFIED.,.F.,
  .F.,(2,2),(0.,2.361600587372),.PIECEWISE_BEZIER_KNOTS.);
#1130 = CARTESIAN_POINT('',(-49.43643171806,-21.12334801762,57.4));
#1131 = CARTESIAN_POINT('',(-51.79803230543,-21.12334801762,57.4));
#1132 = B_SPLINE_SURFACE_WITH_KNOTS('',1,1,(
    (#1133,#1134)
    ,(#1135,#1136
    )),.UNSPECIFIED.,.F.,.F.,.F.,(2,2),(2,2),(0.,2.361600587372),(-0.6,
    0.),.PIECEWISE_BEZIER_KNOTS.);
#1133 = CARTESIAN_POINT('',(-49.43643171806,-21.12334801762,56.8));
#1134 = CARTESIAN_POINT('',(-49.43643171806,-21.12334801762,57.4));
#1135 = CARTESIAN_POINT('',(-51.79803230543,-21.12334801762,56.8));
#1136 = CARTESIAN_POINT('',(-51.79803230543,-21.12334801762,57.4));
#1137 = ADVANCED_FACE('',(#1138),#1162,.F.);
#1138 = FACE_BOUND('',#1139,.F.);
#1139 = EDGE_LOOP('',(#1140,#1141,#1149,#1156));
#1140 = ORIENTED_EDGE('',*,*,#1121,.T.);
#1141 = ORIENTED_EDGE('',*,*,#1142,.T.);
#1142 = EDGE_CURVE('',#1115,#1143,#1145,.T.);
#1143 = VERTEX_POINT('',#1144);
#1144 = CARTESIAN_POINT('',(-52.64311306901,-21.09030837004,56.8));
#1145 = B_SPLINE_CURVE_WITH_KNOTS('',2,(#1146,#1147,#1148),
  .UNSPECIFIED.,.F.,.F.,(3,3),(0.,1.),.PIECEWISE_BEZIER_KNOTS.);
#1146 = CARTESIAN_POINT('',(-51.79803230543,-21.12334801762,56.8));
#1147 = CARTESIAN_POINT('',(-52.18074155653,-21.12334801762,56.8));
#1148 = CARTESIAN_POINT('',(-52.64311306901,-21.09030837004,56.8));
#1149 = ORIENTED_EDGE('',*,*,#1150,.F.);
#1150 = EDGE_CURVE('',#1151,#1143,#1153,.T.);
#1151 = VERTEX_POINT('',#1152);
#1152 = CARTESIAN_POINT('',(-52.64311306901,-21.09030837004,57.4));
#1153 = B_SPLINE_CURVE_WITH_KNOTS('',1,(#1154,#1155),.UNSPECIFIED.,.F.,
  .F.,(2,2),(0.,0.6),.PIECEWISE_BEZIER_KNOTS.);
#1154 = CARTESIAN_POINT('',(-52.64311306901,-21.09030837004,57.4));
#1155 = CARTESIAN_POINT('',(-52.64311306901,-21.09030837004,56.8));
#1156 = ORIENTED_EDGE('',*,*,#1157,.F.);
#1157 = EDGE_CURVE('',#1122,#1151,#1158,.T.);
#1158 = B_SPLINE_CURVE_WITH_KNOTS('',2,(#1159,#1160,#1161),
  .UNSPECIFIED.,.F.,.F.,(3,3),(0.,1.),.PIECEWISE_BEZIER_KNOTS.);
#1159 = CARTESIAN_POINT('',(-51.79803230543,-21.12334801762,57.4));
#1160 = CARTESIAN_POINT('',(-52.18074155653,-21.12334801762,57.4));
#1161 = CARTESIAN_POINT('',(-52.64311306901,-21.09030837004,57.4));
#1162 = B_SPLINE_SURFACE_WITH_KNOTS('',2,1,(
    (#1163,#1164)
    ,(#1165,#1166)
    ,(#1167,#1168
    )),.UNSPECIFIED.,.F.,.F.,.F.,(3,3),(2,2),(0.,1.),(-0.6,0.),
  .PIECEWISE_BEZIER_KNOTS.);
#1163 = CARTESIAN_POINT('',(-51.79803230543,-21.12334801762,56.8));
#1164 = CARTESIAN_POINT('',(-51.79803230543,-21.12334801762,57.4));
#1165 = CARTESIAN_POINT('',(-52.18074155653,-21.12334801762,56.8));
#1166 = CARTESIAN_POINT('',(-52.18074155653,-21.12334801762,57.4));
#1167 = CARTESIAN_POINT('',(-52.64311306901,-21.09030837004,56.8));
#1168 = CARTESIAN_POINT('',(-52.64311306901,-21.09030837004,57.4));
#1169 = ADVANCED_FACE('',(#1170),#1192,.F.);
#1170 = FACE_BOUND('',#1171,.F.);
#1171 = EDGE_LOOP('',(#1172,#1173,#1180,#1187));
#1172 = ORIENTED_EDGE('',*,*,#1150,.T.);
#1173 = ORIENTED_EDGE('',*,*,#1174,.T.);
#1174 = EDGE_CURVE('',#1143,#1175,#1177,.T.);
#1175 = VERTEX_POINT('',#1176);
#1176 = CARTESIAN_POINT('',(-52.64311306901,-21.11233480176,56.8));
#1177 = B_SPLINE_CURVE_WITH_KNOTS('',1,(#1178,#1179),.UNSPECIFIED.,.F.,
  .F.,(2,2),(0.,2.202643171806E-02),.PIECEWISE_BEZIER_KNOTS.);
#1178 = CARTESIAN_POINT('',(-52.64311306901,-21.09030837004,56.8));
#1179 = CARTESIAN_POINT('',(-52.64311306901,-21.11233480176,56.8));
#1180 = ORIENTED_EDGE('',*,*,#1181,.F.);
#1181 = EDGE_CURVE('',#1182,#1175,#1184,.T.);
#1182 = VERTEX_POINT('',#1183);
#1183 = CARTESIAN_POINT('',(-52.64311306901,-21.11233480176,57.4));
#1184 = B_SPLINE_CURVE_WITH_KNOTS('',1,(#1185,#1186),.UNSPECIFIED.,.F.,
  .F.,(2,2),(0.,0.6),.PIECEWISE_BEZIER_KNOTS.);
#1185 = CARTESIAN_POINT('',(-52.64311306901,-21.11233480176,57.4));
#1186 = CARTESIAN_POINT('',(-52.64311306901,-21.11233480176,56.8));
#1187 = ORIENTED_EDGE('',*,*,#1188,.F.);
#1188 = EDGE_CURVE('',#1151,#1182,#1189,.T.);
#1189 = B_SPLINE_CURVE_WITH_KNOTS('',1,(#1190,#1191),.UNSPECIFIED.,.F.,
  .F.,(2,2),(0.,2.202643171806E-02),.PIECEWISE_BEZIER_KNOTS.);
#1190 = CARTESIAN_POINT('',(-52.64311306901,-21.09030837004,57.4));
#1191 = CARTESIAN_POINT('',(-52.64311306901,-21.11233480176,57.4));
#1192 = B_SPLINE_SURFACE_WITH_KNOTS('',1,1,(
    (#1193,#1194)
    ,(#1195,#1196
    )),.UNSPECIFIED.,.F.,.F.,.F.,(2,2),(2,2),(0.,2.202643171806E-02),(
    -0.6,0.),.PIECEWISE_BEZIER_KNOTS.);
#1193 = CARTESIAN_POINT('',(-52.64311306901,-21.09030837004,56.8));
#1194 = CARTESIAN_POINT('',(-52.64311306901,-21.09030837004,57.4));
#1195 = CARTESIAN_POINT('',(-52.64311306901,-21.11233480176,56.8));
#1196 = CARTESIAN_POINT('',(-52.64311306901,-21.11233480176,57.4));
#1197 = ADVANCED_FACE('',(#1198),#1222,.F.);
#1198 = FACE_BOUND('',#1199,.F.);
#1199 = EDGE_LOOP('',(#1200,#1201,#1209,#1216));
#1200 = ORIENTED_EDGE('',*,*,#1181,.T.);
#1201 = ORIENTED_EDGE('',*,*,#1202,.T.);
#1202 = EDGE_CURVE('',#1175,#1203,#1205,.T.);
#1203 = VERTEX_POINT('',#1204);
#1204 = CARTESIAN_POINT('',(-52.12016886931,-21.23623348017,56.8));
#1205 = B_SPLINE_CURVE_WITH_KNOTS('',2,(#1206,#1207,#1208),
  .UNSPECIFIED.,.F.,.F.,(3,3),(0.,1.),.PIECEWISE_BEZIER_KNOTS.);
#1206 = CARTESIAN_POINT('',(-52.64311306901,-21.11233480176,56.8));
#1207 = CARTESIAN_POINT('',(-52.27986049926,-21.18116740088,56.8));
#1208 = CARTESIAN_POINT('',(-52.12016886931,-21.23623348017,56.8));
#1209 = ORIENTED_EDGE('',*,*,#1210,.F.);
#1210 = EDGE_CURVE('',#1211,#1203,#1213,.T.);
#1211 = VERTEX_POINT('',#1212);
#1212 = CARTESIAN_POINT('',(-52.12016886931,-21.23623348017,57.4));
#1213 = B_SPLINE_CURVE_WITH_KNOTS('',1,(#1214,#1215),.UNSPECIFIED.,.F.,
  .F.,(2,2),(0.,0.6),.PIECEWISE_BEZIER_KNOTS.);
#1214 = CARTESIAN_POINT('',(-52.12016886931,-21.23623348017,57.4));
#1215 = CARTESIAN_POINT('',(-52.12016886931,-21.23623348017,56.8));
#1216 = ORIENTED_EDGE('',*,*,#1217,.F.);
#1217 = EDGE_CURVE('',#1182,#1211,#1218,.T.);
#1218 = B_SPLINE_CURVE_WITH_KNOTS('',2,(#1219,#1220,#1221),
  .UNSPECIFIED.,.F.,.F.,(3,3),(0.,1.),.PIECEWISE_BEZIER_KNOTS.);
#1219 = CARTESIAN_POINT('',(-52.64311306901,-21.11233480176,57.4));
#1220 = CARTESIAN_POINT('',(-52.27986049926,-21.18116740088,57.4));
#1221 = CARTESIAN_POINT('',(-52.12016886931,-21.23623348017,57.4));
#1222 = B_SPLINE_SURFACE_WITH_KNOTS('',2,1,(
    (#1223,#1224)
    ,(#1225,#1226)
    ,(#1227,#1228
    )),.UNSPECIFIED.,.F.,.F.,.F.,(3,3),(2,2),(0.,1.),(-0.6,0.),
  .PIECEWISE_BEZIER_KNOTS.);
#1223 = CARTESIAN_POINT('',(-52.64311306901,-21.11233480176,56.8));
#1224 = CARTESIAN_POINT('',(-52.64311306901,-21.11233480176,57.4));
#1225 = CARTESIAN_POINT('',(-52.27986049926,-21.18116740088,56.8));
#1226 = CARTESIAN_POINT('',(-52.27986049926,-21.18116740088,57.4));
#1227 = CARTESIAN_POINT('',(-52.12016886931,-21.23623348017,56.8));
#1228 = CARTESIAN_POINT('',(-52.12016886931,-21.23623348017,57.4));
#1229 = ADVANCED_FACE('',(#1230),#1252,.F.);
#1230 = FACE_BOUND('',#1231,.F.);
#1231 = EDGE_LOOP('',(#1232,#1233,#1240,#1247));
#1232 = ORIENTED_EDGE('',*,*,#1210,.T.);
#1233 = ORIENTED_EDGE('',*,*,#1234,.T.);
#1234 = EDGE_CURVE('',#1203,#1235,#1237,.T.);
#1235 = VERTEX_POINT('',#1236);
#1236 = CARTESIAN_POINT('',(-49.43643171806,-22.16134361233,56.8));
#1237 = B_SPLINE_CURVE_WITH_KNOTS('',1,(#1238,#1239),.UNSPECIFIED.,.F.,
  .F.,(2,2),(0.,2.838709892471),.PIECEWISE_BEZIER_KNOTS.);
#1238 = CARTESIAN_POINT('',(-52.12016886931,-21.23623348017,56.8));
#1239 = CARTESIAN_POINT('',(-49.43643171806,-22.16134361233,56.8));
#1240 = ORIENTED_EDGE('',*,*,#1241,.F.);
#1241 = EDGE_CURVE('',#1242,#1235,#1244,.T.);
#1242 = VERTEX_POINT('',#1243);
#1243 = CARTESIAN_POINT('',(-49.43643171806,-22.16134361233,57.4));
#1244 = B_SPLINE_CURVE_WITH_KNOTS('',1,(#1245,#1246),.UNSPECIFIED.,.F.,
  .F.,(2,2),(0.,0.6),.PIECEWISE_BEZIER_KNOTS.);
#1245 = CARTESIAN_POINT('',(-49.43643171806,-22.16134361233,57.4));
#1246 = CARTESIAN_POINT('',(-49.43643171806,-22.16134361233,56.8));
#1247 = ORIENTED_EDGE('',*,*,#1248,.F.);
#1248 = EDGE_CURVE('',#1211,#1242,#1249,.T.);
#1249 = B_SPLINE_CURVE_WITH_KNOTS('',1,(#1250,#1251),.UNSPECIFIED.,.F.,
  .F.,(2,2),(0.,2.838709892471),.PIECEWISE_BEZIER_KNOTS.);
#1250 = CARTESIAN_POINT('',(-52.12016886931,-21.23623348017,57.4));
#1251 = CARTESIAN_POINT('',(-49.43643171806,-22.16134361233,57.4));
#1252 = B_SPLINE_SURFACE_WITH_KNOTS('',1,1,(
    (#1253,#1254)
    ,(#1255,#1256
    )),.UNSPECIFIED.,.F.,.F.,.F.,(2,2),(2,2),(0.,2.838709892471),(-0.6,
    0.),.PIECEWISE_BEZIER_KNOTS.);
#1253 = CARTESIAN_POINT('',(-52.12016886931,-21.23623348017,56.8));
#1254 = CARTESIAN_POINT('',(-52.12016886931,-21.23623348017,57.4));
#1255 = CARTESIAN_POINT('',(-49.43643171806,-22.16134361233,56.8));
#1256 = CARTESIAN_POINT('',(-49.43643171806,-22.16134361233,57.4));
#1257 = ADVANCED_FACE('',(#1258),#1280,.F.);
#1258 = FACE_BOUND('',#1259,.F.);
#1259 = EDGE_LOOP('',(#1260,#1261,#1268,#1275));
#1260 = ORIENTED_EDGE('',*,*,#1241,.T.);
#1261 = ORIENTED_EDGE('',*,*,#1262,.T.);
#1262 = EDGE_CURVE('',#1235,#1263,#1265,.T.);
#1263 = VERTEX_POINT('',#1264);
#1264 = CARTESIAN_POINT('',(-49.43643171806,-22.88821585903,56.8));
#1265 = B_SPLINE_CURVE_WITH_KNOTS('',1,(#1266,#1267),.UNSPECIFIED.,.F.,
  .F.,(2,2),(0.,0.726872246696),.PIECEWISE_BEZIER_KNOTS.);
#1266 = CARTESIAN_POINT('',(-49.43643171806,-22.16134361233,56.8));
#1267 = CARTESIAN_POINT('',(-49.43643171806,-22.88821585903,56.8));
#1268 = ORIENTED_EDGE('',*,*,#1269,.F.);
#1269 = EDGE_CURVE('',#1270,#1263,#1272,.T.);
#1270 = VERTEX_POINT('',#1271);
#1271 = CARTESIAN_POINT('',(-49.43643171806,-22.88821585903,57.4));
#1272 = B_SPLINE_CURVE_WITH_KNOTS('',1,(#1273,#1274),.UNSPECIFIED.,.F.,
  .F.,(2,2),(0.,0.6),.PIECEWISE_BEZIER_KNOTS.);
#1273 = CARTESIAN_POINT('',(-49.43643171806,-22.88821585903,57.4));
#1274 = CARTESIAN_POINT('',(-49.43643171806,-22.88821585903,56.8));
#1275 = ORIENTED_EDGE('',*,*,#1276,.F.);
#1276 = EDGE_CURVE('',#1242,#1270,#1277,.T.);
#1277 = B_SPLINE_CURVE_WITH_KNOTS('',1,(#1278,#1279),.UNSPECIFIED.,.F.,
  .F.,(2,2),(0.,0.726872246696),.PIECEWISE_BEZIER_KNOTS.);
#1278 = CARTESIAN_POINT('',(-49.43643171806,-22.16134361233,57.4));
#1279 = CARTESIAN_POINT('',(-49.43643171806,-22.88821585903,57.4));
#1280 = B_SPLINE_SURFACE_WITH_KNOTS('',1,1,(
    (#1281,#1282)
    ,(#1283,#1284
    )),.UNSPECIFIED.,.F.,.F.,.F.,(2,2),(2,2),(0.,0.726872246696),(-0.6,
    0.),.PIECEWISE_BEZIER_KNOTS.);
#1281 = CARTESIAN_POINT('',(-49.43643171806,-22.16134361233,56.8));
#1282 = CARTESIAN_POINT('',(-49.43643171806,-22.16134361233,57.4));
#1283 = CARTESIAN_POINT('',(-49.43643171806,-22.88821585903,56.8));
#1284 = CARTESIAN_POINT('',(-49.43643171806,-22.88821585903,57.4));
#1285 = ADVANCED_FACE('',(#1286),#1308,.F.);
#1286 = FACE_BOUND('',#1287,.F.);
#1287 = EDGE_LOOP('',(#1288,#1289,#1296,#1303));
#1288 = ORIENTED_EDGE('',*,*,#1269,.T.);
#1289 = ORIENTED_EDGE('',*,*,#1290,.T.);
#1290 = EDGE_CURVE('',#1263,#1291,#1293,.T.);
#1291 = VERTEX_POINT('',#1292);
#1292 = CARTESIAN_POINT('',(-52.09263582966,-23.82984581497,56.8));
#1293 = B_SPLINE_CURVE_WITH_KNOTS('',1,(#1294,#1295),.UNSPECIFIED.,.F.,
  .F.,(2,2),(0.,2.818170906177),.PIECEWISE_BEZIER_KNOTS.);
#1294 = CARTESIAN_POINT('',(-49.43643171806,-22.88821585903,56.8));
#1295 = CARTESIAN_POINT('',(-52.09263582966,-23.82984581497,56.8));
#1296 = ORIENTED_EDGE('',*,*,#1297,.F.);
#1297 = EDGE_CURVE('',#1298,#1291,#1300,.T.);
#1298 = VERTEX_POINT('',#1299);
#1299 = CARTESIAN_POINT('',(-52.09263582966,-23.82984581497,57.4));
#1300 = B_SPLINE_CURVE_WITH_KNOTS('',1,(#1301,#1302),.UNSPECIFIED.,.F.,
  .F.,(2,2),(0.,0.6),.PIECEWISE_BEZIER_KNOTS.);
#1301 = CARTESIAN_POINT('',(-52.09263582966,-23.82984581497,57.4));
#1302 = CARTESIAN_POINT('',(-52.09263582966,-23.82984581497,56.8));
#1303 = ORIENTED_EDGE('',*,*,#1304,.F.);
#1304 = EDGE_CURVE('',#1270,#1298,#1305,.T.);
#1305 = B_SPLINE_CURVE_WITH_KNOTS('',1,(#1306,#1307),.UNSPECIFIED.,.F.,
  .F.,(2,2),(0.,2.818170906177),.PIECEWISE_BEZIER_KNOTS.);
#1306 = CARTESIAN_POINT('',(-49.43643171806,-22.88821585903,57.4));
#1307 = CARTESIAN_POINT('',(-52.09263582966,-23.82984581497,57.4));
#1308 = B_SPLINE_SURFACE_WITH_KNOTS('',1,1,(
    (#1309,#1310)
    ,(#1311,#1312
    )),.UNSPECIFIED.,.F.,.F.,.F.,(2,2),(2,2),(0.,2.818170906177),(-0.6,
    0.),.PIECEWISE_BEZIER_KNOTS.);
#1309 = CARTESIAN_POINT('',(-49.43643171806,-22.88821585903,56.8));
#1310 = CARTESIAN_POINT('',(-49.43643171806,-22.88821585903,57.4));
#1311 = CARTESIAN_POINT('',(-52.09263582966,-23.82984581497,56.8));
#1312 = CARTESIAN_POINT('',(-52.09263582966,-23.82984581497,57.4));
#1313 = ADVANCED_FACE('',(#1314),#1338,.F.);
#1314 = FACE_BOUND('',#1315,.F.);
#1315 = EDGE_LOOP('',(#1316,#1317,#1325,#1332));
#1316 = ORIENTED_EDGE('',*,*,#1297,.T.);
#1317 = ORIENTED_EDGE('',*,*,#1318,.T.);
#1318 = EDGE_CURVE('',#1291,#1319,#1321,.T.);
#1319 = VERTEX_POINT('',#1320);
#1320 = CARTESIAN_POINT('',(-52.64311306901,-23.95374449339,56.8));
#1321 = B_SPLINE_CURVE_WITH_KNOTS('',2,(#1322,#1323,#1324),
  .UNSPECIFIED.,.F.,.F.,(3,3),(0.,1.),.PIECEWISE_BEZIER_KNOTS.);
#1322 = CARTESIAN_POINT('',(-52.09263582966,-23.82984581497,56.8));
#1323 = CARTESIAN_POINT('',(-52.20001468428,-23.86839207048,56.8));
#1324 = CARTESIAN_POINT('',(-52.64311306901,-23.95374449339,56.8));
#1325 = ORIENTED_EDGE('',*,*,#1326,.F.);
#1326 = EDGE_CURVE('',#1327,#1319,#1329,.T.);
#1327 = VERTEX_POINT('',#1328);
#1328 = CARTESIAN_POINT('',(-52.64311306901,-23.95374449339,57.4));
#1329 = B_SPLINE_CURVE_WITH_KNOTS('',1,(#1330,#1331),.UNSPECIFIED.,.F.,
  .F.,(2,2),(0.,0.6),.PIECEWISE_BEZIER_KNOTS.);
#1330 = CARTESIAN_POINT('',(-52.64311306901,-23.95374449339,57.4));
#1331 = CARTESIAN_POINT('',(-52.64311306901,-23.95374449339,56.8));
#1332 = ORIENTED_EDGE('',*,*,#1333,.F.);
#1333 = EDGE_CURVE('',#1298,#1327,#1334,.T.);
#1334 = B_SPLINE_CURVE_WITH_KNOTS('',2,(#1335,#1336,#1337),
  .UNSPECIFIED.,.F.,.F.,(3,3),(0.,1.),.PIECEWISE_BEZIER_KNOTS.);
#1335 = CARTESIAN_POINT('',(-52.09263582966,-23.82984581497,57.4));
#1336 = CARTESIAN_POINT('',(-52.20001468428,-23.86839207048,57.4));
#1337 = CARTESIAN_POINT('',(-52.64311306901,-23.95374449339,57.4));
#1338 = B_SPLINE_SURFACE_WITH_KNOTS('',2,1,(
    (#1339,#1340)
    ,(#1341,#1342)
    ,(#1343,#1344
    )),.UNSPECIFIED.,.F.,.F.,.F.,(3,3),(2,2),(0.,1.),(-0.6,0.),
  .PIECEWISE_BEZIER_KNOTS.);
#1339 = CARTESIAN_POINT('',(-52.09263582966,-23.82984581497,56.8));
#1340 = CARTESIAN_POINT('',(-52.09263582966,-23.82984581497,57.4));
#1341 = CARTESIAN_POINT('',(-52.20001468428,-23.86839207048,56.8));
#1342 = CARTESIAN_POINT('',(-52.20001468428,-23.86839207048,57.4));
#1343 = CARTESIAN_POINT('',(-52.64311306901,-23.95374449339,56.8));
#1344 = CARTESIAN_POINT('',(-52.64311306901,-23.95374449339,57.4));
#1345 = ADVANCED_FACE('',(#1346),#1368,.F.);
#1346 = FACE_BOUND('',#1347,.F.);
#1347 = EDGE_LOOP('',(#1348,#1349,#1356,#1363));
#1348 = ORIENTED_EDGE('',*,*,#1326,.T.);
#1349 = ORIENTED_EDGE('',*,*,#1350,.T.);
#1350 = EDGE_CURVE('',#1319,#1351,#1353,.T.);
#1351 = VERTEX_POINT('',#1352);
#1352 = CARTESIAN_POINT('',(-52.64311306901,-23.97852422907,56.8));
#1353 = B_SPLINE_CURVE_WITH_KNOTS('',1,(#1354,#1355),.UNSPECIFIED.,.F.,
  .F.,(2,2),(0.,2.477973568282E-02),.PIECEWISE_BEZIER_KNOTS.);
#1354 = CARTESIAN_POINT('',(-52.64311306901,-23.95374449339,56.8));
#1355 = CARTESIAN_POINT('',(-52.64311306901,-23.97852422907,56.8));
#1356 = ORIENTED_EDGE('',*,*,#1357,.F.);
#1357 = EDGE_CURVE('',#1358,#1351,#1360,.T.);
#1358 = VERTEX_POINT('',#1359);
#1359 = CARTESIAN_POINT('',(-52.64311306901,-23.97852422907,57.4));
#1360 = B_SPLINE_CURVE_WITH_KNOTS('',1,(#1361,#1362),.UNSPECIFIED.,.F.,
  .F.,(2,2),(0.,0.6),.PIECEWISE_BEZIER_KNOTS.);
#1361 = CARTESIAN_POINT('',(-52.64311306901,-23.97852422907,57.4));
#1362 = CARTESIAN_POINT('',(-52.64311306901,-23.97852422907,56.8));
#1363 = ORIENTED_EDGE('',*,*,#1364,.F.);
#1364 = EDGE_CURVE('',#1327,#1358,#1365,.T.);
#1365 = B_SPLINE_CURVE_WITH_KNOTS('',1,(#1366,#1367),.UNSPECIFIED.,.F.,
  .F.,(2,2),(0.,2.477973568282E-02),.PIECEWISE_BEZIER_KNOTS.);
#1366 = CARTESIAN_POINT('',(-52.64311306901,-23.95374449339,57.4));
#1367 = CARTESIAN_POINT('',(-52.64311306901,-23.97852422907,57.4));
#1368 = B_SPLINE_SURFACE_WITH_KNOTS('',1,1,(
    (#1369,#1370)
    ,(#1371,#1372
    )),.UNSPECIFIED.,.F.,.F.,.F.,(2,2),(2,2),(0.,2.477973568282E-02),(
    -0.6,0.),.PIECEWISE_BEZIER_KNOTS.);
#1369 = CARTESIAN_POINT('',(-52.64311306901,-23.95374449339,56.8));
#1370 = CARTESIAN_POINT('',(-52.64311306901,-23.95374449339,57.4));
#1371 = CARTESIAN_POINT('',(-52.64311306901,-23.97852422907,56.8));
#1372 = CARTESIAN_POINT('',(-52.64311306901,-23.97852422907,57.4));
#1373 = ADVANCED_FACE('',(#1374),#1398,.F.);
#1374 = FACE_BOUND('',#1375,.F.);
#1375 = EDGE_LOOP('',(#1376,#1377,#1385,#1392));
#1376 = ORIENTED_EDGE('',*,*,#1357,.T.);
#1377 = ORIENTED_EDGE('',*,*,#1378,.T.);
#1378 = EDGE_CURVE('',#1351,#1379,#1381,.T.);
#1379 = VERTEX_POINT('',#1380);
#1380 = CARTESIAN_POINT('',(-51.61925110132,-23.94273127753,56.8));
#1381 = B_SPLINE_CURVE_WITH_KNOTS('',2,(#1382,#1383,#1384),
  .UNSPECIFIED.,.F.,.F.,(3,3),(0.,1.),.PIECEWISE_BEZIER_KNOTS.);
#1382 = CARTESIAN_POINT('',(-52.64311306901,-23.97852422907,56.8));
#1383 = CARTESIAN_POINT('',(-52.05959618208,-23.94273127753,56.8));
#1384 = CARTESIAN_POINT('',(-51.61925110132,-23.94273127753,56.8));
#1385 = ORIENTED_EDGE('',*,*,#1386,.F.);
#1386 = EDGE_CURVE('',#1387,#1379,#1389,.T.);
#1387 = VERTEX_POINT('',#1388);
#1388 = CARTESIAN_POINT('',(-51.61925110132,-23.94273127753,57.4));
#1389 = B_SPLINE_CURVE_WITH_KNOTS('',1,(#1390,#1391),.UNSPECIFIED.,.F.,
  .F.,(2,2),(0.,0.6),.PIECEWISE_BEZIER_KNOTS.);
#1390 = CARTESIAN_POINT('',(-51.61925110132,-23.94273127753,57.4));
#1391 = CARTESIAN_POINT('',(-51.61925110132,-23.94273127753,56.8));
#1392 = ORIENTED_EDGE('',*,*,#1393,.F.);
#1393 = EDGE_CURVE('',#1358,#1387,#1394,.T.);
#1394 = B_SPLINE_CURVE_WITH_KNOTS('',2,(#1395,#1396,#1397),
  .UNSPECIFIED.,.F.,.F.,(3,3),(0.,1.),.PIECEWISE_BEZIER_KNOTS.);
#1395 = CARTESIAN_POINT('',(-52.64311306901,-23.97852422907,57.4));
#1396 = CARTESIAN_POINT('',(-52.05959618208,-23.94273127753,57.4));
#1397 = CARTESIAN_POINT('',(-51.61925110132,-23.94273127753,57.4));
#1398 = B_SPLINE_SURFACE_WITH_KNOTS('',2,1,(
    (#1399,#1400)
    ,(#1401,#1402)
    ,(#1403,#1404
    )),.UNSPECIFIED.,.F.,.F.,.F.,(3,3),(2,2),(0.,1.),(-0.6,0.),
  .PIECEWISE_BEZIER_KNOTS.);
#1399 = CARTESIAN_POINT('',(-52.64311306901,-23.97852422907,56.8));
#1400 = CARTESIAN_POINT('',(-52.64311306901,-23.97852422907,57.4));
#1401 = CARTESIAN_POINT('',(-52.05959618208,-23.94273127753,56.8));
#1402 = CARTESIAN_POINT('',(-52.05959618208,-23.94273127753,57.4));
#1403 = CARTESIAN_POINT('',(-51.61925110132,-23.94273127753,56.8));
#1404 = CARTESIAN_POINT('',(-51.61925110132,-23.94273127753,57.4));
#1405 = ADVANCED_FACE('',(#1406),#1428,.F.);
#1406 = FACE_BOUND('',#1407,.F.);
#1407 = EDGE_LOOP('',(#1408,#1409,#1416,#1423));
#1408 = ORIENTED_EDGE('',*,*,#1386,.T.);
#1409 = ORIENTED_EDGE('',*,*,#1410,.T.);
#1410 = EDGE_CURVE('',#1379,#1411,#1413,.T.);
#1411 = VERTEX_POINT('',#1412);
#1412 = CARTESIAN_POINT('',(-49.43643171806,-23.94273127753,56.8));
#1413 = B_SPLINE_CURVE_WITH_KNOTS('',1,(#1414,#1415),.UNSPECIFIED.,.F.,
  .F.,(2,2),(0.,2.18281938326),.PIECEWISE_BEZIER_KNOTS.);
#1414 = CARTESIAN_POINT('',(-51.61925110132,-23.94273127753,56.8));
#1415 = CARTESIAN_POINT('',(-49.43643171806,-23.94273127753,56.8));
#1416 = ORIENTED_EDGE('',*,*,#1417,.F.);
#1417 = EDGE_CURVE('',#1418,#1411,#1420,.T.);
#1418 = VERTEX_POINT('',#1419);
#1419 = CARTESIAN_POINT('',(-49.43643171806,-23.94273127753,57.4));
#1420 = B_SPLINE_CURVE_WITH_KNOTS('',1,(#1421,#1422),.UNSPECIFIED.,.F.,
  .F.,(2,2),(0.,0.6),.PIECEWISE_BEZIER_KNOTS.);
#1421 = CARTESIAN_POINT('',(-49.43643171806,-23.94273127753,57.4));
#1422 = CARTESIAN_POINT('',(-49.43643171806,-23.94273127753,56.8));
#1423 = ORIENTED_EDGE('',*,*,#1424,.F.);
#1424 = EDGE_CURVE('',#1387,#1418,#1425,.T.);
#1425 = B_SPLINE_CURVE_WITH_KNOTS('',1,(#1426,#1427),.UNSPECIFIED.,.F.,
  .F.,(2,2),(0.,2.18281938326),.PIECEWISE_BEZIER_KNOTS.);
#1426 = CARTESIAN_POINT('',(-51.61925110132,-23.94273127753,57.4));
#1427 = CARTESIAN_POINT('',(-49.43643171806,-23.94273127753,57.4));
#1428 = B_SPLINE_SURFACE_WITH_KNOTS('',1,1,(
    (#1429,#1430)
    ,(#1431,#1432
    )),.UNSPECIFIED.,.F.,.F.,.F.,(2,2),(2,2),(0.,2.18281938326),(-0.6,0.
    ),.PIECEWISE_BEZIER_KNOTS.);
#1429 = CARTESIAN_POINT('',(-51.61925110132,-23.94273127753,56.8));
#1430 = CARTESIAN_POINT('',(-51.61925110132,-23.94273127753,57.4));
#1431 = CARTESIAN_POINT('',(-49.43643171806,-23.94273127753,56.8));
#1432 = CARTESIAN_POINT('',(-49.43643171806,-23.94273127753,57.4));
#1433 = ADVANCED_FACE('',(#1434),#1456,.F.);
#1434 = FACE_BOUND('',#1435,.F.);
#1435 = EDGE_LOOP('',(#1436,#1437,#1444,#1451));
#1436 = ORIENTED_EDGE('',*,*,#1417,.T.);
#1437 = ORIENTED_EDGE('',*,*,#1438,.T.);
#1438 = EDGE_CURVE('',#1411,#1439,#1441,.T.);
#1439 = VERTEX_POINT('',#1440);
#1440 = CARTESIAN_POINT('',(-49.43643171806,-24.74394273127,56.8));
#1441 = B_SPLINE_CURVE_WITH_KNOTS('',1,(#1442,#1443),.UNSPECIFIED.,.F.,
  .F.,(2,2),(0.,0.801211453744),.PIECEWISE_BEZIER_KNOTS.);
#1442 = CARTESIAN_POINT('',(-49.43643171806,-23.94273127753,56.8));
#1443 = CARTESIAN_POINT('',(-49.43643171806,-24.74394273127,56.8));
#1444 = ORIENTED_EDGE('',*,*,#1445,.F.);
#1445 = EDGE_CURVE('',#1446,#1439,#1448,.T.);
#1446 = VERTEX_POINT('',#1447);
#1447 = CARTESIAN_POINT('',(-49.43643171806,-24.74394273127,57.4));
#1448 = B_SPLINE_CURVE_WITH_KNOTS('',1,(#1449,#1450),.UNSPECIFIED.,.F.,
  .F.,(2,2),(0.,0.6),.PIECEWISE_BEZIER_KNOTS.);
#1449 = CARTESIAN_POINT('',(-49.43643171806,-24.74394273127,57.4));
#1450 = CARTESIAN_POINT('',(-49.43643171806,-24.74394273127,56.8));
#1451 = ORIENTED_EDGE('',*,*,#1452,.F.);
#1452 = EDGE_CURVE('',#1418,#1446,#1453,.T.);
#1453 = B_SPLINE_CURVE_WITH_KNOTS('',1,(#1454,#1455),.UNSPECIFIED.,.F.,
  .F.,(2,2),(0.,0.801211453744),.PIECEWISE_BEZIER_KNOTS.);
#1454 = CARTESIAN_POINT('',(-49.43643171806,-23.94273127753,57.4));
#1455 = CARTESIAN_POINT('',(-49.43643171806,-24.74394273127,57.4));
#1456 = B_SPLINE_SURFACE_WITH_KNOTS('',1,1,(
    (#1457,#1458)
    ,(#1459,#1460
    )),.UNSPECIFIED.,.F.,.F.,.F.,(2,2),(2,2),(0.,0.801211453744),(-0.6,
    0.),.PIECEWISE_BEZIER_KNOTS.);
#1457 = CARTESIAN_POINT('',(-49.43643171806,-23.94273127753,56.8));
#1458 = CARTESIAN_POINT('',(-49.43643171806,-23.94273127753,57.4));
#1459 = CARTESIAN_POINT('',(-49.43643171806,-24.74394273127,56.8));
#1460 = CARTESIAN_POINT('',(-49.43643171806,-24.74394273127,57.4));
#1461 = ADVANCED_FACE('',(#1462),#1484,.F.);
#1462 = FACE_BOUND('',#1463,.F.);
#1463 = EDGE_LOOP('',(#1464,#1465,#1472,#1479));
#1464 = ORIENTED_EDGE('',*,*,#1445,.T.);
#1465 = ORIENTED_EDGE('',*,*,#1466,.T.);
#1466 = EDGE_CURVE('',#1439,#1467,#1469,.T.);
#1467 = VERTEX_POINT('',#1468);
#1468 = CARTESIAN_POINT('',(-53.38356828193,-24.74394273127,56.8));
#1469 = B_SPLINE_CURVE_WITH_KNOTS('',1,(#1470,#1471),.UNSPECIFIED.,.F.,
  .F.,(2,2),(0.,3.947136563877),.PIECEWISE_BEZIER_KNOTS.);
#1470 = CARTESIAN_POINT('',(-49.43643171806,-24.74394273127,56.8));
#1471 = CARTESIAN_POINT('',(-53.38356828193,-24.74394273127,56.8));
#1472 = ORIENTED_EDGE('',*,*,#1473,.F.);
#1473 = EDGE_CURVE('',#1474,#1467,#1476,.T.);
#1474 = VERTEX_POINT('',#1475);
#1475 = CARTESIAN_POINT('',(-53.38356828193,-24.74394273127,57.4));
#1476 = B_SPLINE_CURVE_WITH_KNOTS('',1,(#1477,#1478),.UNSPECIFIED.,.F.,
  .F.,(2,2),(0.,0.6),.PIECEWISE_BEZIER_KNOTS.);
#1477 = CARTESIAN_POINT('',(-53.38356828193,-24.74394273127,57.4));
#1478 = CARTESIAN_POINT('',(-53.38356828193,-24.74394273127,56.8));
#1479 = ORIENTED_EDGE('',*,*,#1480,.F.);
#1480 = EDGE_CURVE('',#1446,#1474,#1481,.T.);
#1481 = B_SPLINE_CURVE_WITH_KNOTS('',1,(#1482,#1483),.UNSPECIFIED.,.F.,
  .F.,(2,2),(0.,3.947136563877),.PIECEWISE_BEZIER_KNOTS.);
#1482 = CARTESIAN_POINT('',(-49.43643171806,-24.74394273127,57.4));
#1483 = CARTESIAN_POINT('',(-53.38356828193,-24.74394273127,57.4));
#1484 = B_SPLINE_SURFACE_WITH_KNOTS('',1,1,(
    (#1485,#1486)
    ,(#1487,#1488
    )),.UNSPECIFIED.,.F.,.F.,.F.,(2,2),(2,2),(0.,3.947136563877),(-0.6,
    0.),.PIECEWISE_BEZIER_KNOTS.);
#1485 = CARTESIAN_POINT('',(-49.43643171806,-24.74394273127,56.8));
#1486 = CARTESIAN_POINT('',(-49.43643171806,-24.74394273127,57.4));
#1487 = CARTESIAN_POINT('',(-53.38356828193,-24.74394273127,56.8));
#1488 = CARTESIAN_POINT('',(-53.38356828193,-24.74394273127,57.4));
#1489 = ADVANCED_FACE('',(#1490),#1512,.F.);
#1490 = FACE_BOUND('',#1491,.F.);
#1491 = EDGE_LOOP('',(#1492,#1493,#1500,#1507));
#1492 = ORIENTED_EDGE('',*,*,#1473,.T.);
#1493 = ORIENTED_EDGE('',*,*,#1494,.T.);
#1494 = EDGE_CURVE('',#1467,#1495,#1497,.T.);
#1495 = VERTEX_POINT('',#1496);
#1496 = CARTESIAN_POINT('',(-53.38356828193,-23.44162995594,56.8));
#1497 = B_SPLINE_CURVE_WITH_KNOTS('',1,(#1498,#1499),.UNSPECIFIED.,.F.,
  .F.,(2,2),(0.,1.30231277533),.PIECEWISE_BEZIER_KNOTS.);
#1498 = CARTESIAN_POINT('',(-53.38356828193,-24.74394273127,56.8));
#1499 = CARTESIAN_POINT('',(-53.38356828193,-23.44162995594,56.8));
#1500 = ORIENTED_EDGE('',*,*,#1501,.F.);
#1501 = EDGE_CURVE('',#1502,#1495,#1504,.T.);
#1502 = VERTEX_POINT('',#1503);
#1503 = CARTESIAN_POINT('',(-53.38356828193,-23.44162995594,57.4));
#1504 = B_SPLINE_CURVE_WITH_KNOTS('',1,(#1505,#1506),.UNSPECIFIED.,.F.,
  .F.,(2,2),(0.,0.6),.PIECEWISE_BEZIER_KNOTS.);
#1505 = CARTESIAN_POINT('',(-53.38356828193,-23.44162995594,57.4));
#1506 = CARTESIAN_POINT('',(-53.38356828193,-23.44162995594,56.8));
#1507 = ORIENTED_EDGE('',*,*,#1508,.F.);
#1508 = EDGE_CURVE('',#1474,#1502,#1509,.T.);
#1509 = B_SPLINE_CURVE_WITH_KNOTS('',1,(#1510,#1511),.UNSPECIFIED.,.F.,
  .F.,(2,2),(0.,1.30231277533),.PIECEWISE_BEZIER_KNOTS.);
#1510 = CARTESIAN_POINT('',(-53.38356828193,-24.74394273127,57.4));
#1511 = CARTESIAN_POINT('',(-53.38356828193,-23.44162995594,57.4));
#1512 = B_SPLINE_SURFACE_WITH_KNOTS('',1,1,(
    (#1513,#1514)
    ,(#1515,#1516
    )),.UNSPECIFIED.,.F.,.F.,.F.,(2,2),(2,2),(0.,1.30231277533),(-0.6,0.
    ),.PIECEWISE_BEZIER_KNOTS.);
#1513 = CARTESIAN_POINT('',(-53.38356828193,-24.74394273127,56.8));
#1514 = CARTESIAN_POINT('',(-53.38356828193,-24.74394273127,57.4));
#1515 = CARTESIAN_POINT('',(-53.38356828193,-23.44162995594,56.8));
#1516 = CARTESIAN_POINT('',(-53.38356828193,-23.44162995594,57.4));
#1517 = ADVANCED_FACE('',(#1518),#1540,.F.);
#1518 = FACE_BOUND('',#1519,.F.);
#1519 = EDGE_LOOP('',(#1520,#1521,#1528,#1535));
#1520 = ORIENTED_EDGE('',*,*,#1501,.T.);
#1521 = ORIENTED_EDGE('',*,*,#1522,.T.);
#1522 = EDGE_CURVE('',#1495,#1523,#1525,.T.);
#1523 = VERTEX_POINT('',#1524);
#1524 = CARTESIAN_POINT('',(-51.04399412628,-22.63491189427,56.8));
#1525 = B_SPLINE_CURVE_WITH_KNOTS('',1,(#1526,#1527),.UNSPECIFIED.,.F.,
  .F.,(2,2),(0.,2.474752767618),.PIECEWISE_BEZIER_KNOTS.);
#1526 = CARTESIAN_POINT('',(-53.38356828193,-23.44162995594,56.8));
#1527 = CARTESIAN_POINT('',(-51.04399412628,-22.63491189427,56.8));
#1528 = ORIENTED_EDGE('',*,*,#1529,.F.);
#1529 = EDGE_CURVE('',#1530,#1523,#1532,.T.);
#1530 = VERTEX_POINT('',#1531);
#1531 = CARTESIAN_POINT('',(-51.04399412628,-22.63491189427,57.4));
#1532 = B_SPLINE_CURVE_WITH_KNOTS('',1,(#1533,#1534),.UNSPECIFIED.,.F.,
  .F.,(2,2),(0.,0.6),.PIECEWISE_BEZIER_KNOTS.);
#1533 = CARTESIAN_POINT('',(-51.04399412628,-22.63491189427,57.4));
#1534 = CARTESIAN_POINT('',(-51.04399412628,-22.63491189427,56.8));
#1535 = ORIENTED_EDGE('',*,*,#1536,.F.);
#1536 = EDGE_CURVE('',#1502,#1530,#1537,.T.);
#1537 = B_SPLINE_CURVE_WITH_KNOTS('',1,(#1538,#1539),.UNSPECIFIED.,.F.,
  .F.,(2,2),(0.,2.474752767618),.PIECEWISE_BEZIER_KNOTS.);
#1538 = CARTESIAN_POINT('',(-53.38356828193,-23.44162995594,57.4));
#1539 = CARTESIAN_POINT('',(-51.04399412628,-22.63491189427,57.4));
#1540 = B_SPLINE_SURFACE_WITH_KNOTS('',1,1,(
    (#1541,#1542)
    ,(#1543,#1544
    )),.UNSPECIFIED.,.F.,.F.,.F.,(2,2),(2,2),(0.,2.474752767618),(-0.6,
    0.),.PIECEWISE_BEZIER_KNOTS.);
#1541 = CARTESIAN_POINT('',(-53.38356828193,-23.44162995594,56.8));
#1542 = CARTESIAN_POINT('',(-53.38356828193,-23.44162995594,57.4));
#1543 = CARTESIAN_POINT('',(-51.04399412628,-22.63491189427,56.8));
#1544 = CARTESIAN_POINT('',(-51.04399412628,-22.63491189427,57.4));
#1545 = ADVANCED_FACE('',(#1546),#1570,.F.);
#1546 = FACE_BOUND('',#1547,.F.);
#1547 = EDGE_LOOP('',(#1548,#1549,#1557,#1564));
#1548 = ORIENTED_EDGE('',*,*,#1529,.T.);
#1549 = ORIENTED_EDGE('',*,*,#1550,.T.);
#1550 = EDGE_CURVE('',#1523,#1551,#1553,.T.);
#1551 = VERTEX_POINT('',#1552);
#1552 = CARTESIAN_POINT('',(-50.47956681351,-22.49449339207,56.8));
#1553 = B_SPLINE_CURVE_WITH_KNOTS('',2,(#1554,#1555,#1556),
  .UNSPECIFIED.,.F.,.F.,(3,3),(0.,1.),.PIECEWISE_BEZIER_KNOTS.);
#1554 = CARTESIAN_POINT('',(-51.04399412628,-22.63491189427,56.8));
#1555 = CARTESIAN_POINT('',(-50.76315712188,-22.5385462555,56.8));
#1556 = CARTESIAN_POINT('',(-50.47956681351,-22.49449339207,56.8));
#1557 = ORIENTED_EDGE('',*,*,#1558,.F.);
#1558 = EDGE_CURVE('',#1559,#1551,#1561,.T.);
#1559 = VERTEX_POINT('',#1560);
#1560 = CARTESIAN_POINT('',(-50.47956681351,-22.49449339207,57.4));
#1561 = B_SPLINE_CURVE_WITH_KNOTS('',1,(#1562,#1563),.UNSPECIFIED.,.F.,
  .F.,(2,2),(0.,0.6),.PIECEWISE_BEZIER_KNOTS.);
#1562 = CARTESIAN_POINT('',(-50.47956681351,-22.49449339207,57.4));
#1563 = CARTESIAN_POINT('',(-50.47956681351,-22.49449339207,56.8));
#1564 = ORIENTED_EDGE('',*,*,#1565,.F.);
#1565 = EDGE_CURVE('',#1530,#1559,#1566,.T.);
#1566 = B_SPLINE_CURVE_WITH_KNOTS('',2,(#1567,#1568,#1569),
  .UNSPECIFIED.,.F.,.F.,(3,3),(0.,1.),.PIECEWISE_BEZIER_KNOTS.);
#1567 = CARTESIAN_POINT('',(-51.04399412628,-22.63491189427,57.4));
#1568 = CARTESIAN_POINT('',(-50.76315712188,-22.5385462555,57.4));
#1569 = CARTESIAN_POINT('',(-50.47956681351,-22.49449339207,57.4));
#1570 = B_SPLINE_SURFACE_WITH_KNOTS('',2,1,(
    (#1571,#1572)
    ,(#1573,#1574)
    ,(#1575,#1576
    )),.UNSPECIFIED.,.F.,.F.,.F.,(3,3),(2,2),(0.,1.),(-0.6,0.),
  .PIECEWISE_BEZIER_KNOTS.);
#1571 = CARTESIAN_POINT('',(-51.04399412628,-22.63491189427,56.8));
#1572 = CARTESIAN_POINT('',(-51.04399412628,-22.63491189427,57.4));
#1573 = CARTESIAN_POINT('',(-50.76315712188,-22.5385462555,56.8));
#1574 = CARTESIAN_POINT('',(-50.76315712188,-22.5385462555,57.4));
#1575 = CARTESIAN_POINT('',(-50.47956681351,-22.49449339207,56.8));
#1576 = CARTESIAN_POINT('',(-50.47956681351,-22.49449339207,57.4));
#1577 = ADVANCED_FACE('',(#1578),#1600,.F.);
#1578 = FACE_BOUND('',#1579,.F.);
#1579 = EDGE_LOOP('',(#1580,#1581,#1588,#1595));
#1580 = ORIENTED_EDGE('',*,*,#1558,.T.);
#1581 = ORIENTED_EDGE('',*,*,#1582,.T.);
#1582 = EDGE_CURVE('',#1551,#1583,#1585,.T.);
#1583 = VERTEX_POINT('',#1584);
#1584 = CARTESIAN_POINT('',(-50.47956681351,-22.47797356828,56.8));
#1585 = B_SPLINE_CURVE_WITH_KNOTS('',1,(#1586,#1587),.UNSPECIFIED.,.F.,
  .F.,(2,2),(0.,1.651982378855E-02),.PIECEWISE_BEZIER_KNOTS.);
#1586 = CARTESIAN_POINT('',(-50.47956681351,-22.49449339207,56.8));
#1587 = CARTESIAN_POINT('',(-50.47956681351,-22.47797356828,56.8));
#1588 = ORIENTED_EDGE('',*,*,#1589,.F.);
#1589 = EDGE_CURVE('',#1590,#1583,#1592,.T.);
#1590 = VERTEX_POINT('',#1591);
#1591 = CARTESIAN_POINT('',(-50.47956681351,-22.47797356828,57.4));
#1592 = B_SPLINE_CURVE_WITH_KNOTS('',1,(#1593,#1594),.UNSPECIFIED.,.F.,
  .F.,(2,2),(0.,0.6),.PIECEWISE_BEZIER_KNOTS.);
#1593 = CARTESIAN_POINT('',(-50.47956681351,-22.47797356828,57.4));
#1594 = CARTESIAN_POINT('',(-50.47956681351,-22.47797356828,56.8));
#1595 = ORIENTED_EDGE('',*,*,#1596,.F.);
#1596 = EDGE_CURVE('',#1559,#1590,#1597,.T.);
#1597 = B_SPLINE_CURVE_WITH_KNOTS('',1,(#1598,#1599),.UNSPECIFIED.,.F.,
  .F.,(2,2),(0.,1.651982378855E-02),.PIECEWISE_BEZIER_KNOTS.);
#1598 = CARTESIAN_POINT('',(-50.47956681351,-22.49449339207,57.4));
#1599 = CARTESIAN_POINT('',(-50.47956681351,-22.47797356828,57.4));
#1600 = B_SPLINE_SURFACE_WITH_KNOTS('',1,1,(
    (#1601,#1602)
    ,(#1603,#1604
    )),.UNSPECIFIED.,.F.,.F.,.F.,(2,2),(2,2),(0.,1.651982378855E-02),(
    -0.6,0.),.PIECEWISE_BEZIER_KNOTS.);
#1601 = CARTESIAN_POINT('',(-50.47956681351,-22.49449339207,56.8));
#1602 = CARTESIAN_POINT('',(-50.47956681351,-22.49449339207,57.4));
#1603 = CARTESIAN_POINT('',(-50.47956681351,-22.47797356828,56.8));
#1604 = CARTESIAN_POINT('',(-50.47956681351,-22.47797356828,57.4));
#1605 = ADVANCED_FACE('',(#1606),#1630,.F.);
#1606 = FACE_BOUND('',#1607,.F.);
#1607 = EDGE_LOOP('',(#1608,#1609,#1617,#1624));
#1608 = ORIENTED_EDGE('',*,*,#1589,.T.);
#1609 = ORIENTED_EDGE('',*,*,#1610,.T.);
#1610 = EDGE_CURVE('',#1583,#1611,#1613,.T.);
#1611 = VERTEX_POINT('',#1612);
#1612 = CARTESIAN_POINT('',(-51.04950073421,-22.32103524229,56.8));
#1613 = B_SPLINE_CURVE_WITH_KNOTS('',2,(#1614,#1615,#1616),
  .UNSPECIFIED.,.F.,.F.,(3,3),(0.,1.),.PIECEWISE_BEZIER_KNOTS.);
#1614 = CARTESIAN_POINT('',(-50.47956681351,-22.47797356828,56.8));
#1615 = CARTESIAN_POINT('',(-50.80720998531,-22.40363436123,56.8));
#1616 = CARTESIAN_POINT('',(-51.04950073421,-22.32103524229,56.8));
#1617 = ORIENTED_EDGE('',*,*,#1618,.F.);
#1618 = EDGE_CURVE('',#1619,#1611,#1621,.T.);
#1619 = VERTEX_POINT('',#1620);
#1620 = CARTESIAN_POINT('',(-51.04950073421,-22.32103524229,57.4));
#1621 = B_SPLINE_CURVE_WITH_KNOTS('',1,(#1622,#1623),.UNSPECIFIED.,.F.,
  .F.,(2,2),(0.,0.6),.PIECEWISE_BEZIER_KNOTS.);
#1622 = CARTESIAN_POINT('',(-51.04950073421,-22.32103524229,57.4));
#1623 = CARTESIAN_POINT('',(-51.04950073421,-22.32103524229,56.8));
#1624 = ORIENTED_EDGE('',*,*,#1625,.F.);
#1625 = EDGE_CURVE('',#1590,#1619,#1626,.T.);
#1626 = B_SPLINE_CURVE_WITH_KNOTS('',2,(#1627,#1628,#1629),
  .UNSPECIFIED.,.F.,.F.,(3,3),(0.,1.),.PIECEWISE_BEZIER_KNOTS.);
#1627 = CARTESIAN_POINT('',(-50.47956681351,-22.47797356828,57.4));
#1628 = CARTESIAN_POINT('',(-50.80720998531,-22.40363436123,57.4));
#1629 = CARTESIAN_POINT('',(-51.04950073421,-22.32103524229,57.4));
#1630 = B_SPLINE_SURFACE_WITH_KNOTS('',2,1,(
    (#1631,#1632)
    ,(#1633,#1634)
    ,(#1635,#1636
    )),.UNSPECIFIED.,.F.,.F.,.F.,(3,3),(2,2),(0.,1.),(-0.6,0.),
  .PIECEWISE_BEZIER_KNOTS.);
#1631 = CARTESIAN_POINT('',(-50.47956681351,-22.47797356828,56.8));
#1632 = CARTESIAN_POINT('',(-50.47956681351,-22.47797356828,57.4));
#1633 = CARTESIAN_POINT('',(-50.80720998531,-22.40363436123,56.8));
#1634 = CARTESIAN_POINT('',(-50.80720998531,-22.40363436123,57.4));
#1635 = CARTESIAN_POINT('',(-51.04950073421,-22.32103524229,56.8));
#1636 = CARTESIAN_POINT('',(-51.04950073421,-22.32103524229,57.4));
#1637 = ADVANCED_FACE('',(#1638),#1660,.F.);
#1638 = FACE_BOUND('',#1639,.F.);
#1639 = EDGE_LOOP('',(#1640,#1641,#1648,#1655));
#1640 = ORIENTED_EDGE('',*,*,#1618,.T.);
#1641 = ORIENTED_EDGE('',*,*,#1642,.T.);
#1642 = EDGE_CURVE('',#1611,#1643,#1645,.T.);
#1643 = VERTEX_POINT('',#1644);
#1644 = CARTESIAN_POINT('',(-53.38356828193,-21.51431718061,56.8));
#1645 = B_SPLINE_CURVE_WITH_KNOTS('',1,(#1646,#1647),.UNSPECIFIED.,.F.,
  .F.,(2,2),(0.,2.46954759994),.PIECEWISE_BEZIER_KNOTS.);
#1646 = CARTESIAN_POINT('',(-51.04950073421,-22.32103524229,56.8));
#1647 = CARTESIAN_POINT('',(-53.38356828193,-21.51431718061,56.8));
#1648 = ORIENTED_EDGE('',*,*,#1649,.F.);
#1649 = EDGE_CURVE('',#1650,#1643,#1652,.T.);
#1650 = VERTEX_POINT('',#1651);
#1651 = CARTESIAN_POINT('',(-53.38356828193,-21.51431718061,57.4));
#1652 = B_SPLINE_CURVE_WITH_KNOTS('',1,(#1653,#1654),.UNSPECIFIED.,.F.,
  .F.,(2,2),(0.,0.6),.PIECEWISE_BEZIER_KNOTS.);
#1653 = CARTESIAN_POINT('',(-53.38356828193,-21.51431718061,57.4));
#1654 = CARTESIAN_POINT('',(-53.38356828193,-21.51431718061,56.8));
#1655 = ORIENTED_EDGE('',*,*,#1656,.F.);
#1656 = EDGE_CURVE('',#1619,#1650,#1657,.T.);
#1657 = B_SPLINE_CURVE_WITH_KNOTS('',1,(#1658,#1659),.UNSPECIFIED.,.F.,
  .F.,(2,2),(0.,2.46954759994),.PIECEWISE_BEZIER_KNOTS.);
#1658 = CARTESIAN_POINT('',(-51.04950073421,-22.32103524229,57.4));
#1659 = CARTESIAN_POINT('',(-53.38356828193,-21.51431718061,57.4));
#1660 = B_SPLINE_SURFACE_WITH_KNOTS('',1,1,(
    (#1661,#1662)
    ,(#1663,#1664
    )),.UNSPECIFIED.,.F.,.F.,.F.,(2,2),(2,2),(0.,2.46954759994),(-0.6,0.
    ),.PIECEWISE_BEZIER_KNOTS.);
#1661 = CARTESIAN_POINT('',(-51.04950073421,-22.32103524229,56.8));
#1662 = CARTESIAN_POINT('',(-51.04950073421,-22.32103524229,57.4));
#1663 = CARTESIAN_POINT('',(-53.38356828193,-21.51431718061,56.8));
#1664 = CARTESIAN_POINT('',(-53.38356828193,-21.51431718061,57.4));
#1665 = ADVANCED_FACE('',(#1666),#1688,.F.);
#1666 = FACE_BOUND('',#1667,.F.);
#1667 = EDGE_LOOP('',(#1668,#1669,#1676,#1683));
#1668 = ORIENTED_EDGE('',*,*,#1649,.T.);
#1669 = ORIENTED_EDGE('',*,*,#1670,.T.);
#1670 = EDGE_CURVE('',#1643,#1671,#1673,.T.);
#1671 = VERTEX_POINT('',#1672);
#1672 = CARTESIAN_POINT('',(-53.38356828193,-20.24504405286,56.8));
#1673 = B_SPLINE_CURVE_WITH_KNOTS('',1,(#1674,#1675),.UNSPECIFIED.,.F.,
  .F.,(2,2),(0.,1.269273127753),.PIECEWISE_BEZIER_KNOTS.);
#1674 = CARTESIAN_POINT('',(-53.38356828193,-21.51431718061,56.8));
#1675 = CARTESIAN_POINT('',(-53.38356828193,-20.24504405286,56.8));
#1676 = ORIENTED_EDGE('',*,*,#1677,.F.);
#1677 = EDGE_CURVE('',#1678,#1671,#1680,.T.);
#1678 = VERTEX_POINT('',#1679);
#1679 = CARTESIAN_POINT('',(-53.38356828193,-20.24504405286,57.4));
#1680 = B_SPLINE_CURVE_WITH_KNOTS('',1,(#1681,#1682),.UNSPECIFIED.,.F.,
  .F.,(2,2),(0.,0.6),.PIECEWISE_BEZIER_KNOTS.);
#1681 = CARTESIAN_POINT('',(-53.38356828193,-20.24504405286,57.4));
#1682 = CARTESIAN_POINT('',(-53.38356828193,-20.24504405286,56.8));
#1683 = ORIENTED_EDGE('',*,*,#1684,.F.);
#1684 = EDGE_CURVE('',#1650,#1678,#1685,.T.);
#1685 = B_SPLINE_CURVE_WITH_KNOTS('',1,(#1686,#1687),.UNSPECIFIED.,.F.,
  .F.,(2,2),(0.,1.269273127753),.PIECEWISE_BEZIER_KNOTS.);
#1686 = CARTESIAN_POINT('',(-53.38356828193,-21.51431718061,57.4));
#1687 = CARTESIAN_POINT('',(-53.38356828193,-20.24504405286,57.4));
#1688 = B_SPLINE_SURFACE_WITH_KNOTS('',1,1,(
    (#1689,#1690)
    ,(#1691,#1692
    )),.UNSPECIFIED.,.F.,.F.,.F.,(2,2),(2,2),(0.,1.269273127753),(-0.6,
    0.),.PIECEWISE_BEZIER_KNOTS.);
#1689 = CARTESIAN_POINT('',(-53.38356828193,-21.51431718061,56.8));
#1690 = CARTESIAN_POINT('',(-53.38356828193,-21.51431718061,57.4));
#1691 = CARTESIAN_POINT('',(-53.38356828193,-20.24504405286,56.8));
#1692 = CARTESIAN_POINT('',(-53.38356828193,-20.24504405286,57.4));
#1693 = ADVANCED_FACE('',(#1694),#1708,.F.);
#1694 = FACE_BOUND('',#1695,.F.);
#1695 = EDGE_LOOP('',(#1696,#1697,#1702,#1703));
#1696 = ORIENTED_EDGE('',*,*,#1677,.T.);
#1697 = ORIENTED_EDGE('',*,*,#1698,.T.);
#1698 = EDGE_CURVE('',#1671,#1080,#1699,.T.);
#1699 = B_SPLINE_CURVE_WITH_KNOTS('',1,(#1700,#1701),.UNSPECIFIED.,.F.,
  .F.,(2,2),(0.,3.947136563877),.PIECEWISE_BEZIER_KNOTS.);
#1700 = CARTESIAN_POINT('',(-53.38356828193,-20.24504405286,56.8));
#1701 = CARTESIAN_POINT('',(-49.43643171806,-20.24504405286,56.8));
#1702 = ORIENTED_EDGE('',*,*,#1077,.F.);
#1703 = ORIENTED_EDGE('',*,*,#1704,.F.);
#1704 = EDGE_CURVE('',#1678,#1078,#1705,.T.);
#1705 = B_SPLINE_CURVE_WITH_KNOTS('',1,(#1706,#1707),.UNSPECIFIED.,.F.,
  .F.,(2,2),(0.,3.947136563877),.PIECEWISE_BEZIER_KNOTS.);
#1706 = CARTESIAN_POINT('',(-53.38356828193,-20.24504405286,57.4));
#1707 = CARTESIAN_POINT('',(-49.43643171806,-20.24504405286,57.4));
#1708 = B_SPLINE_SURFACE_WITH_KNOTS('',1,1,(
    (#1709,#1710)
    ,(#1711,#1712
    )),.UNSPECIFIED.,.F.,.F.,.F.,(2,2),(2,2),(0.,3.947136563877),(-0.6,
    0.),.PIECEWISE_BEZIER_KNOTS.);
#1709 = CARTESIAN_POINT('',(-53.38356828193,-20.24504405286,56.8));
#1710 = CARTESIAN_POINT('',(-53.38356828193,-20.24504405286,57.4));
#1711 = CARTESIAN_POINT('',(-49.43643171806,-20.24504405286,56.8));
#1712 = CARTESIAN_POINT('',(-49.43643171806,-20.24504405286,57.4));
#1713 = ADVANCED_FACE('',(#1714),#1738,.T.);
#1714 = FACE_BOUND('',#1715,.F.);
#1715 = EDGE_LOOP('',(#1716,#1717,#1718,#1719,#1720,#1721,#1722,#1723,
    #1724,#1725,#1726,#1727,#1728,#1729,#1730,#1731,#1732,#1733,#1734,
    #1735,#1736,#1737));
#1716 = ORIENTED_EDGE('',*,*,#1100,.T.);
#1717 = ORIENTED_EDGE('',*,*,#1128,.T.);
#1718 = ORIENTED_EDGE('',*,*,#1157,.T.);
#1719 = ORIENTED_EDGE('',*,*,#1188,.T.);
#1720 = ORIENTED_EDGE('',*,*,#1217,.T.);
#1721 = ORIENTED_EDGE('',*,*,#1248,.T.);
#1722 = ORIENTED_EDGE('',*,*,#1276,.T.);
#1723 = ORIENTED_EDGE('',*,*,#1304,.T.);
#1724 = ORIENTED_EDGE('',*,*,#1333,.T.);
#1725 = ORIENTED_EDGE('',*,*,#1364,.T.);
#1726 = ORIENTED_EDGE('',*,*,#1393,.T.);
#1727 = ORIENTED_EDGE('',*,*,#1424,.T.);
#1728 = ORIENTED_EDGE('',*,*,#1452,.T.);
#1729 = ORIENTED_EDGE('',*,*,#1480,.T.);
#1730 = ORIENTED_EDGE('',*,*,#1508,.T.);
#1731 = ORIENTED_EDGE('',*,*,#1536,.T.);
#1732 = ORIENTED_EDGE('',*,*,#1565,.T.);
#1733 = ORIENTED_EDGE('',*,*,#1596,.T.);
#1734 = ORIENTED_EDGE('',*,*,#1625,.T.);
#1735 = ORIENTED_EDGE('',*,*,#1656,.T.);
#1736 = ORIENTED_EDGE('',*,*,#1684,.T.);
#1737 = ORIENTED_EDGE('',*,*,#1704,.T.);
#1738 = B_SPLINE_SURFACE_WITH_KNOTS('',1,1,(
    (#1739,#1740)
    ,(#1741,#1742
    )),.UNSPECIFIED.,.F.,.F.,.F.,(2,2),(2,2),(-2.238206810571,
    2.260691867843),(-1.932256245341,2.014880318536),
  .PIECEWISE_BEZIER_KNOTS.);
#1739 = CARTESIAN_POINT('',(-49.43643171806,-24.74394273127,57.4));
#1740 = CARTESIAN_POINT('',(-53.38356828193,-24.74394273127,57.4));
#1741 = CARTESIAN_POINT('',(-49.43643171806,-20.24504405286,57.4));
#1742 = CARTESIAN_POINT('',(-53.38356828193,-20.24504405286,57.4));
#1743 = ADVANCED_FACE('',(#1744),#1768,.F.);
#1744 = FACE_BOUND('',#1745,.T.);
#1745 = EDGE_LOOP('',(#1746,#1747,#1748,#1749,#1750,#1751,#1752,#1753,
    #1754,#1755,#1756,#1757,#1758,#1759,#1760,#1761,#1762,#1763,#1764,
    #1765,#1766,#1767));
#1746 = ORIENTED_EDGE('',*,*,#1086,.T.);
#1747 = ORIENTED_EDGE('',*,*,#1114,.T.);
#1748 = ORIENTED_EDGE('',*,*,#1142,.T.);
#1749 = ORIENTED_EDGE('',*,*,#1174,.T.);
#1750 = ORIENTED_EDGE('',*,*,#1202,.T.);
#1751 = ORIENTED_EDGE('',*,*,#1234,.T.);
#1752 = ORIENTED_EDGE('',*,*,#1262,.T.);
#1753 = ORIENTED_EDGE('',*,*,#1290,.T.);
#1754 = ORIENTED_EDGE('',*,*,#1318,.T.);
#1755 = ORIENTED_EDGE('',*,*,#1350,.T.);
#1756 = ORIENTED_EDGE('',*,*,#1378,.T.);
#1757 = ORIENTED_EDGE('',*,*,#1410,.T.);
#1758 = ORIENTED_EDGE('',*,*,#1438,.T.);
#1759 = ORIENTED_EDGE('',*,*,#1466,.T.);
#1760 = ORIENTED_EDGE('',*,*,#1494,.T.);
#1761 = ORIENTED_EDGE('',*,*,#1522,.T.);
#1762 = ORIENTED_EDGE('',*,*,#1550,.T.);
#1763 = ORIENTED_EDGE('',*,*,#1582,.T.);
#1764 = ORIENTED_EDGE('',*,*,#1610,.T.);
#1765 = ORIENTED_EDGE('',*,*,#1642,.T.);
#1766 = ORIENTED_EDGE('',*,*,#1670,.T.);
#1767 = ORIENTED_EDGE('',*,*,#1698,.T.);
#1768 = B_SPLINE_SURFACE_WITH_KNOTS('',1,1,(
    (#1769,#1770)
    ,(#1771,#1772
    )),.UNSPECIFIED.,.F.,.F.,.F.,(2,2),(2,2),(-2.238206810571,
    2.260691867843),(-1.932256245341,2.014880318536),
  .PIECEWISE_BEZIER_KNOTS.);
#1769 = CARTESIAN_POINT('',(-49.43643171806,-24.74394273127,56.8));
#1770 = CARTESIAN_POINT('',(-53.38356828193,-24.74394273127,56.8));
#1771 = CARTESIAN_POINT('',(-49.43643171806,-20.24504405286,56.8));
#1772 = CARTESIAN_POINT('',(-53.38356828193,-20.24504405286,56.8));
#1773 = MANIFOLD_SOLID_BREP('',#1774);
#1774 = CLOSED_SHELL('',(#1775,#1811,#1839,#1867,#1887,#1899));
#1775 = ADVANCED_FACE('',(#1776),#1806,.F.);
#1776 = FACE_BOUND('',#1777,.F.);
#1777 = EDGE_LOOP('',(#1778,#1787,#1794,#1801));
#1778 = ORIENTED_EDGE('',*,*,#1779,.T.);
#1779 = EDGE_CURVE('',#1780,#1782,#1784,.T.);
#1780 = VERTEX_POINT('',#1781);
#1781 = CARTESIAN_POINT('',(-49.43643171806,-18.46255506607,57.4));
#1782 = VERTEX_POINT('',#1783);
#1783 = CARTESIAN_POINT('',(-49.43643171806,-18.46255506607,56.8));
#1784 = B_SPLINE_CURVE_WITH_KNOTS('',1,(#1785,#1786),.UNSPECIFIED.,.F.,
  .F.,(2,2),(0.,0.6),.PIECEWISE_BEZIER_KNOTS.);
#1785 = CARTESIAN_POINT('',(-49.43643171806,-18.46255506607,57.4));
#1786 = CARTESIAN_POINT('',(-49.43643171806,-18.46255506607,56.8));
#1787 = ORIENTED_EDGE('',*,*,#1788,.T.);
#1788 = EDGE_CURVE('',#1782,#1789,#1791,.T.);
#1789 = VERTEX_POINT('',#1790);
#1790 = CARTESIAN_POINT('',(-49.43643171806,-19.35187224669,56.8));
#1791 = B_SPLINE_CURVE_WITH_KNOTS('',1,(#1792,#1793),.UNSPECIFIED.,.F.,
  .F.,(2,2),(0.,0.889317180617),.PIECEWISE_BEZIER_KNOTS.);
#1792 = CARTESIAN_POINT('',(-49.43643171806,-18.46255506607,56.8));
#1793 = CARTESIAN_POINT('',(-49.43643171806,-19.35187224669,56.8));
#1794 = ORIENTED_EDGE('',*,*,#1795,.F.);
#1795 = EDGE_CURVE('',#1796,#1789,#1798,.T.);
#1796 = VERTEX_POINT('',#1797);
#1797 = CARTESIAN_POINT('',(-49.43643171806,-19.35187224669,57.4));
#1798 = B_SPLINE_CURVE_WITH_KNOTS('',1,(#1799,#1800),.UNSPECIFIED.,.F.,
  .F.,(2,2),(0.,0.6),.PIECEWISE_BEZIER_KNOTS.);
#1799 = CARTESIAN_POINT('',(-49.43643171806,-19.35187224669,57.4));
#1800 = CARTESIAN_POINT('',(-49.43643171806,-19.35187224669,56.8));
#1801 = ORIENTED_EDGE('',*,*,#1802,.F.);
#1802 = EDGE_CURVE('',#1780,#1796,#1803,.T.);
#1803 = B_SPLINE_CURVE_WITH_KNOTS('',1,(#1804,#1805),.UNSPECIFIED.,.F.,
  .F.,(2,2),(0.,0.889317180617),.PIECEWISE_BEZIER_KNOTS.);
#1804 = CARTESIAN_POINT('',(-49.43643171806,-18.46255506607,57.4));
#1805 = CARTESIAN_POINT('',(-49.43643171806,-19.35187224669,57.4));
#1806 = B_SPLINE_SURFACE_WITH_KNOTS('',1,1,(
    (#1807,#1808)
    ,(#1809,#1810
    )),.UNSPECIFIED.,.F.,.F.,.F.,(2,2),(2,2),(0.,0.889317180617),(-0.6,
    0.),.PIECEWISE_BEZIER_KNOTS.);
#1807 = CARTESIAN_POINT('',(-49.43643171806,-18.46255506607,56.8));
#1808 = CARTESIAN_POINT('',(-49.43643171806,-18.46255506607,57.4));
#1809 = CARTESIAN_POINT('',(-49.43643171806,-19.35187224669,56.8));
#1810 = CARTESIAN_POINT('',(-49.43643171806,-19.35187224669,57.4));
#1811 = ADVANCED_FACE('',(#1812),#1834,.F.);
#1812 = FACE_BOUND('',#1813,.F.);
#1813 = EDGE_LOOP('',(#1814,#1815,#1822,#1829));
#1814 = ORIENTED_EDGE('',*,*,#1795,.T.);
#1815 = ORIENTED_EDGE('',*,*,#1816,.T.);
#1816 = EDGE_CURVE('',#1789,#1817,#1819,.T.);
#1817 = VERTEX_POINT('',#1818);
#1818 = CARTESIAN_POINT('',(-53.38356828193,-19.35187224669,56.8));
#1819 = B_SPLINE_CURVE_WITH_KNOTS('',1,(#1820,#1821),.UNSPECIFIED.,.F.,
  .F.,(2,2),(0.,3.947136563877),.PIECEWISE_BEZIER_KNOTS.);
#1820 = CARTESIAN_POINT('',(-49.43643171806,-19.35187224669,56.8));
#1821 = CARTESIAN_POINT('',(-53.38356828193,-19.35187224669,56.8));
#1822 = ORIENTED_EDGE('',*,*,#1823,.F.);
#1823 = EDGE_CURVE('',#1824,#1817,#1826,.T.);
#1824 = VERTEX_POINT('',#1825);
#1825 = CARTESIAN_POINT('',(-53.38356828193,-19.35187224669,57.4));
#1826 = B_SPLINE_CURVE_WITH_KNOTS('',1,(#1827,#1828),.UNSPECIFIED.,.F.,
  .F.,(2,2),(0.,0.6),.PIECEWISE_BEZIER_KNOTS.);
#1827 = CARTESIAN_POINT('',(-53.38356828193,-19.35187224669,57.4));
#1828 = CARTESIAN_POINT('',(-53.38356828193,-19.35187224669,56.8));
#1829 = ORIENTED_EDGE('',*,*,#1830,.F.);
#1830 = EDGE_CURVE('',#1796,#1824,#1831,.T.);
#1831 = B_SPLINE_CURVE_WITH_KNOTS('',1,(#1832,#1833),.UNSPECIFIED.,.F.,
  .F.,(2,2),(0.,3.947136563877),.PIECEWISE_BEZIER_KNOTS.);
#1832 = CARTESIAN_POINT('',(-49.43643171806,-19.35187224669,57.4));
#1833 = CARTESIAN_POINT('',(-53.38356828193,-19.35187224669,57.4));
#1834 = B_SPLINE_SURFACE_WITH_KNOTS('',1,1,(
    (#1835,#1836)
    ,(#1837,#1838
    )),.UNSPECIFIED.,.F.,.F.,.F.,(2,2),(2,2),(0.,3.947136563877),(-0.6,
    0.),.PIECEWISE_BEZIER_KNOTS.);
#1835 = CARTESIAN_POINT('',(-49.43643171806,-19.35187224669,56.8));
#1836 = CARTESIAN_POINT('',(-49.43643171806,-19.35187224669,57.4));
#1837 = CARTESIAN_POINT('',(-53.38356828193,-19.35187224669,56.8));
#1838 = CARTESIAN_POINT('',(-53.38356828193,-19.35187224669,57.4));
#1839 = ADVANCED_FACE('',(#1840),#1862,.F.);
#1840 = FACE_BOUND('',#1841,.F.);
#1841 = EDGE_LOOP('',(#1842,#1843,#1850,#1857));
#1842 = ORIENTED_EDGE('',*,*,#1823,.T.);
#1843 = ORIENTED_EDGE('',*,*,#1844,.T.);
#1844 = EDGE_CURVE('',#1817,#1845,#1847,.T.);
#1845 = VERTEX_POINT('',#1846);
#1846 = CARTESIAN_POINT('',(-53.38356828193,-18.46255506607,56.8));
#1847 = B_SPLINE_CURVE_WITH_KNOTS('',1,(#1848,#1849),.UNSPECIFIED.,.F.,
  .F.,(2,2),(0.,0.889317180617),.PIECEWISE_BEZIER_KNOTS.);
#1848 = CARTESIAN_POINT('',(-53.38356828193,-19.35187224669,56.8));
#1849 = CARTESIAN_POINT('',(-53.38356828193,-18.46255506607,56.8));
#1850 = ORIENTED_EDGE('',*,*,#1851,.F.);
#1851 = EDGE_CURVE('',#1852,#1845,#1854,.T.);
#1852 = VERTEX_POINT('',#1853);
#1853 = CARTESIAN_POINT('',(-53.38356828193,-18.46255506607,57.4));
#1854 = B_SPLINE_CURVE_WITH_KNOTS('',1,(#1855,#1856),.UNSPECIFIED.,.F.,
  .F.,(2,2),(0.,0.6),.PIECEWISE_BEZIER_KNOTS.);
#1855 = CARTESIAN_POINT('',(-53.38356828193,-18.46255506607,57.4));
#1856 = CARTESIAN_POINT('',(-53.38356828193,-18.46255506607,56.8));
#1857 = ORIENTED_EDGE('',*,*,#1858,.F.);
#1858 = EDGE_CURVE('',#1824,#1852,#1859,.T.);
#1859 = B_SPLINE_CURVE_WITH_KNOTS('',1,(#1860,#1861),.UNSPECIFIED.,.F.,
  .F.,(2,2),(0.,0.889317180617),.PIECEWISE_BEZIER_KNOTS.);
#1860 = CARTESIAN_POINT('',(-53.38356828193,-19.35187224669,57.4));
#1861 = CARTESIAN_POINT('',(-53.38356828193,-18.46255506607,57.4));
#1862 = B_SPLINE_SURFACE_WITH_KNOTS('',1,1,(
    (#1863,#1864)
    ,(#1865,#1866
    )),.UNSPECIFIED.,.F.,.F.,.F.,(2,2),(2,2),(0.,0.889317180617),(-0.6,
    0.),.PIECEWISE_BEZIER_KNOTS.);
#1863 = CARTESIAN_POINT('',(-53.38356828193,-19.35187224669,56.8));
#1864 = CARTESIAN_POINT('',(-53.38356828193,-19.35187224669,57.4));
#1865 = CARTESIAN_POINT('',(-53.38356828193,-18.46255506607,56.8));
#1866 = CARTESIAN_POINT('',(-53.38356828193,-18.46255506607,57.4));
#1867 = ADVANCED_FACE('',(#1868),#1882,.F.);
#1868 = FACE_BOUND('',#1869,.F.);
#1869 = EDGE_LOOP('',(#1870,#1871,#1876,#1877));
#1870 = ORIENTED_EDGE('',*,*,#1851,.T.);
#1871 = ORIENTED_EDGE('',*,*,#1872,.T.);
#1872 = EDGE_CURVE('',#1845,#1782,#1873,.T.);
#1873 = B_SPLINE_CURVE_WITH_KNOTS('',1,(#1874,#1875),.UNSPECIFIED.,.F.,
  .F.,(2,2),(0.,3.947136563877),.PIECEWISE_BEZIER_KNOTS.);
#1874 = CARTESIAN_POINT('',(-53.38356828193,-18.46255506607,56.8));
#1875 = CARTESIAN_POINT('',(-49.43643171806,-18.46255506607,56.8));
#1876 = ORIENTED_EDGE('',*,*,#1779,.F.);
#1877 = ORIENTED_EDGE('',*,*,#1878,.F.);
#1878 = EDGE_CURVE('',#1852,#1780,#1879,.T.);
#1879 = B_SPLINE_CURVE_WITH_KNOTS('',1,(#1880,#1881),.UNSPECIFIED.,.F.,
  .F.,(2,2),(0.,3.947136563877),.PIECEWISE_BEZIER_KNOTS.);
#1880 = CARTESIAN_POINT('',(-53.38356828193,-18.46255506607,57.4));
#1881 = CARTESIAN_POINT('',(-49.43643171806,-18.46255506607,57.4));
#1882 = B_SPLINE_SURFACE_WITH_KNOTS('',1,1,(
    (#1883,#1884)
    ,(#1885,#1886
    )),.UNSPECIFIED.,.F.,.F.,.F.,(2,2),(2,2),(0.,3.947136563877),(-0.6,
    0.),.PIECEWISE_BEZIER_KNOTS.);
#1883 = CARTESIAN_POINT('',(-53.38356828193,-18.46255506607,56.8));
#1884 = CARTESIAN_POINT('',(-53.38356828193,-18.46255506607,57.4));
#1885 = CARTESIAN_POINT('',(-49.43643171806,-18.46255506607,56.8));
#1886 = CARTESIAN_POINT('',(-49.43643171806,-18.46255506607,57.4));
#1887 = ADVANCED_FACE('',(#1888),#1894,.T.);
#1888 = FACE_BOUND('',#1889,.F.);
#1889 = EDGE_LOOP('',(#1890,#1891,#1892,#1893));
#1890 = ORIENTED_EDGE('',*,*,#1802,.T.);
#1891 = ORIENTED_EDGE('',*,*,#1830,.T.);
#1892 = ORIENTED_EDGE('',*,*,#1858,.T.);
#1893 = ORIENTED_EDGE('',*,*,#1878,.T.);
#1894 = B_SPLINE_SURFACE_WITH_KNOTS('',1,1,(
    (#1895,#1896)
    ,(#1897,#1898
    )),.UNSPECIFIED.,.F.,.F.,.F.,(2,2),(2,2),(-0.444658590308,
    0.444658590308),(-1.973568281938,1.973568281938),
  .PIECEWISE_BEZIER_KNOTS.);
#1895 = CARTESIAN_POINT('',(-49.43643171806,-19.35187224669,57.4));
#1896 = CARTESIAN_POINT('',(-53.38356828193,-19.35187224669,57.4));
#1897 = CARTESIAN_POINT('',(-49.43643171806,-18.46255506607,57.4));
#1898 = CARTESIAN_POINT('',(-53.38356828193,-18.46255506607,57.4));
#1899 = ADVANCED_FACE('',(#1900),#1906,.F.);
#1900 = FACE_BOUND('',#1901,.T.);
#1901 = EDGE_LOOP('',(#1902,#1903,#1904,#1905));
#1902 = ORIENTED_EDGE('',*,*,#1788,.T.);
#1903 = ORIENTED_EDGE('',*,*,#1816,.T.);
#1904 = ORIENTED_EDGE('',*,*,#1844,.T.);
#1905 = ORIENTED_EDGE('',*,*,#1872,.T.);
#1906 = B_SPLINE_SURFACE_WITH_KNOTS('',1,1,(
    (#1907,#1908)
    ,(#1909,#1910
    )),.UNSPECIFIED.,.F.,.F.,.F.,(2,2),(2,2),(-0.444658590308,
    0.444658590308),(-1.973568281938,1.973568281938),
  .PIECEWISE_BEZIER_KNOTS.);
#1907 = CARTESIAN_POINT('',(-49.43643171806,-19.35187224669,56.8));
#1908 = CARTESIAN_POINT('',(-53.38356828193,-19.35187224669,56.8));
#1909 = CARTESIAN_POINT('',(-49.43643171806,-18.46255506607,56.8));
#1910 = CARTESIAN_POINT('',(-53.38356828193,-18.46255506607,56.8));
#1911 = MANIFOLD_SOLID_BREP('',#1912);
#1912 = CLOSED_SHELL('',(#1913,#1949,#1977,#2009,#2041,#2073,#2093,#2129
    ,#2157,#2189,#2221,#2253,#2285,#2305,#2328));
#1913 = ADVANCED_FACE('',(#1914),#1944,.F.);
#1914 = FACE_BOUND('',#1915,.F.);
#1915 = EDGE_LOOP('',(#1916,#1925,#1932,#1939));
#1916 = ORIENTED_EDGE('',*,*,#1917,.T.);
#1917 = EDGE_CURVE('',#1918,#1920,#1922,.T.);
#1918 = VERTEX_POINT('',#1919);
#1919 = CARTESIAN_POINT('',(-49.43643171806,-17.56626284875,57.4));
#1920 = VERTEX_POINT('',#1921);
#1921 = CARTESIAN_POINT('',(-49.43643171806,-17.56626284875,56.8));
#1922 = B_SPLINE_CURVE_WITH_KNOTS('',1,(#1923,#1924),.UNSPECIFIED.,.F.,
  .F.,(2,2),(0.,0.6),.PIECEWISE_BEZIER_KNOTS.);
#1923 = CARTESIAN_POINT('',(-49.43643171806,-17.56626284875,57.4));
#1924 = CARTESIAN_POINT('',(-49.43643171806,-17.56626284875,56.8));
#1925 = ORIENTED_EDGE('',*,*,#1926,.T.);
#1926 = EDGE_CURVE('',#1920,#1927,#1929,.T.);
#1927 = VERTEX_POINT('',#1928);
#1928 = CARTESIAN_POINT('',(-53.38356828193,-17.56626284875,56.8));
#1929 = B_SPLINE_CURVE_WITH_KNOTS('',1,(#1930,#1931),.UNSPECIFIED.,.F.,
  .F.,(2,2),(0.,3.947136563877),.PIECEWISE_BEZIER_KNOTS.);
#1930 = CARTESIAN_POINT('',(-49.43643171806,-17.56626284875,56.8));
#1931 = CARTESIAN_POINT('',(-53.38356828193,-17.56626284875,56.8));
#1932 = ORIENTED_EDGE('',*,*,#1933,.F.);
#1933 = EDGE_CURVE('',#1934,#1927,#1936,.T.);
#1934 = VERTEX_POINT('',#1935);
#1935 = CARTESIAN_POINT('',(-53.38356828193,-17.56626284875,57.4));
#1936 = B_SPLINE_CURVE_WITH_KNOTS('',1,(#1937,#1938),.UNSPECIFIED.,.F.,
  .F.,(2,2),(0.,0.6),.PIECEWISE_BEZIER_KNOTS.);
#1937 = CARTESIAN_POINT('',(-53.38356828193,-17.56626284875,57.4));
#1938 = CARTESIAN_POINT('',(-53.38356828193,-17.56626284875,56.8));
#1939 = ORIENTED_EDGE('',*,*,#1940,.F.);
#1940 = EDGE_CURVE('',#1918,#1934,#1941,.T.);
#1941 = B_SPLINE_CURVE_WITH_KNOTS('',1,(#1942,#1943),.UNSPECIFIED.,.F.,
  .F.,(2,2),(0.,3.947136563877),.PIECEWISE_BEZIER_KNOTS.);
#1942 = CARTESIAN_POINT('',(-49.43643171806,-17.56626284875,57.4));
#1943 = CARTESIAN_POINT('',(-53.38356828193,-17.56626284875,57.4));
#1944 = B_SPLINE_SURFACE_WITH_KNOTS('',1,1,(
    (#1945,#1946)
    ,(#1947,#1948
    )),.UNSPECIFIED.,.F.,.F.,.F.,(2,2),(2,2),(0.,3.947136563877),(-0.6,
    0.),.PIECEWISE_BEZIER_KNOTS.);
#1945 = CARTESIAN_POINT('',(-49.43643171806,-17.56626284875,56.8));
#1946 = CARTESIAN_POINT('',(-49.43643171806,-17.56626284875,57.4));
#1947 = CARTESIAN_POINT('',(-53.38356828193,-17.56626284875,56.8));
#1948 = CARTESIAN_POINT('',(-53.38356828193,-17.56626284875,57.4));
#1949 = ADVANCED_FACE('',(#1950),#1972,.F.);
#1950 = FACE_BOUND('',#1951,.F.);
#1951 = EDGE_LOOP('',(#1952,#1953,#1960,#1967));
#1952 = ORIENTED_EDGE('',*,*,#1933,.T.);
#1953 = ORIENTED_EDGE('',*,*,#1954,.T.);
#1954 = EDGE_CURVE('',#1927,#1955,#1957,.T.);
#1955 = VERTEX_POINT('',#1956);
#1956 = CARTESIAN_POINT('',(-53.38356828193,-16.16758443465,56.8));
#1957 = B_SPLINE_CURVE_WITH_KNOTS('',1,(#1958,#1959),.UNSPECIFIED.,.F.,
  .F.,(2,2),(0.,1.398678414097),.PIECEWISE_BEZIER_KNOTS.);
#1958 = CARTESIAN_POINT('',(-53.38356828193,-17.56626284875,56.8));
#1959 = CARTESIAN_POINT('',(-53.38356828193,-16.16758443465,56.8));
#1960 = ORIENTED_EDGE('',*,*,#1961,.F.);
#1961 = EDGE_CURVE('',#1962,#1955,#1964,.T.);
#1962 = VERTEX_POINT('',#1963);
#1963 = CARTESIAN_POINT('',(-53.38356828193,-16.16758443465,57.4));
#1964 = B_SPLINE_CURVE_WITH_KNOTS('',1,(#1965,#1966),.UNSPECIFIED.,.F.,
  .F.,(2,2),(0.,0.6),.PIECEWISE_BEZIER_KNOTS.);
#1965 = CARTESIAN_POINT('',(-53.38356828193,-16.16758443465,57.4));
#1966 = CARTESIAN_POINT('',(-53.38356828193,-16.16758443465,56.8));
#1967 = ORIENTED_EDGE('',*,*,#1968,.F.);
#1968 = EDGE_CURVE('',#1934,#1962,#1969,.T.);
#1969 = B_SPLINE_CURVE_WITH_KNOTS('',1,(#1970,#1971),.UNSPECIFIED.,.F.,
  .F.,(2,2),(0.,1.398678414097),.PIECEWISE_BEZIER_KNOTS.);
#1970 = CARTESIAN_POINT('',(-53.38356828193,-17.56626284875,57.4));
#1971 = CARTESIAN_POINT('',(-53.38356828193,-16.16758443465,57.4));
#1972 = B_SPLINE_SURFACE_WITH_KNOTS('',1,1,(
    (#1973,#1974)
    ,(#1975,#1976
    )),.UNSPECIFIED.,.F.,.F.,.F.,(2,2),(2,2),(0.,1.398678414097),(-0.6,
    0.),.PIECEWISE_BEZIER_KNOTS.);
#1973 = CARTESIAN_POINT('',(-53.38356828193,-17.56626284875,56.8));
#1974 = CARTESIAN_POINT('',(-53.38356828193,-17.56626284875,57.4));
#1975 = CARTESIAN_POINT('',(-53.38356828193,-16.16758443465,56.8));
#1976 = CARTESIAN_POINT('',(-53.38356828193,-16.16758443465,57.4));
#1977 = ADVANCED_FACE('',(#1978),#2002,.F.);
#1978 = FACE_BOUND('',#1979,.F.);
#1979 = EDGE_LOOP('',(#1980,#1981,#1989,#1996));
#1980 = ORIENTED_EDGE('',*,*,#1961,.T.);
#1981 = ORIENTED_EDGE('',*,*,#1982,.T.);
#1982 = EDGE_CURVE('',#1955,#1983,#1985,.T.);
#1983 = VERTEX_POINT('',#1984);
#1984 = CARTESIAN_POINT('',(-51.45955947136,-14.06406020558,56.8));
#1985 = B_SPLINE_CURVE_WITH_KNOTS('',2,(#1986,#1987,#1988),
  .UNSPECIFIED.,.F.,.F.,(3,3),(0.,1.),.PIECEWISE_BEZIER_KNOTS.);
#1986 = CARTESIAN_POINT('',(-53.38356828193,-16.16758443465,56.8));
#1987 = CARTESIAN_POINT('',(-53.38356828193,-14.06406020558,56.8));
#1988 = CARTESIAN_POINT('',(-51.45955947136,-14.06406020558,56.8));
#1989 = ORIENTED_EDGE('',*,*,#1990,.F.);
#1990 = EDGE_CURVE('',#1991,#1983,#1993,.T.);
#1991 = VERTEX_POINT('',#1992);
#1992 = CARTESIAN_POINT('',(-51.45955947136,-14.06406020558,57.4));
#1993 = B_SPLINE_CURVE_WITH_KNOTS('',1,(#1994,#1995),.UNSPECIFIED.,.F.,
  .F.,(2,2),(0.,0.6),.PIECEWISE_BEZIER_KNOTS.);
#1994 = CARTESIAN_POINT('',(-51.45955947136,-14.06406020558,57.4));
#1995 = CARTESIAN_POINT('',(-51.45955947136,-14.06406020558,56.8));
#1996 = ORIENTED_EDGE('',*,*,#1997,.F.);
#1997 = EDGE_CURVE('',#1962,#1991,#1998,.T.);
#1998 = B_SPLINE_CURVE_WITH_KNOTS('',2,(#1999,#2000,#2001),
  .UNSPECIFIED.,.F.,.F.,(3,3),(0.,1.),.PIECEWISE_BEZIER_KNOTS.);
#1999 = CARTESIAN_POINT('',(-53.38356828193,-16.16758443465,57.4));
#2000 = CARTESIAN_POINT('',(-53.38356828193,-14.06406020558,57.4));
#2001 = CARTESIAN_POINT('',(-51.45955947136,-14.06406020558,57.4));
#2002 = B_SPLINE_SURFACE_WITH_KNOTS('',2,1,(
    (#2003,#2004)
    ,(#2005,#2006)
    ,(#2007,#2008
    )),.UNSPECIFIED.,.F.,.F.,.F.,(3,3),(2,2),(0.,1.),(-0.6,0.),
  .PIECEWISE_BEZIER_KNOTS.);
#2003 = CARTESIAN_POINT('',(-53.38356828193,-16.16758443465,56.8));
#2004 = CARTESIAN_POINT('',(-53.38356828193,-16.16758443465,57.4));
#2005 = CARTESIAN_POINT('',(-53.38356828193,-14.06406020558,56.8));
#2006 = CARTESIAN_POINT('',(-53.38356828193,-14.06406020558,57.4));
#2007 = CARTESIAN_POINT('',(-51.45955947136,-14.06406020558,56.8));
#2008 = CARTESIAN_POINT('',(-51.45955947136,-14.06406020558,57.4));
#2009 = ADVANCED_FACE('',(#2010),#2034,.F.);
#2010 = FACE_BOUND('',#2011,.F.);
#2011 = EDGE_LOOP('',(#2012,#2013,#2021,#2028));
#2012 = ORIENTED_EDGE('',*,*,#1990,.T.);
#2013 = ORIENTED_EDGE('',*,*,#2014,.T.);
#2014 = EDGE_CURVE('',#1983,#2015,#2017,.T.);
#2015 = VERTEX_POINT('',#2016);
#2016 = CARTESIAN_POINT('',(-49.98690895741,-14.63821585903,56.8));
#2017 = B_SPLINE_CURVE_WITH_KNOTS('',2,(#2018,#2019,#2020),
  .UNSPECIFIED.,.F.,.F.,(3,3),(0.,1.),.PIECEWISE_BEZIER_KNOTS.);
#2018 = CARTESIAN_POINT('',(-51.45955947136,-14.06406020558,56.8));
#2019 = CARTESIAN_POINT('',(-50.53738619676,-14.06406020558,56.8));
#2020 = CARTESIAN_POINT('',(-49.98690895741,-14.63821585903,56.8));
#2021 = ORIENTED_EDGE('',*,*,#2022,.F.);
#2022 = EDGE_CURVE('',#2023,#2015,#2025,.T.);
#2023 = VERTEX_POINT('',#2024);
#2024 = CARTESIAN_POINT('',(-49.98690895741,-14.63821585903,57.4));
#2025 = B_SPLINE_CURVE_WITH_KNOTS('',1,(#2026,#2027),.UNSPECIFIED.,.F.,
  .F.,(2,2),(0.,0.6),.PIECEWISE_BEZIER_KNOTS.);
#2026 = CARTESIAN_POINT('',(-49.98690895741,-14.63821585903,57.4));
#2027 = CARTESIAN_POINT('',(-49.98690895741,-14.63821585903,56.8));
#2028 = ORIENTED_EDGE('',*,*,#2029,.F.);
#2029 = EDGE_CURVE('',#1991,#2023,#2030,.T.);
#2030 = B_SPLINE_CURVE_WITH_KNOTS('',2,(#2031,#2032,#2033),
  .UNSPECIFIED.,.F.,.F.,(3,3),(0.,1.),.PIECEWISE_BEZIER_KNOTS.);
#2031 = CARTESIAN_POINT('',(-51.45955947136,-14.06406020558,57.4));
#2032 = CARTESIAN_POINT('',(-50.53738619676,-14.06406020558,57.4));
#2033 = CARTESIAN_POINT('',(-49.98690895741,-14.63821585903,57.4));
#2034 = B_SPLINE_SURFACE_WITH_KNOTS('',2,1,(
    (#2035,#2036)
    ,(#2037,#2038)
    ,(#2039,#2040
    )),.UNSPECIFIED.,.F.,.F.,.F.,(3,3),(2,2),(0.,1.),(-0.6,0.),
  .PIECEWISE_BEZIER_KNOTS.);
#2035 = CARTESIAN_POINT('',(-51.45955947136,-14.06406020558,56.8));
#2036 = CARTESIAN_POINT('',(-51.45955947136,-14.06406020558,57.4));
#2037 = CARTESIAN_POINT('',(-50.53738619676,-14.06406020558,56.8));
#2038 = CARTESIAN_POINT('',(-50.53738619676,-14.06406020558,57.4));
#2039 = CARTESIAN_POINT('',(-49.98690895741,-14.63821585903,56.8));
#2040 = CARTESIAN_POINT('',(-49.98690895741,-14.63821585903,57.4));
#2041 = ADVANCED_FACE('',(#2042),#2066,.F.);
#2042 = FACE_BOUND('',#2043,.F.);
#2043 = EDGE_LOOP('',(#2044,#2045,#2053,#2060));
#2044 = ORIENTED_EDGE('',*,*,#2022,.T.);
#2045 = ORIENTED_EDGE('',*,*,#2046,.T.);
#2046 = EDGE_CURVE('',#2015,#2047,#2049,.T.);
#2047 = VERTEX_POINT('',#2048);
#2048 = CARTESIAN_POINT('',(-49.43643171806,-16.16758443465,56.8));
#2049 = B_SPLINE_CURVE_WITH_KNOTS('',2,(#2050,#2051,#2052),
  .UNSPECIFIED.,.F.,.F.,(3,3),(0.,1.),.PIECEWISE_BEZIER_KNOTS.);
#2050 = CARTESIAN_POINT('',(-49.98690895741,-14.63821585903,56.8));
#2051 = CARTESIAN_POINT('',(-49.43643171806,-15.21218795888,56.8));
#2052 = CARTESIAN_POINT('',(-49.43643171806,-16.16758443465,56.8));
#2053 = ORIENTED_EDGE('',*,*,#2054,.F.);
#2054 = EDGE_CURVE('',#2055,#2047,#2057,.T.);
#2055 = VERTEX_POINT('',#2056);
#2056 = CARTESIAN_POINT('',(-49.43643171806,-16.16758443465,57.4));
#2057 = B_SPLINE_CURVE_WITH_KNOTS('',1,(#2058,#2059),.UNSPECIFIED.,.F.,
  .F.,(2,2),(0.,0.6),.PIECEWISE_BEZIER_KNOTS.);
#2058 = CARTESIAN_POINT('',(-49.43643171806,-16.16758443465,57.4));
#2059 = CARTESIAN_POINT('',(-49.43643171806,-16.16758443465,56.8));
#2060 = ORIENTED_EDGE('',*,*,#2061,.F.);
#2061 = EDGE_CURVE('',#2023,#2055,#2062,.T.);
#2062 = B_SPLINE_CURVE_WITH_KNOTS('',2,(#2063,#2064,#2065),
  .UNSPECIFIED.,.F.,.F.,(3,3),(0.,1.),.PIECEWISE_BEZIER_KNOTS.);
#2063 = CARTESIAN_POINT('',(-49.98690895741,-14.63821585903,57.4));
#2064 = CARTESIAN_POINT('',(-49.43643171806,-15.21218795888,57.4));
#2065 = CARTESIAN_POINT('',(-49.43643171806,-16.16758443465,57.4));
#2066 = B_SPLINE_SURFACE_WITH_KNOTS('',2,1,(
    (#2067,#2068)
    ,(#2069,#2070)
    ,(#2071,#2072
    )),.UNSPECIFIED.,.F.,.F.,.F.,(3,3),(2,2),(0.,1.),(-0.6,0.),
  .PIECEWISE_BEZIER_KNOTS.);
#2067 = CARTESIAN_POINT('',(-49.98690895741,-14.63821585903,56.8));
#2068 = CARTESIAN_POINT('',(-49.98690895741,-14.63821585903,57.4));
#2069 = CARTESIAN_POINT('',(-49.43643171806,-15.21218795888,56.8));
#2070 = CARTESIAN_POINT('',(-49.43643171806,-15.21218795888,57.4));
#2071 = CARTESIAN_POINT('',(-49.43643171806,-16.16758443465,56.8));
#2072 = CARTESIAN_POINT('',(-49.43643171806,-16.16758443465,57.4));
#2073 = ADVANCED_FACE('',(#2074),#2088,.F.);
#2074 = FACE_BOUND('',#2075,.F.);
#2075 = EDGE_LOOP('',(#2076,#2077,#2082,#2083));
#2076 = ORIENTED_EDGE('',*,*,#2054,.T.);
#2077 = ORIENTED_EDGE('',*,*,#2078,.T.);
#2078 = EDGE_CURVE('',#2047,#1920,#2079,.T.);
#2079 = B_SPLINE_CURVE_WITH_KNOTS('',1,(#2080,#2081),.UNSPECIFIED.,.F.,
  .F.,(2,2),(0.,1.398678414097),.PIECEWISE_BEZIER_KNOTS.);
#2080 = CARTESIAN_POINT('',(-49.43643171806,-16.16758443465,56.8));
#2081 = CARTESIAN_POINT('',(-49.43643171806,-17.56626284875,56.8));
#2082 = ORIENTED_EDGE('',*,*,#1917,.F.);
#2083 = ORIENTED_EDGE('',*,*,#2084,.F.);
#2084 = EDGE_CURVE('',#2055,#1918,#2085,.T.);
#2085 = B_SPLINE_CURVE_WITH_KNOTS('',1,(#2086,#2087),.UNSPECIFIED.,.F.,
  .F.,(2,2),(0.,1.398678414097),.PIECEWISE_BEZIER_KNOTS.);
#2086 = CARTESIAN_POINT('',(-49.43643171806,-16.16758443465,57.4));
#2087 = CARTESIAN_POINT('',(-49.43643171806,-17.56626284875,57.4));
#2088 = B_SPLINE_SURFACE_WITH_KNOTS('',1,1,(
    (#2089,#2090)
    ,(#2091,#2092
    )),.UNSPECIFIED.,.F.,.F.,.F.,(2,2),(2,2),(0.,1.398678414097),(-0.6,
    0.),.PIECEWISE_BEZIER_KNOTS.);
#2089 = CARTESIAN_POINT('',(-49.43643171806,-16.16758443465,56.8));
#2090 = CARTESIAN_POINT('',(-49.43643171806,-16.16758443465,57.4));
#2091 = CARTESIAN_POINT('',(-49.43643171806,-17.56626284875,56.8));
#2092 = CARTESIAN_POINT('',(-49.43643171806,-17.56626284875,57.4));
#2093 = ADVANCED_FACE('',(#2094),#2124,.F.);
#2094 = FACE_BOUND('',#2095,.F.);
#2095 = EDGE_LOOP('',(#2096,#2105,#2112,#2119));
#2096 = ORIENTED_EDGE('',*,*,#2097,.T.);
#2097 = EDGE_CURVE('',#2098,#2100,#2102,.T.);
#2098 = VERTEX_POINT('',#2099);
#2099 = CARTESIAN_POINT('',(-52.6594493392,-16.67694566813,57.4));
#2100 = VERTEX_POINT('',#2101);
#2101 = CARTESIAN_POINT('',(-52.6594493392,-16.67694566813,56.8));
#2102 = B_SPLINE_CURVE_WITH_KNOTS('',1,(#2103,#2104),.UNSPECIFIED.,.F.,
  .F.,(2,2),(0.,0.6),.PIECEWISE_BEZIER_KNOTS.);
#2103 = CARTESIAN_POINT('',(-52.6594493392,-16.67694566813,57.4));
#2104 = CARTESIAN_POINT('',(-52.6594493392,-16.67694566813,56.8));
#2105 = ORIENTED_EDGE('',*,*,#2106,.T.);
#2106 = EDGE_CURVE('',#2100,#2107,#2109,.T.);
#2107 = VERTEX_POINT('',#2108);
#2108 = CARTESIAN_POINT('',(-50.15779735682,-16.67694566813,56.8));
#2109 = B_SPLINE_CURVE_WITH_KNOTS('',1,(#2110,#2111),.UNSPECIFIED.,.F.,
  .F.,(2,2),(0.,2.501651982379),.PIECEWISE_BEZIER_KNOTS.);
#2110 = CARTESIAN_POINT('',(-52.6594493392,-16.67694566813,56.8));
#2111 = CARTESIAN_POINT('',(-50.15779735682,-16.67694566813,56.8));
#2112 = ORIENTED_EDGE('',*,*,#2113,.F.);
#2113 = EDGE_CURVE('',#2114,#2107,#2116,.T.);
#2114 = VERTEX_POINT('',#2115);
#2115 = CARTESIAN_POINT('',(-50.15779735682,-16.67694566813,57.4));
#2116 = B_SPLINE_CURVE_WITH_KNOTS('',1,(#2117,#2118),.UNSPECIFIED.,.F.,
  .F.,(2,2),(0.,0.6),.PIECEWISE_BEZIER_KNOTS.);
#2117 = CARTESIAN_POINT('',(-50.15779735682,-16.67694566813,57.4));
#2118 = CARTESIAN_POINT('',(-50.15779735682,-16.67694566813,56.8));
#2119 = ORIENTED_EDGE('',*,*,#2120,.F.);
#2120 = EDGE_CURVE('',#2098,#2114,#2121,.T.);
#2121 = B_SPLINE_CURVE_WITH_KNOTS('',1,(#2122,#2123),.UNSPECIFIED.,.F.,
  .F.,(2,2),(0.,2.501651982379),.PIECEWISE_BEZIER_KNOTS.);
#2122 = CARTESIAN_POINT('',(-52.6594493392,-16.67694566813,57.4));
#2123 = CARTESIAN_POINT('',(-50.15779735682,-16.67694566813,57.4));
#2124 = B_SPLINE_SURFACE_WITH_KNOTS('',1,1,(
    (#2125,#2126)
    ,(#2127,#2128
    )),.UNSPECIFIED.,.F.,.F.,.F.,(2,2),(2,2),(0.,2.501651982379),(-0.6,
    0.),.PIECEWISE_BEZIER_KNOTS.);
#2125 = CARTESIAN_POINT('',(-52.6594493392,-16.67694566813,56.8));
#2126 = CARTESIAN_POINT('',(-52.6594493392,-16.67694566813,57.4));
#2127 = CARTESIAN_POINT('',(-50.15779735682,-16.67694566813,56.8));
#2128 = CARTESIAN_POINT('',(-50.15779735682,-16.67694566813,57.4));
#2129 = ADVANCED_FACE('',(#2130),#2152,.F.);
#2130 = FACE_BOUND('',#2131,.F.);
#2131 = EDGE_LOOP('',(#2132,#2133,#2140,#2147));
#2132 = ORIENTED_EDGE('',*,*,#2113,.T.);
#2133 = ORIENTED_EDGE('',*,*,#2134,.T.);
#2134 = EDGE_CURVE('',#2107,#2135,#2137,.T.);
#2135 = VERTEX_POINT('',#2136);
#2136 = CARTESIAN_POINT('',(-50.15779735682,-16.23641703377,56.8));
#2137 = B_SPLINE_CURVE_WITH_KNOTS('',1,(#2138,#2139),.UNSPECIFIED.,.F.,
  .F.,(2,2),(0.,0.440528634361),.PIECEWISE_BEZIER_KNOTS.);
#2138 = CARTESIAN_POINT('',(-50.15779735682,-16.67694566813,56.8));
#2139 = CARTESIAN_POINT('',(-50.15779735682,-16.23641703377,56.8));
#2140 = ORIENTED_EDGE('',*,*,#2141,.F.);
#2141 = EDGE_CURVE('',#2142,#2135,#2144,.T.);
#2142 = VERTEX_POINT('',#2143);
#2143 = CARTESIAN_POINT('',(-50.15779735682,-16.23641703377,57.4));
#2144 = B_SPLINE_CURVE_WITH_KNOTS('',1,(#2145,#2146),.UNSPECIFIED.,.F.,
  .F.,(2,2),(0.,0.6),.PIECEWISE_BEZIER_KNOTS.);
#2145 = CARTESIAN_POINT('',(-50.15779735682,-16.23641703377,57.4));
#2146 = CARTESIAN_POINT('',(-50.15779735682,-16.23641703377,56.8));
#2147 = ORIENTED_EDGE('',*,*,#2148,.F.);
#2148 = EDGE_CURVE('',#2114,#2142,#2149,.T.);
#2149 = B_SPLINE_CURVE_WITH_KNOTS('',1,(#2150,#2151),.UNSPECIFIED.,.F.,
  .F.,(2,2),(0.,0.440528634361),.PIECEWISE_BEZIER_KNOTS.);
#2150 = CARTESIAN_POINT('',(-50.15779735682,-16.67694566813,57.4));
#2151 = CARTESIAN_POINT('',(-50.15779735682,-16.23641703377,57.4));
#2152 = B_SPLINE_SURFACE_WITH_KNOTS('',1,1,(
    (#2153,#2154)
    ,(#2155,#2156
    )),.UNSPECIFIED.,.F.,.F.,.F.,(2,2),(2,2),(0.,0.440528634361),(-0.6,
    0.),.PIECEWISE_BEZIER_KNOTS.);
#2153 = CARTESIAN_POINT('',(-50.15779735682,-16.67694566813,56.8));
#2154 = CARTESIAN_POINT('',(-50.15779735682,-16.67694566813,57.4));
#2155 = CARTESIAN_POINT('',(-50.15779735682,-16.23641703377,56.8));
#2156 = CARTESIAN_POINT('',(-50.15779735682,-16.23641703377,57.4));
#2157 = ADVANCED_FACE('',(#2158),#2182,.F.);
#2158 = FACE_BOUND('',#2159,.F.);
#2159 = EDGE_LOOP('',(#2160,#2161,#2169,#2176));
#2160 = ORIENTED_EDGE('',*,*,#2141,.T.);
#2161 = ORIENTED_EDGE('',*,*,#2162,.T.);
#2162 = EDGE_CURVE('',#2135,#2163,#2165,.T.);
#2163 = VERTEX_POINT('',#2164);
#2164 = CARTESIAN_POINT('',(-50.50453010279,-15.32929515418,56.8));
#2165 = B_SPLINE_CURVE_WITH_KNOTS('',2,(#2166,#2167,#2168),
  .UNSPECIFIED.,.F.,.F.,(3,3),(0.,1.),.PIECEWISE_BEZIER_KNOTS.);
#2166 = CARTESIAN_POINT('',(-50.15779735682,-16.23641703377,56.8));
#2167 = CARTESIAN_POINT('',(-50.15779735682,-15.65822320117,56.8));
#2168 = CARTESIAN_POINT('',(-50.50453010279,-15.32929515418,56.8));
#2169 = ORIENTED_EDGE('',*,*,#2170,.F.);
#2170 = EDGE_CURVE('',#2171,#2163,#2173,.T.);
#2171 = VERTEX_POINT('',#2172);
#2172 = CARTESIAN_POINT('',(-50.50453010279,-15.32929515418,57.4));
#2173 = B_SPLINE_CURVE_WITH_KNOTS('',1,(#2174,#2175),.UNSPECIFIED.,.F.,
  .F.,(2,2),(0.,0.6),.PIECEWISE_BEZIER_KNOTS.);
#2174 = CARTESIAN_POINT('',(-50.50453010279,-15.32929515418,57.4));
#2175 = CARTESIAN_POINT('',(-50.50453010279,-15.32929515418,56.8));
#2176 = ORIENTED_EDGE('',*,*,#2177,.F.);
#2177 = EDGE_CURVE('',#2142,#2171,#2178,.T.);
#2178 = B_SPLINE_CURVE_WITH_KNOTS('',2,(#2179,#2180,#2181),
  .UNSPECIFIED.,.F.,.F.,(3,3),(0.,1.),.PIECEWISE_BEZIER_KNOTS.);
#2179 = CARTESIAN_POINT('',(-50.15779735682,-16.23641703377,57.4));
#2180 = CARTESIAN_POINT('',(-50.15779735682,-15.65822320117,57.4));
#2181 = CARTESIAN_POINT('',(-50.50453010279,-15.32929515418,57.4));
#2182 = B_SPLINE_SURFACE_WITH_KNOTS('',2,1,(
    (#2183,#2184)
    ,(#2185,#2186)
    ,(#2187,#2188
    )),.UNSPECIFIED.,.F.,.F.,.F.,(3,3),(2,2),(0.,1.),(-0.6,0.),
  .PIECEWISE_BEZIER_KNOTS.);
#2183 = CARTESIAN_POINT('',(-50.15779735682,-16.23641703377,56.8));
#2184 = CARTESIAN_POINT('',(-50.15779735682,-16.23641703377,57.4));
#2185 = CARTESIAN_POINT('',(-50.15779735682,-15.65822320117,56.8));
#2186 = CARTESIAN_POINT('',(-50.15779735682,-15.65822320117,57.4));
#2187 = CARTESIAN_POINT('',(-50.50453010279,-15.32929515418,56.8));
#2188 = CARTESIAN_POINT('',(-50.50453010279,-15.32929515418,57.4));
#2189 = ADVANCED_FACE('',(#2190),#2214,.F.);
#2190 = FACE_BOUND('',#2191,.F.);
#2191 = EDGE_LOOP('',(#2192,#2193,#2201,#2208));
#2192 = ORIENTED_EDGE('',*,*,#2170,.T.);
#2193 = ORIENTED_EDGE('',*,*,#2194,.T.);
#2194 = EDGE_CURVE('',#2163,#2195,#2197,.T.);
#2195 = VERTEX_POINT('',#2196);
#2196 = CARTESIAN_POINT('',(-51.4485462555,-15.00018355359,56.8));
#2197 = B_SPLINE_CURVE_WITH_KNOTS('',2,(#2198,#2199,#2200),
  .UNSPECIFIED.,.F.,.F.,(3,3),(0.,1.),.PIECEWISE_BEZIER_KNOTS.);
#2198 = CARTESIAN_POINT('',(-50.50453010279,-15.32929515418,56.8));
#2199 = CARTESIAN_POINT('',(-50.85126284875,-15.00018355359,56.8));
#2200 = CARTESIAN_POINT('',(-51.4485462555,-15.00018355359,56.8));
#2201 = ORIENTED_EDGE('',*,*,#2202,.F.);
#2202 = EDGE_CURVE('',#2203,#2195,#2205,.T.);
#2203 = VERTEX_POINT('',#2204);
#2204 = CARTESIAN_POINT('',(-51.4485462555,-15.00018355359,57.4));
#2205 = B_SPLINE_CURVE_WITH_KNOTS('',1,(#2206,#2207),.UNSPECIFIED.,.F.,
  .F.,(2,2),(0.,0.6),.PIECEWISE_BEZIER_KNOTS.);
#2206 = CARTESIAN_POINT('',(-51.4485462555,-15.00018355359,57.4));
#2207 = CARTESIAN_POINT('',(-51.4485462555,-15.00018355359,56.8));
#2208 = ORIENTED_EDGE('',*,*,#2209,.F.);
#2209 = EDGE_CURVE('',#2171,#2203,#2210,.T.);
#2210 = B_SPLINE_CURVE_WITH_KNOTS('',2,(#2211,#2212,#2213),
  .UNSPECIFIED.,.F.,.F.,(3,3),(0.,1.),.PIECEWISE_BEZIER_KNOTS.);
#2211 = CARTESIAN_POINT('',(-50.50453010279,-15.32929515418,57.4));
#2212 = CARTESIAN_POINT('',(-50.85126284875,-15.00018355359,57.4));
#2213 = CARTESIAN_POINT('',(-51.4485462555,-15.00018355359,57.4));
#2214 = B_SPLINE_SURFACE_WITH_KNOTS('',2,1,(
    (#2215,#2216)
    ,(#2217,#2218)
    ,(#2219,#2220
    )),.UNSPECIFIED.,.F.,.F.,.F.,(3,3),(2,2),(0.,1.),(-0.6,0.),
  .PIECEWISE_BEZIER_KNOTS.);
#2215 = CARTESIAN_POINT('',(-50.50453010279,-15.32929515418,56.8));
#2216 = CARTESIAN_POINT('',(-50.50453010279,-15.32929515418,57.4));
#2217 = CARTESIAN_POINT('',(-50.85126284875,-15.00018355359,56.8));
#2218 = CARTESIAN_POINT('',(-50.85126284875,-15.00018355359,57.4));
#2219 = CARTESIAN_POINT('',(-51.4485462555,-15.00018355359,56.8));
#2220 = CARTESIAN_POINT('',(-51.4485462555,-15.00018355359,57.4));
#2221 = ADVANCED_FACE('',(#2222),#2246,.F.);
#2222 = FACE_BOUND('',#2223,.F.);
#2223 = EDGE_LOOP('',(#2224,#2225,#2233,#2240));
#2224 = ORIENTED_EDGE('',*,*,#2202,.T.);
#2225 = ORIENTED_EDGE('',*,*,#2226,.T.);
#2226 = EDGE_CURVE('',#2195,#2227,#2229,.T.);
#2227 = VERTEX_POINT('',#2228);
#2228 = CARTESIAN_POINT('',(-52.33602790014,-15.32654185022,56.8));
#2229 = B_SPLINE_CURVE_WITH_KNOTS('',2,(#2230,#2231,#2232),
  .UNSPECIFIED.,.F.,.F.,(3,3),(0.,1.),.PIECEWISE_BEZIER_KNOTS.);
#2230 = CARTESIAN_POINT('',(-51.4485462555,-15.00018355359,56.8));
#2231 = CARTESIAN_POINT('',(-52.01279001468,-15.00018355359,56.8));
#2232 = CARTESIAN_POINT('',(-52.33602790014,-15.32654185022,56.8));
#2233 = ORIENTED_EDGE('',*,*,#2234,.F.);
#2234 = EDGE_CURVE('',#2235,#2227,#2237,.T.);
#2235 = VERTEX_POINT('',#2236);
#2236 = CARTESIAN_POINT('',(-52.33602790014,-15.32654185022,57.4));
#2237 = B_SPLINE_CURVE_WITH_KNOTS('',1,(#2238,#2239),.UNSPECIFIED.,.F.,
  .F.,(2,2),(0.,0.6),.PIECEWISE_BEZIER_KNOTS.);
#2238 = CARTESIAN_POINT('',(-52.33602790014,-15.32654185022,57.4));
#2239 = CARTESIAN_POINT('',(-52.33602790014,-15.32654185022,56.8));
#2240 = ORIENTED_EDGE('',*,*,#2241,.F.);
#2241 = EDGE_CURVE('',#2203,#2235,#2242,.T.);
#2242 = B_SPLINE_CURVE_WITH_KNOTS('',2,(#2243,#2244,#2245),
  .UNSPECIFIED.,.F.,.F.,(3,3),(0.,1.),.PIECEWISE_BEZIER_KNOTS.);
#2243 = CARTESIAN_POINT('',(-51.4485462555,-15.00018355359,57.4));
#2244 = CARTESIAN_POINT('',(-52.01279001468,-15.00018355359,57.4));
#2245 = CARTESIAN_POINT('',(-52.33602790014,-15.32654185022,57.4));
#2246 = B_SPLINE_SURFACE_WITH_KNOTS('',2,1,(
    (#2247,#2248)
    ,(#2249,#2250)
    ,(#2251,#2252
    )),.UNSPECIFIED.,.F.,.F.,.F.,(3,3),(2,2),(0.,1.),(-0.6,0.),
  .PIECEWISE_BEZIER_KNOTS.);
#2247 = CARTESIAN_POINT('',(-51.4485462555,-15.00018355359,56.8));
#2248 = CARTESIAN_POINT('',(-51.4485462555,-15.00018355359,57.4));
#2249 = CARTESIAN_POINT('',(-52.01279001468,-15.00018355359,56.8));
#2250 = CARTESIAN_POINT('',(-52.01279001468,-15.00018355359,57.4));
#2251 = CARTESIAN_POINT('',(-52.33602790014,-15.32654185022,56.8));
#2252 = CARTESIAN_POINT('',(-52.33602790014,-15.32654185022,57.4));
#2253 = ADVANCED_FACE('',(#2254),#2278,.F.);
#2254 = FACE_BOUND('',#2255,.F.);
#2255 = EDGE_LOOP('',(#2256,#2257,#2265,#2272));
#2256 = ORIENTED_EDGE('',*,*,#2234,.T.);
#2257 = ORIENTED_EDGE('',*,*,#2258,.T.);
#2258 = EDGE_CURVE('',#2227,#2259,#2261,.T.);
#2259 = VERTEX_POINT('',#2260);
#2260 = CARTESIAN_POINT('',(-52.6594493392,-16.2419236417,56.8));
#2261 = B_SPLINE_CURVE_WITH_KNOTS('',2,(#2262,#2263,#2264),
  .UNSPECIFIED.,.F.,.F.,(3,3),(0.,1.),.PIECEWISE_BEZIER_KNOTS.);
#2262 = CARTESIAN_POINT('',(-52.33602790014,-15.32654185022,56.8));
#2263 = CARTESIAN_POINT('',(-52.6594493392,-15.65271659324,56.8));
#2264 = CARTESIAN_POINT('',(-52.6594493392,-16.2419236417,56.8));
#2265 = ORIENTED_EDGE('',*,*,#2266,.F.);
#2266 = EDGE_CURVE('',#2267,#2259,#2269,.T.);
#2267 = VERTEX_POINT('',#2268);
#2268 = CARTESIAN_POINT('',(-52.6594493392,-16.2419236417,57.4));
#2269 = B_SPLINE_CURVE_WITH_KNOTS('',1,(#2270,#2271),.UNSPECIFIED.,.F.,
  .F.,(2,2),(0.,0.6),.PIECEWISE_BEZIER_KNOTS.);
#2270 = CARTESIAN_POINT('',(-52.6594493392,-16.2419236417,57.4));
#2271 = CARTESIAN_POINT('',(-52.6594493392,-16.2419236417,56.8));
#2272 = ORIENTED_EDGE('',*,*,#2273,.F.);
#2273 = EDGE_CURVE('',#2235,#2267,#2274,.T.);
#2274 = B_SPLINE_CURVE_WITH_KNOTS('',2,(#2275,#2276,#2277),
  .UNSPECIFIED.,.F.,.F.,(3,3),(0.,1.),.PIECEWISE_BEZIER_KNOTS.);
#2275 = CARTESIAN_POINT('',(-52.33602790014,-15.32654185022,57.4));
#2276 = CARTESIAN_POINT('',(-52.6594493392,-15.65271659324,57.4));
#2277 = CARTESIAN_POINT('',(-52.6594493392,-16.2419236417,57.4));
#2278 = B_SPLINE_SURFACE_WITH_KNOTS('',2,1,(
    (#2279,#2280)
    ,(#2281,#2282)
    ,(#2283,#2284
    )),.UNSPECIFIED.,.F.,.F.,.F.,(3,3),(2,2),(0.,1.),(-0.6,0.),
  .PIECEWISE_BEZIER_KNOTS.);
#2279 = CARTESIAN_POINT('',(-52.33602790014,-15.32654185022,56.8));
#2280 = CARTESIAN_POINT('',(-52.33602790014,-15.32654185022,57.4));
#2281 = CARTESIAN_POINT('',(-52.6594493392,-15.65271659324,56.8));
#2282 = CARTESIAN_POINT('',(-52.6594493392,-15.65271659324,57.4));
#2283 = CARTESIAN_POINT('',(-52.6594493392,-16.2419236417,56.8));
#2284 = CARTESIAN_POINT('',(-52.6594493392,-16.2419236417,57.4));
#2285 = ADVANCED_FACE('',(#2286),#2300,.F.);
#2286 = FACE_BOUND('',#2287,.F.);
#2287 = EDGE_LOOP('',(#2288,#2289,#2294,#2295));
#2288 = ORIENTED_EDGE('',*,*,#2266,.T.);
#2289 = ORIENTED_EDGE('',*,*,#2290,.T.);
#2290 = EDGE_CURVE('',#2259,#2100,#2291,.T.);
#2291 = B_SPLINE_CURVE_WITH_KNOTS('',1,(#2292,#2293),.UNSPECIFIED.,.F.,
  .F.,(2,2),(0.,0.435022026432),.PIECEWISE_BEZIER_KNOTS.);
#2292 = CARTESIAN_POINT('',(-52.6594493392,-16.2419236417,56.8));
#2293 = CARTESIAN_POINT('',(-52.6594493392,-16.67694566813,56.8));
#2294 = ORIENTED_EDGE('',*,*,#2097,.F.);
#2295 = ORIENTED_EDGE('',*,*,#2296,.F.);
#2296 = EDGE_CURVE('',#2267,#2098,#2297,.T.);
#2297 = B_SPLINE_CURVE_WITH_KNOTS('',1,(#2298,#2299),.UNSPECIFIED.,.F.,
  .F.,(2,2),(0.,0.435022026432),.PIECEWISE_BEZIER_KNOTS.);
#2298 = CARTESIAN_POINT('',(-52.6594493392,-16.2419236417,57.4));
#2299 = CARTESIAN_POINT('',(-52.6594493392,-16.67694566813,57.4));
#2300 = B_SPLINE_SURFACE_WITH_KNOTS('',1,1,(
    (#2301,#2302)
    ,(#2303,#2304
    )),.UNSPECIFIED.,.F.,.F.,.F.,(2,2),(2,2),(0.,0.435022026432),(-0.6,
    0.),.PIECEWISE_BEZIER_KNOTS.);
#2301 = CARTESIAN_POINT('',(-52.6594493392,-16.2419236417,56.8));
#2302 = CARTESIAN_POINT('',(-52.6594493392,-16.2419236417,57.4));
#2303 = CARTESIAN_POINT('',(-52.6594493392,-16.67694566813,56.8));
#2304 = CARTESIAN_POINT('',(-52.6594493392,-16.67694566813,57.4));
#2305 = ADVANCED_FACE('',(#2306,#2314),#2323,.T.);
#2306 = FACE_BOUND('',#2307,.F.);
#2307 = EDGE_LOOP('',(#2308,#2309,#2310,#2311,#2312,#2313));
#2308 = ORIENTED_EDGE('',*,*,#1940,.T.);
#2309 = ORIENTED_EDGE('',*,*,#1968,.T.);
#2310 = ORIENTED_EDGE('',*,*,#1997,.T.);
#2311 = ORIENTED_EDGE('',*,*,#2029,.T.);
#2312 = ORIENTED_EDGE('',*,*,#2061,.T.);
#2313 = ORIENTED_EDGE('',*,*,#2084,.T.);
#2314 = FACE_BOUND('',#2315,.F.);
#2315 = EDGE_LOOP('',(#2316,#2317,#2318,#2319,#2320,#2321,#2322));
#2316 = ORIENTED_EDGE('',*,*,#2120,.T.);
#2317 = ORIENTED_EDGE('',*,*,#2148,.T.);
#2318 = ORIENTED_EDGE('',*,*,#2177,.T.);
#2319 = ORIENTED_EDGE('',*,*,#2209,.T.);
#2320 = ORIENTED_EDGE('',*,*,#2241,.T.);
#2321 = ORIENTED_EDGE('',*,*,#2273,.T.);
#2322 = ORIENTED_EDGE('',*,*,#2296,.T.);
#2323 = B_SPLINE_SURFACE_WITH_KNOTS('',1,1,(
    (#2324,#2325)
    ,(#2326,#2327
    )),.UNSPECIFIED.,.F.,.F.,.F.,(2,2),(2,2),(-1.514350489422,
    1.987852153749),(-1.971553563859,1.975583000018),
  .PIECEWISE_BEZIER_KNOTS.);
#2324 = CARTESIAN_POINT('',(-49.43643171806,-17.56626284875,57.4));
#2325 = CARTESIAN_POINT('',(-53.38356828193,-17.56626284875,57.4));
#2326 = CARTESIAN_POINT('',(-49.43643171806,-14.06406020558,57.4));
#2327 = CARTESIAN_POINT('',(-53.38356828193,-14.06406020558,57.4));
#2328 = ADVANCED_FACE('',(#2329,#2337),#2346,.F.);
#2329 = FACE_BOUND('',#2330,.T.);
#2330 = EDGE_LOOP('',(#2331,#2332,#2333,#2334,#2335,#2336));
#2331 = ORIENTED_EDGE('',*,*,#1926,.T.);
#2332 = ORIENTED_EDGE('',*,*,#1954,.T.);
#2333 = ORIENTED_EDGE('',*,*,#1982,.T.);
#2334 = ORIENTED_EDGE('',*,*,#2014,.T.);
#2335 = ORIENTED_EDGE('',*,*,#2046,.T.);
#2336 = ORIENTED_EDGE('',*,*,#2078,.T.);
#2337 = FACE_BOUND('',#2338,.T.);
#2338 = EDGE_LOOP('',(#2339,#2340,#2341,#2342,#2343,#2344,#2345));
#2339 = ORIENTED_EDGE('',*,*,#2106,.T.);
#2340 = ORIENTED_EDGE('',*,*,#2134,.T.);
#2341 = ORIENTED_EDGE('',*,*,#2162,.T.);
#2342 = ORIENTED_EDGE('',*,*,#2194,.T.);
#2343 = ORIENTED_EDGE('',*,*,#2226,.T.);
#2344 = ORIENTED_EDGE('',*,*,#2258,.T.);
#2345 = ORIENTED_EDGE('',*,*,#2290,.T.);
#2346 = B_SPLINE_SURFACE_WITH_KNOTS('',1,1,(
    (#2347,#2348)
    ,(#2349,#2350
    )),.UNSPECIFIED.,.F.,.F.,.F.,(2,2),(2,2),(-1.514350489422,
    1.987852153749),(-1.971553563859,1.975583000018),
  .PIECEWISE_BEZIER_KNOTS.);
#2347 = CARTESIAN_POINT('',(-49.43643171806,-17.56626284875,56.8));
#2348 = CARTESIAN_POINT('',(-53.38356828193,-17.56626284875,56.8));
#2349 = CARTESIAN_POINT('',(-49.43643171806,-14.06406020558,56.8));
#2350 = CARTESIAN_POINT('',(-53.38356828193,-14.06406020558,56.8));
#2351 = MANIFOLD_SOLID_BREP('',#2352);
#2352 = CLOSED_SHELL('',(#2353,#2393,#2425,#2457,#2489,#2521,#2553,#2585
    ,#2609,#2649,#2681,#2713,#2745,#2777,#2809,#2841,#2865,#2891));
#2353 = ADVANCED_FACE('',(#2354),#2386,.F.);
#2354 = FACE_BOUND('',#2355,.F.);
#2355 = EDGE_LOOP('',(#2356,#2365,#2373,#2380));
#2356 = ORIENTED_EDGE('',*,*,#2357,.T.);
#2357 = EDGE_CURVE('',#2358,#2360,#2362,.T.);
#2358 = VERTEX_POINT('',#2359);
#2359 = CARTESIAN_POINT('',(-49.36594713656,-11.73917033773,57.4));
#2360 = VERTEX_POINT('',#2361);
#2361 = CARTESIAN_POINT('',(-49.36594713656,-11.73917033773,56.8));
#2362 = B_SPLINE_CURVE_WITH_KNOTS('',1,(#2363,#2364),.UNSPECIFIED.,.F.,
  .F.,(2,2),(0.,0.6),.PIECEWISE_BEZIER_KNOTS.);
#2363 = CARTESIAN_POINT('',(-49.36594713656,-11.73917033773,57.4));
#2364 = CARTESIAN_POINT('',(-49.36594713656,-11.73917033773,56.8));
#2365 = ORIENTED_EDGE('',*,*,#2366,.T.);
#2366 = EDGE_CURVE('',#2360,#2367,#2369,.T.);
#2367 = VERTEX_POINT('',#2368);
#2368 = CARTESIAN_POINT('',(-49.91862701909,-13.12132892804,56.8));
#2369 = B_SPLINE_CURVE_WITH_KNOTS('',2,(#2370,#2371,#2372),
  .UNSPECIFIED.,.F.,.F.,(3,3),(0.,1.),.PIECEWISE_BEZIER_KNOTS.);
#2370 = CARTESIAN_POINT('',(-49.36594713656,-11.73917033773,56.8));
#2371 = CARTESIAN_POINT('',(-49.36594713656,-12.58718795888,56.8));
#2372 = CARTESIAN_POINT('',(-49.91862701909,-13.12132892804,56.8));
#2373 = ORIENTED_EDGE('',*,*,#2374,.F.);
#2374 = EDGE_CURVE('',#2375,#2367,#2377,.T.);
#2375 = VERTEX_POINT('',#2376);
#2376 = CARTESIAN_POINT('',(-49.91862701909,-13.12132892804,57.4));
#2377 = B_SPLINE_CURVE_WITH_KNOTS('',1,(#2378,#2379),.UNSPECIFIED.,.F.,
  .F.,(2,2),(0.,0.6),.PIECEWISE_BEZIER_KNOTS.);
#2378 = CARTESIAN_POINT('',(-49.91862701909,-13.12132892804,57.4));
#2379 = CARTESIAN_POINT('',(-49.91862701909,-13.12132892804,56.8));
#2380 = ORIENTED_EDGE('',*,*,#2381,.F.);
#2381 = EDGE_CURVE('',#2358,#2375,#2382,.T.);
#2382 = B_SPLINE_CURVE_WITH_KNOTS('',2,(#2383,#2384,#2385),
  .UNSPECIFIED.,.F.,.F.,(3,3),(0.,1.),.PIECEWISE_BEZIER_KNOTS.);
#2383 = CARTESIAN_POINT('',(-49.36594713656,-11.73917033773,57.4));
#2384 = CARTESIAN_POINT('',(-49.36594713656,-12.58718795888,57.4));
#2385 = CARTESIAN_POINT('',(-49.91862701909,-13.12132892804,57.4));
#2386 = B_SPLINE_SURFACE_WITH_KNOTS('',2,1,(
    (#2387,#2388)
    ,(#2389,#2390)
    ,(#2391,#2392
    )),.UNSPECIFIED.,.F.,.F.,.F.,(3,3),(2,2),(0.,1.),(-0.6,0.),
  .PIECEWISE_BEZIER_KNOTS.);
#2387 = CARTESIAN_POINT('',(-49.36594713656,-11.73917033773,56.8));
#2388 = CARTESIAN_POINT('',(-49.36594713656,-11.73917033773,57.4));
#2389 = CARTESIAN_POINT('',(-49.36594713656,-12.58718795888,56.8));
#2390 = CARTESIAN_POINT('',(-49.36594713656,-12.58718795888,57.4));
#2391 = CARTESIAN_POINT('',(-49.91862701909,-13.12132892804,56.8));
#2392 = CARTESIAN_POINT('',(-49.91862701909,-13.12132892804,57.4));
#2393 = ADVANCED_FACE('',(#2394),#2418,.F.);
#2394 = FACE_BOUND('',#2395,.F.);
#2395 = EDGE_LOOP('',(#2396,#2397,#2405,#2412));
#2396 = ORIENTED_EDGE('',*,*,#2374,.T.);
#2397 = ORIENTED_EDGE('',*,*,#2398,.T.);
#2398 = EDGE_CURVE('',#2367,#2399,#2401,.T.);
#2399 = VERTEX_POINT('',#2400);
#2400 = CARTESIAN_POINT('',(-51.35897209985,-13.65546989721,56.8));
#2401 = B_SPLINE_CURVE_WITH_KNOTS('',2,(#2402,#2403,#2404),
  .UNSPECIFIED.,.F.,.F.,(3,3),(0.,1.),.PIECEWISE_BEZIER_KNOTS.);
#2402 = CARTESIAN_POINT('',(-49.91862701909,-13.12132892804,56.8));
#2403 = CARTESIAN_POINT('',(-50.47130690161,-13.65546989721,56.8));
#2404 = CARTESIAN_POINT('',(-51.35897209985,-13.65546989721,56.8));
#2405 = ORIENTED_EDGE('',*,*,#2406,.F.);
#2406 = EDGE_CURVE('',#2407,#2399,#2409,.T.);
#2407 = VERTEX_POINT('',#2408);
#2408 = CARTESIAN_POINT('',(-51.35897209985,-13.65546989721,57.4));
#2409 = B_SPLINE_CURVE_WITH_KNOTS('',1,(#2410,#2411),.UNSPECIFIED.,.F.,
  .F.,(2,2),(0.,0.6),.PIECEWISE_BEZIER_KNOTS.);
#2410 = CARTESIAN_POINT('',(-51.35897209985,-13.65546989721,57.4));
#2411 = CARTESIAN_POINT('',(-51.35897209985,-13.65546989721,56.8));
#2412 = ORIENTED_EDGE('',*,*,#2413,.F.);
#2413 = EDGE_CURVE('',#2375,#2407,#2414,.T.);
#2414 = B_SPLINE_CURVE_WITH_KNOTS('',2,(#2415,#2416,#2417),
  .UNSPECIFIED.,.F.,.F.,(3,3),(0.,1.),.PIECEWISE_BEZIER_KNOTS.);
#2415 = CARTESIAN_POINT('',(-49.91862701909,-13.12132892804,57.4));
#2416 = CARTESIAN_POINT('',(-50.47130690161,-13.65546989721,57.4));
#2417 = CARTESIAN_POINT('',(-51.35897209985,-13.65546989721,57.4));
#2418 = B_SPLINE_SURFACE_WITH_KNOTS('',2,1,(
    (#2419,#2420)
    ,(#2421,#2422)
    ,(#2423,#2424
    )),.UNSPECIFIED.,.F.,.F.,.F.,(3,3),(2,2),(0.,1.),(-0.6,0.),
  .PIECEWISE_BEZIER_KNOTS.);
#2419 = CARTESIAN_POINT('',(-49.91862701909,-13.12132892804,56.8));
#2420 = CARTESIAN_POINT('',(-49.91862701909,-13.12132892804,57.4));
#2421 = CARTESIAN_POINT('',(-50.47130690161,-13.65546989721,56.8));
#2422 = CARTESIAN_POINT('',(-50.47130690161,-13.65546989721,57.4));
#2423 = CARTESIAN_POINT('',(-51.35897209985,-13.65546989721,56.8));
#2424 = CARTESIAN_POINT('',(-51.35897209985,-13.65546989721,57.4));
#2425 = ADVANCED_FACE('',(#2426),#2450,.F.);
#2426 = FACE_BOUND('',#2427,.F.);
#2427 = EDGE_LOOP('',(#2428,#2429,#2437,#2444));
#2428 = ORIENTED_EDGE('',*,*,#2406,.T.);
#2429 = ORIENTED_EDGE('',*,*,#2430,.T.);
#2430 = EDGE_CURVE('',#2399,#2431,#2433,.T.);
#2431 = VERTEX_POINT('',#2432);
#2432 = CARTESIAN_POINT('',(-52.87512481644,-13.11306901615,56.8));
#2433 = B_SPLINE_CURVE_WITH_KNOTS('',2,(#2434,#2435,#2436),
  .UNSPECIFIED.,.F.,.F.,(3,3),(0.,1.),.PIECEWISE_BEZIER_KNOTS.);
#2434 = CARTESIAN_POINT('',(-51.35897209985,-13.65546989721,56.8));
#2435 = CARTESIAN_POINT('',(-52.29619676945,-13.65546989721,56.8));
#2436 = CARTESIAN_POINT('',(-52.87512481644,-13.11306901615,56.8));
#2437 = ORIENTED_EDGE('',*,*,#2438,.F.);
#2438 = EDGE_CURVE('',#2439,#2431,#2441,.T.);
#2439 = VERTEX_POINT('',#2440);
#2440 = CARTESIAN_POINT('',(-52.87512481644,-13.11306901615,57.4));
#2441 = B_SPLINE_CURVE_WITH_KNOTS('',1,(#2442,#2443),.UNSPECIFIED.,.F.,
  .F.,(2,2),(0.,0.6),.PIECEWISE_BEZIER_KNOTS.);
#2442 = CARTESIAN_POINT('',(-52.87512481644,-13.11306901615,57.4));
#2443 = CARTESIAN_POINT('',(-52.87512481644,-13.11306901615,56.8));
#2444 = ORIENTED_EDGE('',*,*,#2445,.F.);
#2445 = EDGE_CURVE('',#2407,#2439,#2446,.T.);
#2446 = B_SPLINE_CURVE_WITH_KNOTS('',2,(#2447,#2448,#2449),
  .UNSPECIFIED.,.F.,.F.,(3,3),(0.,1.),.PIECEWISE_BEZIER_KNOTS.);
#2447 = CARTESIAN_POINT('',(-51.35897209985,-13.65546989721,57.4));
#2448 = CARTESIAN_POINT('',(-52.29619676945,-13.65546989721,57.4));
#2449 = CARTESIAN_POINT('',(-52.87512481644,-13.11306901615,57.4));
#2450 = B_SPLINE_SURFACE_WITH_KNOTS('',2,1,(
    (#2451,#2452)
    ,(#2453,#2454)
    ,(#2455,#2456
    )),.UNSPECIFIED.,.F.,.F.,.F.,(3,3),(2,2),(0.,1.),(-0.6,0.),
  .PIECEWISE_BEZIER_KNOTS.);
#2451 = CARTESIAN_POINT('',(-51.35897209985,-13.65546989721,56.8));
#2452 = CARTESIAN_POINT('',(-51.35897209985,-13.65546989721,57.4));
#2453 = CARTESIAN_POINT('',(-52.29619676945,-13.65546989721,56.8));
#2454 = CARTESIAN_POINT('',(-52.29619676945,-13.65546989721,57.4));
#2455 = CARTESIAN_POINT('',(-52.87512481644,-13.11306901615,56.8));
#2456 = CARTESIAN_POINT('',(-52.87512481644,-13.11306901615,57.4));
#2457 = ADVANCED_FACE('',(#2458),#2482,.F.);
#2458 = FACE_BOUND('',#2459,.F.);
#2459 = EDGE_LOOP('',(#2460,#2461,#2469,#2476));
#2460 = ORIENTED_EDGE('',*,*,#2438,.T.);
#2461 = ORIENTED_EDGE('',*,*,#2462,.T.);
#2462 = EDGE_CURVE('',#2431,#2463,#2465,.T.);
#2463 = VERTEX_POINT('',#2464);
#2464 = CARTESIAN_POINT('',(-53.45405286343,-11.67584434654,56.8));
#2465 = B_SPLINE_CURVE_WITH_KNOTS('',2,(#2466,#2467,#2468),
  .UNSPECIFIED.,.F.,.F.,(3,3),(0.,1.),.PIECEWISE_BEZIER_KNOTS.);
#2466 = CARTESIAN_POINT('',(-52.87512481644,-13.11306901615,56.8));
#2467 = CARTESIAN_POINT('',(-53.45405286343,-12.57066813509,56.8));
#2468 = CARTESIAN_POINT('',(-53.45405286343,-11.67584434654,56.8));
#2469 = ORIENTED_EDGE('',*,*,#2470,.F.);
#2470 = EDGE_CURVE('',#2471,#2463,#2473,.T.);
#2471 = VERTEX_POINT('',#2472);
#2472 = CARTESIAN_POINT('',(-53.45405286343,-11.67584434654,57.4));
#2473 = B_SPLINE_CURVE_WITH_KNOTS('',1,(#2474,#2475),.UNSPECIFIED.,.F.,
  .F.,(2,2),(0.,0.6),.PIECEWISE_BEZIER_KNOTS.);
#2474 = CARTESIAN_POINT('',(-53.45405286343,-11.67584434654,57.4));
#2475 = CARTESIAN_POINT('',(-53.45405286343,-11.67584434654,56.8));
#2476 = ORIENTED_EDGE('',*,*,#2477,.F.);
#2477 = EDGE_CURVE('',#2439,#2471,#2478,.T.);
#2478 = B_SPLINE_CURVE_WITH_KNOTS('',2,(#2479,#2480,#2481),
  .UNSPECIFIED.,.F.,.F.,(3,3),(0.,1.),.PIECEWISE_BEZIER_KNOTS.);
#2479 = CARTESIAN_POINT('',(-52.87512481644,-13.11306901615,57.4));
#2480 = CARTESIAN_POINT('',(-53.45405286343,-12.57066813509,57.4));
#2481 = CARTESIAN_POINT('',(-53.45405286343,-11.67584434654,57.4));
#2482 = B_SPLINE_SURFACE_WITH_KNOTS('',2,1,(
    (#2483,#2484)
    ,(#2485,#2486)
    ,(#2487,#2488
    )),.UNSPECIFIED.,.F.,.F.,.F.,(3,3),(2,2),(0.,1.),(-0.6,0.),
  .PIECEWISE_BEZIER_KNOTS.);
#2483 = CARTESIAN_POINT('',(-52.87512481644,-13.11306901615,56.8));
#2484 = CARTESIAN_POINT('',(-52.87512481644,-13.11306901615,57.4));
#2485 = CARTESIAN_POINT('',(-53.45405286343,-12.57066813509,56.8));
#2486 = CARTESIAN_POINT('',(-53.45405286343,-12.57066813509,57.4));
#2487 = CARTESIAN_POINT('',(-53.45405286343,-11.67584434654,56.8));
#2488 = CARTESIAN_POINT('',(-53.45405286343,-11.67584434654,57.4));
#2489 = ADVANCED_FACE('',(#2490),#2514,.F.);
#2490 = FACE_BOUND('',#2491,.F.);
#2491 = EDGE_LOOP('',(#2492,#2493,#2501,#2508));
#2492 = ORIENTED_EDGE('',*,*,#2470,.T.);
#2493 = ORIENTED_EDGE('',*,*,#2494,.T.);
#2494 = EDGE_CURVE('',#2463,#2495,#2497,.T.);
#2495 = VERTEX_POINT('',#2496);
#2496 = CARTESIAN_POINT('',(-52.89990455212,-10.30892070484,56.8));
#2497 = B_SPLINE_CURVE_WITH_KNOTS('',2,(#2498,#2499,#2500),
  .UNSPECIFIED.,.F.,.F.,(3,3),(0.,1.),.PIECEWISE_BEZIER_KNOTS.);
#2498 = CARTESIAN_POINT('',(-53.45405286343,-11.67584434654,56.8));
#2499 = CARTESIAN_POINT('',(-53.45405286343,-10.83058002936,56.8));
#2500 = CARTESIAN_POINT('',(-52.89990455212,-10.30892070484,56.8));
#2501 = ORIENTED_EDGE('',*,*,#2502,.F.);
#2502 = EDGE_CURVE('',#2503,#2495,#2505,.T.);
#2503 = VERTEX_POINT('',#2504);
#2504 = CARTESIAN_POINT('',(-52.89990455212,-10.30892070484,57.4));
#2505 = B_SPLINE_CURVE_WITH_KNOTS('',1,(#2506,#2507),.UNSPECIFIED.,.F.,
  .F.,(2,2),(0.,0.6),.PIECEWISE_BEZIER_KNOTS.);
#2506 = CARTESIAN_POINT('',(-52.89990455212,-10.30892070484,57.4));
#2507 = CARTESIAN_POINT('',(-52.89990455212,-10.30892070484,56.8));
#2508 = ORIENTED_EDGE('',*,*,#2509,.F.);
#2509 = EDGE_CURVE('',#2471,#2503,#2510,.T.);
#2510 = B_SPLINE_CURVE_WITH_KNOTS('',2,(#2511,#2512,#2513),
  .UNSPECIFIED.,.F.,.F.,(3,3),(0.,1.),.PIECEWISE_BEZIER_KNOTS.);
#2511 = CARTESIAN_POINT('',(-53.45405286343,-11.67584434654,57.4));
#2512 = CARTESIAN_POINT('',(-53.45405286343,-10.83058002936,57.4));
#2513 = CARTESIAN_POINT('',(-52.89990455212,-10.30892070484,57.4));
#2514 = B_SPLINE_SURFACE_WITH_KNOTS('',2,1,(
    (#2515,#2516)
    ,(#2517,#2518)
    ,(#2519,#2520
    )),.UNSPECIFIED.,.F.,.F.,.F.,(3,3),(2,2),(0.,1.),(-0.6,0.),
  .PIECEWISE_BEZIER_KNOTS.);
#2515 = CARTESIAN_POINT('',(-53.45405286343,-11.67584434654,56.8));
#2516 = CARTESIAN_POINT('',(-53.45405286343,-11.67584434654,57.4));
#2517 = CARTESIAN_POINT('',(-53.45405286343,-10.83058002936,56.8));
#2518 = CARTESIAN_POINT('',(-53.45405286343,-10.83058002936,57.4));
#2519 = CARTESIAN_POINT('',(-52.89990455212,-10.30892070484,56.8));
#2520 = CARTESIAN_POINT('',(-52.89990455212,-10.30892070484,57.4));
#2521 = ADVANCED_FACE('',(#2522),#2546,.F.);
#2522 = FACE_BOUND('',#2523,.F.);
#2523 = EDGE_LOOP('',(#2524,#2525,#2533,#2540));
#2524 = ORIENTED_EDGE('',*,*,#2502,.T.);
#2525 = ORIENTED_EDGE('',*,*,#2526,.T.);
#2526 = EDGE_CURVE('',#2495,#2527,#2529,.T.);
#2527 = VERTEX_POINT('',#2528);
#2528 = CARTESIAN_POINT('',(-51.43900146842,-9.787077826725,56.8));
#2529 = B_SPLINE_CURVE_WITH_KNOTS('',2,(#2530,#2531,#2532),
  .UNSPECIFIED.,.F.,.F.,(3,3),(0.,1.),.PIECEWISE_BEZIER_KNOTS.);
#2530 = CARTESIAN_POINT('',(-52.89990455212,-10.30892070484,56.8));
#2531 = CARTESIAN_POINT('',(-52.34593979442,-9.787077826725,56.8));
#2532 = CARTESIAN_POINT('',(-51.43900146842,-9.787077826725,56.8));
#2533 = ORIENTED_EDGE('',*,*,#2534,.F.);
#2534 = EDGE_CURVE('',#2535,#2527,#2537,.T.);
#2535 = VERTEX_POINT('',#2536);
#2536 = CARTESIAN_POINT('',(-51.43900146842,-9.787077826725,57.4));
#2537 = B_SPLINE_CURVE_WITH_KNOTS('',1,(#2538,#2539),.UNSPECIFIED.,.F.,
  .F.,(2,2),(0.,0.6),.PIECEWISE_BEZIER_KNOTS.);
#2538 = CARTESIAN_POINT('',(-51.43900146842,-9.787077826725,57.4));
#2539 = CARTESIAN_POINT('',(-51.43900146842,-9.787077826725,56.8));
#2540 = ORIENTED_EDGE('',*,*,#2541,.F.);
#2541 = EDGE_CURVE('',#2503,#2535,#2542,.T.);
#2542 = B_SPLINE_CURVE_WITH_KNOTS('',2,(#2543,#2544,#2545),
  .UNSPECIFIED.,.F.,.F.,(3,3),(0.,1.),.PIECEWISE_BEZIER_KNOTS.);
#2543 = CARTESIAN_POINT('',(-52.89990455212,-10.30892070484,57.4));
#2544 = CARTESIAN_POINT('',(-52.34593979442,-9.787077826725,57.4));
#2545 = CARTESIAN_POINT('',(-51.43900146842,-9.787077826725,57.4));
#2546 = B_SPLINE_SURFACE_WITH_KNOTS('',2,1,(
    (#2547,#2548)
    ,(#2549,#2550)
    ,(#2551,#2552
    )),.UNSPECIFIED.,.F.,.F.,.F.,(3,3),(2,2),(0.,1.),(-0.6,0.),
  .PIECEWISE_BEZIER_KNOTS.);
#2547 = CARTESIAN_POINT('',(-52.89990455212,-10.30892070484,56.8));
#2548 = CARTESIAN_POINT('',(-52.89990455212,-10.30892070484,57.4));
#2549 = CARTESIAN_POINT('',(-52.34593979442,-9.787077826725,56.8));
#2550 = CARTESIAN_POINT('',(-52.34593979442,-9.787077826725,57.4));
#2551 = CARTESIAN_POINT('',(-51.43900146842,-9.787077826725,56.8));
#2552 = CARTESIAN_POINT('',(-51.43900146842,-9.787077826725,57.4));
#2553 = ADVANCED_FACE('',(#2554),#2578,.F.);
#2554 = FACE_BOUND('',#2555,.F.);
#2555 = EDGE_LOOP('',(#2556,#2557,#2565,#2572));
#2556 = ORIENTED_EDGE('',*,*,#2534,.T.);
#2557 = ORIENTED_EDGE('',*,*,#2558,.T.);
#2558 = EDGE_CURVE('',#2527,#2559,#2561,.T.);
#2559 = VERTEX_POINT('',#2560);
#2560 = CARTESIAN_POINT('',(-49.93661527165,-10.32819383259,56.8));
#2561 = B_SPLINE_CURVE_WITH_KNOTS('',2,(#2562,#2563,#2564),
  .UNSPECIFIED.,.F.,.F.,(3,3),(0.,1.),.PIECEWISE_BEZIER_KNOTS.);
#2562 = CARTESIAN_POINT('',(-51.43900146842,-9.787077826725,56.8));
#2563 = CARTESIAN_POINT('',(-50.50728340675,-9.787077826725,56.8));
#2564 = CARTESIAN_POINT('',(-49.93661527165,-10.32819383259,56.8));
#2565 = ORIENTED_EDGE('',*,*,#2566,.F.);
#2566 = EDGE_CURVE('',#2567,#2559,#2569,.T.);
#2567 = VERTEX_POINT('',#2568);
#2568 = CARTESIAN_POINT('',(-49.93661527165,-10.32819383259,57.4));
#2569 = B_SPLINE_CURVE_WITH_KNOTS('',1,(#2570,#2571),.UNSPECIFIED.,.F.,
  .F.,(2,2),(0.,0.6),.PIECEWISE_BEZIER_KNOTS.);
#2570 = CARTESIAN_POINT('',(-49.93661527165,-10.32819383259,57.4));
#2571 = CARTESIAN_POINT('',(-49.93661527165,-10.32819383259,56.8));
#2572 = ORIENTED_EDGE('',*,*,#2573,.F.);
#2573 = EDGE_CURVE('',#2535,#2567,#2574,.T.);
#2574 = B_SPLINE_CURVE_WITH_KNOTS('',2,(#2575,#2576,#2577),
  .UNSPECIFIED.,.F.,.F.,(3,3),(0.,1.),.PIECEWISE_BEZIER_KNOTS.);
#2575 = CARTESIAN_POINT('',(-51.43900146842,-9.787077826725,57.4));
#2576 = CARTESIAN_POINT('',(-50.50728340675,-9.787077826725,57.4));
#2577 = CARTESIAN_POINT('',(-49.93661527165,-10.32819383259,57.4));
#2578 = B_SPLINE_SURFACE_WITH_KNOTS('',2,1,(
    (#2579,#2580)
    ,(#2581,#2582)
    ,(#2583,#2584
    )),.UNSPECIFIED.,.F.,.F.,.F.,(3,3),(2,2),(0.,1.),(-0.6,0.),
  .PIECEWISE_BEZIER_KNOTS.);
#2579 = CARTESIAN_POINT('',(-51.43900146842,-9.787077826725,56.8));
#2580 = CARTESIAN_POINT('',(-51.43900146842,-9.787077826725,57.4));
#2581 = CARTESIAN_POINT('',(-50.50728340675,-9.787077826725,56.8));
#2582 = CARTESIAN_POINT('',(-50.50728340675,-9.787077826725,57.4));
#2583 = CARTESIAN_POINT('',(-49.93661527165,-10.32819383259,56.8));
#2584 = CARTESIAN_POINT('',(-49.93661527165,-10.32819383259,57.4));
#2585 = ADVANCED_FACE('',(#2586),#2602,.F.);
#2586 = FACE_BOUND('',#2587,.F.);
#2587 = EDGE_LOOP('',(#2588,#2589,#2595,#2596));
#2588 = ORIENTED_EDGE('',*,*,#2566,.T.);
#2589 = ORIENTED_EDGE('',*,*,#2590,.T.);
#2590 = EDGE_CURVE('',#2559,#2360,#2591,.T.);
#2591 = B_SPLINE_CURVE_WITH_KNOTS('',2,(#2592,#2593,#2594),
  .UNSPECIFIED.,.F.,.F.,(3,3),(0.,1.),.PIECEWISE_BEZIER_KNOTS.);
#2592 = CARTESIAN_POINT('',(-49.93661527165,-10.32819383259,56.8));
#2593 = CARTESIAN_POINT('',(-49.36594713656,-10.86912628487,56.8));
#2594 = CARTESIAN_POINT('',(-49.36594713656,-11.73917033773,56.8));
#2595 = ORIENTED_EDGE('',*,*,#2357,.F.);
#2596 = ORIENTED_EDGE('',*,*,#2597,.F.);
#2597 = EDGE_CURVE('',#2567,#2358,#2598,.T.);
#2598 = B_SPLINE_CURVE_WITH_KNOTS('',2,(#2599,#2600,#2601),
  .UNSPECIFIED.,.F.,.F.,(3,3),(0.,1.),.PIECEWISE_BEZIER_KNOTS.);
#2599 = CARTESIAN_POINT('',(-49.93661527165,-10.32819383259,57.4));
#2600 = CARTESIAN_POINT('',(-49.36594713656,-10.86912628487,57.4));
#2601 = CARTESIAN_POINT('',(-49.36594713656,-11.73917033773,57.4));
#2602 = B_SPLINE_SURFACE_WITH_KNOTS('',2,1,(
    (#2603,#2604)
    ,(#2605,#2606)
    ,(#2607,#2608
    )),.UNSPECIFIED.,.F.,.F.,.F.,(3,3),(2,2),(0.,1.),(-0.6,0.),
  .PIECEWISE_BEZIER_KNOTS.);
#2603 = CARTESIAN_POINT('',(-49.93661527165,-10.32819383259,56.8));
#2604 = CARTESIAN_POINT('',(-49.93661527165,-10.32819383259,57.4));
#2605 = CARTESIAN_POINT('',(-49.36594713656,-10.86912628487,56.8));
#2606 = CARTESIAN_POINT('',(-49.36594713656,-10.86912628487,57.4));
#2607 = CARTESIAN_POINT('',(-49.36594713656,-11.73917033773,56.8));
#2608 = CARTESIAN_POINT('',(-49.36594713656,-11.73917033773,57.4));
#2609 = ADVANCED_FACE('',(#2610),#2642,.F.);
#2610 = FACE_BOUND('',#2611,.F.);
#2611 = EDGE_LOOP('',(#2612,#2621,#2629,#2636));
#2612 = ORIENTED_EDGE('',*,*,#2613,.T.);
#2613 = EDGE_CURVE('',#2614,#2616,#2618,.T.);
#2614 = VERTEX_POINT('',#2615);
#2615 = CARTESIAN_POINT('',(-52.68863436123,-11.70062408223,57.4));
#2616 = VERTEX_POINT('',#2617);
#2617 = CARTESIAN_POINT('',(-52.68863436123,-11.70062408223,56.8));
#2618 = B_SPLINE_CURVE_WITH_KNOTS('',1,(#2619,#2620),.UNSPECIFIED.,.F.,
  .F.,(2,2),(0.,0.6),.PIECEWISE_BEZIER_KNOTS.);
#2619 = CARTESIAN_POINT('',(-52.68863436123,-11.70062408223,57.4));
#2620 = CARTESIAN_POINT('',(-52.68863436123,-11.70062408223,56.8));
#2621 = ORIENTED_EDGE('',*,*,#2622,.T.);
#2622 = EDGE_CURVE('',#2616,#2623,#2625,.T.);
#2623 = VERTEX_POINT('',#2624);
#2624 = CARTESIAN_POINT('',(-52.33694566813,-12.44401615271,56.8));
#2625 = B_SPLINE_CURVE_WITH_KNOTS('',2,(#2626,#2627,#2628),
  .UNSPECIFIED.,.F.,.F.,(3,3),(0.,1.),.PIECEWISE_BEZIER_KNOTS.);
#2626 = CARTESIAN_POINT('',(-52.68863436123,-11.70062408223,56.8));
#2627 = CARTESIAN_POINT('',(-52.68863436123,-12.16868575624,56.8));
#2628 = CARTESIAN_POINT('',(-52.33694566813,-12.44401615271,56.8));
#2629 = ORIENTED_EDGE('',*,*,#2630,.F.);
#2630 = EDGE_CURVE('',#2631,#2623,#2633,.T.);
#2631 = VERTEX_POINT('',#2632);
#2632 = CARTESIAN_POINT('',(-52.33694566813,-12.44401615271,57.4));
#2633 = B_SPLINE_CURVE_WITH_KNOTS('',1,(#2634,#2635),.UNSPECIFIED.,.F.,
  .F.,(2,2),(0.,0.6),.PIECEWISE_BEZIER_KNOTS.);
#2634 = CARTESIAN_POINT('',(-52.33694566813,-12.44401615271,57.4));
#2635 = CARTESIAN_POINT('',(-52.33694566813,-12.44401615271,56.8));
#2636 = ORIENTED_EDGE('',*,*,#2637,.F.);
#2637 = EDGE_CURVE('',#2614,#2631,#2638,.T.);
#2638 = B_SPLINE_CURVE_WITH_KNOTS('',2,(#2639,#2640,#2641),
  .UNSPECIFIED.,.F.,.F.,(3,3),(0.,1.),.PIECEWISE_BEZIER_KNOTS.);
#2639 = CARTESIAN_POINT('',(-52.68863436123,-11.70062408223,57.4));
#2640 = CARTESIAN_POINT('',(-52.68863436123,-12.16868575624,57.4));
#2641 = CARTESIAN_POINT('',(-52.33694566813,-12.44401615271,57.4));
#2642 = B_SPLINE_SURFACE_WITH_KNOTS('',2,1,(
    (#2643,#2644)
    ,(#2645,#2646)
    ,(#2647,#2648
    )),.UNSPECIFIED.,.F.,.F.,.F.,(3,3),(2,2),(0.,1.),(-0.6,0.),
  .PIECEWISE_BEZIER_KNOTS.);
#2643 = CARTESIAN_POINT('',(-52.68863436123,-11.70062408223,56.8));
#2644 = CARTESIAN_POINT('',(-52.68863436123,-11.70062408223,57.4));
#2645 = CARTESIAN_POINT('',(-52.68863436123,-12.16868575624,56.8));
#2646 = CARTESIAN_POINT('',(-52.68863436123,-12.16868575624,57.4));
#2647 = CARTESIAN_POINT('',(-52.33694566813,-12.44401615271,56.8));
#2648 = CARTESIAN_POINT('',(-52.33694566813,-12.44401615271,57.4));
#2649 = ADVANCED_FACE('',(#2650),#2674,.F.);
#2650 = FACE_BOUND('',#2651,.F.);
#2651 = EDGE_LOOP('',(#2652,#2653,#2661,#2668));
#2652 = ORIENTED_EDGE('',*,*,#2630,.T.);
#2653 = ORIENTED_EDGE('',*,*,#2654,.T.);
#2654 = EDGE_CURVE('',#2623,#2655,#2657,.T.);
#2655 = VERTEX_POINT('',#2656);
#2656 = CARTESIAN_POINT('',(-51.40577826725,-12.71934654919,56.8));
#2657 = B_SPLINE_CURVE_WITH_KNOTS('',2,(#2658,#2659,#2660),
  .UNSPECIFIED.,.F.,.F.,(3,3),(0.,1.),.PIECEWISE_BEZIER_KNOTS.);
#2658 = CARTESIAN_POINT('',(-52.33694566813,-12.44401615271,56.8));
#2659 = CARTESIAN_POINT('',(-51.98525697503,-12.71934654919,56.8));
#2660 = CARTESIAN_POINT('',(-51.40577826725,-12.71934654919,56.8));
#2661 = ORIENTED_EDGE('',*,*,#2662,.F.);
#2662 = EDGE_CURVE('',#2663,#2655,#2665,.T.);
#2663 = VERTEX_POINT('',#2664);
#2664 = CARTESIAN_POINT('',(-51.40577826725,-12.71934654919,57.4));
#2665 = B_SPLINE_CURVE_WITH_KNOTS('',1,(#2666,#2667),.UNSPECIFIED.,.F.,
  .F.,(2,2),(0.,0.6),.PIECEWISE_BEZIER_KNOTS.);
#2666 = CARTESIAN_POINT('',(-51.40577826725,-12.71934654919,57.4));
#2667 = CARTESIAN_POINT('',(-51.40577826725,-12.71934654919,56.8));
#2668 = ORIENTED_EDGE('',*,*,#2669,.F.);
#2669 = EDGE_CURVE('',#2631,#2663,#2670,.T.);
#2670 = B_SPLINE_CURVE_WITH_KNOTS('',2,(#2671,#2672,#2673),
  .UNSPECIFIED.,.F.,.F.,(3,3),(0.,1.),.PIECEWISE_BEZIER_KNOTS.);
#2671 = CARTESIAN_POINT('',(-52.33694566813,-12.44401615271,57.4));
#2672 = CARTESIAN_POINT('',(-51.98525697503,-12.71934654919,57.4));
#2673 = CARTESIAN_POINT('',(-51.40577826725,-12.71934654919,57.4));
#2674 = B_SPLINE_SURFACE_WITH_KNOTS('',2,1,(
    (#2675,#2676)
    ,(#2677,#2678)
    ,(#2679,#2680
    )),.UNSPECIFIED.,.F.,.F.,.F.,(3,3),(2,2),(0.,1.),(-0.6,0.),
  .PIECEWISE_BEZIER_KNOTS.);
#2675 = CARTESIAN_POINT('',(-52.33694566813,-12.44401615271,56.8));
#2676 = CARTESIAN_POINT('',(-52.33694566813,-12.44401615271,57.4));
#2677 = CARTESIAN_POINT('',(-51.98525697503,-12.71934654919,56.8));
#2678 = CARTESIAN_POINT('',(-51.98525697503,-12.71934654919,57.4));
#2679 = CARTESIAN_POINT('',(-51.40577826725,-12.71934654919,56.8));
#2680 = CARTESIAN_POINT('',(-51.40577826725,-12.71934654919,57.4));
#2681 = ADVANCED_FACE('',(#2682),#2706,.F.);
#2682 = FACE_BOUND('',#2683,.F.);
#2683 = EDGE_LOOP('',(#2684,#2685,#2693,#2700));
#2684 = ORIENTED_EDGE('',*,*,#2662,.T.);
#2685 = ORIENTED_EDGE('',*,*,#2686,.T.);
#2686 = EDGE_CURVE('',#2655,#2687,#2689,.T.);
#2687 = VERTEX_POINT('',#2688);
#2688 = CARTESIAN_POINT('',(-50.47607929515,-12.44401615271,56.8));
#2689 = B_SPLINE_CURVE_WITH_KNOTS('',2,(#2690,#2691,#2692),
  .UNSPECIFIED.,.F.,.F.,(3,3),(0.,1.),.PIECEWISE_BEZIER_KNOTS.);
#2690 = CARTESIAN_POINT('',(-51.40577826725,-12.71934654919,56.8));
#2691 = CARTESIAN_POINT('',(-50.81822320117,-12.71934654919,56.8));
#2692 = CARTESIAN_POINT('',(-50.47607929515,-12.44401615271,56.8));
#2693 = ORIENTED_EDGE('',*,*,#2694,.F.);
#2694 = EDGE_CURVE('',#2695,#2687,#2697,.T.);
#2695 = VERTEX_POINT('',#2696);
#2696 = CARTESIAN_POINT('',(-50.47607929515,-12.44401615271,57.4));
#2697 = B_SPLINE_CURVE_WITH_KNOTS('',1,(#2698,#2699),.UNSPECIFIED.,.F.,
  .F.,(2,2),(0.,0.6),.PIECEWISE_BEZIER_KNOTS.);
#2698 = CARTESIAN_POINT('',(-50.47607929515,-12.44401615271,57.4));
#2699 = CARTESIAN_POINT('',(-50.47607929515,-12.44401615271,56.8));
#2700 = ORIENTED_EDGE('',*,*,#2701,.F.);
#2701 = EDGE_CURVE('',#2663,#2695,#2702,.T.);
#2702 = B_SPLINE_CURVE_WITH_KNOTS('',2,(#2703,#2704,#2705),
  .UNSPECIFIED.,.F.,.F.,(3,3),(0.,1.),.PIECEWISE_BEZIER_KNOTS.);
#2703 = CARTESIAN_POINT('',(-51.40577826725,-12.71934654919,57.4));
#2704 = CARTESIAN_POINT('',(-50.81822320117,-12.71934654919,57.4));
#2705 = CARTESIAN_POINT('',(-50.47607929515,-12.44401615271,57.4));
#2706 = B_SPLINE_SURFACE_WITH_KNOTS('',2,1,(
    (#2707,#2708)
    ,(#2709,#2710)
    ,(#2711,#2712
    )),.UNSPECIFIED.,.F.,.F.,.F.,(3,3),(2,2),(0.,1.),(-0.6,0.),
  .PIECEWISE_BEZIER_KNOTS.);
#2707 = CARTESIAN_POINT('',(-51.40577826725,-12.71934654919,56.8));
#2708 = CARTESIAN_POINT('',(-51.40577826725,-12.71934654919,57.4));
#2709 = CARTESIAN_POINT('',(-50.81822320117,-12.71934654919,56.8));
#2710 = CARTESIAN_POINT('',(-50.81822320117,-12.71934654919,57.4));
#2711 = CARTESIAN_POINT('',(-50.47607929515,-12.44401615271,56.8));
#2712 = CARTESIAN_POINT('',(-50.47607929515,-12.44401615271,57.4));
#2713 = ADVANCED_FACE('',(#2714),#2738,.F.);
#2714 = FACE_BOUND('',#2715,.F.);
#2715 = EDGE_LOOP('',(#2716,#2717,#2725,#2732));
#2716 = ORIENTED_EDGE('',*,*,#2694,.T.);
#2717 = ORIENTED_EDGE('',*,*,#2718,.T.);
#2718 = EDGE_CURVE('',#2687,#2719,#2721,.T.);
#2719 = VERTEX_POINT('',#2720);
#2720 = CARTESIAN_POINT('',(-50.13411894273,-11.72265051395,56.8));
#2721 = B_SPLINE_CURVE_WITH_KNOTS('',2,(#2722,#2723,#2724),
  .UNSPECIFIED.,.F.,.F.,(3,3),(0.,1.),.PIECEWISE_BEZIER_KNOTS.);
#2722 = CARTESIAN_POINT('',(-50.47607929515,-12.44401615271,56.8));
#2723 = CARTESIAN_POINT('',(-50.13411894273,-12.16868575624,56.8));
#2724 = CARTESIAN_POINT('',(-50.13411894273,-11.72265051395,56.8));
#2725 = ORIENTED_EDGE('',*,*,#2726,.F.);
#2726 = EDGE_CURVE('',#2727,#2719,#2729,.T.);
#2727 = VERTEX_POINT('',#2728);
#2728 = CARTESIAN_POINT('',(-50.13411894273,-11.72265051395,57.4));
#2729 = B_SPLINE_CURVE_WITH_KNOTS('',1,(#2730,#2731),.UNSPECIFIED.,.F.,
  .F.,(2,2),(0.,0.6),.PIECEWISE_BEZIER_KNOTS.);
#2730 = CARTESIAN_POINT('',(-50.13411894273,-11.72265051395,57.4));
#2731 = CARTESIAN_POINT('',(-50.13411894273,-11.72265051395,56.8));
#2732 = ORIENTED_EDGE('',*,*,#2733,.F.);
#2733 = EDGE_CURVE('',#2695,#2727,#2734,.T.);
#2734 = B_SPLINE_CURVE_WITH_KNOTS('',2,(#2735,#2736,#2737),
  .UNSPECIFIED.,.F.,.F.,(3,3),(0.,1.),.PIECEWISE_BEZIER_KNOTS.);
#2735 = CARTESIAN_POINT('',(-50.47607929515,-12.44401615271,57.4));
#2736 = CARTESIAN_POINT('',(-50.13411894273,-12.16868575624,57.4));
#2737 = CARTESIAN_POINT('',(-50.13411894273,-11.72265051395,57.4));
#2738 = B_SPLINE_SURFACE_WITH_KNOTS('',2,1,(
    (#2739,#2740)
    ,(#2741,#2742)
    ,(#2743,#2744
    )),.UNSPECIFIED.,.F.,.F.,.F.,(3,3),(2,2),(0.,1.),(-0.6,0.),
  .PIECEWISE_BEZIER_KNOTS.);
#2739 = CARTESIAN_POINT('',(-50.47607929515,-12.44401615271,56.8));
#2740 = CARTESIAN_POINT('',(-50.47607929515,-12.44401615271,57.4));
#2741 = CARTESIAN_POINT('',(-50.13411894273,-12.16868575624,56.8));
#2742 = CARTESIAN_POINT('',(-50.13411894273,-12.16868575624,57.4));
#2743 = CARTESIAN_POINT('',(-50.13411894273,-11.72265051395,56.8));
#2744 = CARTESIAN_POINT('',(-50.13411894273,-11.72265051395,57.4));
#2745 = ADVANCED_FACE('',(#2746),#2770,.F.);
#2746 = FACE_BOUND('',#2747,.F.);
#2747 = EDGE_LOOP('',(#2748,#2749,#2757,#2764));
#2748 = ORIENTED_EDGE('',*,*,#2726,.T.);
#2749 = ORIENTED_EDGE('',*,*,#2750,.T.);
#2750 = EDGE_CURVE('',#2719,#2751,#2753,.T.);
#2751 = VERTEX_POINT('',#2752);
#2752 = CARTESIAN_POINT('',(-50.46653450807,-10.99302496328,56.8));
#2753 = B_SPLINE_CURVE_WITH_KNOTS('',2,(#2754,#2755,#2756),
  .UNSPECIFIED.,.F.,.F.,(3,3),(0.,1.),.PIECEWISE_BEZIER_KNOTS.);
#2754 = CARTESIAN_POINT('',(-50.13411894273,-11.72265051395,56.8));
#2755 = CARTESIAN_POINT('',(-50.13411894273,-11.26284875183,56.8));
#2756 = CARTESIAN_POINT('',(-50.46653450807,-10.99302496328,56.8));
#2757 = ORIENTED_EDGE('',*,*,#2758,.F.);
#2758 = EDGE_CURVE('',#2759,#2751,#2761,.T.);
#2759 = VERTEX_POINT('',#2760);
#2760 = CARTESIAN_POINT('',(-50.46653450807,-10.99302496328,57.4));
#2761 = B_SPLINE_CURVE_WITH_KNOTS('',1,(#2762,#2763),.UNSPECIFIED.,.F.,
  .F.,(2,2),(0.,0.6),.PIECEWISE_BEZIER_KNOTS.);
#2762 = CARTESIAN_POINT('',(-50.46653450807,-10.99302496328,57.4));
#2763 = CARTESIAN_POINT('',(-50.46653450807,-10.99302496328,56.8));
#2764 = ORIENTED_EDGE('',*,*,#2765,.F.);
#2765 = EDGE_CURVE('',#2727,#2759,#2766,.T.);
#2766 = B_SPLINE_CURVE_WITH_KNOTS('',2,(#2767,#2768,#2769),
  .UNSPECIFIED.,.F.,.F.,(3,3),(0.,1.),.PIECEWISE_BEZIER_KNOTS.);
#2767 = CARTESIAN_POINT('',(-50.13411894273,-11.72265051395,57.4));
#2768 = CARTESIAN_POINT('',(-50.13411894273,-11.26284875183,57.4));
#2769 = CARTESIAN_POINT('',(-50.46653450807,-10.99302496328,57.4));
#2770 = B_SPLINE_SURFACE_WITH_KNOTS('',2,1,(
    (#2771,#2772)
    ,(#2773,#2774)
    ,(#2775,#2776
    )),.UNSPECIFIED.,.F.,.F.,.F.,(3,3),(2,2),(0.,1.),(-0.6,0.),
  .PIECEWISE_BEZIER_KNOTS.);
#2771 = CARTESIAN_POINT('',(-50.13411894273,-11.72265051395,56.8));
#2772 = CARTESIAN_POINT('',(-50.13411894273,-11.72265051395,57.4));
#2773 = CARTESIAN_POINT('',(-50.13411894273,-11.26284875183,56.8));
#2774 = CARTESIAN_POINT('',(-50.13411894273,-11.26284875183,57.4));
#2775 = CARTESIAN_POINT('',(-50.46653450807,-10.99302496328,56.8));
#2776 = CARTESIAN_POINT('',(-50.46653450807,-10.99302496328,57.4));
#2777 = ADVANCED_FACE('',(#2778),#2802,.F.);
#2778 = FACE_BOUND('',#2779,.F.);
#2779 = EDGE_LOOP('',(#2780,#2781,#2789,#2796));
#2780 = ORIENTED_EDGE('',*,*,#2758,.T.);
#2781 = ORIENTED_EDGE('',*,*,#2782,.T.);
#2782 = EDGE_CURVE('',#2751,#2783,#2785,.T.);
#2783 = VERTEX_POINT('',#2784);
#2784 = CARTESIAN_POINT('',(-51.38925844346,-10.72320117474,56.8));
#2785 = B_SPLINE_CURVE_WITH_KNOTS('',2,(#2786,#2787,#2788),
  .UNSPECIFIED.,.F.,.F.,(3,3),(0.,1.),.PIECEWISE_BEZIER_KNOTS.);
#2786 = CARTESIAN_POINT('',(-50.46653450807,-10.99302496328,56.8));
#2787 = CARTESIAN_POINT('',(-50.79895007342,-10.72320117474,56.8));
#2788 = CARTESIAN_POINT('',(-51.38925844346,-10.72320117474,56.8));
#2789 = ORIENTED_EDGE('',*,*,#2790,.F.);
#2790 = EDGE_CURVE('',#2791,#2783,#2793,.T.);
#2791 = VERTEX_POINT('',#2792);
#2792 = CARTESIAN_POINT('',(-51.38925844346,-10.72320117474,57.4));
#2793 = B_SPLINE_CURVE_WITH_KNOTS('',1,(#2794,#2795),.UNSPECIFIED.,.F.,
  .F.,(2,2),(0.,0.6),.PIECEWISE_BEZIER_KNOTS.);
#2794 = CARTESIAN_POINT('',(-51.38925844346,-10.72320117474,57.4));
#2795 = CARTESIAN_POINT('',(-51.38925844346,-10.72320117474,56.8));
#2796 = ORIENTED_EDGE('',*,*,#2797,.F.);
#2797 = EDGE_CURVE('',#2759,#2791,#2798,.T.);
#2798 = B_SPLINE_CURVE_WITH_KNOTS('',2,(#2799,#2800,#2801),
  .UNSPECIFIED.,.F.,.F.,(3,3),(0.,1.),.PIECEWISE_BEZIER_KNOTS.);
#2799 = CARTESIAN_POINT('',(-50.46653450807,-10.99302496328,57.4));
#2800 = CARTESIAN_POINT('',(-50.79895007342,-10.72320117474,57.4));
#2801 = CARTESIAN_POINT('',(-51.38925844346,-10.72320117474,57.4));
#2802 = B_SPLINE_SURFACE_WITH_KNOTS('',2,1,(
    (#2803,#2804)
    ,(#2805,#2806)
    ,(#2807,#2808
    )),.UNSPECIFIED.,.F.,.F.,.F.,(3,3),(2,2),(0.,1.),(-0.6,0.),
  .PIECEWISE_BEZIER_KNOTS.);
#2803 = CARTESIAN_POINT('',(-50.46653450807,-10.99302496328,56.8));
#2804 = CARTESIAN_POINT('',(-50.46653450807,-10.99302496328,57.4));
#2805 = CARTESIAN_POINT('',(-50.79895007342,-10.72320117474,56.8));
#2806 = CARTESIAN_POINT('',(-50.79895007342,-10.72320117474,57.4));
#2807 = CARTESIAN_POINT('',(-51.38925844346,-10.72320117474,56.8));
#2808 = CARTESIAN_POINT('',(-51.38925844346,-10.72320117474,57.4));
#2809 = ADVANCED_FACE('',(#2810),#2834,.F.);
#2810 = FACE_BOUND('',#2811,.F.);
#2811 = EDGE_LOOP('',(#2812,#2813,#2821,#2828));
#2812 = ORIENTED_EDGE('',*,*,#2790,.T.);
#2813 = ORIENTED_EDGE('',*,*,#2814,.T.);
#2814 = EDGE_CURVE('',#2783,#2815,#2817,.T.);
#2815 = VERTEX_POINT('',#2816);
#2816 = CARTESIAN_POINT('',(-52.34649045521,-10.98476505139,56.8));
#2817 = B_SPLINE_CURVE_WITH_KNOTS('',2,(#2818,#2819,#2820),
  .UNSPECIFIED.,.F.,.F.,(3,3),(0.,1.),.PIECEWISE_BEZIER_KNOTS.);
#2818 = CARTESIAN_POINT('',(-51.38925844346,-10.72320117474,56.8));
#2819 = CARTESIAN_POINT('',(-52.00453010279,-10.72320117474,56.8));
#2820 = CARTESIAN_POINT('',(-52.34649045521,-10.98476505139,56.8));
#2821 = ORIENTED_EDGE('',*,*,#2822,.F.);
#2822 = EDGE_CURVE('',#2823,#2815,#2825,.T.);
#2823 = VERTEX_POINT('',#2824);
#2824 = CARTESIAN_POINT('',(-52.34649045521,-10.98476505139,57.4));
#2825 = B_SPLINE_CURVE_WITH_KNOTS('',1,(#2826,#2827),.UNSPECIFIED.,.F.,
  .F.,(2,2),(0.,0.6),.PIECEWISE_BEZIER_KNOTS.);
#2826 = CARTESIAN_POINT('',(-52.34649045521,-10.98476505139,57.4));
#2827 = CARTESIAN_POINT('',(-52.34649045521,-10.98476505139,56.8));
#2828 = ORIENTED_EDGE('',*,*,#2829,.F.);
#2829 = EDGE_CURVE('',#2791,#2823,#2830,.T.);
#2830 = B_SPLINE_CURVE_WITH_KNOTS('',2,(#2831,#2832,#2833),
  .UNSPECIFIED.,.F.,.F.,(3,3),(0.,1.),.PIECEWISE_BEZIER_KNOTS.);
#2831 = CARTESIAN_POINT('',(-51.38925844346,-10.72320117474,57.4));
#2832 = CARTESIAN_POINT('',(-52.00453010279,-10.72320117474,57.4));
#2833 = CARTESIAN_POINT('',(-52.34649045521,-10.98476505139,57.4));
#2834 = B_SPLINE_SURFACE_WITH_KNOTS('',2,1,(
    (#2835,#2836)
    ,(#2837,#2838)
    ,(#2839,#2840
    )),.UNSPECIFIED.,.F.,.F.,.F.,(3,3),(2,2),(0.,1.),(-0.6,0.),
  .PIECEWISE_BEZIER_KNOTS.);
#2835 = CARTESIAN_POINT('',(-51.38925844346,-10.72320117474,56.8));
#2836 = CARTESIAN_POINT('',(-51.38925844346,-10.72320117474,57.4));
#2837 = CARTESIAN_POINT('',(-52.00453010279,-10.72320117474,56.8));
#2838 = CARTESIAN_POINT('',(-52.00453010279,-10.72320117474,57.4));
#2839 = CARTESIAN_POINT('',(-52.34649045521,-10.98476505139,56.8));
#2840 = CARTESIAN_POINT('',(-52.34649045521,-10.98476505139,57.4));
#2841 = ADVANCED_FACE('',(#2842),#2858,.F.);
#2842 = FACE_BOUND('',#2843,.F.);
#2843 = EDGE_LOOP('',(#2844,#2845,#2851,#2852));
#2844 = ORIENTED_EDGE('',*,*,#2822,.T.);
#2845 = ORIENTED_EDGE('',*,*,#2846,.T.);
#2846 = EDGE_CURVE('',#2815,#2616,#2847,.T.);
#2847 = B_SPLINE_CURVE_WITH_KNOTS('',2,(#2848,#2849,#2850),
  .UNSPECIFIED.,.F.,.F.,(3,3),(0.,1.),.PIECEWISE_BEZIER_KNOTS.);
#2848 = CARTESIAN_POINT('',(-52.34649045521,-10.98476505139,56.8));
#2849 = CARTESIAN_POINT('',(-52.68863436123,-11.24632892804,56.8));
#2850 = CARTESIAN_POINT('',(-52.68863436123,-11.70062408223,56.8));
#2851 = ORIENTED_EDGE('',*,*,#2613,.F.);
#2852 = ORIENTED_EDGE('',*,*,#2853,.F.);
#2853 = EDGE_CURVE('',#2823,#2614,#2854,.T.);
#2854 = B_SPLINE_CURVE_WITH_KNOTS('',2,(#2855,#2856,#2857),
  .UNSPECIFIED.,.F.,.F.,(3,3),(0.,1.),.PIECEWISE_BEZIER_KNOTS.);
#2855 = CARTESIAN_POINT('',(-52.34649045521,-10.98476505139,57.4));
#2856 = CARTESIAN_POINT('',(-52.68863436123,-11.24632892804,57.4));
#2857 = CARTESIAN_POINT('',(-52.68863436123,-11.70062408223,57.4));
#2858 = B_SPLINE_SURFACE_WITH_KNOTS('',2,1,(
    (#2859,#2860)
    ,(#2861,#2862)
    ,(#2863,#2864
    )),.UNSPECIFIED.,.F.,.F.,.F.,(3,3),(2,2),(0.,1.),(-0.6,0.),
  .PIECEWISE_BEZIER_KNOTS.);
#2859 = CARTESIAN_POINT('',(-52.34649045521,-10.98476505139,56.8));
#2860 = CARTESIAN_POINT('',(-52.34649045521,-10.98476505139,57.4));
#2861 = CARTESIAN_POINT('',(-52.68863436123,-11.24632892804,56.8));
#2862 = CARTESIAN_POINT('',(-52.68863436123,-11.24632892804,57.4));
#2863 = CARTESIAN_POINT('',(-52.68863436123,-11.70062408223,56.8));
#2864 = CARTESIAN_POINT('',(-52.68863436123,-11.70062408223,57.4));
#2865 = ADVANCED_FACE('',(#2866,#2876),#2886,.T.);
#2866 = FACE_BOUND('',#2867,.F.);
#2867 = EDGE_LOOP('',(#2868,#2869,#2870,#2871,#2872,#2873,#2874,#2875));
#2868 = ORIENTED_EDGE('',*,*,#2381,.T.);
#2869 = ORIENTED_EDGE('',*,*,#2413,.T.);
#2870 = ORIENTED_EDGE('',*,*,#2445,.T.);
#2871 = ORIENTED_EDGE('',*,*,#2477,.T.);
#2872 = ORIENTED_EDGE('',*,*,#2509,.T.);
#2873 = ORIENTED_EDGE('',*,*,#2541,.T.);
#2874 = ORIENTED_EDGE('',*,*,#2573,.T.);
#2875 = ORIENTED_EDGE('',*,*,#2597,.T.);
#2876 = FACE_BOUND('',#2877,.F.);
#2877 = EDGE_LOOP('',(#2878,#2879,#2880,#2881,#2882,#2883,#2884,#2885));
#2878 = ORIENTED_EDGE('',*,*,#2637,.T.);
#2879 = ORIENTED_EDGE('',*,*,#2669,.T.);
#2880 = ORIENTED_EDGE('',*,*,#2701,.T.);
#2881 = ORIENTED_EDGE('',*,*,#2733,.T.);
#2882 = ORIENTED_EDGE('',*,*,#2765,.T.);
#2883 = ORIENTED_EDGE('',*,*,#2797,.T.);
#2884 = ORIENTED_EDGE('',*,*,#2829,.T.);
#2885 = ORIENTED_EDGE('',*,*,#2853,.T.);
#2886 = B_SPLINE_SURFACE_WITH_KNOTS('',1,1,(
    (#2887,#2888)
    ,(#2889,#2890
    )),.UNSPECIFIED.,.F.,.F.,.F.,(2,2),(2,2),(-1.937619847606,
    1.930772222879),(-2.04420883179,2.043896895082),
  .PIECEWISE_BEZIER_KNOTS.);
#2887 = CARTESIAN_POINT('',(-49.36594713656,-13.65546989721,57.4));
#2888 = CARTESIAN_POINT('',(-53.45405286343,-13.65546989721,57.4));
#2889 = CARTESIAN_POINT('',(-49.36594713656,-9.787077826725,57.4));
#2890 = CARTESIAN_POINT('',(-53.45405286343,-9.787077826725,57.4));
#2891 = ADVANCED_FACE('',(#2892,#2902),#2912,.F.);
#2892 = FACE_BOUND('',#2893,.T.);
#2893 = EDGE_LOOP('',(#2894,#2895,#2896,#2897,#2898,#2899,#2900,#2901));
#2894 = ORIENTED_EDGE('',*,*,#2366,.T.);
#2895 = ORIENTED_EDGE('',*,*,#2398,.T.);
#2896 = ORIENTED_EDGE('',*,*,#2430,.T.);
#2897 = ORIENTED_EDGE('',*,*,#2462,.T.);
#2898 = ORIENTED_EDGE('',*,*,#2494,.T.);
#2899 = ORIENTED_EDGE('',*,*,#2526,.T.);
#2900 = ORIENTED_EDGE('',*,*,#2558,.T.);
#2901 = ORIENTED_EDGE('',*,*,#2590,.T.);
#2902 = FACE_BOUND('',#2903,.T.);
#2903 = EDGE_LOOP('',(#2904,#2905,#2906,#2907,#2908,#2909,#2910,#2911));
#2904 = ORIENTED_EDGE('',*,*,#2622,.T.);
#2905 = ORIENTED_EDGE('',*,*,#2654,.T.);
#2906 = ORIENTED_EDGE('',*,*,#2686,.T.);
#2907 = ORIENTED_EDGE('',*,*,#2718,.T.);
#2908 = ORIENTED_EDGE('',*,*,#2750,.T.);
#2909 = ORIENTED_EDGE('',*,*,#2782,.T.);
#2910 = ORIENTED_EDGE('',*,*,#2814,.T.);
#2911 = ORIENTED_EDGE('',*,*,#2846,.T.);
#2912 = B_SPLINE_SURFACE_WITH_KNOTS('',1,1,(
    (#2913,#2914)
    ,(#2915,#2916
    )),.UNSPECIFIED.,.F.,.F.,.F.,(2,2),(2,2),(-1.937619847606,
    1.930772222879),(-2.04420883179,2.043896895082),
  .PIECEWISE_BEZIER_KNOTS.);
#2913 = CARTESIAN_POINT('',(-49.36594713656,-13.65546989721,56.8));
#2914 = CARTESIAN_POINT('',(-53.45405286343,-13.65546989721,56.8));
#2915 = CARTESIAN_POINT('',(-49.36594713656,-9.787077826725,56.8));
#2916 = CARTESIAN_POINT('',(-53.45405286343,-9.787077826725,56.8));
#2917 = MANIFOLD_SOLID_BREP('',#2918);
#2918 = CLOSED_SHELL('',(#2919,#2955,#2983,#3015,#3047,#3079,#3111,#3139
    ,#3167,#3195,#3223,#3251,#3283,#3315,#3347,#3379,#3411,#3439,#3471,
    #3503,#3535,#3567,#3587,#3623,#3651,#3683,#3715,#3747,#3767,#3805));
#2919 = ADVANCED_FACE('',(#2920),#2950,.F.);
#2920 = FACE_BOUND('',#2921,.F.);
#2921 = EDGE_LOOP('',(#2922,#2931,#2938,#2945));
#2922 = ORIENTED_EDGE('',*,*,#2923,.T.);
#2923 = EDGE_CURVE('',#2924,#2926,#2928,.T.);
#2924 = VERTEX_POINT('',#2925);
#2925 = CARTESIAN_POINT('',(-49.43643171806,-5.819383259912,57.4));
#2926 = VERTEX_POINT('',#2927);
#2927 = CARTESIAN_POINT('',(-49.43643171806,-5.819383259912,56.8));
#2928 = B_SPLINE_CURVE_WITH_KNOTS('',1,(#2929,#2930),.UNSPECIFIED.,.F.,
  .F.,(2,2),(0.,0.6),.PIECEWISE_BEZIER_KNOTS.);
#2929 = CARTESIAN_POINT('',(-49.43643171806,-5.819383259912,57.4));
#2930 = CARTESIAN_POINT('',(-49.43643171806,-5.819383259912,56.8));
#2931 = ORIENTED_EDGE('',*,*,#2932,.T.);
#2932 = EDGE_CURVE('',#2926,#2933,#2935,.T.);
#2933 = VERTEX_POINT('',#2934);
#2934 = CARTESIAN_POINT('',(-49.43643171806,-6.840859030837,56.8));
#2935 = B_SPLINE_CURVE_WITH_KNOTS('',1,(#2936,#2937),.UNSPECIFIED.,.F.,
  .F.,(2,2),(0.,1.021475770925),.PIECEWISE_BEZIER_KNOTS.);
#2936 = CARTESIAN_POINT('',(-49.43643171806,-5.819383259912,56.8));
#2937 = CARTESIAN_POINT('',(-49.43643171806,-6.840859030837,56.8));
#2938 = ORIENTED_EDGE('',*,*,#2939,.F.);
#2939 = EDGE_CURVE('',#2940,#2933,#2942,.T.);
#2940 = VERTEX_POINT('',#2941);
#2941 = CARTESIAN_POINT('',(-49.43643171806,-6.840859030837,57.4));
#2942 = B_SPLINE_CURVE_WITH_KNOTS('',1,(#2943,#2944),.UNSPECIFIED.,.F.,
  .F.,(2,2),(0.,0.6),.PIECEWISE_BEZIER_KNOTS.);
#2943 = CARTESIAN_POINT('',(-49.43643171806,-6.840859030837,57.4));
#2944 = CARTESIAN_POINT('',(-49.43643171806,-6.840859030837,56.8));
#2945 = ORIENTED_EDGE('',*,*,#2946,.F.);
#2946 = EDGE_CURVE('',#2924,#2940,#2947,.T.);
#2947 = B_SPLINE_CURVE_WITH_KNOTS('',1,(#2948,#2949),.UNSPECIFIED.,.F.,
  .F.,(2,2),(0.,1.021475770925),.PIECEWISE_BEZIER_KNOTS.);
#2948 = CARTESIAN_POINT('',(-49.43643171806,-5.819383259912,57.4));
#2949 = CARTESIAN_POINT('',(-49.43643171806,-6.840859030837,57.4));
#2950 = B_SPLINE_SURFACE_WITH_KNOTS('',1,1,(
    (#2951,#2952)
    ,(#2953,#2954
    )),.UNSPECIFIED.,.F.,.F.,.F.,(2,2),(2,2),(0.,1.021475770925),(-0.6,
    0.),.PIECEWISE_BEZIER_KNOTS.);
#2951 = CARTESIAN_POINT('',(-49.43643171806,-5.819383259912,56.8));
#2952 = CARTESIAN_POINT('',(-49.43643171806,-5.819383259912,57.4));
#2953 = CARTESIAN_POINT('',(-49.43643171806,-6.840859030837,56.8));
#2954 = CARTESIAN_POINT('',(-49.43643171806,-6.840859030837,57.4));
#2955 = ADVANCED_FACE('',(#2956),#2978,.F.);
#2956 = FACE_BOUND('',#2957,.F.);
#2957 = EDGE_LOOP('',(#2958,#2959,#2966,#2973));
#2958 = ORIENTED_EDGE('',*,*,#2939,.T.);
#2959 = ORIENTED_EDGE('',*,*,#2960,.T.);
#2960 = EDGE_CURVE('',#2933,#2961,#2963,.T.);
#2961 = VERTEX_POINT('',#2962);
#2962 = CARTESIAN_POINT('',(-50.45497063142,-7.454845814978,56.8));
#2963 = B_SPLINE_CURVE_WITH_KNOTS('',1,(#2964,#2965),.UNSPECIFIED.,.F.,
  .F.,(2,2),(0.,1.189286041764),.PIECEWISE_BEZIER_KNOTS.);
#2964 = CARTESIAN_POINT('',(-49.43643171806,-6.840859030837,56.8));
#2965 = CARTESIAN_POINT('',(-50.45497063142,-7.454845814978,56.8));
#2966 = ORIENTED_EDGE('',*,*,#2967,.F.);
#2967 = EDGE_CURVE('',#2968,#2961,#2970,.T.);
#2968 = VERTEX_POINT('',#2969);
#2969 = CARTESIAN_POINT('',(-50.45497063142,-7.454845814978,57.4));
#2970 = B_SPLINE_CURVE_WITH_KNOTS('',1,(#2971,#2972),.UNSPECIFIED.,.F.,
  .F.,(2,2),(0.,0.6),.PIECEWISE_BEZIER_KNOTS.);
#2971 = CARTESIAN_POINT('',(-50.45497063142,-7.454845814978,57.4));
#2972 = CARTESIAN_POINT('',(-50.45497063142,-7.454845814978,56.8));
#2973 = ORIENTED_EDGE('',*,*,#2974,.F.);
#2974 = EDGE_CURVE('',#2940,#2968,#2975,.T.);
#2975 = B_SPLINE_CURVE_WITH_KNOTS('',1,(#2976,#2977),.UNSPECIFIED.,.F.,
  .F.,(2,2),(0.,1.189286041764),.PIECEWISE_BEZIER_KNOTS.);
#2976 = CARTESIAN_POINT('',(-49.43643171806,-6.840859030837,57.4));
#2977 = CARTESIAN_POINT('',(-50.45497063142,-7.454845814978,57.4));
#2978 = B_SPLINE_SURFACE_WITH_KNOTS('',1,1,(
    (#2979,#2980)
    ,(#2981,#2982
    )),.UNSPECIFIED.,.F.,.F.,.F.,(2,2),(2,2),(0.,1.189286041764),(-0.6,
    0.),.PIECEWISE_BEZIER_KNOTS.);
#2979 = CARTESIAN_POINT('',(-49.43643171806,-6.840859030837,56.8));
#2980 = CARTESIAN_POINT('',(-49.43643171806,-6.840859030837,57.4));
#2981 = CARTESIAN_POINT('',(-50.45497063142,-7.454845814978,56.8));
#2982 = CARTESIAN_POINT('',(-50.45497063142,-7.454845814978,57.4));
#2983 = ADVANCED_FACE('',(#2984),#3008,.F.);
#2984 = FACE_BOUND('',#2985,.F.);
#2985 = EDGE_LOOP('',(#2986,#2987,#2995,#3002));
#2986 = ORIENTED_EDGE('',*,*,#2967,.T.);
#2987 = ORIENTED_EDGE('',*,*,#2988,.T.);
#2988 = EDGE_CURVE('',#2961,#2989,#2991,.T.);
#2989 = VERTEX_POINT('',#2990);
#2990 = CARTESIAN_POINT('',(-50.66201908957,-7.587004405286,56.8));
#2991 = B_SPLINE_CURVE_WITH_KNOTS('',2,(#2992,#2993,#2994),
  .UNSPECIFIED.,.F.,.F.,(3,3),(0.,1.),.PIECEWISE_BEZIER_KNOTS.);
#2992 = CARTESIAN_POINT('',(-50.45497063142,-7.454845814978,56.8));
#2993 = CARTESIAN_POINT('',(-50.57097650513,-7.523678414097,56.8));
#2994 = CARTESIAN_POINT('',(-50.66201908957,-7.587004405286,56.8));
#2995 = ORIENTED_EDGE('',*,*,#2996,.F.);
#2996 = EDGE_CURVE('',#2997,#2989,#2999,.T.);
#2997 = VERTEX_POINT('',#2998);
#2998 = CARTESIAN_POINT('',(-50.66201908957,-7.587004405286,57.4));
#2999 = B_SPLINE_CURVE_WITH_KNOTS('',1,(#3000,#3001),.UNSPECIFIED.,.F.,
  .F.,(2,2),(0.,0.6),.PIECEWISE_BEZIER_KNOTS.);
#3000 = CARTESIAN_POINT('',(-50.66201908957,-7.587004405286,57.4));
#3001 = CARTESIAN_POINT('',(-50.66201908957,-7.587004405286,56.8));
#3002 = ORIENTED_EDGE('',*,*,#3003,.F.);
#3003 = EDGE_CURVE('',#2968,#2997,#3004,.T.);
#3004 = B_SPLINE_CURVE_WITH_KNOTS('',2,(#3005,#3006,#3007),
  .UNSPECIFIED.,.F.,.F.,(3,3),(0.,1.),.PIECEWISE_BEZIER_KNOTS.);
#3005 = CARTESIAN_POINT('',(-50.45497063142,-7.454845814978,57.4));
#3006 = CARTESIAN_POINT('',(-50.57097650513,-7.523678414097,57.4));
#3007 = CARTESIAN_POINT('',(-50.66201908957,-7.587004405286,57.4));
#3008 = B_SPLINE_SURFACE_WITH_KNOTS('',2,1,(
    (#3009,#3010)
    ,(#3011,#3012)
    ,(#3013,#3014
    )),.UNSPECIFIED.,.F.,.F.,.F.,(3,3),(2,2),(0.,1.),(-0.6,0.),
  .PIECEWISE_BEZIER_KNOTS.);
#3009 = CARTESIAN_POINT('',(-50.45497063142,-7.454845814978,56.8));
#3010 = CARTESIAN_POINT('',(-50.45497063142,-7.454845814978,57.4));
#3011 = CARTESIAN_POINT('',(-50.57097650513,-7.523678414097,56.8));
#3012 = CARTESIAN_POINT('',(-50.57097650513,-7.523678414097,57.4));
#3013 = CARTESIAN_POINT('',(-50.66201908957,-7.587004405286,56.8));
#3014 = CARTESIAN_POINT('',(-50.66201908957,-7.587004405286,57.4));
#3015 = ADVANCED_FACE('',(#3016),#3040,.F.);
#3016 = FACE_BOUND('',#3017,.F.);
#3017 = EDGE_LOOP('',(#3018,#3019,#3027,#3034));
#3018 = ORIENTED_EDGE('',*,*,#2996,.T.);
#3019 = ORIENTED_EDGE('',*,*,#3020,.T.);
#3020 = EDGE_CURVE('',#2989,#3021,#3023,.T.);
#3021 = VERTEX_POINT('',#3022);
#3022 = CARTESIAN_POINT('',(-50.81785609397,-7.715124816446,56.8));
#3023 = B_SPLINE_CURVE_WITH_KNOTS('',2,(#3024,#3025,#3026),
  .UNSPECIFIED.,.F.,.F.,(3,3),(0.,1.),.PIECEWISE_BEZIER_KNOTS.);
#3024 = CARTESIAN_POINT('',(-50.66201908957,-7.587004405286,56.8));
#3025 = CARTESIAN_POINT('',(-50.753061674,-7.650330396476,56.8));
#3026 = CARTESIAN_POINT('',(-50.81785609397,-7.715124816446,56.8));
#3027 = ORIENTED_EDGE('',*,*,#3028,.F.);
#3028 = EDGE_CURVE('',#3029,#3021,#3031,.T.);
#3029 = VERTEX_POINT('',#3030);
#3030 = CARTESIAN_POINT('',(-50.81785609397,-7.715124816446,57.4));
#3031 = B_SPLINE_CURVE_WITH_KNOTS('',1,(#3032,#3033),.UNSPECIFIED.,.F.,
  .F.,(2,2),(0.,0.6),.PIECEWISE_BEZIER_KNOTS.);
#3032 = CARTESIAN_POINT('',(-50.81785609397,-7.715124816446,57.4));
#3033 = CARTESIAN_POINT('',(-50.81785609397,-7.715124816446,56.8));
#3034 = ORIENTED_EDGE('',*,*,#3035,.F.);
#3035 = EDGE_CURVE('',#2997,#3029,#3036,.T.);
#3036 = B_SPLINE_CURVE_WITH_KNOTS('',2,(#3037,#3038,#3039),
  .UNSPECIFIED.,.F.,.F.,(3,3),(0.,1.),.PIECEWISE_BEZIER_KNOTS.);
#3037 = CARTESIAN_POINT('',(-50.66201908957,-7.587004405286,57.4));
#3038 = CARTESIAN_POINT('',(-50.753061674,-7.650330396476,57.4));
#3039 = CARTESIAN_POINT('',(-50.81785609397,-7.715124816446,57.4));
#3040 = B_SPLINE_SURFACE_WITH_KNOTS('',2,1,(
    (#3041,#3042)
    ,(#3043,#3044)
    ,(#3045,#3046
    )),.UNSPECIFIED.,.F.,.F.,.F.,(3,3),(2,2),(0.,1.),(-0.6,0.),
  .PIECEWISE_BEZIER_KNOTS.);
#3041 = CARTESIAN_POINT('',(-50.66201908957,-7.587004405286,56.8));
#3042 = CARTESIAN_POINT('',(-50.66201908957,-7.587004405286,57.4));
#3043 = CARTESIAN_POINT('',(-50.753061674,-7.650330396476,56.8));
#3044 = CARTESIAN_POINT('',(-50.753061674,-7.650330396476,57.4));
#3045 = CARTESIAN_POINT('',(-50.81785609397,-7.715124816446,56.8));
#3046 = CARTESIAN_POINT('',(-50.81785609397,-7.715124816446,57.4));
#3047 = ADVANCED_FACE('',(#3048),#3072,.F.);
#3048 = FACE_BOUND('',#3049,.F.);
#3049 = EDGE_LOOP('',(#3050,#3051,#3059,#3066));
#3050 = ORIENTED_EDGE('',*,*,#3028,.T.);
#3051 = ORIENTED_EDGE('',*,*,#3052,.T.);
#3052 = EDGE_CURVE('',#3021,#3053,#3055,.T.);
#3053 = VERTEX_POINT('',#3054);
#3054 = CARTESIAN_POINT('',(-50.9173421439,-7.85003671072,56.8));
#3055 = B_SPLINE_CURVE_WITH_KNOTS('',2,(#3056,#3057,#3058),
  .UNSPECIFIED.,.F.,.F.,(3,3),(0.,1.),.PIECEWISE_BEZIER_KNOTS.);
#3056 = CARTESIAN_POINT('',(-50.81785609397,-7.715124816446,56.8));
#3057 = CARTESIAN_POINT('',(-50.88283406754,-7.779735682819,56.8));
#3058 = CARTESIAN_POINT('',(-50.9173421439,-7.85003671072,56.8));
#3059 = ORIENTED_EDGE('',*,*,#3060,.F.);
#3060 = EDGE_CURVE('',#3061,#3053,#3063,.T.);
#3061 = VERTEX_POINT('',#3062);
#3062 = CARTESIAN_POINT('',(-50.9173421439,-7.85003671072,57.4));
#3063 = B_SPLINE_CURVE_WITH_KNOTS('',1,(#3064,#3065),.UNSPECIFIED.,.F.,
  .F.,(2,2),(0.,0.6),.PIECEWISE_BEZIER_KNOTS.);
#3064 = CARTESIAN_POINT('',(-50.9173421439,-7.85003671072,57.4));
#3065 = CARTESIAN_POINT('',(-50.9173421439,-7.85003671072,56.8));
#3066 = ORIENTED_EDGE('',*,*,#3067,.F.);
#3067 = EDGE_CURVE('',#3029,#3061,#3068,.T.);
#3068 = B_SPLINE_CURVE_WITH_KNOTS('',2,(#3069,#3070,#3071),
  .UNSPECIFIED.,.F.,.F.,(3,3),(0.,1.),.PIECEWISE_BEZIER_KNOTS.);
#3069 = CARTESIAN_POINT('',(-50.81785609397,-7.715124816446,57.4));
#3070 = CARTESIAN_POINT('',(-50.88283406754,-7.779735682819,57.4));
#3071 = CARTESIAN_POINT('',(-50.9173421439,-7.85003671072,57.4));
#3072 = B_SPLINE_SURFACE_WITH_KNOTS('',2,1,(
    (#3073,#3074)
    ,(#3075,#3076)
    ,(#3077,#3078
    )),.UNSPECIFIED.,.F.,.F.,.F.,(3,3),(2,2),(0.,1.),(-0.6,0.),
  .PIECEWISE_BEZIER_KNOTS.);
#3073 = CARTESIAN_POINT('',(-50.81785609397,-7.715124816446,56.8));
#3074 = CARTESIAN_POINT('',(-50.81785609397,-7.715124816446,57.4));
#3075 = CARTESIAN_POINT('',(-50.88283406754,-7.779735682819,56.8));
#3076 = CARTESIAN_POINT('',(-50.88283406754,-7.779735682819,57.4));
#3077 = CARTESIAN_POINT('',(-50.9173421439,-7.85003671072,56.8));
#3078 = CARTESIAN_POINT('',(-50.9173421439,-7.85003671072,57.4));
#3079 = ADVANCED_FACE('',(#3080),#3104,.F.);
#3080 = FACE_BOUND('',#3081,.F.);
#3081 = EDGE_LOOP('',(#3082,#3083,#3091,#3098));
#3082 = ORIENTED_EDGE('',*,*,#3060,.T.);
#3083 = ORIENTED_EDGE('',*,*,#3084,.T.);
#3084 = EDGE_CURVE('',#3053,#3085,#3087,.T.);
#3085 = VERTEX_POINT('',#3086);
#3086 = CARTESIAN_POINT('',(-50.95185022026,-8.002753303965,56.8));
#3087 = B_SPLINE_CURVE_WITH_KNOTS('',2,(#3088,#3089,#3090),
  .UNSPECIFIED.,.F.,.F.,(3,3),(0.,1.),.PIECEWISE_BEZIER_KNOTS.);
#3088 = CARTESIAN_POINT('',(-50.9173421439,-7.85003671072,56.8));
#3089 = CARTESIAN_POINT('',(-50.95185022026,-7.920154185022,56.8));
#3090 = CARTESIAN_POINT('',(-50.95185022026,-8.002753303965,56.8));
#3091 = ORIENTED_EDGE('',*,*,#3092,.F.);
#3092 = EDGE_CURVE('',#3093,#3085,#3095,.T.);
#3093 = VERTEX_POINT('',#3094);
#3094 = CARTESIAN_POINT('',(-50.95185022026,-8.002753303965,57.4));
#3095 = B_SPLINE_CURVE_WITH_KNOTS('',1,(#3096,#3097),.UNSPECIFIED.,.F.,
  .F.,(2,2),(0.,0.6),.PIECEWISE_BEZIER_KNOTS.);
#3096 = CARTESIAN_POINT('',(-50.95185022026,-8.002753303965,57.4));
#3097 = CARTESIAN_POINT('',(-50.95185022026,-8.002753303965,56.8));
#3098 = ORIENTED_EDGE('',*,*,#3099,.F.);
#3099 = EDGE_CURVE('',#3061,#3093,#3100,.T.);
#3100 = B_SPLINE_CURVE_WITH_KNOTS('',2,(#3101,#3102,#3103),
  .UNSPECIFIED.,.F.,.F.,(3,3),(0.,1.),.PIECEWISE_BEZIER_KNOTS.);
#3101 = CARTESIAN_POINT('',(-50.9173421439,-7.85003671072,57.4));
#3102 = CARTESIAN_POINT('',(-50.95185022026,-7.920154185022,57.4));
#3103 = CARTESIAN_POINT('',(-50.95185022026,-8.002753303965,57.4));
#3104 = B_SPLINE_SURFACE_WITH_KNOTS('',2,1,(
    (#3105,#3106)
    ,(#3107,#3108)
    ,(#3109,#3110
    )),.UNSPECIFIED.,.F.,.F.,.F.,(3,3),(2,2),(0.,1.),(-0.6,0.),
  .PIECEWISE_BEZIER_KNOTS.);
#3105 = CARTESIAN_POINT('',(-50.9173421439,-7.85003671072,56.8));
#3106 = CARTESIAN_POINT('',(-50.9173421439,-7.85003671072,57.4));
#3107 = CARTESIAN_POINT('',(-50.95185022026,-7.920154185022,56.8));
#3108 = CARTESIAN_POINT('',(-50.95185022026,-7.920154185022,57.4));
#3109 = CARTESIAN_POINT('',(-50.95185022026,-8.002753303965,56.8));
#3110 = CARTESIAN_POINT('',(-50.95185022026,-8.002753303965,57.4));
#3111 = ADVANCED_FACE('',(#3112),#3134,.F.);
#3112 = FACE_BOUND('',#3113,.F.);
#3113 = EDGE_LOOP('',(#3114,#3115,#3122,#3129));
#3114 = ORIENTED_EDGE('',*,*,#3092,.T.);
#3115 = ORIENTED_EDGE('',*,*,#3116,.T.);
#3116 = EDGE_CURVE('',#3085,#3117,#3119,.T.);
#3117 = VERTEX_POINT('',#3118);
#3118 = CARTESIAN_POINT('',(-50.95185022026,-8.242290748899,56.8));
#3119 = B_SPLINE_CURVE_WITH_KNOTS('',1,(#3120,#3121),.UNSPECIFIED.,.F.,
  .F.,(2,2),(0.,0.239537444934),.PIECEWISE_BEZIER_KNOTS.);
#3120 = CARTESIAN_POINT('',(-50.95185022026,-8.002753303965,56.8));
#3121 = CARTESIAN_POINT('',(-50.95185022026,-8.242290748899,56.8));
#3122 = ORIENTED_EDGE('',*,*,#3123,.F.);
#3123 = EDGE_CURVE('',#3124,#3117,#3126,.T.);
#3124 = VERTEX_POINT('',#3125);
#3125 = CARTESIAN_POINT('',(-50.95185022026,-8.242290748899,57.4));
#3126 = B_SPLINE_CURVE_WITH_KNOTS('',1,(#3127,#3128),.UNSPECIFIED.,.F.,
  .F.,(2,2),(0.,0.6),.PIECEWISE_BEZIER_KNOTS.);
#3127 = CARTESIAN_POINT('',(-50.95185022026,-8.242290748899,57.4));
#3128 = CARTESIAN_POINT('',(-50.95185022026,-8.242290748899,56.8));
#3129 = ORIENTED_EDGE('',*,*,#3130,.F.);
#3130 = EDGE_CURVE('',#3093,#3124,#3131,.T.);
#3131 = B_SPLINE_CURVE_WITH_KNOTS('',1,(#3132,#3133),.UNSPECIFIED.,.F.,
  .F.,(2,2),(0.,0.239537444934),.PIECEWISE_BEZIER_KNOTS.);
#3132 = CARTESIAN_POINT('',(-50.95185022026,-8.002753303965,57.4));
#3133 = CARTESIAN_POINT('',(-50.95185022026,-8.242290748899,57.4));
#3134 = B_SPLINE_SURFACE_WITH_KNOTS('',1,1,(
    (#3135,#3136)
    ,(#3137,#3138
    )),.UNSPECIFIED.,.F.,.F.,.F.,(2,2),(2,2),(0.,0.239537444934),(-0.6,
    0.),.PIECEWISE_BEZIER_KNOTS.);
#3135 = CARTESIAN_POINT('',(-50.95185022026,-8.002753303965,56.8));
#3136 = CARTESIAN_POINT('',(-50.95185022026,-8.002753303965,57.4));
#3137 = CARTESIAN_POINT('',(-50.95185022026,-8.242290748899,56.8));
#3138 = CARTESIAN_POINT('',(-50.95185022026,-8.242290748899,57.4));
#3139 = ADVANCED_FACE('',(#3140),#3162,.F.);
#3140 = FACE_BOUND('',#3141,.F.);
#3141 = EDGE_LOOP('',(#3142,#3143,#3150,#3157));
#3142 = ORIENTED_EDGE('',*,*,#3123,.T.);
#3143 = ORIENTED_EDGE('',*,*,#3144,.T.);
#3144 = EDGE_CURVE('',#3117,#3145,#3147,.T.);
#3145 = VERTEX_POINT('',#3146);
#3146 = CARTESIAN_POINT('',(-49.43643171806,-8.242290748899,56.8));
#3147 = B_SPLINE_CURVE_WITH_KNOTS('',1,(#3148,#3149),.UNSPECIFIED.,.F.,
  .F.,(2,2),(0.,1.515418502203),.PIECEWISE_BEZIER_KNOTS.);
#3148 = CARTESIAN_POINT('',(-50.95185022026,-8.242290748899,56.8));
#3149 = CARTESIAN_POINT('',(-49.43643171806,-8.242290748899,56.8));
#3150 = ORIENTED_EDGE('',*,*,#3151,.F.);
#3151 = EDGE_CURVE('',#3152,#3145,#3154,.T.);
#3152 = VERTEX_POINT('',#3153);
#3153 = CARTESIAN_POINT('',(-49.43643171806,-8.242290748899,57.4));
#3154 = B_SPLINE_CURVE_WITH_KNOTS('',1,(#3155,#3156),.UNSPECIFIED.,.F.,
  .F.,(2,2),(0.,0.6),.PIECEWISE_BEZIER_KNOTS.);
#3155 = CARTESIAN_POINT('',(-49.43643171806,-8.242290748899,57.4));
#3156 = CARTESIAN_POINT('',(-49.43643171806,-8.242290748899,56.8));
#3157 = ORIENTED_EDGE('',*,*,#3158,.F.);
#3158 = EDGE_CURVE('',#3124,#3152,#3159,.T.);
#3159 = B_SPLINE_CURVE_WITH_KNOTS('',1,(#3160,#3161),.UNSPECIFIED.,.F.,
  .F.,(2,2),(0.,1.515418502203),.PIECEWISE_BEZIER_KNOTS.);
#3160 = CARTESIAN_POINT('',(-50.95185022026,-8.242290748899,57.4));
#3161 = CARTESIAN_POINT('',(-49.43643171806,-8.242290748899,57.4));
#3162 = B_SPLINE_SURFACE_WITH_KNOTS('',1,1,(
    (#3163,#3164)
    ,(#3165,#3166
    )),.UNSPECIFIED.,.F.,.F.,.F.,(2,2),(2,2),(0.,1.515418502203),(-0.6,
    0.),.PIECEWISE_BEZIER_KNOTS.);
#3163 = CARTESIAN_POINT('',(-50.95185022026,-8.242290748899,56.8));
#3164 = CARTESIAN_POINT('',(-50.95185022026,-8.242290748899,57.4));
#3165 = CARTESIAN_POINT('',(-49.43643171806,-8.242290748899,56.8));
#3166 = CARTESIAN_POINT('',(-49.43643171806,-8.242290748899,57.4));
#3167 = ADVANCED_FACE('',(#3168),#3190,.F.);
#3168 = FACE_BOUND('',#3169,.F.);
#3169 = EDGE_LOOP('',(#3170,#3171,#3178,#3185));
#3170 = ORIENTED_EDGE('',*,*,#3151,.T.);
#3171 = ORIENTED_EDGE('',*,*,#3172,.T.);
#3172 = EDGE_CURVE('',#3145,#3173,#3175,.T.);
#3173 = VERTEX_POINT('',#3174);
#3174 = CARTESIAN_POINT('',(-49.43643171806,-9.131607929515,56.8));
#3175 = B_SPLINE_CURVE_WITH_KNOTS('',1,(#3176,#3177),.UNSPECIFIED.,.F.,
  .F.,(2,2),(0.,0.889317180617),.PIECEWISE_BEZIER_KNOTS.);
#3176 = CARTESIAN_POINT('',(-49.43643171806,-8.242290748899,56.8));
#3177 = CARTESIAN_POINT('',(-49.43643171806,-9.131607929515,56.8));
#3178 = ORIENTED_EDGE('',*,*,#3179,.F.);
#3179 = EDGE_CURVE('',#3180,#3173,#3182,.T.);
#3180 = VERTEX_POINT('',#3181);
#3181 = CARTESIAN_POINT('',(-49.43643171806,-9.131607929515,57.4));
#3182 = B_SPLINE_CURVE_WITH_KNOTS('',1,(#3183,#3184),.UNSPECIFIED.,.F.,
  .F.,(2,2),(0.,0.6),.PIECEWISE_BEZIER_KNOTS.);
#3183 = CARTESIAN_POINT('',(-49.43643171806,-9.131607929515,57.4));
#3184 = CARTESIAN_POINT('',(-49.43643171806,-9.131607929515,56.8));
#3185 = ORIENTED_EDGE('',*,*,#3186,.F.);
#3186 = EDGE_CURVE('',#3152,#3180,#3187,.T.);
#3187 = B_SPLINE_CURVE_WITH_KNOTS('',1,(#3188,#3189),.UNSPECIFIED.,.F.,
  .F.,(2,2),(0.,0.889317180617),.PIECEWISE_BEZIER_KNOTS.);
#3188 = CARTESIAN_POINT('',(-49.43643171806,-8.242290748899,57.4));
#3189 = CARTESIAN_POINT('',(-49.43643171806,-9.131607929515,57.4));
#3190 = B_SPLINE_SURFACE_WITH_KNOTS('',1,1,(
    (#3191,#3192)
    ,(#3193,#3194
    )),.UNSPECIFIED.,.F.,.F.,.F.,(2,2),(2,2),(0.,0.889317180617),(-0.6,
    0.),.PIECEWISE_BEZIER_KNOTS.);
#3191 = CARTESIAN_POINT('',(-49.43643171806,-8.242290748899,56.8));
#3192 = CARTESIAN_POINT('',(-49.43643171806,-8.242290748899,57.4));
#3193 = CARTESIAN_POINT('',(-49.43643171806,-9.131607929515,56.8));
#3194 = CARTESIAN_POINT('',(-49.43643171806,-9.131607929515,57.4));
#3195 = ADVANCED_FACE('',(#3196),#3218,.F.);
#3196 = FACE_BOUND('',#3197,.F.);
#3197 = EDGE_LOOP('',(#3198,#3199,#3206,#3213));
#3198 = ORIENTED_EDGE('',*,*,#3179,.T.);
#3199 = ORIENTED_EDGE('',*,*,#3200,.T.);
#3200 = EDGE_CURVE('',#3173,#3201,#3203,.T.);
#3201 = VERTEX_POINT('',#3202);
#3202 = CARTESIAN_POINT('',(-53.38356828193,-9.131607929515,56.8));
#3203 = B_SPLINE_CURVE_WITH_KNOTS('',1,(#3204,#3205),.UNSPECIFIED.,.F.,
  .F.,(2,2),(0.,3.947136563877),.PIECEWISE_BEZIER_KNOTS.);
#3204 = CARTESIAN_POINT('',(-49.43643171806,-9.131607929515,56.8));
#3205 = CARTESIAN_POINT('',(-53.38356828193,-9.131607929515,56.8));
#3206 = ORIENTED_EDGE('',*,*,#3207,.F.);
#3207 = EDGE_CURVE('',#3208,#3201,#3210,.T.);
#3208 = VERTEX_POINT('',#3209);
#3209 = CARTESIAN_POINT('',(-53.38356828193,-9.131607929515,57.4));
#3210 = B_SPLINE_CURVE_WITH_KNOTS('',1,(#3211,#3212),.UNSPECIFIED.,.F.,
  .F.,(2,2),(0.,0.6),.PIECEWISE_BEZIER_KNOTS.);
#3211 = CARTESIAN_POINT('',(-53.38356828193,-9.131607929515,57.4));
#3212 = CARTESIAN_POINT('',(-53.38356828193,-9.131607929515,56.8));
#3213 = ORIENTED_EDGE('',*,*,#3214,.F.);
#3214 = EDGE_CURVE('',#3180,#3208,#3215,.T.);
#3215 = B_SPLINE_CURVE_WITH_KNOTS('',1,(#3216,#3217),.UNSPECIFIED.,.F.,
  .F.,(2,2),(0.,3.947136563877),.PIECEWISE_BEZIER_KNOTS.);
#3216 = CARTESIAN_POINT('',(-49.43643171806,-9.131607929515,57.4));
#3217 = CARTESIAN_POINT('',(-53.38356828193,-9.131607929515,57.4));
#3218 = B_SPLINE_SURFACE_WITH_KNOTS('',1,1,(
    (#3219,#3220)
    ,(#3221,#3222
    )),.UNSPECIFIED.,.F.,.F.,.F.,(2,2),(2,2),(0.,3.947136563877),(-0.6,
    0.),.PIECEWISE_BEZIER_KNOTS.);
#3219 = CARTESIAN_POINT('',(-49.43643171806,-9.131607929515,56.8));
#3220 = CARTESIAN_POINT('',(-49.43643171806,-9.131607929515,57.4));
#3221 = CARTESIAN_POINT('',(-53.38356828193,-9.131607929515,56.8));
#3222 = CARTESIAN_POINT('',(-53.38356828193,-9.131607929515,57.4));
#3223 = ADVANCED_FACE('',(#3224),#3246,.F.);
#3224 = FACE_BOUND('',#3225,.F.);
#3225 = EDGE_LOOP('',(#3226,#3227,#3234,#3241));
#3226 = ORIENTED_EDGE('',*,*,#3207,.T.);
#3227 = ORIENTED_EDGE('',*,*,#3228,.T.);
#3228 = EDGE_CURVE('',#3201,#3229,#3231,.T.);
#3229 = VERTEX_POINT('',#3230);
#3230 = CARTESIAN_POINT('',(-53.38356828193,-7.721916299559,56.8));
#3231 = B_SPLINE_CURVE_WITH_KNOTS('',1,(#3232,#3233),.UNSPECIFIED.,.F.,
  .F.,(2,2),(0.,1.409691629956),.PIECEWISE_BEZIER_KNOTS.);
#3232 = CARTESIAN_POINT('',(-53.38356828193,-9.131607929515,56.8));
#3233 = CARTESIAN_POINT('',(-53.38356828193,-7.721916299559,56.8));
#3234 = ORIENTED_EDGE('',*,*,#3235,.F.);
#3235 = EDGE_CURVE('',#3236,#3229,#3238,.T.);
#3236 = VERTEX_POINT('',#3237);
#3237 = CARTESIAN_POINT('',(-53.38356828193,-7.721916299559,57.4));
#3238 = B_SPLINE_CURVE_WITH_KNOTS('',1,(#3239,#3240),.UNSPECIFIED.,.F.,
  .F.,(2,2),(0.,0.6),.PIECEWISE_BEZIER_KNOTS.);
#3239 = CARTESIAN_POINT('',(-53.38356828193,-7.721916299559,57.4));
#3240 = CARTESIAN_POINT('',(-53.38356828193,-7.721916299559,56.8));
#3241 = ORIENTED_EDGE('',*,*,#3242,.F.);
#3242 = EDGE_CURVE('',#3208,#3236,#3243,.T.);
#3243 = B_SPLINE_CURVE_WITH_KNOTS('',1,(#3244,#3245),.UNSPECIFIED.,.F.,
  .F.,(2,2),(0.,1.409691629956),.PIECEWISE_BEZIER_KNOTS.);
#3244 = CARTESIAN_POINT('',(-53.38356828193,-9.131607929515,57.4));
#3245 = CARTESIAN_POINT('',(-53.38356828193,-7.721916299559,57.4));
#3246 = B_SPLINE_SURFACE_WITH_KNOTS('',1,1,(
    (#3247,#3248)
    ,(#3249,#3250
    )),.UNSPECIFIED.,.F.,.F.,.F.,(2,2),(2,2),(0.,1.409691629956),(-0.6,
    0.),.PIECEWISE_BEZIER_KNOTS.);
#3247 = CARTESIAN_POINT('',(-53.38356828193,-9.131607929515,56.8));
#3248 = CARTESIAN_POINT('',(-53.38356828193,-9.131607929515,57.4));
#3249 = CARTESIAN_POINT('',(-53.38356828193,-7.721916299559,56.8));
#3250 = CARTESIAN_POINT('',(-53.38356828193,-7.721916299559,57.4));
#3251 = ADVANCED_FACE('',(#3252),#3276,.F.);
#3252 = FACE_BOUND('',#3253,.F.);
#3253 = EDGE_LOOP('',(#3254,#3255,#3263,#3270));
#3254 = ORIENTED_EDGE('',*,*,#3235,.T.);
#3255 = ORIENTED_EDGE('',*,*,#3256,.T.);
#3256 = EDGE_CURVE('',#3229,#3257,#3259,.T.);
#3257 = VERTEX_POINT('',#3258);
#3258 = CARTESIAN_POINT('',(-52.31198237885,-6.284691629956,56.8));
#3259 = B_SPLINE_CURVE_WITH_KNOTS('',2,(#3260,#3261,#3262),
  .UNSPECIFIED.,.F.,.F.,(3,3),(0.,1.),.PIECEWISE_BEZIER_KNOTS.);
#3260 = CARTESIAN_POINT('',(-53.38356828193,-7.721916299559,56.8));
#3261 = CARTESIAN_POINT('',(-53.38356828193,-6.284691629956,56.8));
#3262 = CARTESIAN_POINT('',(-52.31198237885,-6.284691629956,56.8));
#3263 = ORIENTED_EDGE('',*,*,#3264,.F.);
#3264 = EDGE_CURVE('',#3265,#3257,#3267,.T.);
#3265 = VERTEX_POINT('',#3266);
#3266 = CARTESIAN_POINT('',(-52.31198237885,-6.284691629956,57.4));
#3267 = B_SPLINE_CURVE_WITH_KNOTS('',1,(#3268,#3269),.UNSPECIFIED.,.F.,
  .F.,(2,2),(0.,0.6),.PIECEWISE_BEZIER_KNOTS.);
#3268 = CARTESIAN_POINT('',(-52.31198237885,-6.284691629956,57.4));
#3269 = CARTESIAN_POINT('',(-52.31198237885,-6.284691629956,56.8));
#3270 = ORIENTED_EDGE('',*,*,#3271,.F.);
#3271 = EDGE_CURVE('',#3236,#3265,#3272,.T.);
#3272 = B_SPLINE_CURVE_WITH_KNOTS('',2,(#3273,#3274,#3275),
  .UNSPECIFIED.,.F.,.F.,(3,3),(0.,1.),.PIECEWISE_BEZIER_KNOTS.);
#3273 = CARTESIAN_POINT('',(-53.38356828193,-7.721916299559,57.4));
#3274 = CARTESIAN_POINT('',(-53.38356828193,-6.284691629956,57.4));
#3275 = CARTESIAN_POINT('',(-52.31198237885,-6.284691629956,57.4));
#3276 = B_SPLINE_SURFACE_WITH_KNOTS('',2,1,(
    (#3277,#3278)
    ,(#3279,#3280)
    ,(#3281,#3282
    )),.UNSPECIFIED.,.F.,.F.,.F.,(3,3),(2,2),(0.,1.),(-0.6,0.),
  .PIECEWISE_BEZIER_KNOTS.);
#3277 = CARTESIAN_POINT('',(-53.38356828193,-7.721916299559,56.8));
#3278 = CARTESIAN_POINT('',(-53.38356828193,-7.721916299559,57.4));
#3279 = CARTESIAN_POINT('',(-53.38356828193,-6.284691629956,56.8));
#3280 = CARTESIAN_POINT('',(-53.38356828193,-6.284691629956,57.4));
#3281 = CARTESIAN_POINT('',(-52.31198237885,-6.284691629956,56.8));
#3282 = CARTESIAN_POINT('',(-52.31198237885,-6.284691629956,57.4));
#3283 = ADVANCED_FACE('',(#3284),#3308,.F.);
#3284 = FACE_BOUND('',#3285,.F.);
#3285 = EDGE_LOOP('',(#3286,#3287,#3295,#3302));
#3286 = ORIENTED_EDGE('',*,*,#3264,.T.);
#3287 = ORIENTED_EDGE('',*,*,#3288,.T.);
#3288 = EDGE_CURVE('',#3257,#3289,#3291,.T.);
#3289 = VERTEX_POINT('',#3290);
#3290 = CARTESIAN_POINT('',(-51.93129221732,-6.348017621145,56.8));
#3291 = B_SPLINE_CURVE_WITH_KNOTS('',2,(#3292,#3293,#3294),
  .UNSPECIFIED.,.F.,.F.,(3,3),(0.,1.),.PIECEWISE_BEZIER_KNOTS.);
#3292 = CARTESIAN_POINT('',(-52.31198237885,-6.284691629956,56.8));
#3293 = CARTESIAN_POINT('',(-52.10585168869,-6.284691629956,56.8));
#3294 = CARTESIAN_POINT('',(-51.93129221732,-6.348017621145,56.8));
#3295 = ORIENTED_EDGE('',*,*,#3296,.F.);
#3296 = EDGE_CURVE('',#3297,#3289,#3299,.T.);
#3297 = VERTEX_POINT('',#3298);
#3298 = CARTESIAN_POINT('',(-51.93129221732,-6.348017621145,57.4));
#3299 = B_SPLINE_CURVE_WITH_KNOTS('',1,(#3300,#3301),.UNSPECIFIED.,.F.,
  .F.,(2,2),(0.,0.6),.PIECEWISE_BEZIER_KNOTS.);
#3300 = CARTESIAN_POINT('',(-51.93129221732,-6.348017621145,57.4));
#3301 = CARTESIAN_POINT('',(-51.93129221732,-6.348017621145,56.8));
#3302 = ORIENTED_EDGE('',*,*,#3303,.F.);
#3303 = EDGE_CURVE('',#3265,#3297,#3304,.T.);
#3304 = B_SPLINE_CURVE_WITH_KNOTS('',2,(#3305,#3306,#3307),
  .UNSPECIFIED.,.F.,.F.,(3,3),(0.,1.),.PIECEWISE_BEZIER_KNOTS.);
#3305 = CARTESIAN_POINT('',(-52.31198237885,-6.284691629956,57.4));
#3306 = CARTESIAN_POINT('',(-52.10585168869,-6.284691629956,57.4));
#3307 = CARTESIAN_POINT('',(-51.93129221732,-6.348017621145,57.4));
#3308 = B_SPLINE_SURFACE_WITH_KNOTS('',2,1,(
    (#3309,#3310)
    ,(#3311,#3312)
    ,(#3313,#3314
    )),.UNSPECIFIED.,.F.,.F.,.F.,(3,3),(2,2),(0.,1.),(-0.6,0.),
  .PIECEWISE_BEZIER_KNOTS.);
#3309 = CARTESIAN_POINT('',(-52.31198237885,-6.284691629956,56.8));
#3310 = CARTESIAN_POINT('',(-52.31198237885,-6.284691629956,57.4));
#3311 = CARTESIAN_POINT('',(-52.10585168869,-6.284691629956,56.8));
#3312 = CARTESIAN_POINT('',(-52.10585168869,-6.284691629956,57.4));
#3313 = CARTESIAN_POINT('',(-51.93129221732,-6.348017621145,56.8));
#3314 = CARTESIAN_POINT('',(-51.93129221732,-6.348017621145,57.4));
#3315 = ADVANCED_FACE('',(#3316),#3340,.F.);
#3316 = FACE_BOUND('',#3317,.F.);
#3317 = EDGE_LOOP('',(#3318,#3319,#3327,#3334));
#3318 = ORIENTED_EDGE('',*,*,#3296,.T.);
#3319 = ORIENTED_EDGE('',*,*,#3320,.T.);
#3320 = EDGE_CURVE('',#3289,#3321,#3323,.T.);
#3321 = VERTEX_POINT('',#3322);
#3322 = CARTESIAN_POINT('',(-51.61668135095,-6.526982378855,56.8));
#3323 = B_SPLINE_CURVE_WITH_KNOTS('',2,(#3324,#3325,#3326),
  .UNSPECIFIED.,.F.,.F.,(3,3),(0.,1.),.PIECEWISE_BEZIER_KNOTS.);
#3324 = CARTESIAN_POINT('',(-51.93129221732,-6.348017621145,56.8));
#3325 = CARTESIAN_POINT('',(-51.75691629955,-6.411343612335,56.8));
#3326 = CARTESIAN_POINT('',(-51.61668135095,-6.526982378855,56.8));
#3327 = ORIENTED_EDGE('',*,*,#3328,.F.);
#3328 = EDGE_CURVE('',#3329,#3321,#3331,.T.);
#3329 = VERTEX_POINT('',#3330);
#3330 = CARTESIAN_POINT('',(-51.61668135095,-6.526982378855,57.4));
#3331 = B_SPLINE_CURVE_WITH_KNOTS('',1,(#3332,#3333),.UNSPECIFIED.,.F.,
  .F.,(2,2),(0.,0.6),.PIECEWISE_BEZIER_KNOTS.);
#3332 = CARTESIAN_POINT('',(-51.61668135095,-6.526982378855,57.4));
#3333 = CARTESIAN_POINT('',(-51.61668135095,-6.526982378855,56.8));
#3334 = ORIENTED_EDGE('',*,*,#3335,.F.);
#3335 = EDGE_CURVE('',#3297,#3329,#3336,.T.);
#3336 = B_SPLINE_CURVE_WITH_KNOTS('',2,(#3337,#3338,#3339),
  .UNSPECIFIED.,.F.,.F.,(3,3),(0.,1.),.PIECEWISE_BEZIER_KNOTS.);
#3337 = CARTESIAN_POINT('',(-51.93129221732,-6.348017621145,57.4));
#3338 = CARTESIAN_POINT('',(-51.75691629955,-6.411343612335,57.4));
#3339 = CARTESIAN_POINT('',(-51.61668135095,-6.526982378855,57.4));
#3340 = B_SPLINE_SURFACE_WITH_KNOTS('',2,1,(
    (#3341,#3342)
    ,(#3343,#3344)
    ,(#3345,#3346
    )),.UNSPECIFIED.,.F.,.F.,.F.,(3,3),(2,2),(0.,1.),(-0.6,0.),
  .PIECEWISE_BEZIER_KNOTS.);
#3341 = CARTESIAN_POINT('',(-51.93129221732,-6.348017621145,56.8));
#3342 = CARTESIAN_POINT('',(-51.93129221732,-6.348017621145,57.4));
#3343 = CARTESIAN_POINT('',(-51.75691629955,-6.411343612335,56.8));
#3344 = CARTESIAN_POINT('',(-51.75691629955,-6.411343612335,57.4));
#3345 = CARTESIAN_POINT('',(-51.61668135095,-6.526982378855,56.8));
#3346 = CARTESIAN_POINT('',(-51.61668135095,-6.526982378855,57.4));
#3347 = ADVANCED_FACE('',(#3348),#3372,.F.);
#3348 = FACE_BOUND('',#3349,.F.);
#3349 = EDGE_LOOP('',(#3350,#3351,#3359,#3366));
#3350 = ORIENTED_EDGE('',*,*,#3328,.T.);
#3351 = ORIENTED_EDGE('',*,*,#3352,.T.);
#3352 = EDGE_CURVE('',#3321,#3353,#3355,.T.);
#3353 = VERTEX_POINT('',#3354);
#3354 = CARTESIAN_POINT('',(-51.37494126284,-6.806534508076,56.8));
#3355 = B_SPLINE_CURVE_WITH_KNOTS('',2,(#3356,#3357,#3358),
  .UNSPECIFIED.,.F.,.F.,(3,3),(0.,1.),.PIECEWISE_BEZIER_KNOTS.);
#3356 = CARTESIAN_POINT('',(-51.61668135095,-6.526982378855,56.8));
#3357 = CARTESIAN_POINT('',(-51.47662995594,-6.642621145374,56.8));
#3358 = CARTESIAN_POINT('',(-51.37494126284,-6.806534508076,56.8));
#3359 = ORIENTED_EDGE('',*,*,#3360,.F.);
#3360 = EDGE_CURVE('',#3361,#3353,#3363,.T.);
#3361 = VERTEX_POINT('',#3362);
#3362 = CARTESIAN_POINT('',(-51.37494126284,-6.806534508076,57.4));
#3363 = B_SPLINE_CURVE_WITH_KNOTS('',1,(#3364,#3365),.UNSPECIFIED.,.F.,
  .F.,(2,2),(0.,0.6),.PIECEWISE_BEZIER_KNOTS.);
#3364 = CARTESIAN_POINT('',(-51.37494126284,-6.806534508076,57.4));
#3365 = CARTESIAN_POINT('',(-51.37494126284,-6.806534508076,56.8));
#3366 = ORIENTED_EDGE('',*,*,#3367,.F.);
#3367 = EDGE_CURVE('',#3329,#3361,#3368,.T.);
#3368 = B_SPLINE_CURVE_WITH_KNOTS('',2,(#3369,#3370,#3371),
  .UNSPECIFIED.,.F.,.F.,(3,3),(0.,1.),.PIECEWISE_BEZIER_KNOTS.);
#3369 = CARTESIAN_POINT('',(-51.61668135095,-6.526982378855,57.4));
#3370 = CARTESIAN_POINT('',(-51.47662995594,-6.642621145374,57.4));
#3371 = CARTESIAN_POINT('',(-51.37494126284,-6.806534508076,57.4));
#3372 = B_SPLINE_SURFACE_WITH_KNOTS('',2,1,(
    (#3373,#3374)
    ,(#3375,#3376)
    ,(#3377,#3378
    )),.UNSPECIFIED.,.F.,.F.,.F.,(3,3),(2,2),(0.,1.),(-0.6,0.),
  .PIECEWISE_BEZIER_KNOTS.);
#3373 = CARTESIAN_POINT('',(-51.61668135095,-6.526982378855,56.8));
#3374 = CARTESIAN_POINT('',(-51.61668135095,-6.526982378855,57.4));
#3375 = CARTESIAN_POINT('',(-51.47662995594,-6.642621145374,56.8));
#3376 = CARTESIAN_POINT('',(-51.47662995594,-6.642621145374,57.4));
#3377 = CARTESIAN_POINT('',(-51.37494126284,-6.806534508076,56.8));
#3378 = CARTESIAN_POINT('',(-51.37494126284,-6.806534508076,57.4));
#3379 = ADVANCED_FACE('',(#3380),#3404,.F.);
#3380 = FACE_BOUND('',#3381,.F.);
#3381 = EDGE_LOOP('',(#3382,#3383,#3391,#3398));
#3382 = ORIENTED_EDGE('',*,*,#3360,.T.);
#3383 = ORIENTED_EDGE('',*,*,#3384,.T.);
#3384 = EDGE_CURVE('',#3353,#3385,#3387,.T.);
#3385 = VERTEX_POINT('',#3386);
#3386 = CARTESIAN_POINT('',(-51.21561674008,-7.171255506608,56.8));
#3387 = B_SPLINE_CURVE_WITH_KNOTS('',2,(#3388,#3389,#3390),
  .UNSPECIFIED.,.F.,.F.,(3,3),(0.,1.),.PIECEWISE_BEZIER_KNOTS.);
#3388 = CARTESIAN_POINT('',(-51.37494126284,-6.806534508076,56.8));
#3389 = CARTESIAN_POINT('',(-51.27325256975,-6.970264317181,56.8));
#3390 = CARTESIAN_POINT('',(-51.21561674008,-7.171255506608,56.8));
#3391 = ORIENTED_EDGE('',*,*,#3392,.F.);
#3392 = EDGE_CURVE('',#3393,#3385,#3395,.T.);
#3393 = VERTEX_POINT('',#3394);
#3394 = CARTESIAN_POINT('',(-51.21561674008,-7.171255506608,57.4));
#3395 = B_SPLINE_CURVE_WITH_KNOTS('',1,(#3396,#3397),.UNSPECIFIED.,.F.,
  .F.,(2,2),(0.,0.6),.PIECEWISE_BEZIER_KNOTS.);
#3396 = CARTESIAN_POINT('',(-51.21561674008,-7.171255506608,57.4));
#3397 = CARTESIAN_POINT('',(-51.21561674008,-7.171255506608,56.8));
#3398 = ORIENTED_EDGE('',*,*,#3399,.F.);
#3399 = EDGE_CURVE('',#3361,#3393,#3400,.T.);
#3400 = B_SPLINE_CURVE_WITH_KNOTS('',2,(#3401,#3402,#3403),
  .UNSPECIFIED.,.F.,.F.,(3,3),(0.,1.),.PIECEWISE_BEZIER_KNOTS.);
#3401 = CARTESIAN_POINT('',(-51.37494126284,-6.806534508076,57.4));
#3402 = CARTESIAN_POINT('',(-51.27325256975,-6.970264317181,57.4));
#3403 = CARTESIAN_POINT('',(-51.21561674008,-7.171255506608,57.4));
#3404 = B_SPLINE_SURFACE_WITH_KNOTS('',2,1,(
    (#3405,#3406)
    ,(#3407,#3408)
    ,(#3409,#3410
    )),.UNSPECIFIED.,.F.,.F.,.F.,(3,3),(2,2),(0.,1.),(-0.6,0.),
  .PIECEWISE_BEZIER_KNOTS.);
#3405 = CARTESIAN_POINT('',(-51.37494126284,-6.806534508076,56.8));
#3406 = CARTESIAN_POINT('',(-51.37494126284,-6.806534508076,57.4));
#3407 = CARTESIAN_POINT('',(-51.27325256975,-6.970264317181,56.8));
#3408 = CARTESIAN_POINT('',(-51.27325256975,-6.970264317181,57.4));
#3409 = CARTESIAN_POINT('',(-51.21561674008,-7.171255506608,56.8));
#3410 = CARTESIAN_POINT('',(-51.21561674008,-7.171255506608,57.4));
#3411 = ADVANCED_FACE('',(#3412),#3434,.F.);
#3412 = FACE_BOUND('',#3413,.F.);
#3413 = EDGE_LOOP('',(#3414,#3415,#3422,#3429));
#3414 = ORIENTED_EDGE('',*,*,#3392,.T.);
#3415 = ORIENTED_EDGE('',*,*,#3416,.T.);
#3416 = EDGE_CURVE('',#3385,#3417,#3419,.T.);
#3417 = VERTEX_POINT('',#3418);
#3418 = CARTESIAN_POINT('',(-51.20460352422,-7.171255506608,56.8));
#3419 = B_SPLINE_CURVE_WITH_KNOTS('',1,(#3420,#3421),.UNSPECIFIED.,.F.,
  .F.,(2,2),(0.,1.101321585903E-02),.PIECEWISE_BEZIER_KNOTS.);
#3420 = CARTESIAN_POINT('',(-51.21561674008,-7.171255506608,56.8));
#3421 = CARTESIAN_POINT('',(-51.20460352422,-7.171255506608,56.8));
#3422 = ORIENTED_EDGE('',*,*,#3423,.F.);
#3423 = EDGE_CURVE('',#3424,#3417,#3426,.T.);
#3424 = VERTEX_POINT('',#3425);
#3425 = CARTESIAN_POINT('',(-51.20460352422,-7.171255506608,57.4));
#3426 = B_SPLINE_CURVE_WITH_KNOTS('',1,(#3427,#3428),.UNSPECIFIED.,.F.,
  .F.,(2,2),(0.,0.6),.PIECEWISE_BEZIER_KNOTS.);
#3427 = CARTESIAN_POINT('',(-51.20460352422,-7.171255506608,57.4));
#3428 = CARTESIAN_POINT('',(-51.20460352422,-7.171255506608,56.8));
#3429 = ORIENTED_EDGE('',*,*,#3430,.F.);
#3430 = EDGE_CURVE('',#3393,#3424,#3431,.T.);
#3431 = B_SPLINE_CURVE_WITH_KNOTS('',1,(#3432,#3433),.UNSPECIFIED.,.F.,
  .F.,(2,2),(0.,1.101321585903E-02),.PIECEWISE_BEZIER_KNOTS.);
#3432 = CARTESIAN_POINT('',(-51.21561674008,-7.171255506608,57.4));
#3433 = CARTESIAN_POINT('',(-51.20460352422,-7.171255506608,57.4));
#3434 = B_SPLINE_SURFACE_WITH_KNOTS('',1,1,(
    (#3435,#3436)
    ,(#3437,#3438
    )),.UNSPECIFIED.,.F.,.F.,.F.,(2,2),(2,2),(0.,1.101321585903E-02),(
    -0.6,0.),.PIECEWISE_BEZIER_KNOTS.);
#3435 = CARTESIAN_POINT('',(-51.21561674008,-7.171255506608,56.8));
#3436 = CARTESIAN_POINT('',(-51.21561674008,-7.171255506608,57.4));
#3437 = CARTESIAN_POINT('',(-51.20460352422,-7.171255506608,56.8));
#3438 = CARTESIAN_POINT('',(-51.20460352422,-7.171255506608,57.4));
#3439 = ADVANCED_FACE('',(#3440),#3464,.F.);
#3440 = FACE_BOUND('',#3441,.F.);
#3441 = EDGE_LOOP('',(#3442,#3443,#3451,#3458));
#3442 = ORIENTED_EDGE('',*,*,#3423,.T.);
#3443 = ORIENTED_EDGE('',*,*,#3444,.T.);
#3444 = EDGE_CURVE('',#3417,#3445,#3447,.T.);
#3445 = VERTEX_POINT('',#3446);
#3446 = CARTESIAN_POINT('',(-51.11484581497,-7.000550660793,56.8));
#3447 = B_SPLINE_CURVE_WITH_KNOTS('',2,(#3448,#3449,#3450),
  .UNSPECIFIED.,.F.,.F.,(3,3),(0.,1.),.PIECEWISE_BEZIER_KNOTS.);
#3448 = CARTESIAN_POINT('',(-51.20460352422,-7.171255506608,56.8));
#3449 = CARTESIAN_POINT('',(-51.17707048458,-7.083149779736,56.8));
#3450 = CARTESIAN_POINT('',(-51.11484581497,-7.000550660793,56.8));
#3451 = ORIENTED_EDGE('',*,*,#3452,.F.);
#3452 = EDGE_CURVE('',#3453,#3445,#3455,.T.);
#3453 = VERTEX_POINT('',#3454);
#3454 = CARTESIAN_POINT('',(-51.11484581497,-7.000550660793,57.4));
#3455 = B_SPLINE_CURVE_WITH_KNOTS('',1,(#3456,#3457),.UNSPECIFIED.,.F.,
  .F.,(2,2),(0.,0.6),.PIECEWISE_BEZIER_KNOTS.);
#3456 = CARTESIAN_POINT('',(-51.11484581497,-7.000550660793,57.4));
#3457 = CARTESIAN_POINT('',(-51.11484581497,-7.000550660793,56.8));
#3458 = ORIENTED_EDGE('',*,*,#3459,.F.);
#3459 = EDGE_CURVE('',#3424,#3453,#3460,.T.);
#3460 = B_SPLINE_CURVE_WITH_KNOTS('',2,(#3461,#3462,#3463),
  .UNSPECIFIED.,.F.,.F.,(3,3),(0.,1.),.PIECEWISE_BEZIER_KNOTS.);
#3461 = CARTESIAN_POINT('',(-51.20460352422,-7.171255506608,57.4));
#3462 = CARTESIAN_POINT('',(-51.17707048458,-7.083149779736,57.4));
#3463 = CARTESIAN_POINT('',(-51.11484581497,-7.000550660793,57.4));
#3464 = B_SPLINE_SURFACE_WITH_KNOTS('',2,1,(
    (#3465,#3466)
    ,(#3467,#3468)
    ,(#3469,#3470
    )),.UNSPECIFIED.,.F.,.F.,.F.,(3,3),(2,2),(0.,1.),(-0.6,0.),
  .PIECEWISE_BEZIER_KNOTS.);
#3465 = CARTESIAN_POINT('',(-51.20460352422,-7.171255506608,56.8));
#3466 = CARTESIAN_POINT('',(-51.20460352422,-7.171255506608,57.4));
#3467 = CARTESIAN_POINT('',(-51.17707048458,-7.083149779736,56.8));
#3468 = CARTESIAN_POINT('',(-51.17707048458,-7.083149779736,57.4));
#3469 = CARTESIAN_POINT('',(-51.11484581497,-7.000550660793,56.8));
#3470 = CARTESIAN_POINT('',(-51.11484581497,-7.000550660793,57.4));
#3471 = ADVANCED_FACE('',(#3472),#3496,.F.);
#3472 = FACE_BOUND('',#3473,.F.);
#3473 = EDGE_LOOP('',(#3474,#3475,#3483,#3490));
#3474 = ORIENTED_EDGE('',*,*,#3452,.T.);
#3475 = ORIENTED_EDGE('',*,*,#3476,.T.);
#3476 = EDGE_CURVE('',#3445,#3477,#3479,.T.);
#3477 = VERTEX_POINT('',#3478);
#3478 = CARTESIAN_POINT('',(-50.97002202643,-6.840859030837,56.8));
#3479 = B_SPLINE_CURVE_WITH_KNOTS('',2,(#3480,#3481,#3482),
  .UNSPECIFIED.,.F.,.F.,(3,3),(0.,1.),.PIECEWISE_BEZIER_KNOTS.);
#3480 = CARTESIAN_POINT('',(-51.11484581497,-7.000550660793,56.8));
#3481 = CARTESIAN_POINT('',(-51.05280469897,-6.91795154185,56.8));
#3482 = CARTESIAN_POINT('',(-50.97002202643,-6.840859030837,56.8));
#3483 = ORIENTED_EDGE('',*,*,#3484,.F.);
#3484 = EDGE_CURVE('',#3485,#3477,#3487,.T.);
#3485 = VERTEX_POINT('',#3486);
#3486 = CARTESIAN_POINT('',(-50.97002202643,-6.840859030837,57.4));
#3487 = B_SPLINE_CURVE_WITH_KNOTS('',1,(#3488,#3489),.UNSPECIFIED.,.F.,
  .F.,(2,2),(0.,0.6),.PIECEWISE_BEZIER_KNOTS.);
#3488 = CARTESIAN_POINT('',(-50.97002202643,-6.840859030837,57.4));
#3489 = CARTESIAN_POINT('',(-50.97002202643,-6.840859030837,56.8));
#3490 = ORIENTED_EDGE('',*,*,#3491,.F.);
#3491 = EDGE_CURVE('',#3453,#3485,#3492,.T.);
#3492 = B_SPLINE_CURVE_WITH_KNOTS('',2,(#3493,#3494,#3495),
  .UNSPECIFIED.,.F.,.F.,(3,3),(0.,1.),.PIECEWISE_BEZIER_KNOTS.);
#3493 = CARTESIAN_POINT('',(-51.11484581497,-7.000550660793,57.4));
#3494 = CARTESIAN_POINT('',(-51.05280469897,-6.91795154185,57.4));
#3495 = CARTESIAN_POINT('',(-50.97002202643,-6.840859030837,57.4));
#3496 = B_SPLINE_SURFACE_WITH_KNOTS('',2,1,(
    (#3497,#3498)
    ,(#3499,#3500)
    ,(#3501,#3502
    )),.UNSPECIFIED.,.F.,.F.,.F.,(3,3),(2,2),(0.,1.),(-0.6,0.),
  .PIECEWISE_BEZIER_KNOTS.);
#3497 = CARTESIAN_POINT('',(-51.11484581497,-7.000550660793,56.8));
#3498 = CARTESIAN_POINT('',(-51.11484581497,-7.000550660793,57.4));
#3499 = CARTESIAN_POINT('',(-51.05280469897,-6.91795154185,56.8));
#3500 = CARTESIAN_POINT('',(-51.05280469897,-6.91795154185,57.4));
#3501 = CARTESIAN_POINT('',(-50.97002202643,-6.840859030837,56.8));
#3502 = CARTESIAN_POINT('',(-50.97002202643,-6.840859030837,57.4));
#3503 = ADVANCED_FACE('',(#3504),#3528,.F.);
#3504 = FACE_BOUND('',#3505,.F.);
#3505 = EDGE_LOOP('',(#3506,#3507,#3515,#3522));
#3506 = ORIENTED_EDGE('',*,*,#3484,.T.);
#3507 = ORIENTED_EDGE('',*,*,#3508,.T.);
#3508 = EDGE_CURVE('',#3477,#3509,#3511,.T.);
#3509 = VERTEX_POINT('',#3510);
#3510 = CARTESIAN_POINT('',(-50.7921585903,-6.693649045521,56.8));
#3511 = B_SPLINE_CURVE_WITH_KNOTS('',2,(#3512,#3513,#3514),
  .UNSPECIFIED.,.F.,.F.,(3,3),(0.,1.),.PIECEWISE_BEZIER_KNOTS.);
#3512 = CARTESIAN_POINT('',(-50.97002202643,-6.840859030837,56.8));
#3513 = CARTESIAN_POINT('',(-50.88742290748,-6.763766519824,56.8));
#3514 = CARTESIAN_POINT('',(-50.7921585903,-6.693649045521,56.8));
#3515 = ORIENTED_EDGE('',*,*,#3516,.F.);
#3516 = EDGE_CURVE('',#3517,#3509,#3519,.T.);
#3517 = VERTEX_POINT('',#3518);
#3518 = CARTESIAN_POINT('',(-50.7921585903,-6.693649045521,57.4));
#3519 = B_SPLINE_CURVE_WITH_KNOTS('',1,(#3520,#3521),.UNSPECIFIED.,.F.,
  .F.,(2,2),(0.,0.6),.PIECEWISE_BEZIER_KNOTS.);
#3520 = CARTESIAN_POINT('',(-50.7921585903,-6.693649045521,57.4));
#3521 = CARTESIAN_POINT('',(-50.7921585903,-6.693649045521,56.8));
#3522 = ORIENTED_EDGE('',*,*,#3523,.F.);
#3523 = EDGE_CURVE('',#3485,#3517,#3524,.T.);
#3524 = B_SPLINE_CURVE_WITH_KNOTS('',2,(#3525,#3526,#3527),
  .UNSPECIFIED.,.F.,.F.,(3,3),(0.,1.),.PIECEWISE_BEZIER_KNOTS.);
#3525 = CARTESIAN_POINT('',(-50.97002202643,-6.840859030837,57.4));
#3526 = CARTESIAN_POINT('',(-50.88742290748,-6.763766519824,57.4));
#3527 = CARTESIAN_POINT('',(-50.7921585903,-6.693649045521,57.4));
#3528 = B_SPLINE_SURFACE_WITH_KNOTS('',2,1,(
    (#3529,#3530)
    ,(#3531,#3532)
    ,(#3533,#3534
    )),.UNSPECIFIED.,.F.,.F.,.F.,(3,3),(2,2),(0.,1.),(-0.6,0.),
  .PIECEWISE_BEZIER_KNOTS.);
#3529 = CARTESIAN_POINT('',(-50.97002202643,-6.840859030837,56.8));
#3530 = CARTESIAN_POINT('',(-50.97002202643,-6.840859030837,57.4));
#3531 = CARTESIAN_POINT('',(-50.88742290748,-6.763766519824,56.8));
#3532 = CARTESIAN_POINT('',(-50.88742290748,-6.763766519824,57.4));
#3533 = CARTESIAN_POINT('',(-50.7921585903,-6.693649045521,56.8));
#3534 = CARTESIAN_POINT('',(-50.7921585903,-6.693649045521,57.4));
#3535 = ADVANCED_FACE('',(#3536),#3560,.F.);
#3536 = FACE_BOUND('',#3537,.F.);
#3537 = EDGE_LOOP('',(#3538,#3539,#3547,#3554));
#3538 = ORIENTED_EDGE('',*,*,#3516,.T.);
#3539 = ORIENTED_EDGE('',*,*,#3540,.T.);
#3540 = EDGE_CURVE('',#3509,#3541,#3543,.T.);
#3541 = VERTEX_POINT('',#3542);
#3542 = CARTESIAN_POINT('',(-50.60603524229,-6.565528634361,56.8));
#3543 = B_SPLINE_CURVE_WITH_KNOTS('',2,(#3544,#3545,#3546),
  .UNSPECIFIED.,.F.,.F.,(3,3),(0.,1.),.PIECEWISE_BEZIER_KNOTS.);
#3544 = CARTESIAN_POINT('',(-50.7921585903,-6.693649045521,56.8));
#3545 = CARTESIAN_POINT('',(-50.69707782672,-6.623348017621,56.8));
#3546 = CARTESIAN_POINT('',(-50.60603524229,-6.565528634361,56.8));
#3547 = ORIENTED_EDGE('',*,*,#3548,.F.);
#3548 = EDGE_CURVE('',#3549,#3541,#3551,.T.);
#3549 = VERTEX_POINT('',#3550);
#3550 = CARTESIAN_POINT('',(-50.60603524229,-6.565528634361,57.4));
#3551 = B_SPLINE_CURVE_WITH_KNOTS('',1,(#3552,#3553),.UNSPECIFIED.,.F.,
  .F.,(2,2),(0.,0.6),.PIECEWISE_BEZIER_KNOTS.);
#3552 = CARTESIAN_POINT('',(-50.60603524229,-6.565528634361,57.4));
#3553 = CARTESIAN_POINT('',(-50.60603524229,-6.565528634361,56.8));
#3554 = ORIENTED_EDGE('',*,*,#3555,.F.);
#3555 = EDGE_CURVE('',#3517,#3549,#3556,.T.);
#3556 = B_SPLINE_CURVE_WITH_KNOTS('',2,(#3557,#3558,#3559),
  .UNSPECIFIED.,.F.,.F.,(3,3),(0.,1.),.PIECEWISE_BEZIER_KNOTS.);
#3557 = CARTESIAN_POINT('',(-50.7921585903,-6.693649045521,57.4));
#3558 = CARTESIAN_POINT('',(-50.69707782672,-6.623348017621,57.4));
#3559 = CARTESIAN_POINT('',(-50.60603524229,-6.565528634361,57.4));
#3560 = B_SPLINE_SURFACE_WITH_KNOTS('',2,1,(
    (#3561,#3562)
    ,(#3563,#3564)
    ,(#3565,#3566
    )),.UNSPECIFIED.,.F.,.F.,.F.,(3,3),(2,2),(0.,1.),(-0.6,0.),
  .PIECEWISE_BEZIER_KNOTS.);
#3561 = CARTESIAN_POINT('',(-50.7921585903,-6.693649045521,56.8));
#3562 = CARTESIAN_POINT('',(-50.7921585903,-6.693649045521,57.4));
#3563 = CARTESIAN_POINT('',(-50.69707782672,-6.623348017621,56.8));
#3564 = CARTESIAN_POINT('',(-50.69707782672,-6.623348017621,57.4));
#3565 = CARTESIAN_POINT('',(-50.60603524229,-6.565528634361,56.8));
#3566 = CARTESIAN_POINT('',(-50.60603524229,-6.565528634361,57.4));
#3567 = ADVANCED_FACE('',(#3568),#3582,.F.);
#3568 = FACE_BOUND('',#3569,.F.);
#3569 = EDGE_LOOP('',(#3570,#3571,#3576,#3577));
#3570 = ORIENTED_EDGE('',*,*,#3548,.T.);
#3571 = ORIENTED_EDGE('',*,*,#3572,.T.);
#3572 = EDGE_CURVE('',#3541,#2926,#3573,.T.);
#3573 = B_SPLINE_CURVE_WITH_KNOTS('',1,(#3574,#3575),.UNSPECIFIED.,.F.,
  .F.,(2,2),(0.,1.38733749452),.PIECEWISE_BEZIER_KNOTS.);
#3574 = CARTESIAN_POINT('',(-50.60603524229,-6.565528634361,56.8));
#3575 = CARTESIAN_POINT('',(-49.43643171806,-5.819383259912,56.8));
#3576 = ORIENTED_EDGE('',*,*,#2923,.F.);
#3577 = ORIENTED_EDGE('',*,*,#3578,.F.);
#3578 = EDGE_CURVE('',#3549,#2924,#3579,.T.);
#3579 = B_SPLINE_CURVE_WITH_KNOTS('',1,(#3580,#3581),.UNSPECIFIED.,.F.,
  .F.,(2,2),(0.,1.38733749452),.PIECEWISE_BEZIER_KNOTS.);
#3580 = CARTESIAN_POINT('',(-50.60603524229,-6.565528634361,57.4));
#3581 = CARTESIAN_POINT('',(-49.43643171806,-5.819383259912,57.4));
#3582 = B_SPLINE_SURFACE_WITH_KNOTS('',1,1,(
    (#3583,#3584)
    ,(#3585,#3586
    )),.UNSPECIFIED.,.F.,.F.,.F.,(2,2),(2,2),(0.,1.38733749452),(-0.6,0.
    ),.PIECEWISE_BEZIER_KNOTS.);
#3583 = CARTESIAN_POINT('',(-50.60603524229,-6.565528634361,56.8));
#3584 = CARTESIAN_POINT('',(-50.60603524229,-6.565528634361,57.4));
#3585 = CARTESIAN_POINT('',(-49.43643171806,-5.819383259912,56.8));
#3586 = CARTESIAN_POINT('',(-49.43643171806,-5.819383259912,57.4));
#3587 = ADVANCED_FACE('',(#3588),#3618,.F.);
#3588 = FACE_BOUND('',#3589,.F.);
#3589 = EDGE_LOOP('',(#3590,#3599,#3606,#3613));
#3590 = ORIENTED_EDGE('',*,*,#3591,.T.);
#3591 = EDGE_CURVE('',#3592,#3594,#3596,.T.);
#3592 = VERTEX_POINT('',#3593);
#3593 = CARTESIAN_POINT('',(-52.71726872246,-8.242290748899,57.4));
#3594 = VERTEX_POINT('',#3595);
#3595 = CARTESIAN_POINT('',(-52.71726872246,-8.242290748899,56.8));
#3596 = B_SPLINE_CURVE_WITH_KNOTS('',1,(#3597,#3598),.UNSPECIFIED.,.F.,
  .F.,(2,2),(0.,0.6),.PIECEWISE_BEZIER_KNOTS.);
#3597 = CARTESIAN_POINT('',(-52.71726872246,-8.242290748899,57.4));
#3598 = CARTESIAN_POINT('',(-52.71726872246,-8.242290748899,56.8));
#3599 = ORIENTED_EDGE('',*,*,#3600,.T.);
#3600 = EDGE_CURVE('',#3594,#3601,#3603,.T.);
#3601 = VERTEX_POINT('',#3602);
#3602 = CARTESIAN_POINT('',(-51.62365638766,-8.242290748899,56.8));
#3603 = B_SPLINE_CURVE_WITH_KNOTS('',1,(#3604,#3605),.UNSPECIFIED.,.F.,
  .F.,(2,2),(0.,1.093612334802),.PIECEWISE_BEZIER_KNOTS.);
#3604 = CARTESIAN_POINT('',(-52.71726872246,-8.242290748899,56.8));
#3605 = CARTESIAN_POINT('',(-51.62365638766,-8.242290748899,56.8));
#3606 = ORIENTED_EDGE('',*,*,#3607,.F.);
#3607 = EDGE_CURVE('',#3608,#3601,#3610,.T.);
#3608 = VERTEX_POINT('',#3609);
#3609 = CARTESIAN_POINT('',(-51.62365638766,-8.242290748899,57.4));
#3610 = B_SPLINE_CURVE_WITH_KNOTS('',1,(#3611,#3612),.UNSPECIFIED.,.F.,
  .F.,(2,2),(0.,0.6),.PIECEWISE_BEZIER_KNOTS.);
#3611 = CARTESIAN_POINT('',(-51.62365638766,-8.242290748899,57.4));
#3612 = CARTESIAN_POINT('',(-51.62365638766,-8.242290748899,56.8));
#3613 = ORIENTED_EDGE('',*,*,#3614,.F.);
#3614 = EDGE_CURVE('',#3592,#3608,#3615,.T.);
#3615 = B_SPLINE_CURVE_WITH_KNOTS('',1,(#3616,#3617),.UNSPECIFIED.,.F.,
  .F.,(2,2),(0.,1.093612334802),.PIECEWISE_BEZIER_KNOTS.);
#3616 = CARTESIAN_POINT('',(-52.71726872246,-8.242290748899,57.4));
#3617 = CARTESIAN_POINT('',(-51.62365638766,-8.242290748899,57.4));
#3618 = B_SPLINE_SURFACE_WITH_KNOTS('',1,1,(
    (#3619,#3620)
    ,(#3621,#3622
    )),.UNSPECIFIED.,.F.,.F.,.F.,(2,2),(2,2),(0.,1.093612334802),(-0.6,
    0.),.PIECEWISE_BEZIER_KNOTS.);
#3619 = CARTESIAN_POINT('',(-52.71726872246,-8.242290748899,56.8));
#3620 = CARTESIAN_POINT('',(-52.71726872246,-8.242290748899,57.4));
#3621 = CARTESIAN_POINT('',(-51.62365638766,-8.242290748899,56.8));
#3622 = CARTESIAN_POINT('',(-51.62365638766,-8.242290748899,57.4));
#3623 = ADVANCED_FACE('',(#3624),#3646,.F.);
#3624 = FACE_BOUND('',#3625,.F.);
#3625 = EDGE_LOOP('',(#3626,#3627,#3634,#3641));
#3626 = ORIENTED_EDGE('',*,*,#3607,.T.);
#3627 = ORIENTED_EDGE('',*,*,#3628,.T.);
#3628 = EDGE_CURVE('',#3601,#3629,#3631,.T.);
#3629 = VERTEX_POINT('',#3630);
#3630 = CARTESIAN_POINT('',(-51.62365638766,-7.856828193833,56.8));
#3631 = B_SPLINE_CURVE_WITH_KNOTS('',1,(#3632,#3633),.UNSPECIFIED.,.F.,
  .F.,(2,2),(0.,0.385462555066),.PIECEWISE_BEZIER_KNOTS.);
#3632 = CARTESIAN_POINT('',(-51.62365638766,-8.242290748899,56.8));
#3633 = CARTESIAN_POINT('',(-51.62365638766,-7.856828193833,56.8));
#3634 = ORIENTED_EDGE('',*,*,#3635,.F.);
#3635 = EDGE_CURVE('',#3636,#3629,#3638,.T.);
#3636 = VERTEX_POINT('',#3637);
#3637 = CARTESIAN_POINT('',(-51.62365638766,-7.856828193833,57.4));
#3638 = B_SPLINE_CURVE_WITH_KNOTS('',1,(#3639,#3640),.UNSPECIFIED.,.F.,
  .F.,(2,2),(0.,0.6),.PIECEWISE_BEZIER_KNOTS.);
#3639 = CARTESIAN_POINT('',(-51.62365638766,-7.856828193833,57.4));
#3640 = CARTESIAN_POINT('',(-51.62365638766,-7.856828193833,56.8));
#3641 = ORIENTED_EDGE('',*,*,#3642,.F.);
#3642 = EDGE_CURVE('',#3608,#3636,#3643,.T.);
#3643 = B_SPLINE_CURVE_WITH_KNOTS('',1,(#3644,#3645),.UNSPECIFIED.,.F.,
  .F.,(2,2),(0.,0.385462555066),.PIECEWISE_BEZIER_KNOTS.);
#3644 = CARTESIAN_POINT('',(-51.62365638766,-8.242290748899,57.4));
#3645 = CARTESIAN_POINT('',(-51.62365638766,-7.856828193833,57.4));
#3646 = B_SPLINE_SURFACE_WITH_KNOTS('',1,1,(
    (#3647,#3648)
    ,(#3649,#3650
    )),.UNSPECIFIED.,.F.,.F.,.F.,(2,2),(2,2),(0.,0.385462555066),(-0.6,
    0.),.PIECEWISE_BEZIER_KNOTS.);
#3647 = CARTESIAN_POINT('',(-51.62365638766,-8.242290748899,56.8));
#3648 = CARTESIAN_POINT('',(-51.62365638766,-8.242290748899,57.4));
#3649 = CARTESIAN_POINT('',(-51.62365638766,-7.856828193833,56.8));
#3650 = CARTESIAN_POINT('',(-51.62365638766,-7.856828193833,57.4));
#3651 = ADVANCED_FACE('',(#3652),#3676,.F.);
#3652 = FACE_BOUND('',#3653,.F.);
#3653 = EDGE_LOOP('',(#3654,#3655,#3663,#3670));
#3654 = ORIENTED_EDGE('',*,*,#3635,.T.);
#3655 = ORIENTED_EDGE('',*,*,#3656,.T.);
#3656 = EDGE_CURVE('',#3629,#3657,#3659,.T.);
#3657 = VERTEX_POINT('',#3658);
#3658 = CARTESIAN_POINT('',(-51.78812041116,-7.397026431718,56.8));
#3659 = B_SPLINE_CURVE_WITH_KNOTS('',2,(#3660,#3661,#3662),
  .UNSPECIFIED.,.F.,.F.,(3,3),(0.,1.),.PIECEWISE_BEZIER_KNOTS.);
#3660 = CARTESIAN_POINT('',(-51.62365638766,-7.856828193833,56.8));
#3661 = CARTESIAN_POINT('',(-51.62365638766,-7.570484581498,56.8));
#3662 = CARTESIAN_POINT('',(-51.78812041116,-7.397026431718,56.8));
#3663 = ORIENTED_EDGE('',*,*,#3664,.F.);
#3664 = EDGE_CURVE('',#3665,#3657,#3667,.T.);
#3665 = VERTEX_POINT('',#3666);
#3666 = CARTESIAN_POINT('',(-51.78812041116,-7.397026431718,57.4));
#3667 = B_SPLINE_CURVE_WITH_KNOTS('',1,(#3668,#3669),.UNSPECIFIED.,.F.,
  .F.,(2,2),(0.,0.6),.PIECEWISE_BEZIER_KNOTS.);
#3668 = CARTESIAN_POINT('',(-51.78812041116,-7.397026431718,57.4));
#3669 = CARTESIAN_POINT('',(-51.78812041116,-7.397026431718,56.8));
#3670 = ORIENTED_EDGE('',*,*,#3671,.F.);
#3671 = EDGE_CURVE('',#3636,#3665,#3672,.T.);
#3672 = B_SPLINE_CURVE_WITH_KNOTS('',2,(#3673,#3674,#3675),
  .UNSPECIFIED.,.F.,.F.,(3,3),(0.,1.),.PIECEWISE_BEZIER_KNOTS.);
#3673 = CARTESIAN_POINT('',(-51.62365638766,-7.856828193833,57.4));
#3674 = CARTESIAN_POINT('',(-51.62365638766,-7.570484581498,57.4));
#3675 = CARTESIAN_POINT('',(-51.78812041116,-7.397026431718,57.4));
#3676 = B_SPLINE_SURFACE_WITH_KNOTS('',2,1,(
    (#3677,#3678)
    ,(#3679,#3680)
    ,(#3681,#3682
    )),.UNSPECIFIED.,.F.,.F.,.F.,(3,3),(2,2),(0.,1.),(-0.6,0.),
  .PIECEWISE_BEZIER_KNOTS.);
#3677 = CARTESIAN_POINT('',(-51.62365638766,-7.856828193833,56.8));
#3678 = CARTESIAN_POINT('',(-51.62365638766,-7.856828193833,57.4));
#3679 = CARTESIAN_POINT('',(-51.62365638766,-7.570484581498,56.8));
#3680 = CARTESIAN_POINT('',(-51.62365638766,-7.570484581498,57.4));
#3681 = CARTESIAN_POINT('',(-51.78812041116,-7.397026431718,56.8));
#3682 = CARTESIAN_POINT('',(-51.78812041116,-7.397026431718,57.4));
#3683 = ADVANCED_FACE('',(#3684),#3708,.F.);
#3684 = FACE_BOUND('',#3685,.F.);
#3685 = EDGE_LOOP('',(#3686,#3687,#3695,#3702));
#3686 = ORIENTED_EDGE('',*,*,#3664,.T.);
#3687 = ORIENTED_EDGE('',*,*,#3688,.T.);
#3688 = EDGE_CURVE('',#3657,#3689,#3691,.T.);
#3689 = VERTEX_POINT('',#3690);
#3690 = CARTESIAN_POINT('',(-52.20203377386,-7.220814977974,56.8));
#3691 = B_SPLINE_CURVE_WITH_KNOTS('',2,(#3692,#3693,#3694),
  .UNSPECIFIED.,.F.,.F.,(3,3),(0.,1.),.PIECEWISE_BEZIER_KNOTS.);
#3692 = CARTESIAN_POINT('',(-51.78812041116,-7.397026431718,56.8));
#3693 = CARTESIAN_POINT('',(-51.95533773862,-7.220814977974,56.8));
#3694 = CARTESIAN_POINT('',(-52.20203377386,-7.220814977974,56.8));
#3695 = ORIENTED_EDGE('',*,*,#3696,.F.);
#3696 = EDGE_CURVE('',#3697,#3689,#3699,.T.);
#3697 = VERTEX_POINT('',#3698);
#3698 = CARTESIAN_POINT('',(-52.20203377386,-7.220814977974,57.4));
#3699 = B_SPLINE_CURVE_WITH_KNOTS('',1,(#3700,#3701),.UNSPECIFIED.,.F.,
  .F.,(2,2),(0.,0.6),.PIECEWISE_BEZIER_KNOTS.);
#3700 = CARTESIAN_POINT('',(-52.20203377386,-7.220814977974,57.4));
#3701 = CARTESIAN_POINT('',(-52.20203377386,-7.220814977974,56.8));
#3702 = ORIENTED_EDGE('',*,*,#3703,.F.);
#3703 = EDGE_CURVE('',#3665,#3697,#3704,.T.);
#3704 = B_SPLINE_CURVE_WITH_KNOTS('',2,(#3705,#3706,#3707),
  .UNSPECIFIED.,.F.,.F.,(3,3),(0.,1.),.PIECEWISE_BEZIER_KNOTS.);
#3705 = CARTESIAN_POINT('',(-51.78812041116,-7.397026431718,57.4));
#3706 = CARTESIAN_POINT('',(-51.95533773862,-7.220814977974,57.4));
#3707 = CARTESIAN_POINT('',(-52.20203377386,-7.220814977974,57.4));
#3708 = B_SPLINE_SURFACE_WITH_KNOTS('',2,1,(
    (#3709,#3710)
    ,(#3711,#3712)
    ,(#3713,#3714
    )),.UNSPECIFIED.,.F.,.F.,.F.,(3,3),(2,2),(0.,1.),(-0.6,0.),
  .PIECEWISE_BEZIER_KNOTS.);
#3709 = CARTESIAN_POINT('',(-51.78812041116,-7.397026431718,56.8));
#3710 = CARTESIAN_POINT('',(-51.78812041116,-7.397026431718,57.4));
#3711 = CARTESIAN_POINT('',(-51.95533773862,-7.220814977974,56.8));
#3712 = CARTESIAN_POINT('',(-51.95533773862,-7.220814977974,57.4));
#3713 = CARTESIAN_POINT('',(-52.20203377386,-7.220814977974,56.8));
#3714 = CARTESIAN_POINT('',(-52.20203377386,-7.220814977974,57.4));
#3715 = ADVANCED_FACE('',(#3716),#3740,.F.);
#3716 = FACE_BOUND('',#3717,.F.);
#3717 = EDGE_LOOP('',(#3718,#3719,#3727,#3734));
#3718 = ORIENTED_EDGE('',*,*,#3696,.T.);
#3719 = ORIENTED_EDGE('',*,*,#3720,.T.);
#3720 = EDGE_CURVE('',#3689,#3721,#3723,.T.);
#3721 = VERTEX_POINT('',#3722);
#3722 = CARTESIAN_POINT('',(-52.71726872246,-7.840308370044,56.8));
#3723 = B_SPLINE_CURVE_WITH_KNOTS('',2,(#3724,#3725,#3726),
  .UNSPECIFIED.,.F.,.F.,(3,3),(0.,1.),.PIECEWISE_BEZIER_KNOTS.);
#3724 = CARTESIAN_POINT('',(-52.20203377386,-7.220814977974,56.8));
#3725 = CARTESIAN_POINT('',(-52.71726872246,-7.220814977974,56.8));
#3726 = CARTESIAN_POINT('',(-52.71726872246,-7.840308370044,56.8));
#3727 = ORIENTED_EDGE('',*,*,#3728,.F.);
#3728 = EDGE_CURVE('',#3729,#3721,#3731,.T.);
#3729 = VERTEX_POINT('',#3730);
#3730 = CARTESIAN_POINT('',(-52.71726872246,-7.840308370044,57.4));
#3731 = B_SPLINE_CURVE_WITH_KNOTS('',1,(#3732,#3733),.UNSPECIFIED.,.F.,
  .F.,(2,2),(0.,0.6),.PIECEWISE_BEZIER_KNOTS.);
#3732 = CARTESIAN_POINT('',(-52.71726872246,-7.840308370044,57.4));
#3733 = CARTESIAN_POINT('',(-52.71726872246,-7.840308370044,56.8));
#3734 = ORIENTED_EDGE('',*,*,#3735,.F.);
#3735 = EDGE_CURVE('',#3697,#3729,#3736,.T.);
#3736 = B_SPLINE_CURVE_WITH_KNOTS('',2,(#3737,#3738,#3739),
  .UNSPECIFIED.,.F.,.F.,(3,3),(0.,1.),.PIECEWISE_BEZIER_KNOTS.);
#3737 = CARTESIAN_POINT('',(-52.20203377386,-7.220814977974,57.4));
#3738 = CARTESIAN_POINT('',(-52.71726872246,-7.220814977974,57.4));
#3739 = CARTESIAN_POINT('',(-52.71726872246,-7.840308370044,57.4));
#3740 = B_SPLINE_SURFACE_WITH_KNOTS('',2,1,(
    (#3741,#3742)
    ,(#3743,#3744)
    ,(#3745,#3746
    )),.UNSPECIFIED.,.F.,.F.,.F.,(3,3),(2,2),(0.,1.),(-0.6,0.),
  .PIECEWISE_BEZIER_KNOTS.);
#3741 = CARTESIAN_POINT('',(-52.20203377386,-7.220814977974,56.8));
#3742 = CARTESIAN_POINT('',(-52.20203377386,-7.220814977974,57.4));
#3743 = CARTESIAN_POINT('',(-52.71726872246,-7.220814977974,56.8));
#3744 = CARTESIAN_POINT('',(-52.71726872246,-7.220814977974,57.4));
#3745 = CARTESIAN_POINT('',(-52.71726872246,-7.840308370044,56.8));
#3746 = CARTESIAN_POINT('',(-52.71726872246,-7.840308370044,57.4));
#3747 = ADVANCED_FACE('',(#3748),#3762,.F.);
#3748 = FACE_BOUND('',#3749,.F.);
#3749 = EDGE_LOOP('',(#3750,#3751,#3756,#3757));
#3750 = ORIENTED_EDGE('',*,*,#3728,.T.);
#3751 = ORIENTED_EDGE('',*,*,#3752,.T.);
#3752 = EDGE_CURVE('',#3721,#3594,#3753,.T.);
#3753 = B_SPLINE_CURVE_WITH_KNOTS('',1,(#3754,#3755),.UNSPECIFIED.,.F.,
  .F.,(2,2),(0.,0.401982378855),.PIECEWISE_BEZIER_KNOTS.);
#3754 = CARTESIAN_POINT('',(-52.71726872246,-7.840308370044,56.8));
#3755 = CARTESIAN_POINT('',(-52.71726872246,-8.242290748899,56.8));
#3756 = ORIENTED_EDGE('',*,*,#3591,.F.);
#3757 = ORIENTED_EDGE('',*,*,#3758,.F.);
#3758 = EDGE_CURVE('',#3729,#3592,#3759,.T.);
#3759 = B_SPLINE_CURVE_WITH_KNOTS('',1,(#3760,#3761),.UNSPECIFIED.,.F.,
  .F.,(2,2),(0.,0.401982378855),.PIECEWISE_BEZIER_KNOTS.);
#3760 = CARTESIAN_POINT('',(-52.71726872246,-7.840308370044,57.4));
#3761 = CARTESIAN_POINT('',(-52.71726872246,-8.242290748899,57.4));
#3762 = B_SPLINE_SURFACE_WITH_KNOTS('',1,1,(
    (#3763,#3764)
    ,(#3765,#3766
    )),.UNSPECIFIED.,.F.,.F.,.F.,(2,2),(2,2),(0.,0.401982378855),(-0.6,
    0.),.PIECEWISE_BEZIER_KNOTS.);
#3763 = CARTESIAN_POINT('',(-52.71726872246,-7.840308370044,56.8));
#3764 = CARTESIAN_POINT('',(-52.71726872246,-7.840308370044,57.4));
#3765 = CARTESIAN_POINT('',(-52.71726872246,-8.242290748899,56.8));
#3766 = CARTESIAN_POINT('',(-52.71726872246,-8.242290748899,57.4));
#3767 = ADVANCED_FACE('',(#3768,#3792),#3800,.T.);
#3768 = FACE_BOUND('',#3769,.F.);
#3769 = EDGE_LOOP('',(#3770,#3771,#3772,#3773,#3774,#3775,#3776,#3777,
    #3778,#3779,#3780,#3781,#3782,#3783,#3784,#3785,#3786,#3787,#3788,
    #3789,#3790,#3791));
#3770 = ORIENTED_EDGE('',*,*,#2946,.T.);
#3771 = ORIENTED_EDGE('',*,*,#2974,.T.);
#3772 = ORIENTED_EDGE('',*,*,#3003,.T.);
#3773 = ORIENTED_EDGE('',*,*,#3035,.T.);
#3774 = ORIENTED_EDGE('',*,*,#3067,.T.);
#3775 = ORIENTED_EDGE('',*,*,#3099,.T.);
#3776 = ORIENTED_EDGE('',*,*,#3130,.T.);
#3777 = ORIENTED_EDGE('',*,*,#3158,.T.);
#3778 = ORIENTED_EDGE('',*,*,#3186,.T.);
#3779 = ORIENTED_EDGE('',*,*,#3214,.T.);
#3780 = ORIENTED_EDGE('',*,*,#3242,.T.);
#3781 = ORIENTED_EDGE('',*,*,#3271,.T.);
#3782 = ORIENTED_EDGE('',*,*,#3303,.T.);
#3783 = ORIENTED_EDGE('',*,*,#3335,.T.);
#3784 = ORIENTED_EDGE('',*,*,#3367,.T.);
#3785 = ORIENTED_EDGE('',*,*,#3399,.T.);
#3786 = ORIENTED_EDGE('',*,*,#3430,.T.);
#3787 = ORIENTED_EDGE('',*,*,#3459,.T.);
#3788 = ORIENTED_EDGE('',*,*,#3491,.T.);
#3789 = ORIENTED_EDGE('',*,*,#3523,.T.);
#3790 = ORIENTED_EDGE('',*,*,#3555,.T.);
#3791 = ORIENTED_EDGE('',*,*,#3578,.T.);
#3792 = FACE_BOUND('',#3793,.F.);
#3793 = EDGE_LOOP('',(#3794,#3795,#3796,#3797,#3798,#3799));
#3794 = ORIENTED_EDGE('',*,*,#3614,.T.);
#3795 = ORIENTED_EDGE('',*,*,#3642,.T.);
#3796 = ORIENTED_EDGE('',*,*,#3671,.T.);
#3797 = ORIENTED_EDGE('',*,*,#3703,.T.);
#3798 = ORIENTED_EDGE('',*,*,#3735,.T.);
#3799 = ORIENTED_EDGE('',*,*,#3758,.T.);
#3800 = B_SPLINE_SURFACE_WITH_KNOTS('',1,1,(
    (#3801,#3802)
    ,(#3803,#3804
    )),.UNSPECIFIED.,.F.,.F.,.F.,(2,2),(2,2),(-1.399304936856,
    1.912919732748),(-1.919833240437,2.02730332344),
  .PIECEWISE_BEZIER_KNOTS.);
#3801 = CARTESIAN_POINT('',(-49.43643171806,-9.131607929515,57.4));
#3802 = CARTESIAN_POINT('',(-53.38356828193,-9.131607929515,57.4));
#3803 = CARTESIAN_POINT('',(-49.43643171806,-5.819383259912,57.4));
#3804 = CARTESIAN_POINT('',(-53.38356828193,-5.819383259912,57.4));
#3805 = ADVANCED_FACE('',(#3806,#3830),#3838,.F.);
#3806 = FACE_BOUND('',#3807,.T.);
#3807 = EDGE_LOOP('',(#3808,#3809,#3810,#3811,#3812,#3813,#3814,#3815,
    #3816,#3817,#3818,#3819,#3820,#3821,#3822,#3823,#3824,#3825,#3826,
    #3827,#3828,#3829));
#3808 = ORIENTED_EDGE('',*,*,#2932,.T.);
#3809 = ORIENTED_EDGE('',*,*,#2960,.T.);
#3810 = ORIENTED_EDGE('',*,*,#2988,.T.);
#3811 = ORIENTED_EDGE('',*,*,#3020,.T.);
#3812 = ORIENTED_EDGE('',*,*,#3052,.T.);
#3813 = ORIENTED_EDGE('',*,*,#3084,.T.);
#3814 = ORIENTED_EDGE('',*,*,#3116,.T.);
#3815 = ORIENTED_EDGE('',*,*,#3144,.T.);
#3816 = ORIENTED_EDGE('',*,*,#3172,.T.);
#3817 = ORIENTED_EDGE('',*,*,#3200,.T.);
#3818 = ORIENTED_EDGE('',*,*,#3228,.T.);
#3819 = ORIENTED_EDGE('',*,*,#3256,.T.);
#3820 = ORIENTED_EDGE('',*,*,#3288,.T.);
#3821 = ORIENTED_EDGE('',*,*,#3320,.T.);
#3822 = ORIENTED_EDGE('',*,*,#3352,.T.);
#3823 = ORIENTED_EDGE('',*,*,#3384,.T.);
#3824 = ORIENTED_EDGE('',*,*,#3416,.T.);
#3825 = ORIENTED_EDGE('',*,*,#3444,.T.);
#3826 = ORIENTED_EDGE('',*,*,#3476,.T.);
#3827 = ORIENTED_EDGE('',*,*,#3508,.T.);
#3828 = ORIENTED_EDGE('',*,*,#3540,.T.);
#3829 = ORIENTED_EDGE('',*,*,#3572,.T.);
#3830 = FACE_BOUND('',#3831,.T.);
#3831 = EDGE_LOOP('',(#3832,#3833,#3834,#3835,#3836,#3837));
#3832 = ORIENTED_EDGE('',*,*,#3600,.T.);
#3833 = ORIENTED_EDGE('',*,*,#3628,.T.);
#3834 = ORIENTED_EDGE('',*,*,#3656,.T.);
#3835 = ORIENTED_EDGE('',*,*,#3688,.T.);
#3836 = ORIENTED_EDGE('',*,*,#3720,.T.);
#3837 = ORIENTED_EDGE('',*,*,#3752,.T.);
#3838 = B_SPLINE_SURFACE_WITH_KNOTS('',1,1,(
    (#3839,#3840)
    ,(#3841,#3842
    )),.UNSPECIFIED.,.F.,.F.,.F.,(2,2),(2,2),(-1.399304936856,
    1.912919732748),(-1.919833240437,2.02730332344),
  .PIECEWISE_BEZIER_KNOTS.);
#3839 = CARTESIAN_POINT('',(-49.43643171806,-9.131607929515,56.8));
#3840 = CARTESIAN_POINT('',(-53.38356828193,-9.131607929515,56.8));
#3841 = CARTESIAN_POINT('',(-49.43643171806,-5.819383259912,56.8));
#3842 = CARTESIAN_POINT('',(-53.38356828193,-5.819383259912,56.8));
#3843 = MANIFOLD_SOLID_BREP('',#3844);
#3844 = CLOSED_SHELL('',(#3845,#3881,#3909,#3941,#3973,#4005,#4025,#4061
    ,#4089,#4121,#4153,#4185,#4217,#4237,#4260));
#3845 = ADVANCED_FACE('',(#3846),#3876,.F.);
#3846 = FACE_BOUND('',#3847,.F.);
#3847 = EDGE_LOOP('',(#3848,#3857,#3864,#3871));
#3848 = ORIENTED_EDGE('',*,*,#3849,.T.);
#3849 = EDGE_CURVE('',#3850,#3852,#3854,.T.);
#3850 = VERTEX_POINT('',#3851);
#3851 = CARTESIAN_POINT('',(-49.43643171806,-3.904001468429,57.4));
#3852 = VERTEX_POINT('',#3853);
#3853 = CARTESIAN_POINT('',(-49.43643171806,-3.904001468429,56.8));
#3854 = B_SPLINE_CURVE_WITH_KNOTS('',1,(#3855,#3856),.UNSPECIFIED.,.F.,
  .F.,(2,2),(0.,0.6),.PIECEWISE_BEZIER_KNOTS.);
#3855 = CARTESIAN_POINT('',(-49.43643171806,-3.904001468429,57.4));
#3856 = CARTESIAN_POINT('',(-49.43643171806,-3.904001468429,56.8));
#3857 = ORIENTED_EDGE('',*,*,#3858,.T.);
#3858 = EDGE_CURVE('',#3852,#3859,#3861,.T.);
#3859 = VERTEX_POINT('',#3860);
#3860 = CARTESIAN_POINT('',(-53.38356828193,-3.904001468429,56.8));
#3861 = B_SPLINE_CURVE_WITH_KNOTS('',1,(#3862,#3863),.UNSPECIFIED.,.F.,
  .F.,(2,2),(0.,3.947136563877),.PIECEWISE_BEZIER_KNOTS.);
#3862 = CARTESIAN_POINT('',(-49.43643171806,-3.904001468429,56.8));
#3863 = CARTESIAN_POINT('',(-53.38356828193,-3.904001468429,56.8));
#3864 = ORIENTED_EDGE('',*,*,#3865,.F.);
#3865 = EDGE_CURVE('',#3866,#3859,#3868,.T.);
#3866 = VERTEX_POINT('',#3867);
#3867 = CARTESIAN_POINT('',(-53.38356828193,-3.904001468429,57.4));
#3868 = B_SPLINE_CURVE_WITH_KNOTS('',1,(#3869,#3870),.UNSPECIFIED.,.F.,
  .F.,(2,2),(0.,0.6),.PIECEWISE_BEZIER_KNOTS.);
#3869 = CARTESIAN_POINT('',(-53.38356828193,-3.904001468429,57.4));
#3870 = CARTESIAN_POINT('',(-53.38356828193,-3.904001468429,56.8));
#3871 = ORIENTED_EDGE('',*,*,#3872,.F.);
#3872 = EDGE_CURVE('',#3850,#3866,#3873,.T.);
#3873 = B_SPLINE_CURVE_WITH_KNOTS('',1,(#3874,#3875),.UNSPECIFIED.,.F.,
  .F.,(2,2),(0.,3.947136563877),.PIECEWISE_BEZIER_KNOTS.);
#3874 = CARTESIAN_POINT('',(-49.43643171806,-3.904001468429,57.4));
#3875 = CARTESIAN_POINT('',(-53.38356828193,-3.904001468429,57.4));
#3876 = B_SPLINE_SURFACE_WITH_KNOTS('',1,1,(
    (#3877,#3878)
    ,(#3879,#3880
    )),.UNSPECIFIED.,.F.,.F.,.F.,(2,2),(2,2),(0.,3.947136563877),(-0.6,
    0.),.PIECEWISE_BEZIER_KNOTS.);
#3877 = CARTESIAN_POINT('',(-49.43643171806,-3.904001468429,56.8));
#3878 = CARTESIAN_POINT('',(-49.43643171806,-3.904001468429,57.4));
#3879 = CARTESIAN_POINT('',(-53.38356828193,-3.904001468429,56.8));
#3880 = CARTESIAN_POINT('',(-53.38356828193,-3.904001468429,57.4));
#3881 = ADVANCED_FACE('',(#3882),#3904,.F.);
#3882 = FACE_BOUND('',#3883,.F.);
#3883 = EDGE_LOOP('',(#3884,#3885,#3892,#3899));
#3884 = ORIENTED_EDGE('',*,*,#3865,.T.);
#3885 = ORIENTED_EDGE('',*,*,#3886,.T.);
#3886 = EDGE_CURVE('',#3859,#3887,#3889,.T.);
#3887 = VERTEX_POINT('',#3888);
#3888 = CARTESIAN_POINT('',(-53.38356828193,-2.505323054332,56.8));
#3889 = B_SPLINE_CURVE_WITH_KNOTS('',1,(#3890,#3891),.UNSPECIFIED.,.F.,
  .F.,(2,2),(0.,1.398678414097),.PIECEWISE_BEZIER_KNOTS.);
#3890 = CARTESIAN_POINT('',(-53.38356828193,-3.904001468429,56.8));
#3891 = CARTESIAN_POINT('',(-53.38356828193,-2.505323054332,56.8));
#3892 = ORIENTED_EDGE('',*,*,#3893,.F.);
#3893 = EDGE_CURVE('',#3894,#3887,#3896,.T.);
#3894 = VERTEX_POINT('',#3895);
#3895 = CARTESIAN_POINT('',(-53.38356828193,-2.505323054332,57.4));
#3896 = B_SPLINE_CURVE_WITH_KNOTS('',1,(#3897,#3898),.UNSPECIFIED.,.F.,
  .F.,(2,2),(0.,0.6),.PIECEWISE_BEZIER_KNOTS.);
#3897 = CARTESIAN_POINT('',(-53.38356828193,-2.505323054332,57.4));
#3898 = CARTESIAN_POINT('',(-53.38356828193,-2.505323054332,56.8));
#3899 = ORIENTED_EDGE('',*,*,#3900,.F.);
#3900 = EDGE_CURVE('',#3866,#3894,#3901,.T.);
#3901 = B_SPLINE_CURVE_WITH_KNOTS('',1,(#3902,#3903),.UNSPECIFIED.,.F.,
  .F.,(2,2),(0.,1.398678414097),.PIECEWISE_BEZIER_KNOTS.);
#3902 = CARTESIAN_POINT('',(-53.38356828193,-3.904001468429,57.4));
#3903 = CARTESIAN_POINT('',(-53.38356828193,-2.505323054332,57.4));
#3904 = B_SPLINE_SURFACE_WITH_KNOTS('',1,1,(
    (#3905,#3906)
    ,(#3907,#3908
    )),.UNSPECIFIED.,.F.,.F.,.F.,(2,2),(2,2),(0.,1.398678414097),(-0.6,
    0.),.PIECEWISE_BEZIER_KNOTS.);
#3905 = CARTESIAN_POINT('',(-53.38356828193,-3.904001468429,56.8));
#3906 = CARTESIAN_POINT('',(-53.38356828193,-3.904001468429,57.4));
#3907 = CARTESIAN_POINT('',(-53.38356828193,-2.505323054332,56.8));
#3908 = CARTESIAN_POINT('',(-53.38356828193,-2.505323054332,57.4));
#3909 = ADVANCED_FACE('',(#3910),#3934,.F.);
#3910 = FACE_BOUND('',#3911,.F.);
#3911 = EDGE_LOOP('',(#3912,#3913,#3921,#3928));
#3912 = ORIENTED_EDGE('',*,*,#3893,.T.);
#3913 = ORIENTED_EDGE('',*,*,#3914,.T.);
#3914 = EDGE_CURVE('',#3887,#3915,#3917,.T.);
#3915 = VERTEX_POINT('',#3916);
#3916 = CARTESIAN_POINT('',(-51.45955947136,-0.401798825257,56.8));
#3917 = B_SPLINE_CURVE_WITH_KNOTS('',2,(#3918,#3919,#3920),
  .UNSPECIFIED.,.F.,.F.,(3,3),(0.,1.),.PIECEWISE_BEZIER_KNOTS.);
#3918 = CARTESIAN_POINT('',(-53.38356828193,-2.505323054332,56.8));
#3919 = CARTESIAN_POINT('',(-53.38356828193,-0.401798825257,56.8));
#3920 = CARTESIAN_POINT('',(-51.45955947136,-0.401798825257,56.8));
#3921 = ORIENTED_EDGE('',*,*,#3922,.F.);
#3922 = EDGE_CURVE('',#3923,#3915,#3925,.T.);
#3923 = VERTEX_POINT('',#3924);
#3924 = CARTESIAN_POINT('',(-51.45955947136,-0.401798825257,57.4));
#3925 = B_SPLINE_CURVE_WITH_KNOTS('',1,(#3926,#3927),.UNSPECIFIED.,.F.,
  .F.,(2,2),(0.,0.6),.PIECEWISE_BEZIER_KNOTS.);
#3926 = CARTESIAN_POINT('',(-51.45955947136,-0.401798825257,57.4));
#3927 = CARTESIAN_POINT('',(-51.45955947136,-0.401798825257,56.8));
#3928 = ORIENTED_EDGE('',*,*,#3929,.F.);
#3929 = EDGE_CURVE('',#3894,#3923,#3930,.T.);
#3930 = B_SPLINE_CURVE_WITH_KNOTS('',2,(#3931,#3932,#3933),
  .UNSPECIFIED.,.F.,.F.,(3,3),(0.,1.),.PIECEWISE_BEZIER_KNOTS.);
#3931 = CARTESIAN_POINT('',(-53.38356828193,-2.505323054332,57.4));
#3932 = CARTESIAN_POINT('',(-53.38356828193,-0.401798825257,57.4));
#3933 = CARTESIAN_POINT('',(-51.45955947136,-0.401798825257,57.4));
#3934 = B_SPLINE_SURFACE_WITH_KNOTS('',2,1,(
    (#3935,#3936)
    ,(#3937,#3938)
    ,(#3939,#3940
    )),.UNSPECIFIED.,.F.,.F.,.F.,(3,3),(2,2),(0.,1.),(-0.6,0.),
  .PIECEWISE_BEZIER_KNOTS.);
#3935 = CARTESIAN_POINT('',(-53.38356828193,-2.505323054332,56.8));
#3936 = CARTESIAN_POINT('',(-53.38356828193,-2.505323054332,57.4));
#3937 = CARTESIAN_POINT('',(-53.38356828193,-0.401798825257,56.8));
#3938 = CARTESIAN_POINT('',(-53.38356828193,-0.401798825257,57.4));
#3939 = CARTESIAN_POINT('',(-51.45955947136,-0.401798825257,56.8));
#3940 = CARTESIAN_POINT('',(-51.45955947136,-0.401798825257,57.4));
#3941 = ADVANCED_FACE('',(#3942),#3966,.F.);
#3942 = FACE_BOUND('',#3943,.F.);
#3943 = EDGE_LOOP('',(#3944,#3945,#3953,#3960));
#3944 = ORIENTED_EDGE('',*,*,#3922,.T.);
#3945 = ORIENTED_EDGE('',*,*,#3946,.T.);
#3946 = EDGE_CURVE('',#3915,#3947,#3949,.T.);
#3947 = VERTEX_POINT('',#3948);
#3948 = CARTESIAN_POINT('',(-49.98690895741,-0.975954478708,56.8));
#3949 = B_SPLINE_CURVE_WITH_KNOTS('',2,(#3950,#3951,#3952),
  .UNSPECIFIED.,.F.,.F.,(3,3),(0.,1.),.PIECEWISE_BEZIER_KNOTS.);
#3950 = CARTESIAN_POINT('',(-51.45955947136,-0.401798825257,56.8));
#3951 = CARTESIAN_POINT('',(-50.53738619676,-0.401798825257,56.8));
#3952 = CARTESIAN_POINT('',(-49.98690895741,-0.975954478708,56.8));
#3953 = ORIENTED_EDGE('',*,*,#3954,.F.);
#3954 = EDGE_CURVE('',#3955,#3947,#3957,.T.);
#3955 = VERTEX_POINT('',#3956);
#3956 = CARTESIAN_POINT('',(-49.98690895741,-0.975954478708,57.4));
#3957 = B_SPLINE_CURVE_WITH_KNOTS('',1,(#3958,#3959),.UNSPECIFIED.,.F.,
  .F.,(2,2),(0.,0.6),.PIECEWISE_BEZIER_KNOTS.);
#3958 = CARTESIAN_POINT('',(-49.98690895741,-0.975954478708,57.4));
#3959 = CARTESIAN_POINT('',(-49.98690895741,-0.975954478708,56.8));
#3960 = ORIENTED_EDGE('',*,*,#3961,.F.);
#3961 = EDGE_CURVE('',#3923,#3955,#3962,.T.);
#3962 = B_SPLINE_CURVE_WITH_KNOTS('',2,(#3963,#3964,#3965),
  .UNSPECIFIED.,.F.,.F.,(3,3),(0.,1.),.PIECEWISE_BEZIER_KNOTS.);
#3963 = CARTESIAN_POINT('',(-51.45955947136,-0.401798825257,57.4));
#3964 = CARTESIAN_POINT('',(-50.53738619676,-0.401798825257,57.4));
#3965 = CARTESIAN_POINT('',(-49.98690895741,-0.975954478708,57.4));
#3966 = B_SPLINE_SURFACE_WITH_KNOTS('',2,1,(
    (#3967,#3968)
    ,(#3969,#3970)
    ,(#3971,#3972
    )),.UNSPECIFIED.,.F.,.F.,.F.,(3,3),(2,2),(0.,1.),(-0.6,0.),
  .PIECEWISE_BEZIER_KNOTS.);
#3967 = CARTESIAN_POINT('',(-51.45955947136,-0.401798825257,56.8));
#3968 = CARTESIAN_POINT('',(-51.45955947136,-0.401798825257,57.4));
#3969 = CARTESIAN_POINT('',(-50.53738619676,-0.401798825257,56.8));
#3970 = CARTESIAN_POINT('',(-50.53738619676,-0.401798825257,57.4));
#3971 = CARTESIAN_POINT('',(-49.98690895741,-0.975954478708,56.8));
#3972 = CARTESIAN_POINT('',(-49.98690895741,-0.975954478708,57.4));
#3973 = ADVANCED_FACE('',(#3974),#3998,.F.);
#3974 = FACE_BOUND('',#3975,.F.);
#3975 = EDGE_LOOP('',(#3976,#3977,#3985,#3992));
#3976 = ORIENTED_EDGE('',*,*,#3954,.T.);
#3977 = ORIENTED_EDGE('',*,*,#3978,.T.);
#3978 = EDGE_CURVE('',#3947,#3979,#3981,.T.);
#3979 = VERTEX_POINT('',#3980);
#3980 = CARTESIAN_POINT('',(-49.43643171806,-2.505323054332,56.8));
#3981 = B_SPLINE_CURVE_WITH_KNOTS('',2,(#3982,#3983,#3984),
  .UNSPECIFIED.,.F.,.F.,(3,3),(0.,1.),.PIECEWISE_BEZIER_KNOTS.);
#3982 = CARTESIAN_POINT('',(-49.98690895741,-0.975954478708,56.8));
#3983 = CARTESIAN_POINT('',(-49.43643171806,-1.549926578561,56.8));
#3984 = CARTESIAN_POINT('',(-49.43643171806,-2.505323054332,56.8));
#3985 = ORIENTED_EDGE('',*,*,#3986,.F.);
#3986 = EDGE_CURVE('',#3987,#3979,#3989,.T.);
#3987 = VERTEX_POINT('',#3988);
#3988 = CARTESIAN_POINT('',(-49.43643171806,-2.505323054332,57.4));
#3989 = B_SPLINE_CURVE_WITH_KNOTS('',1,(#3990,#3991),.UNSPECIFIED.,.F.,
  .F.,(2,2),(0.,0.6),.PIECEWISE_BEZIER_KNOTS.);
#3990 = CARTESIAN_POINT('',(-49.43643171806,-2.505323054332,57.4));
#3991 = CARTESIAN_POINT('',(-49.43643171806,-2.505323054332,56.8));
#3992 = ORIENTED_EDGE('',*,*,#3993,.F.);
#3993 = EDGE_CURVE('',#3955,#3987,#3994,.T.);
#3994 = B_SPLINE_CURVE_WITH_KNOTS('',2,(#3995,#3996,#3997),
  .UNSPECIFIED.,.F.,.F.,(3,3),(0.,1.),.PIECEWISE_BEZIER_KNOTS.);
#3995 = CARTESIAN_POINT('',(-49.98690895741,-0.975954478708,57.4));
#3996 = CARTESIAN_POINT('',(-49.43643171806,-1.549926578561,57.4));
#3997 = CARTESIAN_POINT('',(-49.43643171806,-2.505323054332,57.4));
#3998 = B_SPLINE_SURFACE_WITH_KNOTS('',2,1,(
    (#3999,#4000)
    ,(#4001,#4002)
    ,(#4003,#4004
    )),.UNSPECIFIED.,.F.,.F.,.F.,(3,3),(2,2),(0.,1.),(-0.6,0.),
  .PIECEWISE_BEZIER_KNOTS.);
#3999 = CARTESIAN_POINT('',(-49.98690895741,-0.975954478708,56.8));
#4000 = CARTESIAN_POINT('',(-49.98690895741,-0.975954478708,57.4));
#4001 = CARTESIAN_POINT('',(-49.43643171806,-1.549926578561,56.8));
#4002 = CARTESIAN_POINT('',(-49.43643171806,-1.549926578561,57.4));
#4003 = CARTESIAN_POINT('',(-49.43643171806,-2.505323054332,56.8));
#4004 = CARTESIAN_POINT('',(-49.43643171806,-2.505323054332,57.4));
#4005 = ADVANCED_FACE('',(#4006),#4020,.F.);
#4006 = FACE_BOUND('',#4007,.F.);
#4007 = EDGE_LOOP('',(#4008,#4009,#4014,#4015));
#4008 = ORIENTED_EDGE('',*,*,#3986,.T.);
#4009 = ORIENTED_EDGE('',*,*,#4010,.T.);
#4010 = EDGE_CURVE('',#3979,#3852,#4011,.T.);
#4011 = B_SPLINE_CURVE_WITH_KNOTS('',1,(#4012,#4013),.UNSPECIFIED.,.F.,
  .F.,(2,2),(0.,1.398678414097),.PIECEWISE_BEZIER_KNOTS.);
#4012 = CARTESIAN_POINT('',(-49.43643171806,-2.505323054332,56.8));
#4013 = CARTESIAN_POINT('',(-49.43643171806,-3.904001468429,56.8));
#4014 = ORIENTED_EDGE('',*,*,#3849,.F.);
#4015 = ORIENTED_EDGE('',*,*,#4016,.F.);
#4016 = EDGE_CURVE('',#3987,#3850,#4017,.T.);
#4017 = B_SPLINE_CURVE_WITH_KNOTS('',1,(#4018,#4019),.UNSPECIFIED.,.F.,
  .F.,(2,2),(0.,1.398678414097),.PIECEWISE_BEZIER_KNOTS.);
#4018 = CARTESIAN_POINT('',(-49.43643171806,-2.505323054332,57.4));
#4019 = CARTESIAN_POINT('',(-49.43643171806,-3.904001468429,57.4));
#4020 = B_SPLINE_SURFACE_WITH_KNOTS('',1,1,(
    (#4021,#4022)
    ,(#4023,#4024
    )),.UNSPECIFIED.,.F.,.F.,.F.,(2,2),(2,2),(0.,1.398678414097),(-0.6,
    0.),.PIECEWISE_BEZIER_KNOTS.);
#4021 = CARTESIAN_POINT('',(-49.43643171806,-2.505323054332,56.8));
#4022 = CARTESIAN_POINT('',(-49.43643171806,-2.505323054332,57.4));
#4023 = CARTESIAN_POINT('',(-49.43643171806,-3.904001468429,56.8));
#4024 = CARTESIAN_POINT('',(-49.43643171806,-3.904001468429,57.4));
#4025 = ADVANCED_FACE('',(#4026),#4056,.F.);
#4026 = FACE_BOUND('',#4027,.F.);
#4027 = EDGE_LOOP('',(#4028,#4037,#4044,#4051));
#4028 = ORIENTED_EDGE('',*,*,#4029,.T.);
#4029 = EDGE_CURVE('',#4030,#4032,#4034,.T.);
#4030 = VERTEX_POINT('',#4031);
#4031 = CARTESIAN_POINT('',(-52.6594493392,-3.014684287812,57.4));
#4032 = VERTEX_POINT('',#4033);
#4033 = CARTESIAN_POINT('',(-52.6594493392,-3.014684287812,56.8));
#4034 = B_SPLINE_CURVE_WITH_KNOTS('',1,(#4035,#4036),.UNSPECIFIED.,.F.,
  .F.,(2,2),(0.,0.6),.PIECEWISE_BEZIER_KNOTS.);
#4035 = CARTESIAN_POINT('',(-52.6594493392,-3.014684287812,57.4));
#4036 = CARTESIAN_POINT('',(-52.6594493392,-3.014684287812,56.8));
#4037 = ORIENTED_EDGE('',*,*,#4038,.T.);
#4038 = EDGE_CURVE('',#4032,#4039,#4041,.T.);
#4039 = VERTEX_POINT('',#4040);
#4040 = CARTESIAN_POINT('',(-50.15779735682,-3.014684287812,56.8));
#4041 = B_SPLINE_CURVE_WITH_KNOTS('',1,(#4042,#4043),.UNSPECIFIED.,.F.,
  .F.,(2,2),(0.,2.501651982379),.PIECEWISE_BEZIER_KNOTS.);
#4042 = CARTESIAN_POINT('',(-52.6594493392,-3.014684287812,56.8));
#4043 = CARTESIAN_POINT('',(-50.15779735682,-3.014684287812,56.8));
#4044 = ORIENTED_EDGE('',*,*,#4045,.F.);
#4045 = EDGE_CURVE('',#4046,#4039,#4048,.T.);
#4046 = VERTEX_POINT('',#4047);
#4047 = CARTESIAN_POINT('',(-50.15779735682,-3.014684287812,57.4));
#4048 = B_SPLINE_CURVE_WITH_KNOTS('',1,(#4049,#4050),.UNSPECIFIED.,.F.,
  .F.,(2,2),(0.,0.6),.PIECEWISE_BEZIER_KNOTS.);
#4049 = CARTESIAN_POINT('',(-50.15779735682,-3.014684287812,57.4));
#4050 = CARTESIAN_POINT('',(-50.15779735682,-3.014684287812,56.8));
#4051 = ORIENTED_EDGE('',*,*,#4052,.F.);
#4052 = EDGE_CURVE('',#4030,#4046,#4053,.T.);
#4053 = B_SPLINE_CURVE_WITH_KNOTS('',1,(#4054,#4055),.UNSPECIFIED.,.F.,
  .F.,(2,2),(0.,2.501651982379),.PIECEWISE_BEZIER_KNOTS.);
#4054 = CARTESIAN_POINT('',(-52.6594493392,-3.014684287812,57.4));
#4055 = CARTESIAN_POINT('',(-50.15779735682,-3.014684287812,57.4));
#4056 = B_SPLINE_SURFACE_WITH_KNOTS('',1,1,(
    (#4057,#4058)
    ,(#4059,#4060
    )),.UNSPECIFIED.,.F.,.F.,.F.,(2,2),(2,2),(0.,2.501651982379),(-0.6,
    0.),.PIECEWISE_BEZIER_KNOTS.);
#4057 = CARTESIAN_POINT('',(-52.6594493392,-3.014684287812,56.8));
#4058 = CARTESIAN_POINT('',(-52.6594493392,-3.014684287812,57.4));
#4059 = CARTESIAN_POINT('',(-50.15779735682,-3.014684287812,56.8));
#4060 = CARTESIAN_POINT('',(-50.15779735682,-3.014684287812,57.4));
#4061 = ADVANCED_FACE('',(#4062),#4084,.F.);
#4062 = FACE_BOUND('',#4063,.F.);
#4063 = EDGE_LOOP('',(#4064,#4065,#4072,#4079));
#4064 = ORIENTED_EDGE('',*,*,#4045,.T.);
#4065 = ORIENTED_EDGE('',*,*,#4066,.T.);
#4066 = EDGE_CURVE('',#4039,#4067,#4069,.T.);
#4067 = VERTEX_POINT('',#4068);
#4068 = CARTESIAN_POINT('',(-50.15779735682,-2.574155653451,56.8));
#4069 = B_SPLINE_CURVE_WITH_KNOTS('',1,(#4070,#4071),.UNSPECIFIED.,.F.,
  .F.,(2,2),(0.,0.440528634361),.PIECEWISE_BEZIER_KNOTS.);
#4070 = CARTESIAN_POINT('',(-50.15779735682,-3.014684287812,56.8));
#4071 = CARTESIAN_POINT('',(-50.15779735682,-2.574155653451,56.8));
#4072 = ORIENTED_EDGE('',*,*,#4073,.F.);
#4073 = EDGE_CURVE('',#4074,#4067,#4076,.T.);
#4074 = VERTEX_POINT('',#4075);
#4075 = CARTESIAN_POINT('',(-50.15779735682,-2.574155653451,57.4));
#4076 = B_SPLINE_CURVE_WITH_KNOTS('',1,(#4077,#4078),.UNSPECIFIED.,.F.,
  .F.,(2,2),(0.,0.6),.PIECEWISE_BEZIER_KNOTS.);
#4077 = CARTESIAN_POINT('',(-50.15779735682,-2.574155653451,57.4));
#4078 = CARTESIAN_POINT('',(-50.15779735682,-2.574155653451,56.8));
#4079 = ORIENTED_EDGE('',*,*,#4080,.F.);
#4080 = EDGE_CURVE('',#4046,#4074,#4081,.T.);
#4081 = B_SPLINE_CURVE_WITH_KNOTS('',1,(#4082,#4083),.UNSPECIFIED.,.F.,
  .F.,(2,2),(0.,0.440528634361),.PIECEWISE_BEZIER_KNOTS.);
#4082 = CARTESIAN_POINT('',(-50.15779735682,-3.014684287812,57.4));
#4083 = CARTESIAN_POINT('',(-50.15779735682,-2.574155653451,57.4));
#4084 = B_SPLINE_SURFACE_WITH_KNOTS('',1,1,(
    (#4085,#4086)
    ,(#4087,#4088
    )),.UNSPECIFIED.,.F.,.F.,.F.,(2,2),(2,2),(0.,0.440528634361),(-0.6,
    0.),.PIECEWISE_BEZIER_KNOTS.);
#4085 = CARTESIAN_POINT('',(-50.15779735682,-3.014684287812,56.8));
#4086 = CARTESIAN_POINT('',(-50.15779735682,-3.014684287812,57.4));
#4087 = CARTESIAN_POINT('',(-50.15779735682,-2.574155653451,56.8));
#4088 = CARTESIAN_POINT('',(-50.15779735682,-2.574155653451,57.4));
#4089 = ADVANCED_FACE('',(#4090),#4114,.F.);
#4090 = FACE_BOUND('',#4091,.F.);
#4091 = EDGE_LOOP('',(#4092,#4093,#4101,#4108));
#4092 = ORIENTED_EDGE('',*,*,#4073,.T.);
#4093 = ORIENTED_EDGE('',*,*,#4094,.T.);
#4094 = EDGE_CURVE('',#4067,#4095,#4097,.T.);
#4095 = VERTEX_POINT('',#4096);
#4096 = CARTESIAN_POINT('',(-50.50453010279,-1.667033773862,56.8));
#4097 = B_SPLINE_CURVE_WITH_KNOTS('',2,(#4098,#4099,#4100),
  .UNSPECIFIED.,.F.,.F.,(3,3),(0.,1.),.PIECEWISE_BEZIER_KNOTS.);
#4098 = CARTESIAN_POINT('',(-50.15779735682,-2.574155653451,56.8));
#4099 = CARTESIAN_POINT('',(-50.15779735682,-1.995961820852,56.8));
#4100 = CARTESIAN_POINT('',(-50.50453010279,-1.667033773862,56.8));
#4101 = ORIENTED_EDGE('',*,*,#4102,.F.);
#4102 = EDGE_CURVE('',#4103,#4095,#4105,.T.);
#4103 = VERTEX_POINT('',#4104);
#4104 = CARTESIAN_POINT('',(-50.50453010279,-1.667033773862,57.4));
#4105 = B_SPLINE_CURVE_WITH_KNOTS('',1,(#4106,#4107),.UNSPECIFIED.,.F.,
  .F.,(2,2),(0.,0.6),.PIECEWISE_BEZIER_KNOTS.);
#4106 = CARTESIAN_POINT('',(-50.50453010279,-1.667033773862,57.4));
#4107 = CARTESIAN_POINT('',(-50.50453010279,-1.667033773862,56.8));
#4108 = ORIENTED_EDGE('',*,*,#4109,.F.);
#4109 = EDGE_CURVE('',#4074,#4103,#4110,.T.);
#4110 = B_SPLINE_CURVE_WITH_KNOTS('',2,(#4111,#4112,#4113),
  .UNSPECIFIED.,.F.,.F.,(3,3),(0.,1.),.PIECEWISE_BEZIER_KNOTS.);
#4111 = CARTESIAN_POINT('',(-50.15779735682,-2.574155653451,57.4));
#4112 = CARTESIAN_POINT('',(-50.15779735682,-1.995961820852,57.4));
#4113 = CARTESIAN_POINT('',(-50.50453010279,-1.667033773862,57.4));
#4114 = B_SPLINE_SURFACE_WITH_KNOTS('',2,1,(
    (#4115,#4116)
    ,(#4117,#4118)
    ,(#4119,#4120
    )),.UNSPECIFIED.,.F.,.F.,.F.,(3,3),(2,2),(0.,1.),(-0.6,0.),
  .PIECEWISE_BEZIER_KNOTS.);
#4115 = CARTESIAN_POINT('',(-50.15779735682,-2.574155653451,56.8));
#4116 = CARTESIAN_POINT('',(-50.15779735682,-2.574155653451,57.4));
#4117 = CARTESIAN_POINT('',(-50.15779735682,-1.995961820852,56.8));
#4118 = CARTESIAN_POINT('',(-50.15779735682,-1.995961820852,57.4));
#4119 = CARTESIAN_POINT('',(-50.50453010279,-1.667033773862,56.8));
#4120 = CARTESIAN_POINT('',(-50.50453010279,-1.667033773862,57.4));
#4121 = ADVANCED_FACE('',(#4122),#4146,.F.);
#4122 = FACE_BOUND('',#4123,.F.);
#4123 = EDGE_LOOP('',(#4124,#4125,#4133,#4140));
#4124 = ORIENTED_EDGE('',*,*,#4102,.T.);
#4125 = ORIENTED_EDGE('',*,*,#4126,.T.);
#4126 = EDGE_CURVE('',#4095,#4127,#4129,.T.);
#4127 = VERTEX_POINT('',#4128);
#4128 = CARTESIAN_POINT('',(-51.4485462555,-1.337922173275,56.8));
#4129 = B_SPLINE_CURVE_WITH_KNOTS('',2,(#4130,#4131,#4132),
  .UNSPECIFIED.,.F.,.F.,(3,3),(0.,1.),.PIECEWISE_BEZIER_KNOTS.);
#4130 = CARTESIAN_POINT('',(-50.50453010279,-1.667033773862,56.8));
#4131 = CARTESIAN_POINT('',(-50.85126284875,-1.337922173275,56.8));
#4132 = CARTESIAN_POINT('',(-51.4485462555,-1.337922173275,56.8));
#4133 = ORIENTED_EDGE('',*,*,#4134,.F.);
#4134 = EDGE_CURVE('',#4135,#4127,#4137,.T.);
#4135 = VERTEX_POINT('',#4136);
#4136 = CARTESIAN_POINT('',(-51.4485462555,-1.337922173275,57.4));
#4137 = B_SPLINE_CURVE_WITH_KNOTS('',1,(#4138,#4139),.UNSPECIFIED.,.F.,
  .F.,(2,2),(0.,0.6),.PIECEWISE_BEZIER_KNOTS.);
#4138 = CARTESIAN_POINT('',(-51.4485462555,-1.337922173275,57.4));
#4139 = CARTESIAN_POINT('',(-51.4485462555,-1.337922173275,56.8));
#4140 = ORIENTED_EDGE('',*,*,#4141,.F.);
#4141 = EDGE_CURVE('',#4103,#4135,#4142,.T.);
#4142 = B_SPLINE_CURVE_WITH_KNOTS('',2,(#4143,#4144,#4145),
  .UNSPECIFIED.,.F.,.F.,(3,3),(0.,1.),.PIECEWISE_BEZIER_KNOTS.);
#4143 = CARTESIAN_POINT('',(-50.50453010279,-1.667033773862,57.4));
#4144 = CARTESIAN_POINT('',(-50.85126284875,-1.337922173275,57.4));
#4145 = CARTESIAN_POINT('',(-51.4485462555,-1.337922173275,57.4));
#4146 = B_SPLINE_SURFACE_WITH_KNOTS('',2,1,(
    (#4147,#4148)
    ,(#4149,#4150)
    ,(#4151,#4152
    )),.UNSPECIFIED.,.F.,.F.,.F.,(3,3),(2,2),(0.,1.),(-0.6,0.),
  .PIECEWISE_BEZIER_KNOTS.);
#4147 = CARTESIAN_POINT('',(-50.50453010279,-1.667033773862,56.8));
#4148 = CARTESIAN_POINT('',(-50.50453010279,-1.667033773862,57.4));
#4149 = CARTESIAN_POINT('',(-50.85126284875,-1.337922173275,56.8));
#4150 = CARTESIAN_POINT('',(-50.85126284875,-1.337922173275,57.4));
#4151 = CARTESIAN_POINT('',(-51.4485462555,-1.337922173275,56.8));
#4152 = CARTESIAN_POINT('',(-51.4485462555,-1.337922173275,57.4));
#4153 = ADVANCED_FACE('',(#4154),#4178,.F.);
#4154 = FACE_BOUND('',#4155,.F.);
#4155 = EDGE_LOOP('',(#4156,#4157,#4165,#4172));
#4156 = ORIENTED_EDGE('',*,*,#4134,.T.);
#4157 = ORIENTED_EDGE('',*,*,#4158,.T.);
#4158 = EDGE_CURVE('',#4127,#4159,#4161,.T.);
#4159 = VERTEX_POINT('',#4160);
#4160 = CARTESIAN_POINT('',(-52.33602790014,-1.664280469897,56.8));
#4161 = B_SPLINE_CURVE_WITH_KNOTS('',2,(#4162,#4163,#4164),
  .UNSPECIFIED.,.F.,.F.,(3,3),(0.,1.),.PIECEWISE_BEZIER_KNOTS.);
#4162 = CARTESIAN_POINT('',(-51.4485462555,-1.337922173275,56.8));
#4163 = CARTESIAN_POINT('',(-52.01279001468,-1.337922173275,56.8));
#4164 = CARTESIAN_POINT('',(-52.33602790014,-1.664280469897,56.8));
#4165 = ORIENTED_EDGE('',*,*,#4166,.F.);
#4166 = EDGE_CURVE('',#4167,#4159,#4169,.T.);
#4167 = VERTEX_POINT('',#4168);
#4168 = CARTESIAN_POINT('',(-52.33602790014,-1.664280469897,57.4));
#4169 = B_SPLINE_CURVE_WITH_KNOTS('',1,(#4170,#4171),.UNSPECIFIED.,.F.,
  .F.,(2,2),(0.,0.6),.PIECEWISE_BEZIER_KNOTS.);
#4170 = CARTESIAN_POINT('',(-52.33602790014,-1.664280469897,57.4));
#4171 = CARTESIAN_POINT('',(-52.33602790014,-1.664280469897,56.8));
#4172 = ORIENTED_EDGE('',*,*,#4173,.F.);
#4173 = EDGE_CURVE('',#4135,#4167,#4174,.T.);
#4174 = B_SPLINE_CURVE_WITH_KNOTS('',2,(#4175,#4176,#4177),
  .UNSPECIFIED.,.F.,.F.,(3,3),(0.,1.),.PIECEWISE_BEZIER_KNOTS.);
#4175 = CARTESIAN_POINT('',(-51.4485462555,-1.337922173275,57.4));
#4176 = CARTESIAN_POINT('',(-52.01279001468,-1.337922173275,57.4));
#4177 = CARTESIAN_POINT('',(-52.33602790014,-1.664280469897,57.4));
#4178 = B_SPLINE_SURFACE_WITH_KNOTS('',2,1,(
    (#4179,#4180)
    ,(#4181,#4182)
    ,(#4183,#4184
    )),.UNSPECIFIED.,.F.,.F.,.F.,(3,3),(2,2),(0.,1.),(-0.6,0.),
  .PIECEWISE_BEZIER_KNOTS.);
#4179 = CARTESIAN_POINT('',(-51.4485462555,-1.337922173275,56.8));
#4180 = CARTESIAN_POINT('',(-51.4485462555,-1.337922173275,57.4));
#4181 = CARTESIAN_POINT('',(-52.01279001468,-1.337922173275,56.8));
#4182 = CARTESIAN_POINT('',(-52.01279001468,-1.337922173275,57.4));
#4183 = CARTESIAN_POINT('',(-52.33602790014,-1.664280469897,56.8));
#4184 = CARTESIAN_POINT('',(-52.33602790014,-1.664280469897,57.4));
#4185 = ADVANCED_FACE('',(#4186),#4210,.F.);
#4186 = FACE_BOUND('',#4187,.F.);
#4187 = EDGE_LOOP('',(#4188,#4189,#4197,#4204));
#4188 = ORIENTED_EDGE('',*,*,#4166,.T.);
#4189 = ORIENTED_EDGE('',*,*,#4190,.T.);
#4190 = EDGE_CURVE('',#4159,#4191,#4193,.T.);
#4191 = VERTEX_POINT('',#4192);
#4192 = CARTESIAN_POINT('',(-52.6594493392,-2.57966226138,56.8));
#4193 = B_SPLINE_CURVE_WITH_KNOTS('',2,(#4194,#4195,#4196),
  .UNSPECIFIED.,.F.,.F.,(3,3),(0.,1.),.PIECEWISE_BEZIER_KNOTS.);
#4194 = CARTESIAN_POINT('',(-52.33602790014,-1.664280469897,56.8));
#4195 = CARTESIAN_POINT('',(-52.6594493392,-1.990455212922,56.8));
#4196 = CARTESIAN_POINT('',(-52.6594493392,-2.57966226138,56.8));
#4197 = ORIENTED_EDGE('',*,*,#4198,.F.);
#4198 = EDGE_CURVE('',#4199,#4191,#4201,.T.);
#4199 = VERTEX_POINT('',#4200);
#4200 = CARTESIAN_POINT('',(-52.6594493392,-2.57966226138,57.4));
#4201 = B_SPLINE_CURVE_WITH_KNOTS('',1,(#4202,#4203),.UNSPECIFIED.,.F.,
  .F.,(2,2),(0.,0.6),.PIECEWISE_BEZIER_KNOTS.);
#4202 = CARTESIAN_POINT('',(-52.6594493392,-2.57966226138,57.4));
#4203 = CARTESIAN_POINT('',(-52.6594493392,-2.57966226138,56.8));
#4204 = ORIENTED_EDGE('',*,*,#4205,.F.);
#4205 = EDGE_CURVE('',#4167,#4199,#4206,.T.);
#4206 = B_SPLINE_CURVE_WITH_KNOTS('',2,(#4207,#4208,#4209),
  .UNSPECIFIED.,.F.,.F.,(3,3),(0.,1.),.PIECEWISE_BEZIER_KNOTS.);
#4207 = CARTESIAN_POINT('',(-52.33602790014,-1.664280469897,57.4));
#4208 = CARTESIAN_POINT('',(-52.6594493392,-1.990455212922,57.4));
#4209 = CARTESIAN_POINT('',(-52.6594493392,-2.57966226138,57.4));
#4210 = B_SPLINE_SURFACE_WITH_KNOTS('',2,1,(
    (#4211,#4212)
    ,(#4213,#4214)
    ,(#4215,#4216
    )),.UNSPECIFIED.,.F.,.F.,.F.,(3,3),(2,2),(0.,1.),(-0.6,0.),
  .PIECEWISE_BEZIER_KNOTS.);
#4211 = CARTESIAN_POINT('',(-52.33602790014,-1.664280469897,56.8));
#4212 = CARTESIAN_POINT('',(-52.33602790014,-1.664280469897,57.4));
#4213 = CARTESIAN_POINT('',(-52.6594493392,-1.990455212922,56.8));
#4214 = CARTESIAN_POINT('',(-52.6594493392,-1.990455212922,57.4));
#4215 = CARTESIAN_POINT('',(-52.6594493392,-2.57966226138,56.8));
#4216 = CARTESIAN_POINT('',(-52.6594493392,-2.57966226138,57.4));
#4217 = ADVANCED_FACE('',(#4218),#4232,.F.);
#4218 = FACE_BOUND('',#4219,.F.);
#4219 = EDGE_LOOP('',(#4220,#4221,#4226,#4227));
#4220 = ORIENTED_EDGE('',*,*,#4198,.T.);
#4221 = ORIENTED_EDGE('',*,*,#4222,.T.);
#4222 = EDGE_CURVE('',#4191,#4032,#4223,.T.);
#4223 = B_SPLINE_CURVE_WITH_KNOTS('',1,(#4224,#4225),.UNSPECIFIED.,.F.,
  .F.,(2,2),(0.,0.435022026432),.PIECEWISE_BEZIER_KNOTS.);
#4224 = CARTESIAN_POINT('',(-52.6594493392,-2.57966226138,56.8));
#4225 = CARTESIAN_POINT('',(-52.6594493392,-3.014684287812,56.8));
#4226 = ORIENTED_EDGE('',*,*,#4029,.F.);
#4227 = ORIENTED_EDGE('',*,*,#4228,.F.);
#4228 = EDGE_CURVE('',#4199,#4030,#4229,.T.);
#4229 = B_SPLINE_CURVE_WITH_KNOTS('',1,(#4230,#4231),.UNSPECIFIED.,.F.,
  .F.,(2,2),(0.,0.435022026432),.PIECEWISE_BEZIER_KNOTS.);
#4230 = CARTESIAN_POINT('',(-52.6594493392,-2.57966226138,57.4));
#4231 = CARTESIAN_POINT('',(-52.6594493392,-3.014684287812,57.4));
#4232 = B_SPLINE_SURFACE_WITH_KNOTS('',1,1,(
    (#4233,#4234)
    ,(#4235,#4236
    )),.UNSPECIFIED.,.F.,.F.,.F.,(2,2),(2,2),(0.,0.435022026432),(-0.6,
    0.),.PIECEWISE_BEZIER_KNOTS.);
#4233 = CARTESIAN_POINT('',(-52.6594493392,-2.57966226138,56.8));
#4234 = CARTESIAN_POINT('',(-52.6594493392,-2.57966226138,57.4));
#4235 = CARTESIAN_POINT('',(-52.6594493392,-3.014684287812,56.8));
#4236 = CARTESIAN_POINT('',(-52.6594493392,-3.014684287812,57.4));
#4237 = ADVANCED_FACE('',(#4238,#4246),#4255,.T.);
#4238 = FACE_BOUND('',#4239,.F.);
#4239 = EDGE_LOOP('',(#4240,#4241,#4242,#4243,#4244,#4245));
#4240 = ORIENTED_EDGE('',*,*,#3872,.T.);
#4241 = ORIENTED_EDGE('',*,*,#3900,.T.);
#4242 = ORIENTED_EDGE('',*,*,#3929,.T.);
#4243 = ORIENTED_EDGE('',*,*,#3961,.T.);
#4244 = ORIENTED_EDGE('',*,*,#3993,.T.);
#4245 = ORIENTED_EDGE('',*,*,#4016,.T.);
#4246 = FACE_BOUND('',#4247,.F.);
#4247 = EDGE_LOOP('',(#4248,#4249,#4250,#4251,#4252,#4253,#4254));
#4248 = ORIENTED_EDGE('',*,*,#4052,.T.);
#4249 = ORIENTED_EDGE('',*,*,#4080,.T.);
#4250 = ORIENTED_EDGE('',*,*,#4109,.T.);
#4251 = ORIENTED_EDGE('',*,*,#4141,.T.);
#4252 = ORIENTED_EDGE('',*,*,#4173,.T.);
#4253 = ORIENTED_EDGE('',*,*,#4205,.T.);
#4254 = ORIENTED_EDGE('',*,*,#4228,.T.);
#4255 = B_SPLINE_SURFACE_WITH_KNOTS('',1,1,(
    (#4256,#4257)
    ,(#4258,#4259
    )),.UNSPECIFIED.,.F.,.F.,.F.,(2,2),(2,2),(-1.514350489422,
    1.987852153749),(-1.971553563859,1.975583000018),
  .PIECEWISE_BEZIER_KNOTS.);
#4256 = CARTESIAN_POINT('',(-49.43643171806,-3.904001468429,57.4));
#4257 = CARTESIAN_POINT('',(-53.38356828193,-3.904001468429,57.4));
#4258 = CARTESIAN_POINT('',(-49.43643171806,-0.401798825257,57.4));
#4259 = CARTESIAN_POINT('',(-53.38356828193,-0.401798825257,57.4));
#4260 = ADVANCED_FACE('',(#4261,#4269),#4278,.F.);
#4261 = FACE_BOUND('',#4262,.T.);
#4262 = EDGE_LOOP('',(#4263,#4264,#4265,#4266,#4267,#4268));
#4263 = ORIENTED_EDGE('',*,*,#3858,.T.);
#4264 = ORIENTED_EDGE('',*,*,#3886,.T.);
#4265 = ORIENTED_EDGE('',*,*,#3914,.T.);
#4266 = ORIENTED_EDGE('',*,*,#3946,.T.);
#4267 = ORIENTED_EDGE('',*,*,#3978,.T.);
#4268 = ORIENTED_EDGE('',*,*,#4010,.T.);
#4269 = FACE_BOUND('',#4270,.T.);
#4270 = EDGE_LOOP('',(#4271,#4272,#4273,#4274,#4275,#4276,#4277));
#4271 = ORIENTED_EDGE('',*,*,#4038,.T.);
#4272 = ORIENTED_EDGE('',*,*,#4066,.T.);
#4273 = ORIENTED_EDGE('',*,*,#4094,.T.);
#4274 = ORIENTED_EDGE('',*,*,#4126,.T.);
#4275 = ORIENTED_EDGE('',*,*,#4158,.T.);
#4276 = ORIENTED_EDGE('',*,*,#4190,.T.);
#4277 = ORIENTED_EDGE('',*,*,#4222,.T.);
#4278 = B_SPLINE_SURFACE_WITH_KNOTS('',1,1,(
    (#4279,#4280)
    ,(#4281,#4282
    )),.UNSPECIFIED.,.F.,.F.,.F.,(2,2),(2,2),(-1.514350489422,
    1.987852153749),(-1.971553563859,1.975583000018),
  .PIECEWISE_BEZIER_KNOTS.);
#4279 = CARTESIAN_POINT('',(-49.43643171806,-3.904001468429,56.8));
#4280 = CARTESIAN_POINT('',(-53.38356828193,-3.904001468429,56.8));
#4281 = CARTESIAN_POINT('',(-49.43643171806,-0.401798825257,56.8));
#4282 = CARTESIAN_POINT('',(-53.38356828193,-0.401798825257,56.8));
#4283 = MANIFOLD_SOLID_BREP('',#4284);
#4284 = CLOSED_SHELL('',(#4285,#4321,#4349,#4377,#4397,#4409));
#4285 = ADVANCED_FACE('',(#4286),#4316,.F.);
#4286 = FACE_BOUND('',#4287,.F.);
#4287 = EDGE_LOOP('',(#4288,#4297,#4304,#4311));
#4288 = ORIENTED_EDGE('',*,*,#4289,.T.);
#4289 = EDGE_CURVE('',#4290,#4292,#4294,.T.);
#4290 = VERTEX_POINT('',#4291);
#4291 = CARTESIAN_POINT('',(-49.43643171806,1.143906020558,57.4));
#4292 = VERTEX_POINT('',#4293);
#4293 = CARTESIAN_POINT('',(-49.43643171806,1.143906020558,56.8));
#4294 = B_SPLINE_CURVE_WITH_KNOTS('',1,(#4295,#4296),.UNSPECIFIED.,.F.,
  .F.,(2,2),(0.,0.6),.PIECEWISE_BEZIER_KNOTS.);
#4295 = CARTESIAN_POINT('',(-49.43643171806,1.143906020558,57.4));
#4296 = CARTESIAN_POINT('',(-49.43643171806,1.143906020558,56.8));
#4297 = ORIENTED_EDGE('',*,*,#4298,.T.);
#4298 = EDGE_CURVE('',#4292,#4299,#4301,.T.);
#4299 = VERTEX_POINT('',#4300);
#4300 = CARTESIAN_POINT('',(-49.43643171806,0.254588839941,56.8));
#4301 = B_SPLINE_CURVE_WITH_KNOTS('',1,(#4302,#4303),.UNSPECIFIED.,.F.,
  .F.,(2,2),(0.,0.889317180617),.PIECEWISE_BEZIER_KNOTS.);
#4302 = CARTESIAN_POINT('',(-49.43643171806,1.143906020558,56.8));
#4303 = CARTESIAN_POINT('',(-49.43643171806,0.254588839941,56.8));
#4304 = ORIENTED_EDGE('',*,*,#4305,.F.);
#4305 = EDGE_CURVE('',#4306,#4299,#4308,.T.);
#4306 = VERTEX_POINT('',#4307);
#4307 = CARTESIAN_POINT('',(-49.43643171806,0.254588839941,57.4));
#4308 = B_SPLINE_CURVE_WITH_KNOTS('',1,(#4309,#4310),.UNSPECIFIED.,.F.,
  .F.,(2,2),(0.,0.6),.PIECEWISE_BEZIER_KNOTS.);
#4309 = CARTESIAN_POINT('',(-49.43643171806,0.254588839941,57.4));
#4310 = CARTESIAN_POINT('',(-49.43643171806,0.254588839941,56.8));
#4311 = ORIENTED_EDGE('',*,*,#4312,.F.);
#4312 = EDGE_CURVE('',#4290,#4306,#4313,.T.);
#4313 = B_SPLINE_CURVE_WITH_KNOTS('',1,(#4314,#4315),.UNSPECIFIED.,.F.,
  .F.,(2,2),(0.,0.889317180617),.PIECEWISE_BEZIER_KNOTS.);
#4314 = CARTESIAN_POINT('',(-49.43643171806,1.143906020558,57.4));
#4315 = CARTESIAN_POINT('',(-49.43643171806,0.254588839941,57.4));
#4316 = B_SPLINE_SURFACE_WITH_KNOTS('',1,1,(
    (#4317,#4318)
    ,(#4319,#4320
    )),.UNSPECIFIED.,.F.,.F.,.F.,(2,2),(2,2),(0.,0.889317180617),(-0.6,
    0.),.PIECEWISE_BEZIER_KNOTS.);
#4317 = CARTESIAN_POINT('',(-49.43643171806,1.143906020558,56.8));
#4318 = CARTESIAN_POINT('',(-49.43643171806,1.143906020558,57.4));
#4319 = CARTESIAN_POINT('',(-49.43643171806,0.254588839941,56.8));
#4320 = CARTESIAN_POINT('',(-49.43643171806,0.254588839941,57.4));
#4321 = ADVANCED_FACE('',(#4322),#4344,.F.);
#4322 = FACE_BOUND('',#4323,.F.);
#4323 = EDGE_LOOP('',(#4324,#4325,#4332,#4339));
#4324 = ORIENTED_EDGE('',*,*,#4305,.T.);
#4325 = ORIENTED_EDGE('',*,*,#4326,.T.);
#4326 = EDGE_CURVE('',#4299,#4327,#4329,.T.);
#4327 = VERTEX_POINT('',#4328);
#4328 = CARTESIAN_POINT('',(-53.38356828193,0.254588839941,56.8));
#4329 = B_SPLINE_CURVE_WITH_KNOTS('',1,(#4330,#4331),.UNSPECIFIED.,.F.,
  .F.,(2,2),(0.,3.947136563877),.PIECEWISE_BEZIER_KNOTS.);
#4330 = CARTESIAN_POINT('',(-49.43643171806,0.254588839941,56.8));
#4331 = CARTESIAN_POINT('',(-53.38356828193,0.254588839941,56.8));
#4332 = ORIENTED_EDGE('',*,*,#4333,.F.);
#4333 = EDGE_CURVE('',#4334,#4327,#4336,.T.);
#4334 = VERTEX_POINT('',#4335);
#4335 = CARTESIAN_POINT('',(-53.38356828193,0.254588839941,57.4));
#4336 = B_SPLINE_CURVE_WITH_KNOTS('',1,(#4337,#4338),.UNSPECIFIED.,.F.,
  .F.,(2,2),(0.,0.6),.PIECEWISE_BEZIER_KNOTS.);
#4337 = CARTESIAN_POINT('',(-53.38356828193,0.254588839941,57.4));
#4338 = CARTESIAN_POINT('',(-53.38356828193,0.254588839941,56.8));
#4339 = ORIENTED_EDGE('',*,*,#4340,.F.);
#4340 = EDGE_CURVE('',#4306,#4334,#4341,.T.);
#4341 = B_SPLINE_CURVE_WITH_KNOTS('',1,(#4342,#4343),.UNSPECIFIED.,.F.,
  .F.,(2,2),(0.,3.947136563877),.PIECEWISE_BEZIER_KNOTS.);
#4342 = CARTESIAN_POINT('',(-49.43643171806,0.254588839941,57.4));
#4343 = CARTESIAN_POINT('',(-53.38356828193,0.254588839941,57.4));
#4344 = B_SPLINE_SURFACE_WITH_KNOTS('',1,1,(
    (#4345,#4346)
    ,(#4347,#4348
    )),.UNSPECIFIED.,.F.,.F.,.F.,(2,2),(2,2),(0.,3.947136563877),(-0.6,
    0.),.PIECEWISE_BEZIER_KNOTS.);
#4345 = CARTESIAN_POINT('',(-49.43643171806,0.254588839941,56.8));
#4346 = CARTESIAN_POINT('',(-49.43643171806,0.254588839941,57.4));
#4347 = CARTESIAN_POINT('',(-53.38356828193,0.254588839941,56.8));
#4348 = CARTESIAN_POINT('',(-53.38356828193,0.254588839941,57.4));
#4349 = ADVANCED_FACE('',(#4350),#4372,.F.);
#4350 = FACE_BOUND('',#4351,.F.);
#4351 = EDGE_LOOP('',(#4352,#4353,#4360,#4367));
#4352 = ORIENTED_EDGE('',*,*,#4333,.T.);
#4353 = ORIENTED_EDGE('',*,*,#4354,.T.);
#4354 = EDGE_CURVE('',#4327,#4355,#4357,.T.);
#4355 = VERTEX_POINT('',#4356);
#4356 = CARTESIAN_POINT('',(-53.38356828193,1.143906020558,56.8));
#4357 = B_SPLINE_CURVE_WITH_KNOTS('',1,(#4358,#4359),.UNSPECIFIED.,.F.,
  .F.,(2,2),(0.,0.889317180617),.PIECEWISE_BEZIER_KNOTS.);
#4358 = CARTESIAN_POINT('',(-53.38356828193,0.254588839941,56.8));
#4359 = CARTESIAN_POINT('',(-53.38356828193,1.143906020558,56.8));
#4360 = ORIENTED_EDGE('',*,*,#4361,.F.);
#4361 = EDGE_CURVE('',#4362,#4355,#4364,.T.);
#4362 = VERTEX_POINT('',#4363);
#4363 = CARTESIAN_POINT('',(-53.38356828193,1.143906020558,57.4));
#4364 = B_SPLINE_CURVE_WITH_KNOTS('',1,(#4365,#4366),.UNSPECIFIED.,.F.,
  .F.,(2,2),(0.,0.6),.PIECEWISE_BEZIER_KNOTS.);
#4365 = CARTESIAN_POINT('',(-53.38356828193,1.143906020558,57.4));
#4366 = CARTESIAN_POINT('',(-53.38356828193,1.143906020558,56.8));
#4367 = ORIENTED_EDGE('',*,*,#4368,.F.);
#4368 = EDGE_CURVE('',#4334,#4362,#4369,.T.);
#4369 = B_SPLINE_CURVE_WITH_KNOTS('',1,(#4370,#4371),.UNSPECIFIED.,.F.,
  .F.,(2,2),(0.,0.889317180617),.PIECEWISE_BEZIER_KNOTS.);
#4370 = CARTESIAN_POINT('',(-53.38356828193,0.254588839941,57.4));
#4371 = CARTESIAN_POINT('',(-53.38356828193,1.143906020558,57.4));
#4372 = B_SPLINE_SURFACE_WITH_KNOTS('',1,1,(
    (#4373,#4374)
    ,(#4375,#4376
    )),.UNSPECIFIED.,.F.,.F.,.F.,(2,2),(2,2),(0.,0.889317180617),(-0.6,
    0.),.PIECEWISE_BEZIER_KNOTS.);
#4373 = CARTESIAN_POINT('',(-53.38356828193,0.254588839941,56.8));
#4374 = CARTESIAN_POINT('',(-53.38356828193,0.254588839941,57.4));
#4375 = CARTESIAN_POINT('',(-53.38356828193,1.143906020558,56.8));
#4376 = CARTESIAN_POINT('',(-53.38356828193,1.143906020558,57.4));
#4377 = ADVANCED_FACE('',(#4378),#4392,.F.);
#4378 = FACE_BOUND('',#4379,.F.);
#4379 = EDGE_LOOP('',(#4380,#4381,#4386,#4387));
#4380 = ORIENTED_EDGE('',*,*,#4361,.T.);
#4381 = ORIENTED_EDGE('',*,*,#4382,.T.);
#4382 = EDGE_CURVE('',#4355,#4292,#4383,.T.);
#4383 = B_SPLINE_CURVE_WITH_KNOTS('',1,(#4384,#4385),.UNSPECIFIED.,.F.,
  .F.,(2,2),(0.,3.947136563877),.PIECEWISE_BEZIER_KNOTS.);
#4384 = CARTESIAN_POINT('',(-53.38356828193,1.143906020558,56.8));
#4385 = CARTESIAN_POINT('',(-49.43643171806,1.143906020558,56.8));
#4386 = ORIENTED_EDGE('',*,*,#4289,.F.);
#4387 = ORIENTED_EDGE('',*,*,#4388,.F.);
#4388 = EDGE_CURVE('',#4362,#4290,#4389,.T.);
#4389 = B_SPLINE_CURVE_WITH_KNOTS('',1,(#4390,#4391),.UNSPECIFIED.,.F.,
  .F.,(2,2),(0.,3.947136563877),.PIECEWISE_BEZIER_KNOTS.);
#4390 = CARTESIAN_POINT('',(-53.38356828193,1.143906020558,57.4));
#4391 = CARTESIAN_POINT('',(-49.43643171806,1.143906020558,57.4));
#4392 = B_SPLINE_SURFACE_WITH_KNOTS('',1,1,(
    (#4393,#4394)
    ,(#4395,#4396
    )),.UNSPECIFIED.,.F.,.F.,.F.,(2,2),(2,2),(0.,3.947136563877),(-0.6,
    0.),.PIECEWISE_BEZIER_KNOTS.);
#4393 = CARTESIAN_POINT('',(-53.38356828193,1.143906020558,56.8));
#4394 = CARTESIAN_POINT('',(-53.38356828193,1.143906020558,57.4));
#4395 = CARTESIAN_POINT('',(-49.43643171806,1.143906020558,56.8));
#4396 = CARTESIAN_POINT('',(-49.43643171806,1.143906020558,57.4));
#4397 = ADVANCED_FACE('',(#4398),#4404,.T.);
#4398 = FACE_BOUND('',#4399,.F.);
#4399 = EDGE_LOOP('',(#4400,#4401,#4402,#4403));
#4400 = ORIENTED_EDGE('',*,*,#4312,.T.);
#4401 = ORIENTED_EDGE('',*,*,#4340,.T.);
#4402 = ORIENTED_EDGE('',*,*,#4368,.T.);
#4403 = ORIENTED_EDGE('',*,*,#4388,.T.);
#4404 = B_SPLINE_SURFACE_WITH_KNOTS('',1,1,(
    (#4405,#4406)
    ,(#4407,#4408
    )),.UNSPECIFIED.,.F.,.F.,.F.,(2,2),(2,2),(-0.444658590308,
    0.444658590308),(-1.973568281938,1.973568281938),
  .PIECEWISE_BEZIER_KNOTS.);
#4405 = CARTESIAN_POINT('',(-49.43643171806,0.254588839941,57.4));
#4406 = CARTESIAN_POINT('',(-53.38356828193,0.254588839941,57.4));
#4407 = CARTESIAN_POINT('',(-49.43643171806,1.143906020558,57.4));
#4408 = CARTESIAN_POINT('',(-53.38356828193,1.143906020558,57.4));
#4409 = ADVANCED_FACE('',(#4410),#4416,.F.);
#4410 = FACE_BOUND('',#4411,.T.);
#4411 = EDGE_LOOP('',(#4412,#4413,#4414,#4415));
#4412 = ORIENTED_EDGE('',*,*,#4298,.T.);
#4413 = ORIENTED_EDGE('',*,*,#4326,.T.);
#4414 = ORIENTED_EDGE('',*,*,#4354,.T.);
#4415 = ORIENTED_EDGE('',*,*,#4382,.T.);
#4416 = B_SPLINE_SURFACE_WITH_KNOTS('',1,1,(
    (#4417,#4418)
    ,(#4419,#4420
    )),.UNSPECIFIED.,.F.,.F.,.F.,(2,2),(2,2),(-0.444658590308,
    0.444658590308),(-1.973568281938,1.973568281938),
  .PIECEWISE_BEZIER_KNOTS.);
#4417 = CARTESIAN_POINT('',(-49.43643171806,0.254588839941,56.8));
#4418 = CARTESIAN_POINT('',(-53.38356828193,0.254588839941,56.8));
#4419 = CARTESIAN_POINT('',(-49.43643171806,1.143906020558,56.8));
#4420 = CARTESIAN_POINT('',(-53.38356828193,1.143906020558,56.8));
#4421 = MANIFOLD_SOLID_BREP('',#4422);
#4422 = CLOSED_SHELL('',(#4423,#4459,#4487,#4515,#4543,#4571,#4599,#4627
    ,#4647,#4683,#4715,#4743,#4775,#4803,#4823,#4847));
#4423 = ADVANCED_FACE('',(#4424),#4454,.F.);
#4424 = FACE_BOUND('',#4425,.F.);
#4425 = EDGE_LOOP('',(#4426,#4435,#4442,#4449));
#4426 = ORIENTED_EDGE('',*,*,#4427,.T.);
#4427 = EDGE_CURVE('',#4428,#4430,#4432,.T.);
#4428 = VERTEX_POINT('',#4429);
#4429 = CARTESIAN_POINT('',(-49.43643171806,5.512114537445,57.4));
#4430 = VERTEX_POINT('',#4431);
#4431 = CARTESIAN_POINT('',(-49.43643171806,5.512114537445,56.8));
#4432 = B_SPLINE_CURVE_WITH_KNOTS('',1,(#4433,#4434),.UNSPECIFIED.,.F.,
  .F.,(2,2),(0.,0.6),.PIECEWISE_BEZIER_KNOTS.);
#4433 = CARTESIAN_POINT('',(-49.43643171806,5.512114537445,57.4));
#4434 = CARTESIAN_POINT('',(-49.43643171806,5.512114537445,56.8));
#4435 = ORIENTED_EDGE('',*,*,#4436,.T.);
#4436 = EDGE_CURVE('',#4430,#4437,#4439,.T.);
#4437 = VERTEX_POINT('',#4438);
#4438 = CARTESIAN_POINT('',(-49.43643171806,4.54295154185,56.8));
#4439 = B_SPLINE_CURVE_WITH_KNOTS('',1,(#4440,#4441),.UNSPECIFIED.,.F.,
  .F.,(2,2),(0.,0.969162995595),.PIECEWISE_BEZIER_KNOTS.);
#4440 = CARTESIAN_POINT('',(-49.43643171806,5.512114537445,56.8));
#4441 = CARTESIAN_POINT('',(-49.43643171806,4.54295154185,56.8));
#4442 = ORIENTED_EDGE('',*,*,#4443,.F.);
#4443 = EDGE_CURVE('',#4444,#4437,#4446,.T.);
#4444 = VERTEX_POINT('',#4445);
#4445 = CARTESIAN_POINT('',(-49.43643171806,4.54295154185,57.4));
#4446 = B_SPLINE_CURVE_WITH_KNOTS('',1,(#4447,#4448),.UNSPECIFIED.,.F.,
  .F.,(2,2),(0.,0.6),.PIECEWISE_BEZIER_KNOTS.);
#4447 = CARTESIAN_POINT('',(-49.43643171806,4.54295154185,57.4));
#4448 = CARTESIAN_POINT('',(-49.43643171806,4.54295154185,56.8));
#4449 = ORIENTED_EDGE('',*,*,#4450,.F.);
#4450 = EDGE_CURVE('',#4428,#4444,#4451,.T.);
#4451 = B_SPLINE_CURVE_WITH_KNOTS('',1,(#4452,#4453),.UNSPECIFIED.,.F.,
  .F.,(2,2),(0.,0.969162995595),.PIECEWISE_BEZIER_KNOTS.);
#4452 = CARTESIAN_POINT('',(-49.43643171806,5.512114537445,57.4));
#4453 = CARTESIAN_POINT('',(-49.43643171806,4.54295154185,57.4));
#4454 = B_SPLINE_SURFACE_WITH_KNOTS('',1,1,(
    (#4455,#4456)
    ,(#4457,#4458
    )),.UNSPECIFIED.,.F.,.F.,.F.,(2,2),(2,2),(0.,0.969162995595),(-0.6,
    0.),.PIECEWISE_BEZIER_KNOTS.);
#4455 = CARTESIAN_POINT('',(-49.43643171806,5.512114537445,56.8));
#4456 = CARTESIAN_POINT('',(-49.43643171806,5.512114537445,57.4));
#4457 = CARTESIAN_POINT('',(-49.43643171806,4.54295154185,56.8));
#4458 = CARTESIAN_POINT('',(-49.43643171806,4.54295154185,57.4));
#4459 = ADVANCED_FACE('',(#4460),#4482,.F.);
#4460 = FACE_BOUND('',#4461,.F.);
#4461 = EDGE_LOOP('',(#4462,#4463,#4470,#4477));
#4462 = ORIENTED_EDGE('',*,*,#4443,.T.);
#4463 = ORIENTED_EDGE('',*,*,#4464,.T.);
#4464 = EDGE_CURVE('',#4437,#4465,#4467,.T.);
#4465 = VERTEX_POINT('',#4466);
#4466 = CARTESIAN_POINT('',(-50.316020558,4.262114537445,56.8));
#4467 = B_SPLINE_CURVE_WITH_KNOTS('',1,(#4468,#4469),.UNSPECIFIED.,.F.,
  .F.,(2,2),(0.,0.923334148828),.PIECEWISE_BEZIER_KNOTS.);
#4468 = CARTESIAN_POINT('',(-49.43643171806,4.54295154185,56.8));
#4469 = CARTESIAN_POINT('',(-50.316020558,4.262114537445,56.8));
#4470 = ORIENTED_EDGE('',*,*,#4471,.F.);
#4471 = EDGE_CURVE('',#4472,#4465,#4474,.T.);
#4472 = VERTEX_POINT('',#4473);
#4473 = CARTESIAN_POINT('',(-50.316020558,4.262114537445,57.4));
#4474 = B_SPLINE_CURVE_WITH_KNOTS('',1,(#4475,#4476),.UNSPECIFIED.,.F.,
  .F.,(2,2),(0.,0.6),.PIECEWISE_BEZIER_KNOTS.);
#4475 = CARTESIAN_POINT('',(-50.316020558,4.262114537445,57.4));
#4476 = CARTESIAN_POINT('',(-50.316020558,4.262114537445,56.8));
#4477 = ORIENTED_EDGE('',*,*,#4478,.F.);
#4478 = EDGE_CURVE('',#4444,#4472,#4479,.T.);
#4479 = B_SPLINE_CURVE_WITH_KNOTS('',1,(#4480,#4481),.UNSPECIFIED.,.F.,
  .F.,(2,2),(0.,0.923334148828),.PIECEWISE_BEZIER_KNOTS.);
#4480 = CARTESIAN_POINT('',(-49.43643171806,4.54295154185,57.4));
#4481 = CARTESIAN_POINT('',(-50.316020558,4.262114537445,57.4));
#4482 = B_SPLINE_SURFACE_WITH_KNOTS('',1,1,(
    (#4483,#4484)
    ,(#4485,#4486
    )),.UNSPECIFIED.,.F.,.F.,.F.,(2,2),(2,2),(0.,0.923334148828),(-0.6,
    0.),.PIECEWISE_BEZIER_KNOTS.);
#4483 = CARTESIAN_POINT('',(-49.43643171806,4.54295154185,56.8));
#4484 = CARTESIAN_POINT('',(-49.43643171806,4.54295154185,57.4));
#4485 = CARTESIAN_POINT('',(-50.316020558,4.262114537445,56.8));
#4486 = CARTESIAN_POINT('',(-50.316020558,4.262114537445,57.4));
#4487 = ADVANCED_FACE('',(#4488),#4510,.F.);
#4488 = FACE_BOUND('',#4489,.F.);
#4489 = EDGE_LOOP('',(#4490,#4491,#4498,#4505));
#4490 = ORIENTED_EDGE('',*,*,#4471,.T.);
#4491 = ORIENTED_EDGE('',*,*,#4492,.T.);
#4492 = EDGE_CURVE('',#4465,#4493,#4495,.T.);
#4493 = VERTEX_POINT('',#4494);
#4494 = CARTESIAN_POINT('',(-50.316020558,2.857929515419,56.8));
#4495 = B_SPLINE_CURVE_WITH_KNOTS('',1,(#4496,#4497),.UNSPECIFIED.,.F.,
  .F.,(2,2),(0.,1.404185022026),.PIECEWISE_BEZIER_KNOTS.);
#4496 = CARTESIAN_POINT('',(-50.316020558,4.262114537445,56.8));
#4497 = CARTESIAN_POINT('',(-50.316020558,2.857929515419,56.8));
#4498 = ORIENTED_EDGE('',*,*,#4499,.F.);
#4499 = EDGE_CURVE('',#4500,#4493,#4502,.T.);
#4500 = VERTEX_POINT('',#4501);
#4501 = CARTESIAN_POINT('',(-50.316020558,2.857929515419,57.4));
#4502 = B_SPLINE_CURVE_WITH_KNOTS('',1,(#4503,#4504),.UNSPECIFIED.,.F.,
  .F.,(2,2),(0.,0.6),.PIECEWISE_BEZIER_KNOTS.);
#4503 = CARTESIAN_POINT('',(-50.316020558,2.857929515419,57.4));
#4504 = CARTESIAN_POINT('',(-50.316020558,2.857929515419,56.8));
#4505 = ORIENTED_EDGE('',*,*,#4506,.F.);
#4506 = EDGE_CURVE('',#4472,#4500,#4507,.T.);
#4507 = B_SPLINE_CURVE_WITH_KNOTS('',1,(#4508,#4509),.UNSPECIFIED.,.F.,
  .F.,(2,2),(0.,1.404185022026),.PIECEWISE_BEZIER_KNOTS.);
#4508 = CARTESIAN_POINT('',(-50.316020558,4.262114537445,57.4));
#4509 = CARTESIAN_POINT('',(-50.316020558,2.857929515419,57.4));
#4510 = B_SPLINE_SURFACE_WITH_KNOTS('',1,1,(
    (#4511,#4512)
    ,(#4513,#4514
    )),.UNSPECIFIED.,.F.,.F.,.F.,(2,2),(2,2),(0.,1.404185022026),(-0.6,
    0.),.PIECEWISE_BEZIER_KNOTS.);
#4511 = CARTESIAN_POINT('',(-50.316020558,4.262114537445,56.8));
#4512 = CARTESIAN_POINT('',(-50.316020558,4.262114537445,57.4));
#4513 = CARTESIAN_POINT('',(-50.316020558,2.857929515419,56.8));
#4514 = CARTESIAN_POINT('',(-50.316020558,2.857929515419,57.4));
#4515 = ADVANCED_FACE('',(#4516),#4538,.F.);
#4516 = FACE_BOUND('',#4517,.F.);
#4517 = EDGE_LOOP('',(#4518,#4519,#4526,#4533));
#4518 = ORIENTED_EDGE('',*,*,#4499,.T.);
#4519 = ORIENTED_EDGE('',*,*,#4520,.T.);
#4520 = EDGE_CURVE('',#4493,#4521,#4523,.T.);
#4521 = VERTEX_POINT('',#4522);
#4522 = CARTESIAN_POINT('',(-49.43643171806,2.579845814978,56.8));
#4523 = B_SPLINE_CURVE_WITH_KNOTS('',1,(#4524,#4525),.UNSPECIFIED.,.F.,
  .F.,(2,2),(0.,0.92250044542),.PIECEWISE_BEZIER_KNOTS.);
#4524 = CARTESIAN_POINT('',(-50.316020558,2.857929515419,56.8));
#4525 = CARTESIAN_POINT('',(-49.43643171806,2.579845814978,56.8));
#4526 = ORIENTED_EDGE('',*,*,#4527,.F.);
#4527 = EDGE_CURVE('',#4528,#4521,#4530,.T.);
#4528 = VERTEX_POINT('',#4529);
#4529 = CARTESIAN_POINT('',(-49.43643171806,2.579845814978,57.4));
#4530 = B_SPLINE_CURVE_WITH_KNOTS('',1,(#4531,#4532),.UNSPECIFIED.,.F.,
  .F.,(2,2),(0.,0.6),.PIECEWISE_BEZIER_KNOTS.);
#4531 = CARTESIAN_POINT('',(-49.43643171806,2.579845814978,57.4));
#4532 = CARTESIAN_POINT('',(-49.43643171806,2.579845814978,56.8));
#4533 = ORIENTED_EDGE('',*,*,#4534,.F.);
#4534 = EDGE_CURVE('',#4500,#4528,#4535,.T.);
#4535 = B_SPLINE_CURVE_WITH_KNOTS('',1,(#4536,#4537),.UNSPECIFIED.,.F.,
  .F.,(2,2),(0.,0.92250044542),.PIECEWISE_BEZIER_KNOTS.);
#4536 = CARTESIAN_POINT('',(-50.316020558,2.857929515419,57.4));
#4537 = CARTESIAN_POINT('',(-49.43643171806,2.579845814978,57.4));
#4538 = B_SPLINE_SURFACE_WITH_KNOTS('',1,1,(
    (#4539,#4540)
    ,(#4541,#4542
    )),.UNSPECIFIED.,.F.,.F.,.F.,(2,2),(2,2),(0.,0.92250044542),(-0.6,0.
    ),.PIECEWISE_BEZIER_KNOTS.);
#4539 = CARTESIAN_POINT('',(-50.316020558,2.857929515419,56.8));
#4540 = CARTESIAN_POINT('',(-50.316020558,2.857929515419,57.4));
#4541 = CARTESIAN_POINT('',(-49.43643171806,2.579845814978,56.8));
#4542 = CARTESIAN_POINT('',(-49.43643171806,2.579845814978,57.4));
#4543 = ADVANCED_FACE('',(#4544),#4566,.F.);
#4544 = FACE_BOUND('',#4545,.F.);
#4545 = EDGE_LOOP('',(#4546,#4547,#4554,#4561));
#4546 = ORIENTED_EDGE('',*,*,#4527,.T.);
#4547 = ORIENTED_EDGE('',*,*,#4548,.T.);
#4548 = EDGE_CURVE('',#4521,#4549,#4551,.T.);
#4549 = VERTEX_POINT('',#4550);
#4550 = CARTESIAN_POINT('',(-49.43643171806,1.616189427313,56.8));
#4551 = B_SPLINE_CURVE_WITH_KNOTS('',1,(#4552,#4553),.UNSPECIFIED.,.F.,
  .F.,(2,2),(0.,0.963656387665),.PIECEWISE_BEZIER_KNOTS.);
#4552 = CARTESIAN_POINT('',(-49.43643171806,2.579845814978,56.8));
#4553 = CARTESIAN_POINT('',(-49.43643171806,1.616189427313,56.8));
#4554 = ORIENTED_EDGE('',*,*,#4555,.F.);
#4555 = EDGE_CURVE('',#4556,#4549,#4558,.T.);
#4556 = VERTEX_POINT('',#4557);
#4557 = CARTESIAN_POINT('',(-49.43643171806,1.616189427313,57.4));
#4558 = B_SPLINE_CURVE_WITH_KNOTS('',1,(#4559,#4560),.UNSPECIFIED.,.F.,
  .F.,(2,2),(0.,0.6),.PIECEWISE_BEZIER_KNOTS.);
#4559 = CARTESIAN_POINT('',(-49.43643171806,1.616189427313,57.4));
#4560 = CARTESIAN_POINT('',(-49.43643171806,1.616189427313,56.8));
#4561 = ORIENTED_EDGE('',*,*,#4562,.F.);
#4562 = EDGE_CURVE('',#4528,#4556,#4563,.T.);
#4563 = B_SPLINE_CURVE_WITH_KNOTS('',1,(#4564,#4565),.UNSPECIFIED.,.F.,
  .F.,(2,2),(0.,0.963656387665),.PIECEWISE_BEZIER_KNOTS.);
#4564 = CARTESIAN_POINT('',(-49.43643171806,2.579845814978,57.4));
#4565 = CARTESIAN_POINT('',(-49.43643171806,1.616189427313,57.4));
#4566 = B_SPLINE_SURFACE_WITH_KNOTS('',1,1,(
    (#4567,#4568)
    ,(#4569,#4570
    )),.UNSPECIFIED.,.F.,.F.,.F.,(2,2),(2,2),(0.,0.963656387665),(-0.6,
    0.),.PIECEWISE_BEZIER_KNOTS.);
#4567 = CARTESIAN_POINT('',(-49.43643171806,2.579845814978,56.8));
#4568 = CARTESIAN_POINT('',(-49.43643171806,2.579845814978,57.4));
#4569 = CARTESIAN_POINT('',(-49.43643171806,1.616189427313,56.8));
#4570 = CARTESIAN_POINT('',(-49.43643171806,1.616189427313,57.4));
#4571 = ADVANCED_FACE('',(#4572),#4594,.F.);
#4572 = FACE_BOUND('',#4573,.F.);
#4573 = EDGE_LOOP('',(#4574,#4575,#4582,#4589));
#4574 = ORIENTED_EDGE('',*,*,#4555,.T.);
#4575 = ORIENTED_EDGE('',*,*,#4576,.T.);
#4576 = EDGE_CURVE('',#4549,#4577,#4579,.T.);
#4577 = VERTEX_POINT('',#4578);
#4578 = CARTESIAN_POINT('',(-53.38356828193,3.053414096916,56.8));
#4579 = B_SPLINE_CURVE_WITH_KNOTS('',1,(#4580,#4581),.UNSPECIFIED.,.F.,
  .F.,(2,2),(0.,4.2006549257),.PIECEWISE_BEZIER_KNOTS.);
#4580 = CARTESIAN_POINT('',(-49.43643171806,1.616189427313,56.8));
#4581 = CARTESIAN_POINT('',(-53.38356828193,3.053414096916,56.8));
#4582 = ORIENTED_EDGE('',*,*,#4583,.F.);
#4583 = EDGE_CURVE('',#4584,#4577,#4586,.T.);
#4584 = VERTEX_POINT('',#4585);
#4585 = CARTESIAN_POINT('',(-53.38356828193,3.053414096916,57.4));
#4586 = B_SPLINE_CURVE_WITH_KNOTS('',1,(#4587,#4588),.UNSPECIFIED.,.F.,
  .F.,(2,2),(0.,0.6),.PIECEWISE_BEZIER_KNOTS.);
#4587 = CARTESIAN_POINT('',(-53.38356828193,3.053414096916,57.4));
#4588 = CARTESIAN_POINT('',(-53.38356828193,3.053414096916,56.8));
#4589 = ORIENTED_EDGE('',*,*,#4590,.F.);
#4590 = EDGE_CURVE('',#4556,#4584,#4591,.T.);
#4591 = B_SPLINE_CURVE_WITH_KNOTS('',1,(#4592,#4593),.UNSPECIFIED.,.F.,
  .F.,(2,2),(0.,4.2006549257),.PIECEWISE_BEZIER_KNOTS.);
#4592 = CARTESIAN_POINT('',(-49.43643171806,1.616189427313,57.4));
#4593 = CARTESIAN_POINT('',(-53.38356828193,3.053414096916,57.4));
#4594 = B_SPLINE_SURFACE_WITH_KNOTS('',1,1,(
    (#4595,#4596)
    ,(#4597,#4598
    )),.UNSPECIFIED.,.F.,.F.,.F.,(2,2),(2,2),(0.,4.2006549257),(-0.6,0.)
  ,.PIECEWISE_BEZIER_KNOTS.);
#4595 = CARTESIAN_POINT('',(-49.43643171806,1.616189427313,56.8));
#4596 = CARTESIAN_POINT('',(-49.43643171806,1.616189427313,57.4));
#4597 = CARTESIAN_POINT('',(-53.38356828193,3.053414096916,56.8));
#4598 = CARTESIAN_POINT('',(-53.38356828193,3.053414096916,57.4));
#4599 = ADVANCED_FACE('',(#4600),#4622,.F.);
#4600 = FACE_BOUND('',#4601,.F.);
#4601 = EDGE_LOOP('',(#4602,#4603,#4610,#4617));
#4602 = ORIENTED_EDGE('',*,*,#4583,.T.);
#4603 = ORIENTED_EDGE('',*,*,#4604,.T.);
#4604 = EDGE_CURVE('',#4577,#4605,#4607,.T.);
#4605 = VERTEX_POINT('',#4606);
#4606 = CARTESIAN_POINT('',(-53.38356828193,4.107929515419,56.8));
#4607 = B_SPLINE_CURVE_WITH_KNOTS('',1,(#4608,#4609),.UNSPECIFIED.,.F.,
  .F.,(2,2),(0.,1.054515418502),.PIECEWISE_BEZIER_KNOTS.);
#4608 = CARTESIAN_POINT('',(-53.38356828193,3.053414096916,56.8));
#4609 = CARTESIAN_POINT('',(-53.38356828193,4.107929515419,56.8));
#4610 = ORIENTED_EDGE('',*,*,#4611,.F.);
#4611 = EDGE_CURVE('',#4612,#4605,#4614,.T.);
#4612 = VERTEX_POINT('',#4613);
#4613 = CARTESIAN_POINT('',(-53.38356828193,4.107929515419,57.4));
#4614 = B_SPLINE_CURVE_WITH_KNOTS('',1,(#4615,#4616),.UNSPECIFIED.,.F.,
  .F.,(2,2),(0.,0.6),.PIECEWISE_BEZIER_KNOTS.);
#4615 = CARTESIAN_POINT('',(-53.38356828193,4.107929515419,57.4));
#4616 = CARTESIAN_POINT('',(-53.38356828193,4.107929515419,56.8));
#4617 = ORIENTED_EDGE('',*,*,#4618,.F.);
#4618 = EDGE_CURVE('',#4584,#4612,#4619,.T.);
#4619 = B_SPLINE_CURVE_WITH_KNOTS('',1,(#4620,#4621),.UNSPECIFIED.,.F.,
  .F.,(2,2),(0.,1.054515418502),.PIECEWISE_BEZIER_KNOTS.);
#4620 = CARTESIAN_POINT('',(-53.38356828193,3.053414096916,57.4));
#4621 = CARTESIAN_POINT('',(-53.38356828193,4.107929515419,57.4));
#4622 = B_SPLINE_SURFACE_WITH_KNOTS('',1,1,(
    (#4623,#4624)
    ,(#4625,#4626
    )),.UNSPECIFIED.,.F.,.F.,.F.,(2,2),(2,2),(0.,1.054515418502),(-0.6,
    0.),.PIECEWISE_BEZIER_KNOTS.);
#4623 = CARTESIAN_POINT('',(-53.38356828193,3.053414096916,56.8));
#4624 = CARTESIAN_POINT('',(-53.38356828193,3.053414096916,57.4));
#4625 = CARTESIAN_POINT('',(-53.38356828193,4.107929515419,56.8));
#4626 = CARTESIAN_POINT('',(-53.38356828193,4.107929515419,57.4));
#4627 = ADVANCED_FACE('',(#4628),#4642,.F.);
#4628 = FACE_BOUND('',#4629,.F.);
#4629 = EDGE_LOOP('',(#4630,#4631,#4636,#4637));
#4630 = ORIENTED_EDGE('',*,*,#4611,.T.);
#4631 = ORIENTED_EDGE('',*,*,#4632,.T.);
#4632 = EDGE_CURVE('',#4605,#4430,#4633,.T.);
#4633 = B_SPLINE_CURVE_WITH_KNOTS('',1,(#4634,#4635),.UNSPECIFIED.,.F.,
  .F.,(2,2),(0.,4.189465673565),.PIECEWISE_BEZIER_KNOTS.);
#4634 = CARTESIAN_POINT('',(-53.38356828193,4.107929515419,56.8));
#4635 = CARTESIAN_POINT('',(-49.43643171806,5.512114537445,56.8));
#4636 = ORIENTED_EDGE('',*,*,#4427,.F.);
#4637 = ORIENTED_EDGE('',*,*,#4638,.F.);
#4638 = EDGE_CURVE('',#4612,#4428,#4639,.T.);
#4639 = B_SPLINE_CURVE_WITH_KNOTS('',1,(#4640,#4641),.UNSPECIFIED.,.F.,
  .F.,(2,2),(0.,4.189465673565),.PIECEWISE_BEZIER_KNOTS.);
#4640 = CARTESIAN_POINT('',(-53.38356828193,4.107929515419,57.4));
#4641 = CARTESIAN_POINT('',(-49.43643171806,5.512114537445,57.4));
#4642 = B_SPLINE_SURFACE_WITH_KNOTS('',1,1,(
    (#4643,#4644)
    ,(#4645,#4646
    )),.UNSPECIFIED.,.F.,.F.,.F.,(2,2),(2,2),(0.,4.189465673565),(-0.6,
    0.),.PIECEWISE_BEZIER_KNOTS.);
#4643 = CARTESIAN_POINT('',(-53.38356828193,4.107929515419,56.8));
#4644 = CARTESIAN_POINT('',(-53.38356828193,4.107929515419,57.4));
#4645 = CARTESIAN_POINT('',(-49.43643171806,5.512114537445,56.8));
#4646 = CARTESIAN_POINT('',(-49.43643171806,5.512114537445,57.4));
#4647 = ADVANCED_FACE('',(#4648),#4678,.F.);
#4648 = FACE_BOUND('',#4649,.F.);
#4649 = EDGE_LOOP('',(#4650,#4659,#4666,#4673));
#4650 = ORIENTED_EDGE('',*,*,#4651,.T.);
#4651 = EDGE_CURVE('',#4652,#4654,#4656,.T.);
#4652 = VERTEX_POINT('',#4653);
#4653 = CARTESIAN_POINT('',(-50.99883994126,4.058370044053,57.4));
#4654 = VERTEX_POINT('',#4655);
#4655 = CARTESIAN_POINT('',(-50.99883994126,4.058370044053,56.8));
#4656 = B_SPLINE_CURVE_WITH_KNOTS('',1,(#4657,#4658),.UNSPECIFIED.,.F.,
  .F.,(2,2),(0.,0.6),.PIECEWISE_BEZIER_KNOTS.);
#4657 = CARTESIAN_POINT('',(-50.99883994126,4.058370044053,57.4));
#4658 = CARTESIAN_POINT('',(-50.99883994126,4.058370044053,56.8));
#4659 = ORIENTED_EDGE('',*,*,#4660,.T.);
#4660 = EDGE_CURVE('',#4654,#4661,#4663,.T.);
#4661 = VERTEX_POINT('',#4662);
#4662 = CARTESIAN_POINT('',(-52.3237298091,3.63436123348,56.8));
#4663 = B_SPLINE_CURVE_WITH_KNOTS('',1,(#4664,#4665),.UNSPECIFIED.,.F.,
  .F.,(2,2),(0.,1.391084696685),.PIECEWISE_BEZIER_KNOTS.);
#4664 = CARTESIAN_POINT('',(-50.99883994126,4.058370044053,56.8));
#4665 = CARTESIAN_POINT('',(-52.3237298091,3.63436123348,56.8));
#4666 = ORIENTED_EDGE('',*,*,#4667,.F.);
#4667 = EDGE_CURVE('',#4668,#4661,#4670,.T.);
#4668 = VERTEX_POINT('',#4669);
#4669 = CARTESIAN_POINT('',(-52.3237298091,3.63436123348,57.4));
#4670 = B_SPLINE_CURVE_WITH_KNOTS('',1,(#4671,#4672),.UNSPECIFIED.,.F.,
  .F.,(2,2),(0.,0.6),.PIECEWISE_BEZIER_KNOTS.);
#4671 = CARTESIAN_POINT('',(-52.3237298091,3.63436123348,57.4));
#4672 = CARTESIAN_POINT('',(-52.3237298091,3.63436123348,56.8));
#4673 = ORIENTED_EDGE('',*,*,#4674,.F.);
#4674 = EDGE_CURVE('',#4652,#4668,#4675,.T.);
#4675 = B_SPLINE_CURVE_WITH_KNOTS('',1,(#4676,#4677),.UNSPECIFIED.,.F.,
  .F.,(2,2),(0.,1.391084696685),.PIECEWISE_BEZIER_KNOTS.);
#4676 = CARTESIAN_POINT('',(-50.99883994126,4.058370044053,57.4));
#4677 = CARTESIAN_POINT('',(-52.3237298091,3.63436123348,57.4));
#4678 = B_SPLINE_SURFACE_WITH_KNOTS('',1,1,(
    (#4679,#4680)
    ,(#4681,#4682
    )),.UNSPECIFIED.,.F.,.F.,.F.,(2,2),(2,2),(0.,1.391084696685),(-0.6,
    0.),.PIECEWISE_BEZIER_KNOTS.);
#4679 = CARTESIAN_POINT('',(-50.99883994126,4.058370044053,56.8));
#4680 = CARTESIAN_POINT('',(-50.99883994126,4.058370044053,57.4));
#4681 = CARTESIAN_POINT('',(-52.3237298091,3.63436123348,56.8));
#4682 = CARTESIAN_POINT('',(-52.3237298091,3.63436123348,57.4));
#4683 = ADVANCED_FACE('',(#4684),#4708,.F.);
#4684 = FACE_BOUND('',#4685,.F.);
#4685 = EDGE_LOOP('',(#4686,#4687,#4695,#4702));
#4686 = ORIENTED_EDGE('',*,*,#4667,.T.);
#4687 = ORIENTED_EDGE('',*,*,#4688,.T.);
#4688 = EDGE_CURVE('',#4661,#4689,#4691,.T.);
#4689 = VERTEX_POINT('',#4690);
#4690 = CARTESIAN_POINT('',(-52.67890602055,3.568281938326,56.8));
#4691 = B_SPLINE_CURVE_WITH_KNOTS('',2,(#4692,#4693,#4694),
  .UNSPECIFIED.,.F.,.F.,(3,3),(0.,1.),.PIECEWISE_BEZIER_KNOTS.);
#4692 = CARTESIAN_POINT('',(-52.3237298091,3.63436123348,56.8));
#4693 = CARTESIAN_POINT('',(-52.4724082232,3.587555066079,56.8));
#4694 = CARTESIAN_POINT('',(-52.67890602055,3.568281938326,56.8));
#4695 = ORIENTED_EDGE('',*,*,#4696,.F.);
#4696 = EDGE_CURVE('',#4697,#4689,#4699,.T.);
#4697 = VERTEX_POINT('',#4698);
#4698 = CARTESIAN_POINT('',(-52.67890602055,3.568281938326,57.4));
#4699 = B_SPLINE_CURVE_WITH_KNOTS('',1,(#4700,#4701),.UNSPECIFIED.,.F.,
  .F.,(2,2),(0.,0.6),.PIECEWISE_BEZIER_KNOTS.);
#4700 = CARTESIAN_POINT('',(-52.67890602055,3.568281938326,57.4));
#4701 = CARTESIAN_POINT('',(-52.67890602055,3.568281938326,56.8));
#4702 = ORIENTED_EDGE('',*,*,#4703,.F.);
#4703 = EDGE_CURVE('',#4668,#4697,#4704,.T.);
#4704 = B_SPLINE_CURVE_WITH_KNOTS('',2,(#4705,#4706,#4707),
  .UNSPECIFIED.,.F.,.F.,(3,3),(0.,1.),.PIECEWISE_BEZIER_KNOTS.);
#4705 = CARTESIAN_POINT('',(-52.3237298091,3.63436123348,57.4));
#4706 = CARTESIAN_POINT('',(-52.4724082232,3.587555066079,57.4));
#4707 = CARTESIAN_POINT('',(-52.67890602055,3.568281938326,57.4));
#4708 = B_SPLINE_SURFACE_WITH_KNOTS('',2,1,(
    (#4709,#4710)
    ,(#4711,#4712)
    ,(#4713,#4714
    )),.UNSPECIFIED.,.F.,.F.,.F.,(3,3),(2,2),(0.,1.),(-0.6,0.),
  .PIECEWISE_BEZIER_KNOTS.);
#4709 = CARTESIAN_POINT('',(-52.3237298091,3.63436123348,56.8));
#4710 = CARTESIAN_POINT('',(-52.3237298091,3.63436123348,57.4));
#4711 = CARTESIAN_POINT('',(-52.4724082232,3.587555066079,56.8));
#4712 = CARTESIAN_POINT('',(-52.4724082232,3.587555066079,57.4));
#4713 = CARTESIAN_POINT('',(-52.67890602055,3.568281938326,56.8));
#4714 = CARTESIAN_POINT('',(-52.67890602055,3.568281938326,57.4));
#4715 = ADVANCED_FACE('',(#4716),#4738,.F.);
#4716 = FACE_BOUND('',#4717,.F.);
#4717 = EDGE_LOOP('',(#4718,#4719,#4726,#4733));
#4718 = ORIENTED_EDGE('',*,*,#4696,.T.);
#4719 = ORIENTED_EDGE('',*,*,#4720,.T.);
#4720 = EDGE_CURVE('',#4689,#4721,#4723,.T.);
#4721 = VERTEX_POINT('',#4722);
#4722 = CARTESIAN_POINT('',(-52.67890602055,3.546255506608,56.8));
#4723 = B_SPLINE_CURVE_WITH_KNOTS('',1,(#4724,#4725),.UNSPECIFIED.,.F.,
  .F.,(2,2),(0.,2.202643171806E-02),.PIECEWISE_BEZIER_KNOTS.);
#4724 = CARTESIAN_POINT('',(-52.67890602055,3.568281938326,56.8));
#4725 = CARTESIAN_POINT('',(-52.67890602055,3.546255506608,56.8));
#4726 = ORIENTED_EDGE('',*,*,#4727,.F.);
#4727 = EDGE_CURVE('',#4728,#4721,#4730,.T.);
#4728 = VERTEX_POINT('',#4729);
#4729 = CARTESIAN_POINT('',(-52.67890602055,3.546255506608,57.4));
#4730 = B_SPLINE_CURVE_WITH_KNOTS('',1,(#4731,#4732),.UNSPECIFIED.,.F.,
  .F.,(2,2),(0.,0.6),.PIECEWISE_BEZIER_KNOTS.);
#4731 = CARTESIAN_POINT('',(-52.67890602055,3.546255506608,57.4));
#4732 = CARTESIAN_POINT('',(-52.67890602055,3.546255506608,56.8));
#4733 = ORIENTED_EDGE('',*,*,#4734,.F.);
#4734 = EDGE_CURVE('',#4697,#4728,#4735,.T.);
#4735 = B_SPLINE_CURVE_WITH_KNOTS('',1,(#4736,#4737),.UNSPECIFIED.,.F.,
  .F.,(2,2),(0.,2.202643171806E-02),.PIECEWISE_BEZIER_KNOTS.);
#4736 = CARTESIAN_POINT('',(-52.67890602055,3.568281938326,57.4));
#4737 = CARTESIAN_POINT('',(-52.67890602055,3.546255506608,57.4));
#4738 = B_SPLINE_SURFACE_WITH_KNOTS('',1,1,(
    (#4739,#4740)
    ,(#4741,#4742
    )),.UNSPECIFIED.,.F.,.F.,.F.,(2,2),(2,2),(0.,2.202643171806E-02),(
    -0.6,0.),.PIECEWISE_BEZIER_KNOTS.);
#4739 = CARTESIAN_POINT('',(-52.67890602055,3.568281938326,56.8));
#4740 = CARTESIAN_POINT('',(-52.67890602055,3.568281938326,57.4));
#4741 = CARTESIAN_POINT('',(-52.67890602055,3.546255506608,56.8));
#4742 = CARTESIAN_POINT('',(-52.67890602055,3.546255506608,57.4));
#4743 = ADVANCED_FACE('',(#4744),#4768,.F.);
#4744 = FACE_BOUND('',#4745,.F.);
#4745 = EDGE_LOOP('',(#4746,#4747,#4755,#4762));
#4746 = ORIENTED_EDGE('',*,*,#4727,.T.);
#4747 = ORIENTED_EDGE('',*,*,#4748,.T.);
#4748 = EDGE_CURVE('',#4721,#4749,#4751,.T.);
#4749 = VERTEX_POINT('',#4750);
#4750 = CARTESIAN_POINT('',(-52.33474302496,3.477422907489,56.8));
#4751 = B_SPLINE_CURVE_WITH_KNOTS('',2,(#4752,#4753,#4754),
  .UNSPECIFIED.,.F.,.F.,(3,3),(0.,1.),.PIECEWISE_BEZIER_KNOTS.);
#4752 = CARTESIAN_POINT('',(-52.67890602055,3.546255506608,56.8));
#4753 = CARTESIAN_POINT('',(-52.50544787077,3.532488986784,56.8));
#4754 = CARTESIAN_POINT('',(-52.33474302496,3.477422907489,56.8));
#4755 = ORIENTED_EDGE('',*,*,#4756,.F.);
#4756 = EDGE_CURVE('',#4757,#4749,#4759,.T.);
#4757 = VERTEX_POINT('',#4758);
#4758 = CARTESIAN_POINT('',(-52.33474302496,3.477422907489,57.4));
#4759 = B_SPLINE_CURVE_WITH_KNOTS('',1,(#4760,#4761),.UNSPECIFIED.,.F.,
  .F.,(2,2),(0.,0.6),.PIECEWISE_BEZIER_KNOTS.);
#4760 = CARTESIAN_POINT('',(-52.33474302496,3.477422907489,57.4));
#4761 = CARTESIAN_POINT('',(-52.33474302496,3.477422907489,56.8));
#4762 = ORIENTED_EDGE('',*,*,#4763,.F.);
#4763 = EDGE_CURVE('',#4728,#4757,#4764,.T.);
#4764 = B_SPLINE_CURVE_WITH_KNOTS('',2,(#4765,#4766,#4767),
  .UNSPECIFIED.,.F.,.F.,(3,3),(0.,1.),.PIECEWISE_BEZIER_KNOTS.);
#4765 = CARTESIAN_POINT('',(-52.67890602055,3.546255506608,57.4));
#4766 = CARTESIAN_POINT('',(-52.50544787077,3.532488986784,57.4));
#4767 = CARTESIAN_POINT('',(-52.33474302496,3.477422907489,57.4));
#4768 = B_SPLINE_SURFACE_WITH_KNOTS('',2,1,(
    (#4769,#4770)
    ,(#4771,#4772)
    ,(#4773,#4774
    )),.UNSPECIFIED.,.F.,.F.,.F.,(3,3),(2,2),(0.,1.),(-0.6,0.),
  .PIECEWISE_BEZIER_KNOTS.);
#4769 = CARTESIAN_POINT('',(-52.67890602055,3.546255506608,56.8));
#4770 = CARTESIAN_POINT('',(-52.67890602055,3.546255506608,57.4));
#4771 = CARTESIAN_POINT('',(-52.50544787077,3.532488986784,56.8));
#4772 = CARTESIAN_POINT('',(-52.50544787077,3.532488986784,57.4));
#4773 = CARTESIAN_POINT('',(-52.33474302496,3.477422907489,56.8));
#4774 = CARTESIAN_POINT('',(-52.33474302496,3.477422907489,57.4));
#4775 = ADVANCED_FACE('',(#4776),#4798,.F.);
#4776 = FACE_BOUND('',#4777,.F.);
#4777 = EDGE_LOOP('',(#4778,#4779,#4786,#4793));
#4778 = ORIENTED_EDGE('',*,*,#4756,.T.);
#4779 = ORIENTED_EDGE('',*,*,#4780,.T.);
#4780 = EDGE_CURVE('',#4749,#4781,#4783,.T.);
#4781 = VERTEX_POINT('',#4782);
#4782 = CARTESIAN_POINT('',(-50.99883994126,3.047907488987,56.8));
#4783 = B_SPLINE_CURVE_WITH_KNOTS('',1,(#4784,#4785),.UNSPECIFIED.,.F.,
  .F.,(2,2),(0.,1.403253556479),.PIECEWISE_BEZIER_KNOTS.);
#4784 = CARTESIAN_POINT('',(-52.33474302496,3.477422907489,56.8));
#4785 = CARTESIAN_POINT('',(-50.99883994126,3.047907488987,56.8));
#4786 = ORIENTED_EDGE('',*,*,#4787,.F.);
#4787 = EDGE_CURVE('',#4788,#4781,#4790,.T.);
#4788 = VERTEX_POINT('',#4789);
#4789 = CARTESIAN_POINT('',(-50.99883994126,3.047907488987,57.4));
#4790 = B_SPLINE_CURVE_WITH_KNOTS('',1,(#4791,#4792),.UNSPECIFIED.,.F.,
  .F.,(2,2),(0.,0.6),.PIECEWISE_BEZIER_KNOTS.);
#4791 = CARTESIAN_POINT('',(-50.99883994126,3.047907488987,57.4));
#4792 = CARTESIAN_POINT('',(-50.99883994126,3.047907488987,56.8));
#4793 = ORIENTED_EDGE('',*,*,#4794,.F.);
#4794 = EDGE_CURVE('',#4757,#4788,#4795,.T.);
#4795 = B_SPLINE_CURVE_WITH_KNOTS('',1,(#4796,#4797),.UNSPECIFIED.,.F.,
  .F.,(2,2),(0.,1.403253556479),.PIECEWISE_BEZIER_KNOTS.);
#4796 = CARTESIAN_POINT('',(-52.33474302496,3.477422907489,57.4));
#4797 = CARTESIAN_POINT('',(-50.99883994126,3.047907488987,57.4));
#4798 = B_SPLINE_SURFACE_WITH_KNOTS('',1,1,(
    (#4799,#4800)
    ,(#4801,#4802
    )),.UNSPECIFIED.,.F.,.F.,.F.,(2,2),(2,2),(0.,1.403253556479),(-0.6,
    0.),.PIECEWISE_BEZIER_KNOTS.);
#4799 = CARTESIAN_POINT('',(-52.33474302496,3.477422907489,56.8));
#4800 = CARTESIAN_POINT('',(-52.33474302496,3.477422907489,57.4));
#4801 = CARTESIAN_POINT('',(-50.99883994126,3.047907488987,56.8));
#4802 = CARTESIAN_POINT('',(-50.99883994126,3.047907488987,57.4));
#4803 = ADVANCED_FACE('',(#4804),#4818,.F.);
#4804 = FACE_BOUND('',#4805,.F.);
#4805 = EDGE_LOOP('',(#4806,#4807,#4812,#4813));
#4806 = ORIENTED_EDGE('',*,*,#4787,.T.);
#4807 = ORIENTED_EDGE('',*,*,#4808,.T.);
#4808 = EDGE_CURVE('',#4781,#4654,#4809,.T.);
#4809 = B_SPLINE_CURVE_WITH_KNOTS('',1,(#4810,#4811),.UNSPECIFIED.,.F.,
  .F.,(2,2),(0.,1.010462555066),.PIECEWISE_BEZIER_KNOTS.);
#4810 = CARTESIAN_POINT('',(-50.99883994126,3.047907488987,56.8));
#4811 = CARTESIAN_POINT('',(-50.99883994126,4.058370044053,56.8));
#4812 = ORIENTED_EDGE('',*,*,#4651,.F.);
#4813 = ORIENTED_EDGE('',*,*,#4814,.F.);
#4814 = EDGE_CURVE('',#4788,#4652,#4815,.T.);
#4815 = B_SPLINE_CURVE_WITH_KNOTS('',1,(#4816,#4817),.UNSPECIFIED.,.F.,
  .F.,(2,2),(0.,1.010462555066),.PIECEWISE_BEZIER_KNOTS.);
#4816 = CARTESIAN_POINT('',(-50.99883994126,3.047907488987,57.4));
#4817 = CARTESIAN_POINT('',(-50.99883994126,4.058370044053,57.4));
#4818 = B_SPLINE_SURFACE_WITH_KNOTS('',1,1,(
    (#4819,#4820)
    ,(#4821,#4822
    )),.UNSPECIFIED.,.F.,.F.,.F.,(2,2),(2,2),(0.,1.010462555066),(-0.6,
    0.),.PIECEWISE_BEZIER_KNOTS.);
#4819 = CARTESIAN_POINT('',(-50.99883994126,3.047907488987,56.8));
#4820 = CARTESIAN_POINT('',(-50.99883994126,3.047907488987,57.4));
#4821 = CARTESIAN_POINT('',(-50.99883994126,4.058370044053,56.8));
#4822 = CARTESIAN_POINT('',(-50.99883994126,4.058370044053,57.4));
#4823 = ADVANCED_FACE('',(#4824,#4834),#4842,.T.);
#4824 = FACE_BOUND('',#4825,.F.);
#4825 = EDGE_LOOP('',(#4826,#4827,#4828,#4829,#4830,#4831,#4832,#4833));
#4826 = ORIENTED_EDGE('',*,*,#4450,.T.);
#4827 = ORIENTED_EDGE('',*,*,#4478,.T.);
#4828 = ORIENTED_EDGE('',*,*,#4506,.T.);
#4829 = ORIENTED_EDGE('',*,*,#4534,.T.);
#4830 = ORIENTED_EDGE('',*,*,#4562,.T.);
#4831 = ORIENTED_EDGE('',*,*,#4590,.T.);
#4832 = ORIENTED_EDGE('',*,*,#4618,.T.);
#4833 = ORIENTED_EDGE('',*,*,#4638,.T.);
#4834 = FACE_BOUND('',#4835,.F.);
#4835 = EDGE_LOOP('',(#4836,#4837,#4838,#4839,#4840,#4841));
#4836 = ORIENTED_EDGE('',*,*,#4674,.T.);
#4837 = ORIENTED_EDGE('',*,*,#4703,.T.);
#4838 = ORIENTED_EDGE('',*,*,#4734,.T.);
#4839 = ORIENTED_EDGE('',*,*,#4763,.T.);
#4840 = ORIENTED_EDGE('',*,*,#4794,.T.);
#4841 = ORIENTED_EDGE('',*,*,#4814,.T.);
#4842 = B_SPLINE_SURFACE_WITH_KNOTS('',1,1,(
    (#4843,#4844)
    ,(#4845,#4846
    )),.UNSPECIFIED.,.F.,.F.,.F.,(2,2),(2,2),(-1.949017485229,
    1.946907624903),(-1.712790385986,2.234346177891),
  .PIECEWISE_BEZIER_KNOTS.);
#4843 = CARTESIAN_POINT('',(-49.43643171806,1.616189427313,57.4));
#4844 = CARTESIAN_POINT('',(-53.38356828193,1.616189427313,57.4));
#4845 = CARTESIAN_POINT('',(-49.43643171806,5.512114537445,57.4));
#4846 = CARTESIAN_POINT('',(-53.38356828193,5.512114537445,57.4));
#4847 = ADVANCED_FACE('',(#4848,#4858),#4866,.F.);
#4848 = FACE_BOUND('',#4849,.T.);
#4849 = EDGE_LOOP('',(#4850,#4851,#4852,#4853,#4854,#4855,#4856,#4857));
#4850 = ORIENTED_EDGE('',*,*,#4436,.T.);
#4851 = ORIENTED_EDGE('',*,*,#4464,.T.);
#4852 = ORIENTED_EDGE('',*,*,#4492,.T.);
#4853 = ORIENTED_EDGE('',*,*,#4520,.T.);
#4854 = ORIENTED_EDGE('',*,*,#4548,.T.);
#4855 = ORIENTED_EDGE('',*,*,#4576,.T.);
#4856 = ORIENTED_EDGE('',*,*,#4604,.T.);
#4857 = ORIENTED_EDGE('',*,*,#4632,.T.);
#4858 = FACE_BOUND('',#4859,.T.);
#4859 = EDGE_LOOP('',(#4860,#4861,#4862,#4863,#4864,#4865));
#4860 = ORIENTED_EDGE('',*,*,#4660,.T.);
#4861 = ORIENTED_EDGE('',*,*,#4688,.T.);
#4862 = ORIENTED_EDGE('',*,*,#4720,.T.);
#4863 = ORIENTED_EDGE('',*,*,#4748,.T.);
#4864 = ORIENTED_EDGE('',*,*,#4780,.T.);
#4865 = ORIENTED_EDGE('',*,*,#4808,.T.);
#4866 = B_SPLINE_SURFACE_WITH_KNOTS('',1,1,(
    (#4867,#4868)
    ,(#4869,#4870
    )),.UNSPECIFIED.,.F.,.F.,.F.,(2,2),(2,2),(-1.949017485229,
    1.946907624903),(-1.712790385986,2.234346177891),
  .PIECEWISE_BEZIER_KNOTS.);
#4867 = CARTESIAN_POINT('',(-49.43643171806,1.616189427313,56.8));
#4868 = CARTESIAN_POINT('',(-53.38356828193,1.616189427313,56.8));
#4869 = CARTESIAN_POINT('',(-49.43643171806,5.512114537445,56.8));
#4870 = CARTESIAN_POINT('',(-53.38356828193,5.512114537445,56.8));
#4871 = MANIFOLD_SOLID_BREP('',#4872);
#4872 = CLOSED_SHELL('',(#4873,#4913,#4945,#4977,#5009,#5041,#5073,#5101
    ,#5133,#5165,#5197,#5229,#5261,#5293,#5321,#5349,#5377,#5405,#5425,
    #5451));
#4873 = ADVANCED_FACE('',(#4874),#4906,.F.);
#4874 = FACE_BOUND('',#4875,.F.);
#4875 = EDGE_LOOP('',(#4876,#4885,#4893,#4900));
#4876 = ORIENTED_EDGE('',*,*,#4877,.T.);
#4877 = EDGE_CURVE('',#4878,#4880,#4882,.T.);
#4878 = VERTEX_POINT('',#4879);
#4879 = CARTESIAN_POINT('',(-49.70019823788,9.192731277533,57.4));
#4880 = VERTEX_POINT('',#4881);
#4881 = CARTESIAN_POINT('',(-49.70019823788,9.192731277533,56.8));
#4882 = B_SPLINE_CURVE_WITH_KNOTS('',1,(#4883,#4884),.UNSPECIFIED.,.F.,
  .F.,(2,2),(0.,0.6),.PIECEWISE_BEZIER_KNOTS.);
#4883 = CARTESIAN_POINT('',(-49.70019823788,9.192731277533,57.4));
#4884 = CARTESIAN_POINT('',(-49.70019823788,9.192731277533,56.8));
#4885 = ORIENTED_EDGE('',*,*,#4886,.T.);
#4886 = EDGE_CURVE('',#4880,#4887,#4889,.T.);
#4887 = VERTEX_POINT('',#4888);
#4888 = CARTESIAN_POINT('',(-49.36594713656,7.75550660793,56.8));
#4889 = B_SPLINE_CURVE_WITH_KNOTS('',2,(#4890,#4891,#4892),
  .UNSPECIFIED.,.F.,.F.,(3,3),(0.,1.),.PIECEWISE_BEZIER_KNOTS.);
#4890 = CARTESIAN_POINT('',(-49.70019823788,9.192731277533,56.8));
#4891 = CARTESIAN_POINT('',(-49.36594713656,8.614537444934,56.8));
#4892 = CARTESIAN_POINT('',(-49.36594713656,7.75550660793,56.8));
#4893 = ORIENTED_EDGE('',*,*,#4894,.F.);
#4894 = EDGE_CURVE('',#4895,#4887,#4897,.T.);
#4895 = VERTEX_POINT('',#4896);
#4896 = CARTESIAN_POINT('',(-49.36594713656,7.75550660793,57.4));
#4897 = B_SPLINE_CURVE_WITH_KNOTS('',1,(#4898,#4899),.UNSPECIFIED.,.F.,
  .F.,(2,2),(0.,0.6),.PIECEWISE_BEZIER_KNOTS.);
#4898 = CARTESIAN_POINT('',(-49.36594713656,7.75550660793,57.4));
#4899 = CARTESIAN_POINT('',(-49.36594713656,7.75550660793,56.8));
#4900 = ORIENTED_EDGE('',*,*,#4901,.F.);
#4901 = EDGE_CURVE('',#4878,#4895,#4902,.T.);
#4902 = B_SPLINE_CURVE_WITH_KNOTS('',2,(#4903,#4904,#4905),
  .UNSPECIFIED.,.F.,.F.,(3,3),(0.,1.),.PIECEWISE_BEZIER_KNOTS.);
#4903 = CARTESIAN_POINT('',(-49.70019823788,9.192731277533,57.4));
#4904 = CARTESIAN_POINT('',(-49.36594713656,8.614537444934,57.4));
#4905 = CARTESIAN_POINT('',(-49.36594713656,7.75550660793,57.4));
#4906 = B_SPLINE_SURFACE_WITH_KNOTS('',2,1,(
    (#4907,#4908)
    ,(#4909,#4910)
    ,(#4911,#4912
    )),.UNSPECIFIED.,.F.,.F.,.F.,(3,3),(2,2),(0.,1.),(-0.6,0.),
  .PIECEWISE_BEZIER_KNOTS.);
#4907 = CARTESIAN_POINT('',(-49.70019823788,9.192731277533,56.8));
#4908 = CARTESIAN_POINT('',(-49.70019823788,9.192731277533,57.4));
#4909 = CARTESIAN_POINT('',(-49.36594713656,8.614537444934,56.8));
#4910 = CARTESIAN_POINT('',(-49.36594713656,8.614537444934,57.4));
#4911 = CARTESIAN_POINT('',(-49.36594713656,7.75550660793,56.8));
#4912 = CARTESIAN_POINT('',(-49.36594713656,7.75550660793,57.4));
#4913 = ADVANCED_FACE('',(#4914),#4938,.F.);
#4914 = FACE_BOUND('',#4915,.F.);
#4915 = EDGE_LOOP('',(#4916,#4917,#4925,#4932));
#4916 = ORIENTED_EDGE('',*,*,#4894,.T.);
#4917 = ORIENTED_EDGE('',*,*,#4918,.T.);
#4918 = EDGE_CURVE('',#4887,#4919,#4921,.T.);
#4919 = VERTEX_POINT('',#4920);
#4920 = CARTESIAN_POINT('',(-49.8938472834,6.253487518355,56.8));
#4921 = B_SPLINE_CURVE_WITH_KNOTS('',2,(#4922,#4923,#4924),
  .UNSPECIFIED.,.F.,.F.,(3,3),(0.,1.),.PIECEWISE_BEZIER_KNOTS.);
#4922 = CARTESIAN_POINT('',(-49.36594713656,7.75550660793,56.8));
#4923 = CARTESIAN_POINT('',(-49.36594713656,6.802863436123,56.8));
#4924 = CARTESIAN_POINT('',(-49.8938472834,6.253487518355,56.8));
#4925 = ORIENTED_EDGE('',*,*,#4926,.F.);
#4926 = EDGE_CURVE('',#4927,#4919,#4929,.T.);
#4927 = VERTEX_POINT('',#4928);
#4928 = CARTESIAN_POINT('',(-49.8938472834,6.253487518355,57.4));
#4929 = B_SPLINE_CURVE_WITH_KNOTS('',1,(#4930,#4931),.UNSPECIFIED.,.F.,
  .F.,(2,2),(0.,0.6),.PIECEWISE_BEZIER_KNOTS.);
#4930 = CARTESIAN_POINT('',(-49.8938472834,6.253487518355,57.4));
#4931 = CARTESIAN_POINT('',(-49.8938472834,6.253487518355,56.8));
#4932 = ORIENTED_EDGE('',*,*,#4933,.F.);
#4933 = EDGE_CURVE('',#4895,#4927,#4934,.T.);
#4934 = B_SPLINE_CURVE_WITH_KNOTS('',2,(#4935,#4936,#4937),
  .UNSPECIFIED.,.F.,.F.,(3,3),(0.,1.),.PIECEWISE_BEZIER_KNOTS.);
#4935 = CARTESIAN_POINT('',(-49.36594713656,7.75550660793,57.4));
#4936 = CARTESIAN_POINT('',(-49.36594713656,6.802863436123,57.4));
#4937 = CARTESIAN_POINT('',(-49.8938472834,6.253487518355,57.4));
#4938 = B_SPLINE_SURFACE_WITH_KNOTS('',2,1,(
    (#4939,#4940)
    ,(#4941,#4942)
    ,(#4943,#4944
    )),.UNSPECIFIED.,.F.,.F.,.F.,(3,3),(2,2),(0.,1.),(-0.6,0.),
  .PIECEWISE_BEZIER_KNOTS.);
#4939 = CARTESIAN_POINT('',(-49.36594713656,7.75550660793,56.8));
#4940 = CARTESIAN_POINT('',(-49.36594713656,7.75550660793,57.4));
#4941 = CARTESIAN_POINT('',(-49.36594713656,6.802863436123,56.8));
#4942 = CARTESIAN_POINT('',(-49.36594713656,6.802863436123,57.4));
#4943 = CARTESIAN_POINT('',(-49.8938472834,6.253487518355,56.8));
#4944 = CARTESIAN_POINT('',(-49.8938472834,6.253487518355,57.4));
#4945 = ADVANCED_FACE('',(#4946),#4970,.F.);
#4946 = FACE_BOUND('',#4947,.F.);
#4947 = EDGE_LOOP('',(#4948,#4949,#4957,#4964));
#4948 = ORIENTED_EDGE('',*,*,#4926,.T.);
#4949 = ORIENTED_EDGE('',*,*,#4950,.T.);
#4950 = EDGE_CURVE('',#4919,#4951,#4953,.T.);
#4951 = VERTEX_POINT('',#4952);
#4952 = CARTESIAN_POINT('',(-51.34795888399,5.704295154185,56.8));
#4953 = B_SPLINE_CURVE_WITH_KNOTS('',2,(#4954,#4955,#4956),
  .UNSPECIFIED.,.F.,.F.,(3,3),(0.,1.),.PIECEWISE_BEZIER_KNOTS.);
#4954 = CARTESIAN_POINT('',(-49.8938472834,6.253487518355,56.8));
#4955 = CARTESIAN_POINT('',(-50.42174743025,5.704295154185,56.8));
#4956 = CARTESIAN_POINT('',(-51.34795888399,5.704295154185,56.8));
#4957 = ORIENTED_EDGE('',*,*,#4958,.F.);
#4958 = EDGE_CURVE('',#4959,#4951,#4961,.T.);
#4959 = VERTEX_POINT('',#4960);
#4960 = CARTESIAN_POINT('',(-51.34795888399,5.704295154185,57.4));
#4961 = B_SPLINE_CURVE_WITH_KNOTS('',1,(#4962,#4963),.UNSPECIFIED.,.F.,
  .F.,(2,2),(0.,0.6),.PIECEWISE_BEZIER_KNOTS.);
#4962 = CARTESIAN_POINT('',(-51.34795888399,5.704295154185,57.4));
#4963 = CARTESIAN_POINT('',(-51.34795888399,5.704295154185,56.8));
#4964 = ORIENTED_EDGE('',*,*,#4965,.F.);
#4965 = EDGE_CURVE('',#4927,#4959,#4966,.T.);
#4966 = B_SPLINE_CURVE_WITH_KNOTS('',2,(#4967,#4968,#4969),
  .UNSPECIFIED.,.F.,.F.,(3,3),(0.,1.),.PIECEWISE_BEZIER_KNOTS.);
#4967 = CARTESIAN_POINT('',(-49.8938472834,6.253487518355,57.4));
#4968 = CARTESIAN_POINT('',(-50.42174743025,5.704295154185,57.4));
#4969 = CARTESIAN_POINT('',(-51.34795888399,5.704295154185,57.4));
#4970 = B_SPLINE_SURFACE_WITH_KNOTS('',2,1,(
    (#4971,#4972)
    ,(#4973,#4974)
    ,(#4975,#4976
    )),.UNSPECIFIED.,.F.,.F.,.F.,(3,3),(2,2),(0.,1.),(-0.6,0.),
  .PIECEWISE_BEZIER_KNOTS.);
#4971 = CARTESIAN_POINT('',(-49.8938472834,6.253487518355,56.8));
#4972 = CARTESIAN_POINT('',(-49.8938472834,6.253487518355,57.4));
#4973 = CARTESIAN_POINT('',(-50.42174743025,5.704295154185,56.8));
#4974 = CARTESIAN_POINT('',(-50.42174743025,5.704295154185,57.4));
#4975 = CARTESIAN_POINT('',(-51.34795888399,5.704295154185,56.8));
#4976 = CARTESIAN_POINT('',(-51.34795888399,5.704295154185,57.4));
#4977 = ADVANCED_FACE('',(#4978),#5002,.F.);
#4978 = FACE_BOUND('',#4979,.F.);
#4979 = EDGE_LOOP('',(#4980,#4981,#4989,#4996));
#4980 = ORIENTED_EDGE('',*,*,#4958,.T.);
#4981 = ORIENTED_EDGE('',*,*,#4982,.T.);
#4982 = EDGE_CURVE('',#4951,#4983,#4985,.T.);
#4983 = VERTEX_POINT('',#4984);
#4984 = CARTESIAN_POINT('',(-52.86686490455,6.304515418502,56.8));
#4985 = B_SPLINE_CURVE_WITH_KNOTS('',2,(#4986,#4987,#4988),
  .UNSPECIFIED.,.F.,.F.,(3,3),(0.,1.),.PIECEWISE_BEZIER_KNOTS.);
#4986 = CARTESIAN_POINT('',(-51.34795888399,5.704295154185,56.8));
#4987 = CARTESIAN_POINT('',(-52.27967694566,5.704295154185,56.8));
#4988 = CARTESIAN_POINT('',(-52.86686490455,6.304515418502,56.8));
#4989 = ORIENTED_EDGE('',*,*,#4990,.F.);
#4990 = EDGE_CURVE('',#4991,#4983,#4993,.T.);
#4991 = VERTEX_POINT('',#4992);
#4992 = CARTESIAN_POINT('',(-52.86686490455,6.304515418502,57.4));
#4993 = B_SPLINE_CURVE_WITH_KNOTS('',1,(#4994,#4995),.UNSPECIFIED.,.F.,
  .F.,(2,2),(0.,0.6),.PIECEWISE_BEZIER_KNOTS.);
#4994 = CARTESIAN_POINT('',(-52.86686490455,6.304515418502,57.4));
#4995 = CARTESIAN_POINT('',(-52.86686490455,6.304515418502,56.8));
#4996 = ORIENTED_EDGE('',*,*,#4997,.F.);
#4997 = EDGE_CURVE('',#4959,#4991,#4998,.T.);
#4998 = B_SPLINE_CURVE_WITH_KNOTS('',2,(#4999,#5000,#5001),
  .UNSPECIFIED.,.F.,.F.,(3,3),(0.,1.),.PIECEWISE_BEZIER_KNOTS.);
#4999 = CARTESIAN_POINT('',(-51.34795888399,5.704295154185,57.4));
#5000 = CARTESIAN_POINT('',(-52.27967694566,5.704295154185,57.4));
#5001 = CARTESIAN_POINT('',(-52.86686490455,6.304515418502,57.4));
#5002 = B_SPLINE_SURFACE_WITH_KNOTS('',2,1,(
    (#5003,#5004)
    ,(#5005,#5006)
    ,(#5007,#5008
    )),.UNSPECIFIED.,.F.,.F.,.F.,(3,3),(2,2),(0.,1.),(-0.6,0.),
  .PIECEWISE_BEZIER_KNOTS.);
#5003 = CARTESIAN_POINT('',(-51.34795888399,5.704295154185,56.8));
#5004 = CARTESIAN_POINT('',(-51.34795888399,5.704295154185,57.4));
#5005 = CARTESIAN_POINT('',(-52.27967694566,5.704295154185,56.8));
#5006 = CARTESIAN_POINT('',(-52.27967694566,5.704295154185,57.4));
#5007 = CARTESIAN_POINT('',(-52.86686490455,6.304515418502,56.8));
#5008 = CARTESIAN_POINT('',(-52.86686490455,6.304515418502,57.4));
#5009 = ADVANCED_FACE('',(#5010),#5034,.F.);
#5010 = FACE_BOUND('',#5011,.F.);
#5011 = EDGE_LOOP('',(#5012,#5013,#5021,#5028));
#5012 = ORIENTED_EDGE('',*,*,#4990,.T.);
#5013 = ORIENTED_EDGE('',*,*,#5014,.T.);
#5014 = EDGE_CURVE('',#4983,#5015,#5017,.T.);
#5015 = VERTEX_POINT('',#5016);
#5016 = CARTESIAN_POINT('',(-53.45405286343,7.901431718062,56.8));
#5017 = B_SPLINE_CURVE_WITH_KNOTS('',2,(#5018,#5019,#5020),
  .UNSPECIFIED.,.F.,.F.,(3,3),(0.,1.),.PIECEWISE_BEZIER_KNOTS.);
#5018 = CARTESIAN_POINT('',(-52.86686490455,6.304515418502,56.8));
#5019 = CARTESIAN_POINT('',(-53.45405286343,6.904735682819,56.8));
#5020 = CARTESIAN_POINT('',(-53.45405286343,7.901431718062,56.8));
#5021 = ORIENTED_EDGE('',*,*,#5022,.F.);
#5022 = EDGE_CURVE('',#5023,#5015,#5025,.T.);
#5023 = VERTEX_POINT('',#5024);
#5024 = CARTESIAN_POINT('',(-53.45405286343,7.901431718062,57.4));
#5025 = B_SPLINE_CURVE_WITH_KNOTS('',1,(#5026,#5027),.UNSPECIFIED.,.F.,
  .F.,(2,2),(0.,0.6),.PIECEWISE_BEZIER_KNOTS.);
#5026 = CARTESIAN_POINT('',(-53.45405286343,7.901431718062,57.4));
#5027 = CARTESIAN_POINT('',(-53.45405286343,7.901431718062,56.8));
#5028 = ORIENTED_EDGE('',*,*,#5029,.F.);
#5029 = EDGE_CURVE('',#4991,#5023,#5030,.T.);
#5030 = B_SPLINE_CURVE_WITH_KNOTS('',2,(#5031,#5032,#5033),
  .UNSPECIFIED.,.F.,.F.,(3,3),(0.,1.),.PIECEWISE_BEZIER_KNOTS.);
#5031 = CARTESIAN_POINT('',(-52.86686490455,6.304515418502,57.4));
#5032 = CARTESIAN_POINT('',(-53.45405286343,6.904735682819,57.4));
#5033 = CARTESIAN_POINT('',(-53.45405286343,7.901431718062,57.4));
#5034 = B_SPLINE_SURFACE_WITH_KNOTS('',2,1,(
    (#5035,#5036)
    ,(#5037,#5038)
    ,(#5039,#5040
    )),.UNSPECIFIED.,.F.,.F.,.F.,(3,3),(2,2),(0.,1.),(-0.6,0.),
  .PIECEWISE_BEZIER_KNOTS.);
#5035 = CARTESIAN_POINT('',(-52.86686490455,6.304515418502,56.8));
#5036 = CARTESIAN_POINT('',(-52.86686490455,6.304515418502,57.4));
#5037 = CARTESIAN_POINT('',(-53.45405286343,6.904735682819,56.8));
#5038 = CARTESIAN_POINT('',(-53.45405286343,6.904735682819,57.4));
#5039 = CARTESIAN_POINT('',(-53.45405286343,7.901431718062,56.8));
#5040 = CARTESIAN_POINT('',(-53.45405286343,7.901431718062,57.4));
#5041 = ADVANCED_FACE('',(#5042),#5066,.F.);
#5042 = FACE_BOUND('',#5043,.F.);
#5043 = EDGE_LOOP('',(#5044,#5045,#5053,#5060));
#5044 = ORIENTED_EDGE('',*,*,#5022,.T.);
#5045 = ORIENTED_EDGE('',*,*,#5046,.T.);
#5046 = EDGE_CURVE('',#5015,#5047,#5049,.T.);
#5047 = VERTEX_POINT('',#5048);
#5048 = CARTESIAN_POINT('',(-53.28022760646,9.008259911894,56.8));
#5049 = B_SPLINE_CURVE_WITH_KNOTS('',2,(#5050,#5051,#5052),
  .UNSPECIFIED.,.F.,.F.,(3,3),(0.,1.),.PIECEWISE_BEZIER_KNOTS.);
#5050 = CARTESIAN_POINT('',(-53.45405286343,7.901431718062,56.8));
#5051 = CARTESIAN_POINT('',(-53.45405286343,8.529185022026,56.8));
#5052 = CARTESIAN_POINT('',(-53.28022760646,9.008259911894,56.8));
#5053 = ORIENTED_EDGE('',*,*,#5054,.F.);
#5054 = EDGE_CURVE('',#5055,#5047,#5057,.T.);
#5055 = VERTEX_POINT('',#5056);
#5056 = CARTESIAN_POINT('',(-53.28022760646,9.008259911894,57.4));
#5057 = B_SPLINE_CURVE_WITH_KNOTS('',1,(#5058,#5059),.UNSPECIFIED.,.F.,
  .F.,(2,2),(0.,0.6),.PIECEWISE_BEZIER_KNOTS.);
#5058 = CARTESIAN_POINT('',(-53.28022760646,9.008259911894,57.4));
#5059 = CARTESIAN_POINT('',(-53.28022760646,9.008259911894,56.8));
#5060 = ORIENTED_EDGE('',*,*,#5061,.F.);
#5061 = EDGE_CURVE('',#5023,#5055,#5062,.T.);
#5062 = B_SPLINE_CURVE_WITH_KNOTS('',2,(#5063,#5064,#5065),
  .UNSPECIFIED.,.F.,.F.,(3,3),(0.,1.),.PIECEWISE_BEZIER_KNOTS.);
#5063 = CARTESIAN_POINT('',(-53.45405286343,7.901431718062,57.4));
#5064 = CARTESIAN_POINT('',(-53.45405286343,8.529185022026,57.4));
#5065 = CARTESIAN_POINT('',(-53.28022760646,9.008259911894,57.4));
#5066 = B_SPLINE_SURFACE_WITH_KNOTS('',2,1,(
    (#5067,#5068)
    ,(#5069,#5070)
    ,(#5071,#5072
    )),.UNSPECIFIED.,.F.,.F.,.F.,(3,3),(2,2),(0.,1.),(-0.6,0.),
  .PIECEWISE_BEZIER_KNOTS.);
#5067 = CARTESIAN_POINT('',(-53.45405286343,7.901431718062,56.8));
#5068 = CARTESIAN_POINT('',(-53.45405286343,7.901431718062,57.4));
#5069 = CARTESIAN_POINT('',(-53.45405286343,8.529185022026,56.8));
#5070 = CARTESIAN_POINT('',(-53.45405286343,8.529185022026,57.4));
#5071 = CARTESIAN_POINT('',(-53.28022760646,9.008259911894,56.8));
#5072 = CARTESIAN_POINT('',(-53.28022760646,9.008259911894,57.4));
#5073 = ADVANCED_FACE('',(#5074),#5096,.F.);
#5074 = FACE_BOUND('',#5075,.F.);
#5075 = EDGE_LOOP('',(#5076,#5077,#5084,#5091));
#5076 = ORIENTED_EDGE('',*,*,#5054,.T.);
#5077 = ORIENTED_EDGE('',*,*,#5078,.T.);
#5078 = EDGE_CURVE('',#5047,#5079,#5081,.T.);
#5079 = VERTEX_POINT('',#5080);
#5080 = CARTESIAN_POINT('',(-52.44377386196,9.008259911894,56.8));
#5081 = B_SPLINE_CURVE_WITH_KNOTS('',1,(#5082,#5083),.UNSPECIFIED.,.F.,
  .F.,(2,2),(0.,0.836453744493),.PIECEWISE_BEZIER_KNOTS.);
#5082 = CARTESIAN_POINT('',(-53.28022760646,9.008259911894,56.8));
#5083 = CARTESIAN_POINT('',(-52.44377386196,9.008259911894,56.8));
#5084 = ORIENTED_EDGE('',*,*,#5085,.F.);
#5085 = EDGE_CURVE('',#5086,#5079,#5088,.T.);
#5086 = VERTEX_POINT('',#5087);
#5087 = CARTESIAN_POINT('',(-52.44377386196,9.008259911894,57.4));
#5088 = B_SPLINE_CURVE_WITH_KNOTS('',1,(#5089,#5090),.UNSPECIFIED.,.F.,
  .F.,(2,2),(0.,0.6),.PIECEWISE_BEZIER_KNOTS.);
#5089 = CARTESIAN_POINT('',(-52.44377386196,9.008259911894,57.4));
#5090 = CARTESIAN_POINT('',(-52.44377386196,9.008259911894,56.8));
#5091 = ORIENTED_EDGE('',*,*,#5092,.F.);
#5092 = EDGE_CURVE('',#5055,#5086,#5093,.T.);
#5093 = B_SPLINE_CURVE_WITH_KNOTS('',1,(#5094,#5095),.UNSPECIFIED.,.F.,
  .F.,(2,2),(0.,0.836453744493),.PIECEWISE_BEZIER_KNOTS.);
#5094 = CARTESIAN_POINT('',(-53.28022760646,9.008259911894,57.4));
#5095 = CARTESIAN_POINT('',(-52.44377386196,9.008259911894,57.4));
#5096 = B_SPLINE_SURFACE_WITH_KNOTS('',1,1,(
    (#5097,#5098)
    ,(#5099,#5100
    )),.UNSPECIFIED.,.F.,.F.,.F.,(2,2),(2,2),(0.,0.836453744493),(-0.6,
    0.),.PIECEWISE_BEZIER_KNOTS.);
#5097 = CARTESIAN_POINT('',(-53.28022760646,9.008259911894,56.8));
#5098 = CARTESIAN_POINT('',(-53.28022760646,9.008259911894,57.4));
#5099 = CARTESIAN_POINT('',(-52.44377386196,9.008259911894,56.8));
#5100 = CARTESIAN_POINT('',(-52.44377386196,9.008259911894,57.4));
#5101 = ADVANCED_FACE('',(#5102),#5126,.F.);
#5102 = FACE_BOUND('',#5103,.F.);
#5103 = EDGE_LOOP('',(#5104,#5105,#5113,#5120));
#5104 = ORIENTED_EDGE('',*,*,#5085,.T.);
#5105 = ORIENTED_EDGE('',*,*,#5106,.T.);
#5106 = EDGE_CURVE('',#5079,#5107,#5109,.T.);
#5107 = VERTEX_POINT('',#5108);
#5108 = CARTESIAN_POINT('',(-52.71066079295,7.890418502203,56.8));
#5109 = B_SPLINE_CURVE_WITH_KNOTS('',2,(#5110,#5111,#5112),
  .UNSPECIFIED.,.F.,.F.,(3,3),(0.,1.),.PIECEWISE_BEZIER_KNOTS.);
#5110 = CARTESIAN_POINT('',(-52.44377386196,9.008259911894,56.8));
#5111 = CARTESIAN_POINT('',(-52.71066079295,8.551211453744,56.8));
#5112 = CARTESIAN_POINT('',(-52.71066079295,7.890418502203,56.8));
#5113 = ORIENTED_EDGE('',*,*,#5114,.F.);
#5114 = EDGE_CURVE('',#5115,#5107,#5117,.T.);
#5115 = VERTEX_POINT('',#5116);
#5116 = CARTESIAN_POINT('',(-52.71066079295,7.890418502203,57.4));
#5117 = B_SPLINE_CURVE_WITH_KNOTS('',1,(#5118,#5119),.UNSPECIFIED.,.F.,
  .F.,(2,2),(0.,0.6),.PIECEWISE_BEZIER_KNOTS.);
#5118 = CARTESIAN_POINT('',(-52.71066079295,7.890418502203,57.4));
#5119 = CARTESIAN_POINT('',(-52.71066079295,7.890418502203,56.8));
#5120 = ORIENTED_EDGE('',*,*,#5121,.F.);
#5121 = EDGE_CURVE('',#5086,#5115,#5122,.T.);
#5122 = B_SPLINE_CURVE_WITH_KNOTS('',2,(#5123,#5124,#5125),
  .UNSPECIFIED.,.F.,.F.,(3,3),(0.,1.),.PIECEWISE_BEZIER_KNOTS.);
#5123 = CARTESIAN_POINT('',(-52.44377386196,9.008259911894,57.4));
#5124 = CARTESIAN_POINT('',(-52.71066079295,8.551211453744,57.4));
#5125 = CARTESIAN_POINT('',(-52.71066079295,7.890418502203,57.4));
#5126 = B_SPLINE_SURFACE_WITH_KNOTS('',2,1,(
    (#5127,#5128)
    ,(#5129,#5130)
    ,(#5131,#5132
    )),.UNSPECIFIED.,.F.,.F.,.F.,(3,3),(2,2),(0.,1.),(-0.6,0.),
  .PIECEWISE_BEZIER_KNOTS.);
#5127 = CARTESIAN_POINT('',(-52.44377386196,9.008259911894,56.8));
#5128 = CARTESIAN_POINT('',(-52.44377386196,9.008259911894,57.4));
#5129 = CARTESIAN_POINT('',(-52.71066079295,8.551211453744,56.8));
#5130 = CARTESIAN_POINT('',(-52.71066079295,8.551211453744,57.4));
#5131 = CARTESIAN_POINT('',(-52.71066079295,7.890418502203,56.8));
#5132 = CARTESIAN_POINT('',(-52.71066079295,7.890418502203,57.4));
#5133 = ADVANCED_FACE('',(#5134),#5158,.F.);
#5134 = FACE_BOUND('',#5135,.F.);
#5135 = EDGE_LOOP('',(#5136,#5137,#5145,#5152));
#5136 = ORIENTED_EDGE('',*,*,#5114,.T.);
#5137 = ORIENTED_EDGE('',*,*,#5138,.T.);
#5138 = EDGE_CURVE('',#5107,#5139,#5141,.T.);
#5139 = VERTEX_POINT('',#5140);
#5140 = CARTESIAN_POINT('',(-52.35071218795,6.988619676946,56.8));
#5141 = B_SPLINE_CURVE_WITH_KNOTS('',2,(#5142,#5143,#5144),
  .UNSPECIFIED.,.F.,.F.,(3,3),(0.,1.),.PIECEWISE_BEZIER_KNOTS.);
#5142 = CARTESIAN_POINT('',(-52.71066079295,7.890418502203,56.8));
#5143 = CARTESIAN_POINT('',(-52.71066079295,7.337004405286,56.8));
#5144 = CARTESIAN_POINT('',(-52.35071218795,6.988619676946,56.8));
#5145 = ORIENTED_EDGE('',*,*,#5146,.F.);
#5146 = EDGE_CURVE('',#5147,#5139,#5149,.T.);
#5147 = VERTEX_POINT('',#5148);
#5148 = CARTESIAN_POINT('',(-52.35071218795,6.988619676946,57.4));
#5149 = B_SPLINE_CURVE_WITH_KNOTS('',1,(#5150,#5151),.UNSPECIFIED.,.F.,
  .F.,(2,2),(0.,0.6),.PIECEWISE_BEZIER_KNOTS.);
#5150 = CARTESIAN_POINT('',(-52.35071218795,6.988619676946,57.4));
#5151 = CARTESIAN_POINT('',(-52.35071218795,6.988619676946,56.8));
#5152 = ORIENTED_EDGE('',*,*,#5153,.F.);
#5153 = EDGE_CURVE('',#5115,#5147,#5154,.T.);
#5154 = B_SPLINE_CURVE_WITH_KNOTS('',2,(#5155,#5156,#5157),
  .UNSPECIFIED.,.F.,.F.,(3,3),(0.,1.),.PIECEWISE_BEZIER_KNOTS.);
#5155 = CARTESIAN_POINT('',(-52.71066079295,7.890418502203,57.4));
#5156 = CARTESIAN_POINT('',(-52.71066079295,7.337004405286,57.4));
#5157 = CARTESIAN_POINT('',(-52.35071218795,6.988619676946,57.4));
#5158 = B_SPLINE_SURFACE_WITH_KNOTS('',2,1,(
    (#5159,#5160)
    ,(#5161,#5162)
    ,(#5163,#5164
    )),.UNSPECIFIED.,.F.,.F.,.F.,(3,3),(2,2),(0.,1.),(-0.6,0.),
  .PIECEWISE_BEZIER_KNOTS.);
#5159 = CARTESIAN_POINT('',(-52.71066079295,7.890418502203,56.8));
#5160 = CARTESIAN_POINT('',(-52.71066079295,7.890418502203,57.4));
#5161 = CARTESIAN_POINT('',(-52.71066079295,7.337004405286,56.8));
#5162 = CARTESIAN_POINT('',(-52.71066079295,7.337004405286,57.4));
#5163 = CARTESIAN_POINT('',(-52.35071218795,6.988619676946,56.8));
#5164 = CARTESIAN_POINT('',(-52.35071218795,6.988619676946,57.4));
#5165 = ADVANCED_FACE('',(#5166),#5190,.F.);
#5166 = FACE_BOUND('',#5167,.F.);
#5167 = EDGE_LOOP('',(#5168,#5169,#5177,#5184));
#5168 = ORIENTED_EDGE('',*,*,#5146,.T.);
#5169 = ORIENTED_EDGE('',*,*,#5170,.T.);
#5170 = EDGE_CURVE('',#5139,#5171,#5173,.T.);
#5171 = VERTEX_POINT('',#5172);
#5172 = CARTESIAN_POINT('',(-51.38925844346,6.640418502203,56.8));
#5173 = B_SPLINE_CURVE_WITH_KNOTS('',2,(#5174,#5175,#5176),
  .UNSPECIFIED.,.F.,.F.,(3,3),(0.,1.),.PIECEWISE_BEZIER_KNOTS.);
#5174 = CARTESIAN_POINT('',(-52.35071218795,6.988619676946,56.8));
#5175 = CARTESIAN_POINT('',(-51.99076358296,6.640418502203,56.8));
#5176 = CARTESIAN_POINT('',(-51.38925844346,6.640418502203,56.8));
#5177 = ORIENTED_EDGE('',*,*,#5178,.F.);
#5178 = EDGE_CURVE('',#5179,#5171,#5181,.T.);
#5179 = VERTEX_POINT('',#5180);
#5180 = CARTESIAN_POINT('',(-51.38925844346,6.640418502203,57.4));
#5181 = B_SPLINE_CURVE_WITH_KNOTS('',1,(#5182,#5183),.UNSPECIFIED.,.F.,
  .F.,(2,2),(0.,0.6),.PIECEWISE_BEZIER_KNOTS.);
#5182 = CARTESIAN_POINT('',(-51.38925844346,6.640418502203,57.4));
#5183 = CARTESIAN_POINT('',(-51.38925844346,6.640418502203,56.8));
#5184 = ORIENTED_EDGE('',*,*,#5185,.F.);
#5185 = EDGE_CURVE('',#5147,#5179,#5186,.T.);
#5186 = B_SPLINE_CURVE_WITH_KNOTS('',2,(#5187,#5188,#5189),
  .UNSPECIFIED.,.F.,.F.,(3,3),(0.,1.),.PIECEWISE_BEZIER_KNOTS.);
#5187 = CARTESIAN_POINT('',(-52.35071218795,6.988619676946,57.4));
#5188 = CARTESIAN_POINT('',(-51.99076358296,6.640418502203,57.4));
#5189 = CARTESIAN_POINT('',(-51.38925844346,6.640418502203,57.4));
#5190 = B_SPLINE_SURFACE_WITH_KNOTS('',2,1,(
    (#5191,#5192)
    ,(#5193,#5194)
    ,(#5195,#5196
    )),.UNSPECIFIED.,.F.,.F.,.F.,(3,3),(2,2),(0.,1.),(-0.6,0.),
  .PIECEWISE_BEZIER_KNOTS.);
#5191 = CARTESIAN_POINT('',(-52.35071218795,6.988619676946,56.8));
#5192 = CARTESIAN_POINT('',(-52.35071218795,6.988619676946,57.4));
#5193 = CARTESIAN_POINT('',(-51.99076358296,6.640418502203,56.8));
#5194 = CARTESIAN_POINT('',(-51.99076358296,6.640418502203,57.4));
#5195 = CARTESIAN_POINT('',(-51.38925844346,6.640418502203,56.8));
#5196 = CARTESIAN_POINT('',(-51.38925844346,6.640418502203,57.4));
#5197 = ADVANCED_FACE('',(#5198),#5222,.F.);
#5198 = FACE_BOUND('',#5199,.F.);
#5199 = EDGE_LOOP('',(#5200,#5201,#5209,#5216));
#5200 = ORIENTED_EDGE('',*,*,#5178,.T.);
#5201 = ORIENTED_EDGE('',*,*,#5202,.T.);
#5202 = EDGE_CURVE('',#5171,#5203,#5205,.T.);
#5203 = VERTEX_POINT('',#5204);
#5204 = CARTESIAN_POINT('',(-50.44579295154,6.952826725404,56.8));
#5205 = B_SPLINE_CURVE_WITH_KNOTS('',2,(#5206,#5207,#5208),
  .UNSPECIFIED.,.F.,.F.,(3,3),(0.,1.),.PIECEWISE_BEZIER_KNOTS.);
#5206 = CARTESIAN_POINT('',(-51.38925844346,6.640418502203,56.8));
#5207 = CARTESIAN_POINT('',(-50.77967694566,6.640418502203,56.8));
#5208 = CARTESIAN_POINT('',(-50.44579295154,6.952826725404,56.8));
#5209 = ORIENTED_EDGE('',*,*,#5210,.F.);
#5210 = EDGE_CURVE('',#5211,#5203,#5213,.T.);
#5211 = VERTEX_POINT('',#5212);
#5212 = CARTESIAN_POINT('',(-50.44579295154,6.952826725404,57.4));
#5213 = B_SPLINE_CURVE_WITH_KNOTS('',1,(#5214,#5215),.UNSPECIFIED.,.F.,
  .F.,(2,2),(0.,0.6),.PIECEWISE_BEZIER_KNOTS.);
#5214 = CARTESIAN_POINT('',(-50.44579295154,6.952826725404,57.4));
#5215 = CARTESIAN_POINT('',(-50.44579295154,6.952826725404,56.8));
#5216 = ORIENTED_EDGE('',*,*,#5217,.F.);
#5217 = EDGE_CURVE('',#5179,#5211,#5218,.T.);
#5218 = B_SPLINE_CURVE_WITH_KNOTS('',2,(#5219,#5220,#5221),
  .UNSPECIFIED.,.F.,.F.,(3,3),(0.,1.),.PIECEWISE_BEZIER_KNOTS.);
#5219 = CARTESIAN_POINT('',(-51.38925844346,6.640418502203,57.4));
#5220 = CARTESIAN_POINT('',(-50.77967694566,6.640418502203,57.4));
#5221 = CARTESIAN_POINT('',(-50.44579295154,6.952826725404,57.4));
#5222 = B_SPLINE_SURFACE_WITH_KNOTS('',2,1,(
    (#5223,#5224)
    ,(#5225,#5226)
    ,(#5227,#5228
    )),.UNSPECIFIED.,.F.,.F.,.F.,(3,3),(2,2),(0.,1.),(-0.6,0.),
  .PIECEWISE_BEZIER_KNOTS.);
#5223 = CARTESIAN_POINT('',(-51.38925844346,6.640418502203,56.8));
#5224 = CARTESIAN_POINT('',(-51.38925844346,6.640418502203,57.4));
#5225 = CARTESIAN_POINT('',(-50.77967694566,6.640418502203,56.8));
#5226 = CARTESIAN_POINT('',(-50.77967694566,6.640418502203,57.4));
#5227 = CARTESIAN_POINT('',(-50.44579295154,6.952826725404,56.8));
#5228 = CARTESIAN_POINT('',(-50.44579295154,6.952826725404,57.4));
#5229 = ADVANCED_FACE('',(#5230),#5254,.F.);
#5230 = FACE_BOUND('',#5231,.F.);
#5231 = EDGE_LOOP('',(#5232,#5233,#5241,#5248));
#5232 = ORIENTED_EDGE('',*,*,#5210,.T.);
#5233 = ORIENTED_EDGE('',*,*,#5234,.T.);
#5234 = EDGE_CURVE('',#5203,#5235,#5237,.T.);
#5235 = VERTEX_POINT('',#5236);
#5236 = CARTESIAN_POINT('',(-50.11209251101,7.796806167401,56.8));
#5237 = B_SPLINE_CURVE_WITH_KNOTS('',2,(#5238,#5239,#5240),
  .UNSPECIFIED.,.F.,.F.,(3,3),(0.,1.),.PIECEWISE_BEZIER_KNOTS.);
#5238 = CARTESIAN_POINT('',(-50.44579295154,6.952826725404,56.8));
#5239 = CARTESIAN_POINT('',(-50.11209251101,7.265418502203,56.8));
#5240 = CARTESIAN_POINT('',(-50.11209251101,7.796806167401,56.8));
#5241 = ORIENTED_EDGE('',*,*,#5242,.F.);
#5242 = EDGE_CURVE('',#5243,#5235,#5245,.T.);
#5243 = VERTEX_POINT('',#5244);
#5244 = CARTESIAN_POINT('',(-50.11209251101,7.796806167401,57.4));
#5245 = B_SPLINE_CURVE_WITH_KNOTS('',1,(#5246,#5247),.UNSPECIFIED.,.F.,
  .F.,(2,2),(0.,0.6),.PIECEWISE_BEZIER_KNOTS.);
#5246 = CARTESIAN_POINT('',(-50.11209251101,7.796806167401,57.4));
#5247 = CARTESIAN_POINT('',(-50.11209251101,7.796806167401,56.8));
#5248 = ORIENTED_EDGE('',*,*,#5249,.F.);
#5249 = EDGE_CURVE('',#5211,#5243,#5250,.T.);
#5250 = B_SPLINE_CURVE_WITH_KNOTS('',2,(#5251,#5252,#5253),
  .UNSPECIFIED.,.F.,.F.,(3,3),(0.,1.),.PIECEWISE_BEZIER_KNOTS.);
#5251 = CARTESIAN_POINT('',(-50.44579295154,6.952826725404,57.4));
#5252 = CARTESIAN_POINT('',(-50.11209251101,7.265418502203,57.4));
#5253 = CARTESIAN_POINT('',(-50.11209251101,7.796806167401,57.4));
#5254 = B_SPLINE_SURFACE_WITH_KNOTS('',2,1,(
    (#5255,#5256)
    ,(#5257,#5258)
    ,(#5259,#5260
    )),.UNSPECIFIED.,.F.,.F.,.F.,(3,3),(2,2),(0.,1.),(-0.6,0.),
  .PIECEWISE_BEZIER_KNOTS.);
#5255 = CARTESIAN_POINT('',(-50.44579295154,6.952826725404,56.8));
#5256 = CARTESIAN_POINT('',(-50.44579295154,6.952826725404,57.4));
#5257 = CARTESIAN_POINT('',(-50.11209251101,7.265418502203,56.8));
#5258 = CARTESIAN_POINT('',(-50.11209251101,7.265418502203,57.4));
#5259 = CARTESIAN_POINT('',(-50.11209251101,7.796806167401,56.8));
#5260 = CARTESIAN_POINT('',(-50.11209251101,7.796806167401,57.4));
#5261 = ADVANCED_FACE('',(#5262),#5286,.F.);
#5262 = FACE_BOUND('',#5263,.F.);
#5263 = EDGE_LOOP('',(#5264,#5265,#5273,#5280));
#5264 = ORIENTED_EDGE('',*,*,#5242,.T.);
#5265 = ORIENTED_EDGE('',*,*,#5266,.T.);
#5266 = EDGE_CURVE('',#5235,#5267,#5269,.T.);
#5267 = VERTEX_POINT('',#5268);
#5268 = CARTESIAN_POINT('',(-50.20368575624,8.303414096916,56.8));
#5269 = B_SPLINE_CURVE_WITH_KNOTS('',2,(#5270,#5271,#5272),
  .UNSPECIFIED.,.F.,.F.,(3,3),(0.,1.),.PIECEWISE_BEZIER_KNOTS.);
#5270 = CARTESIAN_POINT('',(-50.11209251101,7.796806167401,56.8));
#5271 = CARTESIAN_POINT('',(-50.11209251101,8.116189427313,56.8));
#5272 = CARTESIAN_POINT('',(-50.20368575624,8.303414096916,56.8));
#5273 = ORIENTED_EDGE('',*,*,#5274,.F.);
#5274 = EDGE_CURVE('',#5275,#5267,#5277,.T.);
#5275 = VERTEX_POINT('',#5276);
#5276 = CARTESIAN_POINT('',(-50.20368575624,8.303414096916,57.4));
#5277 = B_SPLINE_CURVE_WITH_KNOTS('',1,(#5278,#5279),.UNSPECIFIED.,.F.,
  .F.,(2,2),(0.,0.6),.PIECEWISE_BEZIER_KNOTS.);
#5278 = CARTESIAN_POINT('',(-50.20368575624,8.303414096916,57.4));
#5279 = CARTESIAN_POINT('',(-50.20368575624,8.303414096916,56.8));
#5280 = ORIENTED_EDGE('',*,*,#5281,.F.);
#5281 = EDGE_CURVE('',#5243,#5275,#5282,.T.);
#5282 = B_SPLINE_CURVE_WITH_KNOTS('',2,(#5283,#5284,#5285),
  .UNSPECIFIED.,.F.,.F.,(3,3),(0.,1.),.PIECEWISE_BEZIER_KNOTS.);
#5283 = CARTESIAN_POINT('',(-50.11209251101,7.796806167401,57.4));
#5284 = CARTESIAN_POINT('',(-50.11209251101,8.116189427313,57.4));
#5285 = CARTESIAN_POINT('',(-50.20368575624,8.303414096916,57.4));
#5286 = B_SPLINE_SURFACE_WITH_KNOTS('',2,1,(
    (#5287,#5288)
    ,(#5289,#5290)
    ,(#5291,#5292
    )),.UNSPECIFIED.,.F.,.F.,.F.,(3,3),(2,2),(0.,1.),(-0.6,0.),
  .PIECEWISE_BEZIER_KNOTS.);
#5287 = CARTESIAN_POINT('',(-50.11209251101,7.796806167401,56.8));
#5288 = CARTESIAN_POINT('',(-50.11209251101,7.796806167401,57.4));
#5289 = CARTESIAN_POINT('',(-50.11209251101,8.116189427313,56.8));
#5290 = CARTESIAN_POINT('',(-50.11209251101,8.116189427313,57.4));
#5291 = CARTESIAN_POINT('',(-50.20368575624,8.303414096916,56.8));
#5292 = CARTESIAN_POINT('',(-50.20368575624,8.303414096916,57.4));
#5293 = ADVANCED_FACE('',(#5294),#5316,.F.);
#5294 = FACE_BOUND('',#5295,.F.);
#5295 = EDGE_LOOP('',(#5296,#5297,#5304,#5311));
#5296 = ORIENTED_EDGE('',*,*,#5274,.T.);
#5297 = ORIENTED_EDGE('',*,*,#5298,.T.);
#5298 = EDGE_CURVE('',#5267,#5299,#5301,.T.);
#5299 = VERTEX_POINT('',#5300);
#5300 = CARTESIAN_POINT('',(-50.98158590308,8.303414096916,56.8));
#5301 = B_SPLINE_CURVE_WITH_KNOTS('',1,(#5302,#5303),.UNSPECIFIED.,.F.,
  .F.,(2,2),(0.,0.777900146843),.PIECEWISE_BEZIER_KNOTS.);
#5302 = CARTESIAN_POINT('',(-50.20368575624,8.303414096916,56.8));
#5303 = CARTESIAN_POINT('',(-50.98158590308,8.303414096916,56.8));
#5304 = ORIENTED_EDGE('',*,*,#5305,.F.);
#5305 = EDGE_CURVE('',#5306,#5299,#5308,.T.);
#5306 = VERTEX_POINT('',#5307);
#5307 = CARTESIAN_POINT('',(-50.98158590308,8.303414096916,57.4));
#5308 = B_SPLINE_CURVE_WITH_KNOTS('',1,(#5309,#5310),.UNSPECIFIED.,.F.,
  .F.,(2,2),(0.,0.6),.PIECEWISE_BEZIER_KNOTS.);
#5309 = CARTESIAN_POINT('',(-50.98158590308,8.303414096916,57.4));
#5310 = CARTESIAN_POINT('',(-50.98158590308,8.303414096916,56.8));
#5311 = ORIENTED_EDGE('',*,*,#5312,.F.);
#5312 = EDGE_CURVE('',#5275,#5306,#5313,.T.);
#5313 = B_SPLINE_CURVE_WITH_KNOTS('',1,(#5314,#5315),.UNSPECIFIED.,.F.,
  .F.,(2,2),(0.,0.777900146843),.PIECEWISE_BEZIER_KNOTS.);
#5314 = CARTESIAN_POINT('',(-50.20368575624,8.303414096916,57.4));
#5315 = CARTESIAN_POINT('',(-50.98158590308,8.303414096916,57.4));
#5316 = B_SPLINE_SURFACE_WITH_KNOTS('',1,1,(
    (#5317,#5318)
    ,(#5319,#5320
    )),.UNSPECIFIED.,.F.,.F.,.F.,(2,2),(2,2),(0.,0.777900146843),(-0.6,
    0.),.PIECEWISE_BEZIER_KNOTS.);
#5317 = CARTESIAN_POINT('',(-50.20368575624,8.303414096916,56.8));
#5318 = CARTESIAN_POINT('',(-50.20368575624,8.303414096916,57.4));
#5319 = CARTESIAN_POINT('',(-50.98158590308,8.303414096916,56.8));
#5320 = CARTESIAN_POINT('',(-50.98158590308,8.303414096916,57.4));
#5321 = ADVANCED_FACE('',(#5322),#5344,.F.);
#5322 = FACE_BOUND('',#5323,.F.);
#5323 = EDGE_LOOP('',(#5324,#5325,#5332,#5339));
#5324 = ORIENTED_EDGE('',*,*,#5305,.T.);
#5325 = ORIENTED_EDGE('',*,*,#5326,.T.);
#5326 = EDGE_CURVE('',#5299,#5327,#5329,.T.);
#5327 = VERTEX_POINT('',#5328);
#5328 = CARTESIAN_POINT('',(-50.98158590308,7.513215859031,56.8));
#5329 = B_SPLINE_CURVE_WITH_KNOTS('',1,(#5330,#5331),.UNSPECIFIED.,.F.,
  .F.,(2,2),(0.,0.790198237885),.PIECEWISE_BEZIER_KNOTS.);
#5330 = CARTESIAN_POINT('',(-50.98158590308,8.303414096916,56.8));
#5331 = CARTESIAN_POINT('',(-50.98158590308,7.513215859031,56.8));
#5332 = ORIENTED_EDGE('',*,*,#5333,.F.);
#5333 = EDGE_CURVE('',#5334,#5327,#5336,.T.);
#5334 = VERTEX_POINT('',#5335);
#5335 = CARTESIAN_POINT('',(-50.98158590308,7.513215859031,57.4));
#5336 = B_SPLINE_CURVE_WITH_KNOTS('',1,(#5337,#5338),.UNSPECIFIED.,.F.,
  .F.,(2,2),(0.,0.6),.PIECEWISE_BEZIER_KNOTS.);
#5337 = CARTESIAN_POINT('',(-50.98158590308,7.513215859031,57.4));
#5338 = CARTESIAN_POINT('',(-50.98158590308,7.513215859031,56.8));
#5339 = ORIENTED_EDGE('',*,*,#5340,.F.);
#5340 = EDGE_CURVE('',#5306,#5334,#5341,.T.);
#5341 = B_SPLINE_CURVE_WITH_KNOTS('',1,(#5342,#5343),.UNSPECIFIED.,.F.,
  .F.,(2,2),(0.,0.790198237885),.PIECEWISE_BEZIER_KNOTS.);
#5342 = CARTESIAN_POINT('',(-50.98158590308,8.303414096916,57.4));
#5343 = CARTESIAN_POINT('',(-50.98158590308,7.513215859031,57.4));
#5344 = B_SPLINE_SURFACE_WITH_KNOTS('',1,1,(
    (#5345,#5346)
    ,(#5347,#5348
    )),.UNSPECIFIED.,.F.,.F.,.F.,(2,2),(2,2),(0.,0.790198237885),(-0.6,
    0.),.PIECEWISE_BEZIER_KNOTS.);
#5345 = CARTESIAN_POINT('',(-50.98158590308,8.303414096916,56.8));
#5346 = CARTESIAN_POINT('',(-50.98158590308,8.303414096916,57.4));
#5347 = CARTESIAN_POINT('',(-50.98158590308,7.513215859031,56.8));
#5348 = CARTESIAN_POINT('',(-50.98158590308,7.513215859031,57.4));
#5349 = ADVANCED_FACE('',(#5350),#5372,.F.);
#5350 = FACE_BOUND('',#5351,.F.);
#5351 = EDGE_LOOP('',(#5352,#5353,#5360,#5367));
#5352 = ORIENTED_EDGE('',*,*,#5333,.T.);
#5353 = ORIENTED_EDGE('',*,*,#5354,.T.);
#5354 = EDGE_CURVE('',#5327,#5355,#5357,.T.);
#5355 = VERTEX_POINT('',#5356);
#5356 = CARTESIAN_POINT('',(-51.69193832599,7.513215859031,56.8));
#5357 = B_SPLINE_CURVE_WITH_KNOTS('',1,(#5358,#5359),.UNSPECIFIED.,.F.,
  .F.,(2,2),(0.,0.710352422907),.PIECEWISE_BEZIER_KNOTS.);
#5358 = CARTESIAN_POINT('',(-50.98158590308,7.513215859031,56.8));
#5359 = CARTESIAN_POINT('',(-51.69193832599,7.513215859031,56.8));
#5360 = ORIENTED_EDGE('',*,*,#5361,.F.);
#5361 = EDGE_CURVE('',#5362,#5355,#5364,.T.);
#5362 = VERTEX_POINT('',#5363);
#5363 = CARTESIAN_POINT('',(-51.69193832599,7.513215859031,57.4));
#5364 = B_SPLINE_CURVE_WITH_KNOTS('',1,(#5365,#5366),.UNSPECIFIED.,.F.,
  .F.,(2,2),(0.,0.6),.PIECEWISE_BEZIER_KNOTS.);
#5365 = CARTESIAN_POINT('',(-51.69193832599,7.513215859031,57.4));
#5366 = CARTESIAN_POINT('',(-51.69193832599,7.513215859031,56.8));
#5367 = ORIENTED_EDGE('',*,*,#5368,.F.);
#5368 = EDGE_CURVE('',#5334,#5362,#5369,.T.);
#5369 = B_SPLINE_CURVE_WITH_KNOTS('',1,(#5370,#5371),.UNSPECIFIED.,.F.,
  .F.,(2,2),(0.,0.710352422907),.PIECEWISE_BEZIER_KNOTS.);
#5370 = CARTESIAN_POINT('',(-50.98158590308,7.513215859031,57.4));
#5371 = CARTESIAN_POINT('',(-51.69193832599,7.513215859031,57.4));
#5372 = B_SPLINE_SURFACE_WITH_KNOTS('',1,1,(
    (#5373,#5374)
    ,(#5375,#5376
    )),.UNSPECIFIED.,.F.,.F.,.F.,(2,2),(2,2),(0.,0.710352422907),(-0.6,
    0.),.PIECEWISE_BEZIER_KNOTS.);
#5373 = CARTESIAN_POINT('',(-50.98158590308,7.513215859031,56.8));
#5374 = CARTESIAN_POINT('',(-50.98158590308,7.513215859031,57.4));
#5375 = CARTESIAN_POINT('',(-51.69193832599,7.513215859031,56.8));
#5376 = CARTESIAN_POINT('',(-51.69193832599,7.513215859031,57.4));
#5377 = ADVANCED_FACE('',(#5378),#5400,.F.);
#5378 = FACE_BOUND('',#5379,.F.);
#5379 = EDGE_LOOP('',(#5380,#5381,#5388,#5395));
#5380 = ORIENTED_EDGE('',*,*,#5361,.T.);
#5381 = ORIENTED_EDGE('',*,*,#5382,.T.);
#5382 = EDGE_CURVE('',#5355,#5383,#5385,.T.);
#5383 = VERTEX_POINT('',#5384);
#5384 = CARTESIAN_POINT('',(-51.69193832599,9.192731277533,56.8));
#5385 = B_SPLINE_CURVE_WITH_KNOTS('',1,(#5386,#5387),.UNSPECIFIED.,.F.,
  .F.,(2,2),(0.,1.679515418502),.PIECEWISE_BEZIER_KNOTS.);
#5386 = CARTESIAN_POINT('',(-51.69193832599,7.513215859031,56.8));
#5387 = CARTESIAN_POINT('',(-51.69193832599,9.192731277533,56.8));
#5388 = ORIENTED_EDGE('',*,*,#5389,.F.);
#5389 = EDGE_CURVE('',#5390,#5383,#5392,.T.);
#5390 = VERTEX_POINT('',#5391);
#5391 = CARTESIAN_POINT('',(-51.69193832599,9.192731277533,57.4));
#5392 = B_SPLINE_CURVE_WITH_KNOTS('',1,(#5393,#5394),.UNSPECIFIED.,.F.,
  .F.,(2,2),(0.,0.6),.PIECEWISE_BEZIER_KNOTS.);
#5393 = CARTESIAN_POINT('',(-51.69193832599,9.192731277533,57.4));
#5394 = CARTESIAN_POINT('',(-51.69193832599,9.192731277533,56.8));
#5395 = ORIENTED_EDGE('',*,*,#5396,.F.);
#5396 = EDGE_CURVE('',#5362,#5390,#5397,.T.);
#5397 = B_SPLINE_CURVE_WITH_KNOTS('',1,(#5398,#5399),.UNSPECIFIED.,.F.,
  .F.,(2,2),(0.,1.679515418502),.PIECEWISE_BEZIER_KNOTS.);
#5398 = CARTESIAN_POINT('',(-51.69193832599,7.513215859031,57.4));
#5399 = CARTESIAN_POINT('',(-51.69193832599,9.192731277533,57.4));
#5400 = B_SPLINE_SURFACE_WITH_KNOTS('',1,1,(
    (#5401,#5402)
    ,(#5403,#5404
    )),.UNSPECIFIED.,.F.,.F.,.F.,(2,2),(2,2),(0.,1.679515418502),(-0.6,
    0.),.PIECEWISE_BEZIER_KNOTS.);
#5401 = CARTESIAN_POINT('',(-51.69193832599,7.513215859031,56.8));
#5402 = CARTESIAN_POINT('',(-51.69193832599,7.513215859031,57.4));
#5403 = CARTESIAN_POINT('',(-51.69193832599,9.192731277533,56.8));
#5404 = CARTESIAN_POINT('',(-51.69193832599,9.192731277533,57.4));
#5405 = ADVANCED_FACE('',(#5406),#5420,.F.);
#5406 = FACE_BOUND('',#5407,.F.);
#5407 = EDGE_LOOP('',(#5408,#5409,#5414,#5415));
#5408 = ORIENTED_EDGE('',*,*,#5389,.T.);
#5409 = ORIENTED_EDGE('',*,*,#5410,.T.);
#5410 = EDGE_CURVE('',#5383,#4880,#5411,.T.);
#5411 = B_SPLINE_CURVE_WITH_KNOTS('',1,(#5412,#5413),.UNSPECIFIED.,.F.,
  .F.,(2,2),(0.,1.991740088106),.PIECEWISE_BEZIER_KNOTS.);
#5412 = CARTESIAN_POINT('',(-51.69193832599,9.192731277533,56.8));
#5413 = CARTESIAN_POINT('',(-49.70019823788,9.192731277533,56.8));
#5414 = ORIENTED_EDGE('',*,*,#4877,.F.);
#5415 = ORIENTED_EDGE('',*,*,#5416,.F.);
#5416 = EDGE_CURVE('',#5390,#4878,#5417,.T.);
#5417 = B_SPLINE_CURVE_WITH_KNOTS('',1,(#5418,#5419),.UNSPECIFIED.,.F.,
  .F.,(2,2),(0.,1.991740088106),.PIECEWISE_BEZIER_KNOTS.);
#5418 = CARTESIAN_POINT('',(-51.69193832599,9.192731277533,57.4));
#5419 = CARTESIAN_POINT('',(-49.70019823788,9.192731277533,57.4));
#5420 = B_SPLINE_SURFACE_WITH_KNOTS('',1,1,(
    (#5421,#5422)
    ,(#5423,#5424
    )),.UNSPECIFIED.,.F.,.F.,.F.,(2,2),(2,2),(0.,1.991740088106),(-0.6,
    0.),.PIECEWISE_BEZIER_KNOTS.);
#5421 = CARTESIAN_POINT('',(-51.69193832599,9.192731277533,56.8));
#5422 = CARTESIAN_POINT('',(-51.69193832599,9.192731277533,57.4));
#5423 = CARTESIAN_POINT('',(-49.70019823788,9.192731277533,56.8));
#5424 = CARTESIAN_POINT('',(-49.70019823788,9.192731277533,57.4));
#5425 = ADVANCED_FACE('',(#5426),#5446,.T.);
#5426 = FACE_BOUND('',#5427,.F.);
#5427 = EDGE_LOOP('',(#5428,#5429,#5430,#5431,#5432,#5433,#5434,#5435,
    #5436,#5437,#5438,#5439,#5440,#5441,#5442,#5443,#5444,#5445));
#5428 = ORIENTED_EDGE('',*,*,#4901,.T.);
#5429 = ORIENTED_EDGE('',*,*,#4933,.T.);
#5430 = ORIENTED_EDGE('',*,*,#4965,.T.);
#5431 = ORIENTED_EDGE('',*,*,#4997,.T.);
#5432 = ORIENTED_EDGE('',*,*,#5029,.T.);
#5433 = ORIENTED_EDGE('',*,*,#5061,.T.);
#5434 = ORIENTED_EDGE('',*,*,#5092,.T.);
#5435 = ORIENTED_EDGE('',*,*,#5121,.T.);
#5436 = ORIENTED_EDGE('',*,*,#5153,.T.);
#5437 = ORIENTED_EDGE('',*,*,#5185,.T.);
#5438 = ORIENTED_EDGE('',*,*,#5217,.T.);
#5439 = ORIENTED_EDGE('',*,*,#5249,.T.);
#5440 = ORIENTED_EDGE('',*,*,#5281,.T.);
#5441 = ORIENTED_EDGE('',*,*,#5312,.T.);
#5442 = ORIENTED_EDGE('',*,*,#5340,.T.);
#5443 = ORIENTED_EDGE('',*,*,#5368,.T.);
#5444 = ORIENTED_EDGE('',*,*,#5396,.T.);
#5445 = ORIENTED_EDGE('',*,*,#5416,.T.);
#5446 = B_SPLINE_SURFACE_WITH_KNOTS('',1,1,(
    (#5447,#5448)
    ,(#5449,#5450
    )),.UNSPECIFIED.,.F.,.F.,.F.,(2,2),(2,2),(-1.909888289513,
    1.578547833835),(-2.020075536075,2.068030190797),
  .PIECEWISE_BEZIER_KNOTS.);
#5447 = CARTESIAN_POINT('',(-49.36594713656,5.704295154185,57.4));
#5448 = CARTESIAN_POINT('',(-53.45405286343,5.704295154185,57.4));
#5449 = CARTESIAN_POINT('',(-49.36594713656,9.192731277533,57.4));
#5450 = CARTESIAN_POINT('',(-53.45405286343,9.192731277533,57.4));
#5451 = ADVANCED_FACE('',(#5452),#5472,.F.);
#5452 = FACE_BOUND('',#5453,.T.);
#5453 = EDGE_LOOP('',(#5454,#5455,#5456,#5457,#5458,#5459,#5460,#5461,
    #5462,#5463,#5464,#5465,#5466,#5467,#5468,#5469,#5470,#5471));
#5454 = ORIENTED_EDGE('',*,*,#4886,.T.);
#5455 = ORIENTED_EDGE('',*,*,#4918,.T.);
#5456 = ORIENTED_EDGE('',*,*,#4950,.T.);
#5457 = ORIENTED_EDGE('',*,*,#4982,.T.);
#5458 = ORIENTED_EDGE('',*,*,#5014,.T.);
#5459 = ORIENTED_EDGE('',*,*,#5046,.T.);
#5460 = ORIENTED_EDGE('',*,*,#5078,.T.);
#5461 = ORIENTED_EDGE('',*,*,#5106,.T.);
#5462 = ORIENTED_EDGE('',*,*,#5138,.T.);
#5463 = ORIENTED_EDGE('',*,*,#5170,.T.);
#5464 = ORIENTED_EDGE('',*,*,#5202,.T.);
#5465 = ORIENTED_EDGE('',*,*,#5234,.T.);
#5466 = ORIENTED_EDGE('',*,*,#5266,.T.);
#5467 = ORIENTED_EDGE('',*,*,#5298,.T.);
#5468 = ORIENTED_EDGE('',*,*,#5326,.T.);
#5469 = ORIENTED_EDGE('',*,*,#5354,.T.);
#5470 = ORIENTED_EDGE('',*,*,#5382,.T.);
#5471 = ORIENTED_EDGE('',*,*,#5410,.T.);
#5472 = B_SPLINE_SURFACE_WITH_KNOTS('',1,1,(
    (#5473,#5474)
    ,(#5475,#5476
    )),.UNSPECIFIED.,.F.,.F.,.F.,(2,2),(2,2),(-1.909888289513,
    1.578547833835),(-2.020075536075,2.068030190797),
  .PIECEWISE_BEZIER_KNOTS.);
#5473 = CARTESIAN_POINT('',(-49.36594713656,5.704295154185,56.8));
#5474 = CARTESIAN_POINT('',(-53.45405286343,5.704295154185,56.8));
#5475 = CARTESIAN_POINT('',(-49.36594713656,9.192731277533,56.8));
#5476 = CARTESIAN_POINT('',(-53.45405286343,9.192731277533,56.8));
#5477 = MANIFOLD_SOLID_BREP('',#5478);
#5478 = CLOSED_SHELL('',(#5479,#5515,#5543,#5575,#5603,#5635,#5663,#5691
    ,#5719,#5747,#5775,#5807,#5835,#5867,#5895,#5923,#5943,#5967));
#5479 = ADVANCED_FACE('',(#5480),#5510,.F.);
#5480 = FACE_BOUND('',#5481,.F.);
#5481 = EDGE_LOOP('',(#5482,#5491,#5498,#5505));
#5482 = ORIENTED_EDGE('',*,*,#5483,.T.);
#5483 = EDGE_CURVE('',#5484,#5486,#5488,.T.);
#5484 = VERTEX_POINT('',#5485);
#5485 = CARTESIAN_POINT('',(-49.43643171806,13.509728340675,57.4));
#5486 = VERTEX_POINT('',#5487);
#5487 = CARTESIAN_POINT('',(-49.43643171806,13.509728340675,56.8));
#5488 = B_SPLINE_CURVE_WITH_KNOTS('',1,(#5489,#5490),.UNSPECIFIED.,.F.,
  .F.,(2,2),(0.,0.6),.PIECEWISE_BEZIER_KNOTS.);
#5489 = CARTESIAN_POINT('',(-49.43643171806,13.509728340675,57.4));
#5490 = CARTESIAN_POINT('',(-49.43643171806,13.509728340675,56.8));
#5491 = ORIENTED_EDGE('',*,*,#5492,.T.);
#5492 = EDGE_CURVE('',#5486,#5493,#5495,.T.);
#5493 = VERTEX_POINT('',#5494);
#5494 = CARTESIAN_POINT('',(-49.43643171806,12.612151248164,56.8));
#5495 = B_SPLINE_CURVE_WITH_KNOTS('',1,(#5496,#5497),.UNSPECIFIED.,.F.,
  .F.,(2,2),(0.,0.897577092511),.PIECEWISE_BEZIER_KNOTS.);
#5496 = CARTESIAN_POINT('',(-49.43643171806,13.509728340675,56.8));
#5497 = CARTESIAN_POINT('',(-49.43643171806,12.612151248164,56.8));
#5498 = ORIENTED_EDGE('',*,*,#5499,.F.);
#5499 = EDGE_CURVE('',#5500,#5493,#5502,.T.);
#5500 = VERTEX_POINT('',#5501);
#5501 = CARTESIAN_POINT('',(-49.43643171806,12.612151248164,57.4));
#5502 = B_SPLINE_CURVE_WITH_KNOTS('',1,(#5503,#5504),.UNSPECIFIED.,.F.,
  .F.,(2,2),(0.,0.6),.PIECEWISE_BEZIER_KNOTS.);
#5503 = CARTESIAN_POINT('',(-49.43643171806,12.612151248164,57.4));
#5504 = CARTESIAN_POINT('',(-49.43643171806,12.612151248164,56.8));
#5505 = ORIENTED_EDGE('',*,*,#5506,.F.);
#5506 = EDGE_CURVE('',#5484,#5500,#5507,.T.);
#5507 = B_SPLINE_CURVE_WITH_KNOTS('',1,(#5508,#5509),.UNSPECIFIED.,.F.,
  .F.,(2,2),(0.,0.897577092511),.PIECEWISE_BEZIER_KNOTS.);
#5508 = CARTESIAN_POINT('',(-49.43643171806,13.509728340675,57.4));
#5509 = CARTESIAN_POINT('',(-49.43643171806,12.612151248164,57.4));
#5510 = B_SPLINE_SURFACE_WITH_KNOTS('',1,1,(
    (#5511,#5512)
    ,(#5513,#5514
    )),.UNSPECIFIED.,.F.,.F.,.F.,(2,2),(2,2),(0.,0.897577092511),(-0.6,
    0.),.PIECEWISE_BEZIER_KNOTS.);
#5511 = CARTESIAN_POINT('',(-49.43643171806,13.509728340675,56.8));
#5512 = CARTESIAN_POINT('',(-49.43643171806,13.509728340675,57.4));
#5513 = CARTESIAN_POINT('',(-49.43643171806,12.612151248164,56.8));
#5514 = CARTESIAN_POINT('',(-49.43643171806,12.612151248164,57.4));
#5515 = ADVANCED_FACE('',(#5516),#5538,.F.);
#5516 = FACE_BOUND('',#5517,.F.);
#5517 = EDGE_LOOP('',(#5518,#5519,#5526,#5533));
#5518 = ORIENTED_EDGE('',*,*,#5499,.T.);
#5519 = ORIENTED_EDGE('',*,*,#5520,.T.);
#5520 = EDGE_CURVE('',#5493,#5521,#5523,.T.);
#5521 = VERTEX_POINT('',#5522);
#5522 = CARTESIAN_POINT('',(-51.91642437591,10.984948604993,56.8));
#5523 = B_SPLINE_CURVE_WITH_KNOTS('',1,(#5524,#5525),.UNSPECIFIED.,.F.,
  .F.,(2,2),(0.,2.966167902356),.PIECEWISE_BEZIER_KNOTS.);
#5524 = CARTESIAN_POINT('',(-49.43643171806,12.612151248164,56.8));
#5525 = CARTESIAN_POINT('',(-51.91642437591,10.984948604993,56.8));
#5526 = ORIENTED_EDGE('',*,*,#5527,.F.);
#5527 = EDGE_CURVE('',#5528,#5521,#5530,.T.);
#5528 = VERTEX_POINT('',#5529);
#5529 = CARTESIAN_POINT('',(-51.91642437591,10.984948604993,57.4));
#5530 = B_SPLINE_CURVE_WITH_KNOTS('',1,(#5531,#5532),.UNSPECIFIED.,.F.,
  .F.,(2,2),(0.,0.6),.PIECEWISE_BEZIER_KNOTS.);
#5531 = CARTESIAN_POINT('',(-51.91642437591,10.984948604993,57.4));
#5532 = CARTESIAN_POINT('',(-51.91642437591,10.984948604993,56.8));
#5533 = ORIENTED_EDGE('',*,*,#5534,.F.);
#5534 = EDGE_CURVE('',#5500,#5528,#5535,.T.);
#5535 = B_SPLINE_CURVE_WITH_KNOTS('',1,(#5536,#5537),.UNSPECIFIED.,.F.,
  .F.,(2,2),(0.,2.966167902356),.PIECEWISE_BEZIER_KNOTS.);
#5536 = CARTESIAN_POINT('',(-49.43643171806,12.612151248164,57.4));
#5537 = CARTESIAN_POINT('',(-51.91642437591,10.984948604993,57.4));
#5538 = B_SPLINE_SURFACE_WITH_KNOTS('',1,1,(
    (#5539,#5540)
    ,(#5541,#5542
    )),.UNSPECIFIED.,.F.,.F.,.F.,(2,2),(2,2),(0.,2.966167902356),(-0.6,
    0.),.PIECEWISE_BEZIER_KNOTS.);
#5539 = CARTESIAN_POINT('',(-49.43643171806,12.612151248164,56.8));
#5540 = CARTESIAN_POINT('',(-49.43643171806,12.612151248164,57.4));
#5541 = CARTESIAN_POINT('',(-51.91642437591,10.984948604993,56.8));
#5542 = CARTESIAN_POINT('',(-51.91642437591,10.984948604993,57.4));
#5543 = ADVANCED_FACE('',(#5544),#5568,.F.);
#5544 = FACE_BOUND('',#5545,.F.);
#5545 = EDGE_LOOP('',(#5546,#5547,#5555,#5562));
#5546 = ORIENTED_EDGE('',*,*,#5527,.T.);
#5547 = ORIENTED_EDGE('',*,*,#5548,.T.);
#5548 = EDGE_CURVE('',#5521,#5549,#5551,.T.);
#5549 = VERTEX_POINT('',#5550);
#5550 = CARTESIAN_POINT('',(-52.24406754772,10.78671071953,56.8));
#5551 = B_SPLINE_CURVE_WITH_KNOTS('',2,(#5552,#5553,#5554),
  .UNSPECIFIED.,.F.,.F.,(3,3),(0.,1.),.PIECEWISE_BEZIER_KNOTS.);
#5552 = CARTESIAN_POINT('',(-51.91642437591,10.984948604993,56.8));
#5553 = CARTESIAN_POINT('',(-52.13393538913,10.841776798825,56.8));
#5554 = CARTESIAN_POINT('',(-52.24406754772,10.78671071953,56.8));
#5555 = ORIENTED_EDGE('',*,*,#5556,.F.);
#5556 = EDGE_CURVE('',#5557,#5549,#5559,.T.);
#5557 = VERTEX_POINT('',#5558);
#5558 = CARTESIAN_POINT('',(-52.24406754772,10.78671071953,57.4));
#5559 = B_SPLINE_CURVE_WITH_KNOTS('',1,(#5560,#5561),.UNSPECIFIED.,.F.,
  .F.,(2,2),(0.,0.6),.PIECEWISE_BEZIER_KNOTS.);
#5560 = CARTESIAN_POINT('',(-52.24406754772,10.78671071953,57.4));
#5561 = CARTESIAN_POINT('',(-52.24406754772,10.78671071953,56.8));
#5562 = ORIENTED_EDGE('',*,*,#5563,.F.);
#5563 = EDGE_CURVE('',#5528,#5557,#5564,.T.);
#5564 = B_SPLINE_CURVE_WITH_KNOTS('',2,(#5565,#5566,#5567),
  .UNSPECIFIED.,.F.,.F.,(3,3),(0.,1.),.PIECEWISE_BEZIER_KNOTS.);
#5565 = CARTESIAN_POINT('',(-51.91642437591,10.984948604993,57.4));
#5566 = CARTESIAN_POINT('',(-52.13393538913,10.841776798825,57.4));
#5567 = CARTESIAN_POINT('',(-52.24406754772,10.78671071953,57.4));
#5568 = B_SPLINE_SURFACE_WITH_KNOTS('',2,1,(
    (#5569,#5570)
    ,(#5571,#5572)
    ,(#5573,#5574
    )),.UNSPECIFIED.,.F.,.F.,.F.,(3,3),(2,2),(0.,1.),(-0.6,0.),
  .PIECEWISE_BEZIER_KNOTS.);
#5569 = CARTESIAN_POINT('',(-51.91642437591,10.984948604993,56.8));
#5570 = CARTESIAN_POINT('',(-51.91642437591,10.984948604993,57.4));
#5571 = CARTESIAN_POINT('',(-52.13393538913,10.841776798825,56.8));
#5572 = CARTESIAN_POINT('',(-52.13393538913,10.841776798825,57.4));
#5573 = CARTESIAN_POINT('',(-52.24406754772,10.78671071953,56.8));
#5574 = CARTESIAN_POINT('',(-52.24406754772,10.78671071953,57.4));
#5575 = ADVANCED_FACE('',(#5576),#5598,.F.);
#5576 = FACE_BOUND('',#5577,.F.);
#5577 = EDGE_LOOP('',(#5578,#5579,#5586,#5593));
#5578 = ORIENTED_EDGE('',*,*,#5556,.T.);
#5579 = ORIENTED_EDGE('',*,*,#5580,.T.);
#5580 = EDGE_CURVE('',#5549,#5581,#5583,.T.);
#5581 = VERTEX_POINT('',#5582);
#5582 = CARTESIAN_POINT('',(-52.24406754772,10.775697503671,56.8));
#5583 = B_SPLINE_CURVE_WITH_KNOTS('',1,(#5584,#5585),.UNSPECIFIED.,.F.,
  .F.,(2,2),(0.,1.101321585903E-02),.PIECEWISE_BEZIER_KNOTS.);
#5584 = CARTESIAN_POINT('',(-52.24406754772,10.78671071953,56.8));
#5585 = CARTESIAN_POINT('',(-52.24406754772,10.775697503671,56.8));
#5586 = ORIENTED_EDGE('',*,*,#5587,.F.);
#5587 = EDGE_CURVE('',#5588,#5581,#5590,.T.);
#5588 = VERTEX_POINT('',#5589);
#5589 = CARTESIAN_POINT('',(-52.24406754772,10.775697503671,57.4));
#5590 = B_SPLINE_CURVE_WITH_KNOTS('',1,(#5591,#5592),.UNSPECIFIED.,.F.,
  .F.,(2,2),(0.,0.6),.PIECEWISE_BEZIER_KNOTS.);
#5591 = CARTESIAN_POINT('',(-52.24406754772,10.775697503671,57.4));
#5592 = CARTESIAN_POINT('',(-52.24406754772,10.775697503671,56.8));
#5593 = ORIENTED_EDGE('',*,*,#5594,.F.);
#5594 = EDGE_CURVE('',#5557,#5588,#5595,.T.);
#5595 = B_SPLINE_CURVE_WITH_KNOTS('',1,(#5596,#5597),.UNSPECIFIED.,.F.,
  .F.,(2,2),(0.,1.101321585903E-02),.PIECEWISE_BEZIER_KNOTS.);
#5596 = CARTESIAN_POINT('',(-52.24406754772,10.78671071953,57.4));
#5597 = CARTESIAN_POINT('',(-52.24406754772,10.775697503671,57.4));
#5598 = B_SPLINE_SURFACE_WITH_KNOTS('',1,1,(
    (#5599,#5600)
    ,(#5601,#5602
    )),.UNSPECIFIED.,.F.,.F.,.F.,(2,2),(2,2),(0.,1.101321585903E-02),(
    -0.6,0.),.PIECEWISE_BEZIER_KNOTS.);
#5599 = CARTESIAN_POINT('',(-52.24406754772,10.78671071953,56.8));
#5600 = CARTESIAN_POINT('',(-52.24406754772,10.78671071953,57.4));
#5601 = CARTESIAN_POINT('',(-52.24406754772,10.775697503671,56.8));
#5602 = CARTESIAN_POINT('',(-52.24406754772,10.775697503671,57.4));
#5603 = ADVANCED_FACE('',(#5604),#5628,.F.);
#5604 = FACE_BOUND('',#5605,.F.);
#5605 = EDGE_LOOP('',(#5606,#5607,#5615,#5622));
#5606 = ORIENTED_EDGE('',*,*,#5587,.T.);
#5607 = ORIENTED_EDGE('',*,*,#5608,.T.);
#5608 = EDGE_CURVE('',#5581,#5609,#5611,.T.);
#5609 = VERTEX_POINT('',#5610);
#5610 = CARTESIAN_POINT('',(-51.60548458149,10.797723935389,56.8));
#5611 = B_SPLINE_CURVE_WITH_KNOTS('',2,(#5612,#5613,#5614),
  .UNSPECIFIED.,.F.,.F.,(3,3),(0.,1.),.PIECEWISE_BEZIER_KNOTS.);
#5612 = CARTESIAN_POINT('',(-52.24406754772,10.775697503671,56.8));
#5613 = CARTESIAN_POINT('',(-52.0348164464,10.797723935389,56.8));
#5614 = CARTESIAN_POINT('',(-51.60548458149,10.797723935389,56.8));
#5615 = ORIENTED_EDGE('',*,*,#5616,.F.);
#5616 = EDGE_CURVE('',#5617,#5609,#5619,.T.);
#5617 = VERTEX_POINT('',#5618);
#5618 = CARTESIAN_POINT('',(-51.60548458149,10.797723935389,57.4));
#5619 = B_SPLINE_CURVE_WITH_KNOTS('',1,(#5620,#5621),.UNSPECIFIED.,.F.,
  .F.,(2,2),(0.,0.6),.PIECEWISE_BEZIER_KNOTS.);
#5620 = CARTESIAN_POINT('',(-51.60548458149,10.797723935389,57.4));
#5621 = CARTESIAN_POINT('',(-51.60548458149,10.797723935389,56.8));
#5622 = ORIENTED_EDGE('',*,*,#5623,.F.);
#5623 = EDGE_CURVE('',#5588,#5617,#5624,.T.);
#5624 = B_SPLINE_CURVE_WITH_KNOTS('',2,(#5625,#5626,#5627),
  .UNSPECIFIED.,.F.,.F.,(3,3),(0.,1.),.PIECEWISE_BEZIER_KNOTS.);
#5625 = CARTESIAN_POINT('',(-52.24406754772,10.775697503671,57.4));
#5626 = CARTESIAN_POINT('',(-52.0348164464,10.797723935389,57.4));
#5627 = CARTESIAN_POINT('',(-51.60548458149,10.797723935389,57.4));
#5628 = B_SPLINE_SURFACE_WITH_KNOTS('',2,1,(
    (#5629,#5630)
    ,(#5631,#5632)
    ,(#5633,#5634
    )),.UNSPECIFIED.,.F.,.F.,.F.,(3,3),(2,2),(0.,1.),(-0.6,0.),
  .PIECEWISE_BEZIER_KNOTS.);
#5629 = CARTESIAN_POINT('',(-52.24406754772,10.775697503671,56.8));
#5630 = CARTESIAN_POINT('',(-52.24406754772,10.775697503671,57.4));
#5631 = CARTESIAN_POINT('',(-52.0348164464,10.797723935389,56.8));
#5632 = CARTESIAN_POINT('',(-52.0348164464,10.797723935389,57.4));
#5633 = CARTESIAN_POINT('',(-51.60548458149,10.797723935389,56.8));
#5634 = CARTESIAN_POINT('',(-51.60548458149,10.797723935389,57.4));
#5635 = ADVANCED_FACE('',(#5636),#5658,.F.);
#5636 = FACE_BOUND('',#5637,.F.);
#5637 = EDGE_LOOP('',(#5638,#5639,#5646,#5653));
#5638 = ORIENTED_EDGE('',*,*,#5616,.T.);
#5639 = ORIENTED_EDGE('',*,*,#5640,.T.);
#5640 = EDGE_CURVE('',#5609,#5641,#5643,.T.);
#5641 = VERTEX_POINT('',#5642);
#5642 = CARTESIAN_POINT('',(-49.43643171806,10.797723935389,56.8));
#5643 = B_SPLINE_CURVE_WITH_KNOTS('',1,(#5644,#5645),.UNSPECIFIED.,.F.,
  .F.,(2,2),(0.,2.169052863436),.PIECEWISE_BEZIER_KNOTS.);
#5644 = CARTESIAN_POINT('',(-51.60548458149,10.797723935389,56.8));
#5645 = CARTESIAN_POINT('',(-49.43643171806,10.797723935389,56.8));
#5646 = ORIENTED_EDGE('',*,*,#5647,.F.);
#5647 = EDGE_CURVE('',#5648,#5641,#5650,.T.);
#5648 = VERTEX_POINT('',#5649);
#5649 = CARTESIAN_POINT('',(-49.43643171806,10.797723935389,57.4));
#5650 = B_SPLINE_CURVE_WITH_KNOTS('',1,(#5651,#5652),.UNSPECIFIED.,.F.,
  .F.,(2,2),(0.,0.6),.PIECEWISE_BEZIER_KNOTS.);
#5651 = CARTESIAN_POINT('',(-49.43643171806,10.797723935389,57.4));
#5652 = CARTESIAN_POINT('',(-49.43643171806,10.797723935389,56.8));
#5653 = ORIENTED_EDGE('',*,*,#5654,.F.);
#5654 = EDGE_CURVE('',#5617,#5648,#5655,.T.);
#5655 = B_SPLINE_CURVE_WITH_KNOTS('',1,(#5656,#5657),.UNSPECIFIED.,.F.,
  .F.,(2,2),(0.,2.169052863436),.PIECEWISE_BEZIER_KNOTS.);
#5656 = CARTESIAN_POINT('',(-51.60548458149,10.797723935389,57.4));
#5657 = CARTESIAN_POINT('',(-49.43643171806,10.797723935389,57.4));
#5658 = B_SPLINE_SURFACE_WITH_KNOTS('',1,1,(
    (#5659,#5660)
    ,(#5661,#5662
    )),.UNSPECIFIED.,.F.,.F.,.F.,(2,2),(2,2),(0.,2.169052863436),(-0.6,
    0.),.PIECEWISE_BEZIER_KNOTS.);
#5659 = CARTESIAN_POINT('',(-51.60548458149,10.797723935389,56.8));
#5660 = CARTESIAN_POINT('',(-51.60548458149,10.797723935389,57.4));
#5661 = CARTESIAN_POINT('',(-49.43643171806,10.797723935389,56.8));
#5662 = CARTESIAN_POINT('',(-49.43643171806,10.797723935389,57.4));
#5663 = ADVANCED_FACE('',(#5664),#5686,.F.);
#5664 = FACE_BOUND('',#5665,.F.);
#5665 = EDGE_LOOP('',(#5666,#5667,#5674,#5681));
#5666 = ORIENTED_EDGE('',*,*,#5647,.T.);
#5667 = ORIENTED_EDGE('',*,*,#5668,.T.);
#5668 = EDGE_CURVE('',#5641,#5669,#5671,.T.);
#5669 = VERTEX_POINT('',#5670);
#5670 = CARTESIAN_POINT('',(-49.43643171806,9.957966226138,56.8));
#5671 = B_SPLINE_CURVE_WITH_KNOTS('',1,(#5672,#5673),.UNSPECIFIED.,.F.,
  .F.,(2,2),(0.,0.839757709251),.PIECEWISE_BEZIER_KNOTS.);
#5672 = CARTESIAN_POINT('',(-49.43643171806,10.797723935389,56.8));
#5673 = CARTESIAN_POINT('',(-49.43643171806,9.957966226138,56.8));
#5674 = ORIENTED_EDGE('',*,*,#5675,.F.);
#5675 = EDGE_CURVE('',#5676,#5669,#5678,.T.);
#5676 = VERTEX_POINT('',#5677);
#5677 = CARTESIAN_POINT('',(-49.43643171806,9.957966226138,57.4));
#5678 = B_SPLINE_CURVE_WITH_KNOTS('',1,(#5679,#5680),.UNSPECIFIED.,.F.,
  .F.,(2,2),(0.,0.6),.PIECEWISE_BEZIER_KNOTS.);
#5679 = CARTESIAN_POINT('',(-49.43643171806,9.957966226138,57.4));
#5680 = CARTESIAN_POINT('',(-49.43643171806,9.957966226138,56.8));
#5681 = ORIENTED_EDGE('',*,*,#5682,.F.);
#5682 = EDGE_CURVE('',#5648,#5676,#5683,.T.);
#5683 = B_SPLINE_CURVE_WITH_KNOTS('',1,(#5684,#5685),.UNSPECIFIED.,.F.,
  .F.,(2,2),(0.,0.839757709251),.PIECEWISE_BEZIER_KNOTS.);
#5684 = CARTESIAN_POINT('',(-49.43643171806,10.797723935389,57.4));
#5685 = CARTESIAN_POINT('',(-49.43643171806,9.957966226138,57.4));
#5686 = B_SPLINE_SURFACE_WITH_KNOTS('',1,1,(
    (#5687,#5688)
    ,(#5689,#5690
    )),.UNSPECIFIED.,.F.,.F.,.F.,(2,2),(2,2),(0.,0.839757709251),(-0.6,
    0.),.PIECEWISE_BEZIER_KNOTS.);
#5687 = CARTESIAN_POINT('',(-49.43643171806,10.797723935389,56.8));
#5688 = CARTESIAN_POINT('',(-49.43643171806,10.797723935389,57.4));
#5689 = CARTESIAN_POINT('',(-49.43643171806,9.957966226138,56.8));
#5690 = CARTESIAN_POINT('',(-49.43643171806,9.957966226138,57.4));
#5691 = ADVANCED_FACE('',(#5692),#5714,.F.);
#5692 = FACE_BOUND('',#5693,.F.);
#5693 = EDGE_LOOP('',(#5694,#5695,#5702,#5709));
#5694 = ORIENTED_EDGE('',*,*,#5675,.T.);
#5695 = ORIENTED_EDGE('',*,*,#5696,.T.);
#5696 = EDGE_CURVE('',#5669,#5697,#5699,.T.);
#5697 = VERTEX_POINT('',#5698);
#5698 = CARTESIAN_POINT('',(-53.38356828193,9.957966226138,56.8));
#5699 = B_SPLINE_CURVE_WITH_KNOTS('',1,(#5700,#5701),.UNSPECIFIED.,.F.,
  .F.,(2,2),(0.,3.947136563877),.PIECEWISE_BEZIER_KNOTS.);
#5700 = CARTESIAN_POINT('',(-49.43643171806,9.957966226138,56.8));
#5701 = CARTESIAN_POINT('',(-53.38356828193,9.957966226138,56.8));
#5702 = ORIENTED_EDGE('',*,*,#5703,.F.);
#5703 = EDGE_CURVE('',#5704,#5697,#5706,.T.);
#5704 = VERTEX_POINT('',#5705);
#5705 = CARTESIAN_POINT('',(-53.38356828193,9.957966226138,57.4));
#5706 = B_SPLINE_CURVE_WITH_KNOTS('',1,(#5707,#5708),.UNSPECIFIED.,.F.,
  .F.,(2,2),(0.,0.6),.PIECEWISE_BEZIER_KNOTS.);
#5707 = CARTESIAN_POINT('',(-53.38356828193,9.957966226138,57.4));
#5708 = CARTESIAN_POINT('',(-53.38356828193,9.957966226138,56.8));
#5709 = ORIENTED_EDGE('',*,*,#5710,.F.);
#5710 = EDGE_CURVE('',#5676,#5704,#5711,.T.);
#5711 = B_SPLINE_CURVE_WITH_KNOTS('',1,(#5712,#5713),.UNSPECIFIED.,.F.,
  .F.,(2,2),(0.,3.947136563877),.PIECEWISE_BEZIER_KNOTS.);
#5712 = CARTESIAN_POINT('',(-49.43643171806,9.957966226138,57.4));
#5713 = CARTESIAN_POINT('',(-53.38356828193,9.957966226138,57.4));
#5714 = B_SPLINE_SURFACE_WITH_KNOTS('',1,1,(
    (#5715,#5716)
    ,(#5717,#5718
    )),.UNSPECIFIED.,.F.,.F.,.F.,(2,2),(2,2),(0.,3.947136563877),(-0.6,
    0.),.PIECEWISE_BEZIER_KNOTS.);
#5715 = CARTESIAN_POINT('',(-49.43643171806,9.957966226138,56.8));
#5716 = CARTESIAN_POINT('',(-49.43643171806,9.957966226138,57.4));
#5717 = CARTESIAN_POINT('',(-53.38356828193,9.957966226138,56.8));
#5718 = CARTESIAN_POINT('',(-53.38356828193,9.957966226138,57.4));
#5719 = ADVANCED_FACE('',(#5720),#5742,.F.);
#5720 = FACE_BOUND('',#5721,.F.);
#5721 = EDGE_LOOP('',(#5722,#5723,#5730,#5737));
#5722 = ORIENTED_EDGE('',*,*,#5703,.T.);
#5723 = ORIENTED_EDGE('',*,*,#5724,.T.);
#5724 = EDGE_CURVE('',#5697,#5725,#5727,.T.);
#5725 = VERTEX_POINT('',#5726);
#5726 = CARTESIAN_POINT('',(-53.38356828193,10.916116005874,56.8));
#5727 = B_SPLINE_CURVE_WITH_KNOTS('',1,(#5728,#5729),.UNSPECIFIED.,.F.,
  .F.,(2,2),(0.,0.958149779736),.PIECEWISE_BEZIER_KNOTS.);
#5728 = CARTESIAN_POINT('',(-53.38356828193,9.957966226138,56.8));
#5729 = CARTESIAN_POINT('',(-53.38356828193,10.916116005874,56.8));
#5730 = ORIENTED_EDGE('',*,*,#5731,.F.);
#5731 = EDGE_CURVE('',#5732,#5725,#5734,.T.);
#5732 = VERTEX_POINT('',#5733);
#5733 = CARTESIAN_POINT('',(-53.38356828193,10.916116005874,57.4));
#5734 = B_SPLINE_CURVE_WITH_KNOTS('',1,(#5735,#5736),.UNSPECIFIED.,.F.,
  .F.,(2,2),(0.,0.6),.PIECEWISE_BEZIER_KNOTS.);
#5735 = CARTESIAN_POINT('',(-53.38356828193,10.916116005874,57.4));
#5736 = CARTESIAN_POINT('',(-53.38356828193,10.916116005874,56.8));
#5737 = ORIENTED_EDGE('',*,*,#5738,.F.);
#5738 = EDGE_CURVE('',#5704,#5732,#5739,.T.);
#5739 = B_SPLINE_CURVE_WITH_KNOTS('',1,(#5740,#5741),.UNSPECIFIED.,.F.,
  .F.,(2,2),(0.,0.958149779736),.PIECEWISE_BEZIER_KNOTS.);
#5740 = CARTESIAN_POINT('',(-53.38356828193,9.957966226138,57.4));
#5741 = CARTESIAN_POINT('',(-53.38356828193,10.916116005874,57.4));
#5742 = B_SPLINE_SURFACE_WITH_KNOTS('',1,1,(
    (#5743,#5744)
    ,(#5745,#5746
    )),.UNSPECIFIED.,.F.,.F.,.F.,(2,2),(2,2),(0.,0.958149779736),(-0.6,
    0.),.PIECEWISE_BEZIER_KNOTS.);
#5743 = CARTESIAN_POINT('',(-53.38356828193,9.957966226138,56.8));
#5744 = CARTESIAN_POINT('',(-53.38356828193,9.957966226138,57.4));
#5745 = CARTESIAN_POINT('',(-53.38356828193,10.916116005874,56.8));
#5746 = CARTESIAN_POINT('',(-53.38356828193,10.916116005874,57.4));
#5747 = ADVANCED_FACE('',(#5748),#5770,.F.);
#5748 = FACE_BOUND('',#5749,.F.);
#5749 = EDGE_LOOP('',(#5750,#5751,#5758,#5765));
#5750 = ORIENTED_EDGE('',*,*,#5731,.T.);
#5751 = ORIENTED_EDGE('',*,*,#5752,.T.);
#5752 = EDGE_CURVE('',#5725,#5753,#5755,.T.);
#5753 = VERTEX_POINT('',#5754);
#5754 = CARTESIAN_POINT('',(-50.98066813509,12.482745961821,56.8));
#5755 = B_SPLINE_CURVE_WITH_KNOTS('',1,(#5756,#5757),.UNSPECIFIED.,.F.,
  .F.,(2,2),(0.,2.868494123154),.PIECEWISE_BEZIER_KNOTS.);
#5756 = CARTESIAN_POINT('',(-53.38356828193,10.916116005874,56.8));
#5757 = CARTESIAN_POINT('',(-50.98066813509,12.482745961821,56.8));
#5758 = ORIENTED_EDGE('',*,*,#5759,.F.);
#5759 = EDGE_CURVE('',#5760,#5753,#5762,.T.);
#5760 = VERTEX_POINT('',#5761);
#5761 = CARTESIAN_POINT('',(-50.98066813509,12.482745961821,57.4));
#5762 = B_SPLINE_CURVE_WITH_KNOTS('',1,(#5763,#5764),.UNSPECIFIED.,.F.,
  .F.,(2,2),(0.,0.6),.PIECEWISE_BEZIER_KNOTS.);
#5763 = CARTESIAN_POINT('',(-50.98066813509,12.482745961821,57.4));
#5764 = CARTESIAN_POINT('',(-50.98066813509,12.482745961821,56.8));
#5765 = ORIENTED_EDGE('',*,*,#5766,.F.);
#5766 = EDGE_CURVE('',#5732,#5760,#5767,.T.);
#5767 = B_SPLINE_CURVE_WITH_KNOTS('',1,(#5768,#5769),.UNSPECIFIED.,.F.,
  .F.,(2,2),(0.,2.868494123154),.PIECEWISE_BEZIER_KNOTS.);
#5768 = CARTESIAN_POINT('',(-53.38356828193,10.916116005874,57.4));
#5769 = CARTESIAN_POINT('',(-50.98066813509,12.482745961821,57.4));
#5770 = B_SPLINE_SURFACE_WITH_KNOTS('',1,1,(
    (#5771,#5772)
    ,(#5773,#5774
    )),.UNSPECIFIED.,.F.,.F.,.F.,(2,2),(2,2),(0.,2.868494123154),(-0.6,
    0.),.PIECEWISE_BEZIER_KNOTS.);
#5771 = CARTESIAN_POINT('',(-53.38356828193,10.916116005874,56.8));
#5772 = CARTESIAN_POINT('',(-53.38356828193,10.916116005874,57.4));
#5773 = CARTESIAN_POINT('',(-50.98066813509,12.482745961821,56.8));
#5774 = CARTESIAN_POINT('',(-50.98066813509,12.482745961821,57.4));
#5775 = ADVANCED_FACE('',(#5776),#5800,.F.);
#5776 = FACE_BOUND('',#5777,.F.);
#5777 = EDGE_LOOP('',(#5778,#5779,#5787,#5794));
#5778 = ORIENTED_EDGE('',*,*,#5759,.T.);
#5779 = ORIENTED_EDGE('',*,*,#5780,.T.);
#5780 = EDGE_CURVE('',#5753,#5781,#5783,.T.);
#5781 = VERTEX_POINT('',#5782);
#5782 = CARTESIAN_POINT('',(-50.65853157121,12.680983847283,56.8));
#5783 = B_SPLINE_CURVE_WITH_KNOTS('',2,(#5784,#5785,#5786),
  .UNSPECIFIED.,.F.,.F.,(3,3),(0.,1.),.PIECEWISE_BEZIER_KNOTS.);
#5784 = CARTESIAN_POINT('',(-50.98066813509,12.482745961821,56.8));
#5785 = CARTESIAN_POINT('',(-50.81822320117,12.590124816446,56.8));
#5786 = CARTESIAN_POINT('',(-50.65853157121,12.680983847283,56.8));
#5787 = ORIENTED_EDGE('',*,*,#5788,.F.);
#5788 = EDGE_CURVE('',#5789,#5781,#5791,.T.);
#5789 = VERTEX_POINT('',#5790);
#5790 = CARTESIAN_POINT('',(-50.65853157121,12.680983847283,57.4));
#5791 = B_SPLINE_CURVE_WITH_KNOTS('',1,(#5792,#5793),.UNSPECIFIED.,.F.,
  .F.,(2,2),(0.,0.6),.PIECEWISE_BEZIER_KNOTS.);
#5792 = CARTESIAN_POINT('',(-50.65853157121,12.680983847283,57.4));
#5793 = CARTESIAN_POINT('',(-50.65853157121,12.680983847283,56.8));
#5794 = ORIENTED_EDGE('',*,*,#5795,.F.);
#5795 = EDGE_CURVE('',#5760,#5789,#5796,.T.);
#5796 = B_SPLINE_CURVE_WITH_KNOTS('',2,(#5797,#5798,#5799),
  .UNSPECIFIED.,.F.,.F.,(3,3),(0.,1.),.PIECEWISE_BEZIER_KNOTS.);
#5797 = CARTESIAN_POINT('',(-50.98066813509,12.482745961821,57.4));
#5798 = CARTESIAN_POINT('',(-50.81822320117,12.590124816446,57.4));
#5799 = CARTESIAN_POINT('',(-50.65853157121,12.680983847283,57.4));
#5800 = B_SPLINE_SURFACE_WITH_KNOTS('',2,1,(
    (#5801,#5802)
    ,(#5803,#5804)
    ,(#5805,#5806
    )),.UNSPECIFIED.,.F.,.F.,.F.,(3,3),(2,2),(0.,1.),(-0.6,0.),
  .PIECEWISE_BEZIER_KNOTS.);
#5801 = CARTESIAN_POINT('',(-50.98066813509,12.482745961821,56.8));
#5802 = CARTESIAN_POINT('',(-50.98066813509,12.482745961821,57.4));
#5803 = CARTESIAN_POINT('',(-50.81822320117,12.590124816446,56.8));
#5804 = CARTESIAN_POINT('',(-50.81822320117,12.590124816446,57.4));
#5805 = CARTESIAN_POINT('',(-50.65853157121,12.680983847283,56.8));
#5806 = CARTESIAN_POINT('',(-50.65853157121,12.680983847283,57.4));
#5807 = ADVANCED_FACE('',(#5808),#5830,.F.);
#5808 = FACE_BOUND('',#5809,.F.);
#5809 = EDGE_LOOP('',(#5810,#5811,#5818,#5825));
#5810 = ORIENTED_EDGE('',*,*,#5788,.T.);
#5811 = ORIENTED_EDGE('',*,*,#5812,.T.);
#5812 = EDGE_CURVE('',#5781,#5813,#5815,.T.);
#5813 = VERTEX_POINT('',#5814);
#5814 = CARTESIAN_POINT('',(-50.65853157121,12.691997063142,56.8));
#5815 = B_SPLINE_CURVE_WITH_KNOTS('',1,(#5816,#5817),.UNSPECIFIED.,.F.,
  .F.,(2,2),(0.,1.101321585903E-02),.PIECEWISE_BEZIER_KNOTS.);
#5816 = CARTESIAN_POINT('',(-50.65853157121,12.680983847283,56.8));
#5817 = CARTESIAN_POINT('',(-50.65853157121,12.691997063142,56.8));
#5818 = ORIENTED_EDGE('',*,*,#5819,.F.);
#5819 = EDGE_CURVE('',#5820,#5813,#5822,.T.);
#5820 = VERTEX_POINT('',#5821);
#5821 = CARTESIAN_POINT('',(-50.65853157121,12.691997063142,57.4));
#5822 = B_SPLINE_CURVE_WITH_KNOTS('',1,(#5823,#5824),.UNSPECIFIED.,.F.,
  .F.,(2,2),(0.,0.6),.PIECEWISE_BEZIER_KNOTS.);
#5823 = CARTESIAN_POINT('',(-50.65853157121,12.691997063142,57.4));
#5824 = CARTESIAN_POINT('',(-50.65853157121,12.691997063142,56.8));
#5825 = ORIENTED_EDGE('',*,*,#5826,.F.);
#5826 = EDGE_CURVE('',#5789,#5820,#5827,.T.);
#5827 = B_SPLINE_CURVE_WITH_KNOTS('',1,(#5828,#5829),.UNSPECIFIED.,.F.,
  .F.,(2,2),(0.,1.101321585903E-02),.PIECEWISE_BEZIER_KNOTS.);
#5828 = CARTESIAN_POINT('',(-50.65853157121,12.680983847283,57.4));
#5829 = CARTESIAN_POINT('',(-50.65853157121,12.691997063142,57.4));
#5830 = B_SPLINE_SURFACE_WITH_KNOTS('',1,1,(
    (#5831,#5832)
    ,(#5833,#5834
    )),.UNSPECIFIED.,.F.,.F.,.F.,(2,2),(2,2),(0.,1.101321585903E-02),(
    -0.6,0.),.PIECEWISE_BEZIER_KNOTS.);
#5831 = CARTESIAN_POINT('',(-50.65853157121,12.680983847283,56.8));
#5832 = CARTESIAN_POINT('',(-50.65853157121,12.680983847283,57.4));
#5833 = CARTESIAN_POINT('',(-50.65853157121,12.691997063142,56.8));
#5834 = CARTESIAN_POINT('',(-50.65853157121,12.691997063142,57.4));
#5835 = ADVANCED_FACE('',(#5836),#5860,.F.);
#5836 = FACE_BOUND('',#5837,.F.);
#5837 = EDGE_LOOP('',(#5838,#5839,#5847,#5854));
#5838 = ORIENTED_EDGE('',*,*,#5819,.T.);
#5839 = ORIENTED_EDGE('',*,*,#5840,.T.);
#5840 = EDGE_CURVE('',#5813,#5841,#5843,.T.);
#5841 = VERTEX_POINT('',#5842);
#5842 = CARTESIAN_POINT('',(-51.20074889867,12.669970631424,56.8));
#5843 = B_SPLINE_CURVE_WITH_KNOTS('',2,(#5844,#5845,#5846),
  .UNSPECIFIED.,.F.,.F.,(3,3),(0.,1.),.PIECEWISE_BEZIER_KNOTS.);
#5844 = CARTESIAN_POINT('',(-50.65853157121,12.691997063142,56.8));
#5845 = CARTESIAN_POINT('',(-50.79619676945,12.669970631424,56.8));
#5846 = CARTESIAN_POINT('',(-51.20074889867,12.669970631424,56.8));
#5847 = ORIENTED_EDGE('',*,*,#5848,.F.);
#5848 = EDGE_CURVE('',#5849,#5841,#5851,.T.);
#5849 = VERTEX_POINT('',#5850);
#5850 = CARTESIAN_POINT('',(-51.20074889867,12.669970631424,57.4));
#5851 = B_SPLINE_CURVE_WITH_KNOTS('',1,(#5852,#5853),.UNSPECIFIED.,.F.,
  .F.,(2,2),(0.,0.6),.PIECEWISE_BEZIER_KNOTS.);
#5852 = CARTESIAN_POINT('',(-51.20074889867,12.669970631424,57.4));
#5853 = CARTESIAN_POINT('',(-51.20074889867,12.669970631424,56.8));
#5854 = ORIENTED_EDGE('',*,*,#5855,.F.);
#5855 = EDGE_CURVE('',#5820,#5849,#5856,.T.);
#5856 = B_SPLINE_CURVE_WITH_KNOTS('',2,(#5857,#5858,#5859),
  .UNSPECIFIED.,.F.,.F.,(3,3),(0.,1.),.PIECEWISE_BEZIER_KNOTS.);
#5857 = CARTESIAN_POINT('',(-50.65853157121,12.691997063142,57.4));
#5858 = CARTESIAN_POINT('',(-50.79619676945,12.669970631424,57.4));
#5859 = CARTESIAN_POINT('',(-51.20074889867,12.669970631424,57.4));
#5860 = B_SPLINE_SURFACE_WITH_KNOTS('',2,1,(
    (#5861,#5862)
    ,(#5863,#5864)
    ,(#5865,#5866
    )),.UNSPECIFIED.,.F.,.F.,.F.,(3,3),(2,2),(0.,1.),(-0.6,0.),
  .PIECEWISE_BEZIER_KNOTS.);
#5861 = CARTESIAN_POINT('',(-50.65853157121,12.691997063142,56.8));
#5862 = CARTESIAN_POINT('',(-50.65853157121,12.691997063142,57.4));
#5863 = CARTESIAN_POINT('',(-50.79619676945,12.669970631424,56.8));
#5864 = CARTESIAN_POINT('',(-50.79619676945,12.669970631424,57.4));
#5865 = CARTESIAN_POINT('',(-51.20074889867,12.669970631424,56.8));
#5866 = CARTESIAN_POINT('',(-51.20074889867,12.669970631424,57.4));
#5867 = ADVANCED_FACE('',(#5868),#5890,.F.);
#5868 = FACE_BOUND('',#5869,.F.);
#5869 = EDGE_LOOP('',(#5870,#5871,#5878,#5885));
#5870 = ORIENTED_EDGE('',*,*,#5848,.T.);
#5871 = ORIENTED_EDGE('',*,*,#5872,.T.);
#5872 = EDGE_CURVE('',#5841,#5873,#5875,.T.);
#5873 = VERTEX_POINT('',#5874);
#5874 = CARTESIAN_POINT('',(-53.38356828193,12.669970631424,56.8));
#5875 = B_SPLINE_CURVE_WITH_KNOTS('',1,(#5876,#5877),.UNSPECIFIED.,.F.,
  .F.,(2,2),(0.,2.18281938326),.PIECEWISE_BEZIER_KNOTS.);
#5876 = CARTESIAN_POINT('',(-51.20074889867,12.669970631424,56.8));
#5877 = CARTESIAN_POINT('',(-53.38356828193,12.669970631424,56.8));
#5878 = ORIENTED_EDGE('',*,*,#5879,.F.);
#5879 = EDGE_CURVE('',#5880,#5873,#5882,.T.);
#5880 = VERTEX_POINT('',#5881);
#5881 = CARTESIAN_POINT('',(-53.38356828193,12.669970631424,57.4));
#5882 = B_SPLINE_CURVE_WITH_KNOTS('',1,(#5883,#5884),.UNSPECIFIED.,.F.,
  .F.,(2,2),(0.,0.6),.PIECEWISE_BEZIER_KNOTS.);
#5883 = CARTESIAN_POINT('',(-53.38356828193,12.669970631424,57.4));
#5884 = CARTESIAN_POINT('',(-53.38356828193,12.669970631424,56.8));
#5885 = ORIENTED_EDGE('',*,*,#5886,.F.);
#5886 = EDGE_CURVE('',#5849,#5880,#5887,.T.);
#5887 = B_SPLINE_CURVE_WITH_KNOTS('',1,(#5888,#5889),.UNSPECIFIED.,.F.,
  .F.,(2,2),(0.,2.18281938326),.PIECEWISE_BEZIER_KNOTS.);
#5888 = CARTESIAN_POINT('',(-51.20074889867,12.669970631424,57.4));
#5889 = CARTESIAN_POINT('',(-53.38356828193,12.669970631424,57.4));
#5890 = B_SPLINE_SURFACE_WITH_KNOTS('',1,1,(
    (#5891,#5892)
    ,(#5893,#5894
    )),.UNSPECIFIED.,.F.,.F.,.F.,(2,2),(2,2),(0.,2.18281938326),(-0.6,0.
    ),.PIECEWISE_BEZIER_KNOTS.);
#5891 = CARTESIAN_POINT('',(-51.20074889867,12.669970631424,56.8));
#5892 = CARTESIAN_POINT('',(-51.20074889867,12.669970631424,57.4));
#5893 = CARTESIAN_POINT('',(-53.38356828193,12.669970631424,56.8));
#5894 = CARTESIAN_POINT('',(-53.38356828193,12.669970631424,57.4));
#5895 = ADVANCED_FACE('',(#5896),#5918,.F.);
#5896 = FACE_BOUND('',#5897,.F.);
#5897 = EDGE_LOOP('',(#5898,#5899,#5906,#5913));
#5898 = ORIENTED_EDGE('',*,*,#5879,.T.);
#5899 = ORIENTED_EDGE('',*,*,#5900,.T.);
#5900 = EDGE_CURVE('',#5873,#5901,#5903,.T.);
#5901 = VERTEX_POINT('',#5902);
#5902 = CARTESIAN_POINT('',(-53.38356828193,13.509728340675,56.8));
#5903 = B_SPLINE_CURVE_WITH_KNOTS('',1,(#5904,#5905),.UNSPECIFIED.,.F.,
  .F.,(2,2),(0.,0.839757709251),.PIECEWISE_BEZIER_KNOTS.);
#5904 = CARTESIAN_POINT('',(-53.38356828193,12.669970631424,56.8));
#5905 = CARTESIAN_POINT('',(-53.38356828193,13.509728340675,56.8));
#5906 = ORIENTED_EDGE('',*,*,#5907,.F.);
#5907 = EDGE_CURVE('',#5908,#5901,#5910,.T.);
#5908 = VERTEX_POINT('',#5909);
#5909 = CARTESIAN_POINT('',(-53.38356828193,13.509728340675,57.4));
#5910 = B_SPLINE_CURVE_WITH_KNOTS('',1,(#5911,#5912),.UNSPECIFIED.,.F.,
  .F.,(2,2),(0.,0.6),.PIECEWISE_BEZIER_KNOTS.);
#5911 = CARTESIAN_POINT('',(-53.38356828193,13.509728340675,57.4));
#5912 = CARTESIAN_POINT('',(-53.38356828193,13.509728340675,56.8));
#5913 = ORIENTED_EDGE('',*,*,#5914,.F.);
#5914 = EDGE_CURVE('',#5880,#5908,#5915,.T.);
#5915 = B_SPLINE_CURVE_WITH_KNOTS('',1,(#5916,#5917),.UNSPECIFIED.,.F.,
  .F.,(2,2),(0.,0.839757709251),.PIECEWISE_BEZIER_KNOTS.);
#5916 = CARTESIAN_POINT('',(-53.38356828193,12.669970631424,57.4));
#5917 = CARTESIAN_POINT('',(-53.38356828193,13.509728340675,57.4));
#5918 = B_SPLINE_SURFACE_WITH_KNOTS('',1,1,(
    (#5919,#5920)
    ,(#5921,#5922
    )),.UNSPECIFIED.,.F.,.F.,.F.,(2,2),(2,2),(0.,0.839757709251),(-0.6,
    0.),.PIECEWISE_BEZIER_KNOTS.);
#5919 = CARTESIAN_POINT('',(-53.38356828193,12.669970631424,56.8));
#5920 = CARTESIAN_POINT('',(-53.38356828193,12.669970631424,57.4));
#5921 = CARTESIAN_POINT('',(-53.38356828193,13.509728340675,56.8));
#5922 = CARTESIAN_POINT('',(-53.38356828193,13.509728340675,57.4));
#5923 = ADVANCED_FACE('',(#5924),#5938,.F.);
#5924 = FACE_BOUND('',#5925,.F.);
#5925 = EDGE_LOOP('',(#5926,#5927,#5932,#5933));
#5926 = ORIENTED_EDGE('',*,*,#5907,.T.);
#5927 = ORIENTED_EDGE('',*,*,#5928,.T.);
#5928 = EDGE_CURVE('',#5901,#5486,#5929,.T.);
#5929 = B_SPLINE_CURVE_WITH_KNOTS('',1,(#5930,#5931),.UNSPECIFIED.,.F.,
  .F.,(2,2),(0.,3.947136563877),.PIECEWISE_BEZIER_KNOTS.);
#5930 = CARTESIAN_POINT('',(-53.38356828193,13.509728340675,56.8));
#5931 = CARTESIAN_POINT('',(-49.43643171806,13.509728340675,56.8));
#5932 = ORIENTED_EDGE('',*,*,#5483,.F.);
#5933 = ORIENTED_EDGE('',*,*,#5934,.F.);
#5934 = EDGE_CURVE('',#5908,#5484,#5935,.T.);
#5935 = B_SPLINE_CURVE_WITH_KNOTS('',1,(#5936,#5937),.UNSPECIFIED.,.F.,
  .F.,(2,2),(0.,3.947136563877),.PIECEWISE_BEZIER_KNOTS.);
#5936 = CARTESIAN_POINT('',(-53.38356828193,13.509728340675,57.4));
#5937 = CARTESIAN_POINT('',(-49.43643171806,13.509728340675,57.4));
#5938 = B_SPLINE_SURFACE_WITH_KNOTS('',1,1,(
    (#5939,#5940)
    ,(#5941,#5942
    )),.UNSPECIFIED.,.F.,.F.,.F.,(2,2),(2,2),(0.,3.947136563877),(-0.6,
    0.),.PIECEWISE_BEZIER_KNOTS.);
#5939 = CARTESIAN_POINT('',(-53.38356828193,13.509728340675,56.8));
#5940 = CARTESIAN_POINT('',(-53.38356828193,13.509728340675,57.4));
#5941 = CARTESIAN_POINT('',(-49.43643171806,13.509728340675,56.8));
#5942 = CARTESIAN_POINT('',(-49.43643171806,13.509728340675,57.4));
#5943 = ADVANCED_FACE('',(#5944),#5962,.T.);
#5944 = FACE_BOUND('',#5945,.F.);
#5945 = EDGE_LOOP('',(#5946,#5947,#5948,#5949,#5950,#5951,#5952,#5953,
    #5954,#5955,#5956,#5957,#5958,#5959,#5960,#5961));
#5946 = ORIENTED_EDGE('',*,*,#5506,.T.);
#5947 = ORIENTED_EDGE('',*,*,#5534,.T.);
#5948 = ORIENTED_EDGE('',*,*,#5563,.T.);
#5949 = ORIENTED_EDGE('',*,*,#5594,.T.);
#5950 = ORIENTED_EDGE('',*,*,#5623,.T.);
#5951 = ORIENTED_EDGE('',*,*,#5654,.T.);
#5952 = ORIENTED_EDGE('',*,*,#5682,.T.);
#5953 = ORIENTED_EDGE('',*,*,#5710,.T.);
#5954 = ORIENTED_EDGE('',*,*,#5738,.T.);
#5955 = ORIENTED_EDGE('',*,*,#5766,.T.);
#5956 = ORIENTED_EDGE('',*,*,#5795,.T.);
#5957 = ORIENTED_EDGE('',*,*,#5826,.T.);
#5958 = ORIENTED_EDGE('',*,*,#5855,.T.);
#5959 = ORIENTED_EDGE('',*,*,#5886,.T.);
#5960 = ORIENTED_EDGE('',*,*,#5914,.T.);
#5961 = ORIENTED_EDGE('',*,*,#5934,.T.);
#5962 = B_SPLINE_SURFACE_WITH_KNOTS('',1,1,(
    (#5963,#5964)
    ,(#5965,#5966
    )),.UNSPECIFIED.,.F.,.F.,.F.,(2,2),(2,2),(-1.774158110896,
    1.777604003642),(-1.984509821365,1.962626742511),
  .PIECEWISE_BEZIER_KNOTS.);
#5963 = CARTESIAN_POINT('',(-49.43643171806,9.957966226138,57.4));
#5964 = CARTESIAN_POINT('',(-53.38356828193,9.957966226138,57.4));
#5965 = CARTESIAN_POINT('',(-49.43643171806,13.509728340675,57.4));
#5966 = CARTESIAN_POINT('',(-53.38356828193,13.509728340675,57.4));
#5967 = ADVANCED_FACE('',(#5968),#5986,.F.);
#5968 = FACE_BOUND('',#5969,.T.);
#5969 = EDGE_LOOP('',(#5970,#5971,#5972,#5973,#5974,#5975,#5976,#5977,
    #5978,#5979,#5980,#5981,#5982,#5983,#5984,#5985));
#5970 = ORIENTED_EDGE('',*,*,#5492,.T.);
#5971 = ORIENTED_EDGE('',*,*,#5520,.T.);
#5972 = ORIENTED_EDGE('',*,*,#5548,.T.);
#5973 = ORIENTED_EDGE('',*,*,#5580,.T.);
#5974 = ORIENTED_EDGE('',*,*,#5608,.T.);
#5975 = ORIENTED_EDGE('',*,*,#5640,.T.);
#5976 = ORIENTED_EDGE('',*,*,#5668,.T.);
#5977 = ORIENTED_EDGE('',*,*,#5696,.T.);
#5978 = ORIENTED_EDGE('',*,*,#5724,.T.);
#5979 = ORIENTED_EDGE('',*,*,#5752,.T.);
#5980 = ORIENTED_EDGE('',*,*,#5780,.T.);
#5981 = ORIENTED_EDGE('',*,*,#5812,.T.);
#5982 = ORIENTED_EDGE('',*,*,#5840,.T.);
#5983 = ORIENTED_EDGE('',*,*,#5872,.T.);
#5984 = ORIENTED_EDGE('',*,*,#5900,.T.);
#5985 = ORIENTED_EDGE('',*,*,#5928,.T.);
#5986 = B_SPLINE_SURFACE_WITH_KNOTS('',1,1,(
    (#5987,#5988)
    ,(#5989,#5990
    )),.UNSPECIFIED.,.F.,.F.,.F.,(2,2),(2,2),(-1.774158110896,
    1.777604003642),(-1.984509821365,1.962626742511),
  .PIECEWISE_BEZIER_KNOTS.);
#5987 = CARTESIAN_POINT('',(-49.43643171806,9.957966226138,56.8));
#5988 = CARTESIAN_POINT('',(-53.38356828193,9.957966226138,56.8));
#5989 = CARTESIAN_POINT('',(-49.43643171806,13.509728340675,56.8));
#5990 = CARTESIAN_POINT('',(-53.38356828193,13.509728340675,56.8));
#5991 = MANIFOLD_SOLID_BREP('',#5992);
#5992 = CLOSED_SHELL('',(#5993,#6033,#6065,#6097,#6129,#6161,#6193,#6225
    ,#6249,#6289,#6321,#6353,#6385,#6417,#6449,#6481,#6505,#6531));
#5993 = ADVANCED_FACE('',(#5994),#6026,.F.);
#5994 = FACE_BOUND('',#5995,.F.);
#5995 = EDGE_LOOP('',(#5996,#6005,#6013,#6020));
#5996 = ORIENTED_EDGE('',*,*,#5997,.T.);
#5997 = EDGE_CURVE('',#5998,#6000,#6002,.T.);
#5998 = VERTEX_POINT('',#5999);
#5999 = CARTESIAN_POINT('',(-49.36594713656,16.078744493392,57.4));
#6000 = VERTEX_POINT('',#6001);
#6001 = CARTESIAN_POINT('',(-49.36594713656,16.078744493392,56.8));
#6002 = B_SPLINE_CURVE_WITH_KNOTS('',1,(#6003,#6004),.UNSPECIFIED.,.F.,
  .F.,(2,2),(0.,0.6),.PIECEWISE_BEZIER_KNOTS.);
#6003 = CARTESIAN_POINT('',(-49.36594713656,16.078744493392,57.4));
#6004 = CARTESIAN_POINT('',(-49.36594713656,16.078744493392,56.8));
#6005 = ORIENTED_EDGE('',*,*,#6006,.T.);
#6006 = EDGE_CURVE('',#6000,#6007,#6009,.T.);
#6007 = VERTEX_POINT('',#6008);
#6008 = CARTESIAN_POINT('',(-49.91862701909,14.696585903084,56.8));
#6009 = B_SPLINE_CURVE_WITH_KNOTS('',2,(#6010,#6011,#6012),
  .UNSPECIFIED.,.F.,.F.,(3,3),(0.,1.),.PIECEWISE_BEZIER_KNOTS.);
#6010 = CARTESIAN_POINT('',(-49.36594713656,16.078744493392,56.8));
#6011 = CARTESIAN_POINT('',(-49.36594713656,15.230726872247,56.8));
#6012 = CARTESIAN_POINT('',(-49.91862701909,14.696585903084,56.8));
#6013 = ORIENTED_EDGE('',*,*,#6014,.F.);
#6014 = EDGE_CURVE('',#6015,#6007,#6017,.T.);
#6015 = VERTEX_POINT('',#6016);
#6016 = CARTESIAN_POINT('',(-49.91862701909,14.696585903084,57.4));
#6017 = B_SPLINE_CURVE_WITH_KNOTS('',1,(#6018,#6019),.UNSPECIFIED.,.F.,
  .F.,(2,2),(0.,0.6),.PIECEWISE_BEZIER_KNOTS.);
#6018 = CARTESIAN_POINT('',(-49.91862701909,14.696585903084,57.4));
#6019 = CARTESIAN_POINT('',(-49.91862701909,14.696585903084,56.8));
#6020 = ORIENTED_EDGE('',*,*,#6021,.F.);
#6021 = EDGE_CURVE('',#5998,#6015,#6022,.T.);
#6022 = B_SPLINE_CURVE_WITH_KNOTS('',2,(#6023,#6024,#6025),
  .UNSPECIFIED.,.F.,.F.,(3,3),(0.,1.),.PIECEWISE_BEZIER_KNOTS.);
#6023 = CARTESIAN_POINT('',(-49.36594713656,16.078744493392,57.4));
#6024 = CARTESIAN_POINT('',(-49.36594713656,15.230726872247,57.4));
#6025 = CARTESIAN_POINT('',(-49.91862701909,14.696585903084,57.4));
#6026 = B_SPLINE_SURFACE_WITH_KNOTS('',2,1,(
    (#6027,#6028)
    ,(#6029,#6030)
    ,(#6031,#6032
    )),.UNSPECIFIED.,.F.,.F.,.F.,(3,3),(2,2),(0.,1.),(-0.6,0.),
  .PIECEWISE_BEZIER_KNOTS.);
#6027 = CARTESIAN_POINT('',(-49.36594713656,16.078744493392,56.8));
#6028 = CARTESIAN_POINT('',(-49.36594713656,16.078744493392,57.4));
#6029 = CARTESIAN_POINT('',(-49.36594713656,15.230726872247,56.8));
#6030 = CARTESIAN_POINT('',(-49.36594713656,15.230726872247,57.4));
#6031 = CARTESIAN_POINT('',(-49.91862701909,14.696585903084,56.8));
#6032 = CARTESIAN_POINT('',(-49.91862701909,14.696585903084,57.4));
#6033 = ADVANCED_FACE('',(#6034),#6058,.F.);
#6034 = FACE_BOUND('',#6035,.F.);
#6035 = EDGE_LOOP('',(#6036,#6037,#6045,#6052));
#6036 = ORIENTED_EDGE('',*,*,#6014,.T.);
#6037 = ORIENTED_EDGE('',*,*,#6038,.T.);
#6038 = EDGE_CURVE('',#6007,#6039,#6041,.T.);
#6039 = VERTEX_POINT('',#6040);
#6040 = CARTESIAN_POINT('',(-51.35897209985,14.162444933921,56.8));
#6041 = B_SPLINE_CURVE_WITH_KNOTS('',2,(#6042,#6043,#6044),
  .UNSPECIFIED.,.F.,.F.,(3,3),(0.,1.),.PIECEWISE_BEZIER_KNOTS.);
#6042 = CARTESIAN_POINT('',(-49.91862701909,14.696585903084,56.8));
#6043 = CARTESIAN_POINT('',(-50.47130690161,14.162444933921,56.8));
#6044 = CARTESIAN_POINT('',(-51.35897209985,14.162444933921,56.8));
#6045 = ORIENTED_EDGE('',*,*,#6046,.F.);
#6046 = EDGE_CURVE('',#6047,#6039,#6049,.T.);
#6047 = VERTEX_POINT('',#6048);
#6048 = CARTESIAN_POINT('',(-51.35897209985,14.162444933921,57.4));
#6049 = B_SPLINE_CURVE_WITH_KNOTS('',1,(#6050,#6051),.UNSPECIFIED.,.F.,
  .F.,(2,2),(0.,0.6),.PIECEWISE_BEZIER_KNOTS.);
#6050 = CARTESIAN_POINT('',(-51.35897209985,14.162444933921,57.4));
#6051 = CARTESIAN_POINT('',(-51.35897209985,14.162444933921,56.8));
#6052 = ORIENTED_EDGE('',*,*,#6053,.F.);
#6053 = EDGE_CURVE('',#6015,#6047,#6054,.T.);
#6054 = B_SPLINE_CURVE_WITH_KNOTS('',2,(#6055,#6056,#6057),
  .UNSPECIFIED.,.F.,.F.,(3,3),(0.,1.),.PIECEWISE_BEZIER_KNOTS.);
#6055 = CARTESIAN_POINT('',(-49.91862701909,14.696585903084,57.4));
#6056 = CARTESIAN_POINT('',(-50.47130690161,14.162444933921,57.4));
#6057 = CARTESIAN_POINT('',(-51.35897209985,14.162444933921,57.4));
#6058 = B_SPLINE_SURFACE_WITH_KNOTS('',2,1,(
    (#6059,#6060)
    ,(#6061,#6062)
    ,(#6063,#6064
    )),.UNSPECIFIED.,.F.,.F.,.F.,(3,3),(2,2),(0.,1.),(-0.6,0.),
  .PIECEWISE_BEZIER_KNOTS.);
#6059 = CARTESIAN_POINT('',(-49.91862701909,14.696585903084,56.8));
#6060 = CARTESIAN_POINT('',(-49.91862701909,14.696585903084,57.4));
#6061 = CARTESIAN_POINT('',(-50.47130690161,14.162444933921,56.8));
#6062 = CARTESIAN_POINT('',(-50.47130690161,14.162444933921,57.4));
#6063 = CARTESIAN_POINT('',(-51.35897209985,14.162444933921,56.8));
#6064 = CARTESIAN_POINT('',(-51.35897209985,14.162444933921,57.4));
#6065 = ADVANCED_FACE('',(#6066),#6090,.F.);
#6066 = FACE_BOUND('',#6067,.F.);
#6067 = EDGE_LOOP('',(#6068,#6069,#6077,#6084));
#6068 = ORIENTED_EDGE('',*,*,#6046,.T.);
#6069 = ORIENTED_EDGE('',*,*,#6070,.T.);
#6070 = EDGE_CURVE('',#6039,#6071,#6073,.T.);
#6071 = VERTEX_POINT('',#6072);
#6072 = CARTESIAN_POINT('',(-52.87512481644,14.704845814978,56.8));
#6073 = B_SPLINE_CURVE_WITH_KNOTS('',2,(#6074,#6075,#6076),
  .UNSPECIFIED.,.F.,.F.,(3,3),(0.,1.),.PIECEWISE_BEZIER_KNOTS.);
#6074 = CARTESIAN_POINT('',(-51.35897209985,14.162444933921,56.8));
#6075 = CARTESIAN_POINT('',(-52.29619676945,14.162444933921,56.8));
#6076 = CARTESIAN_POINT('',(-52.87512481644,14.704845814978,56.8));
#6077 = ORIENTED_EDGE('',*,*,#6078,.F.);
#6078 = EDGE_CURVE('',#6079,#6071,#6081,.T.);
#6079 = VERTEX_POINT('',#6080);
#6080 = CARTESIAN_POINT('',(-52.87512481644,14.704845814978,57.4));
#6081 = B_SPLINE_CURVE_WITH_KNOTS('',1,(#6082,#6083),.UNSPECIFIED.,.F.,
  .F.,(2,2),(0.,0.6),.PIECEWISE_BEZIER_KNOTS.);
#6082 = CARTESIAN_POINT('',(-52.87512481644,14.704845814978,57.4));
#6083 = CARTESIAN_POINT('',(-52.87512481644,14.704845814978,56.8));
#6084 = ORIENTED_EDGE('',*,*,#6085,.F.);
#6085 = EDGE_CURVE('',#6047,#6079,#6086,.T.);
#6086 = B_SPLINE_CURVE_WITH_KNOTS('',2,(#6087,#6088,#6089),
  .UNSPECIFIED.,.F.,.F.,(3,3),(0.,1.),.PIECEWISE_BEZIER_KNOTS.);
#6087 = CARTESIAN_POINT('',(-51.35897209985,14.162444933921,57.4));
#6088 = CARTESIAN_POINT('',(-52.29619676945,14.162444933921,57.4));
#6089 = CARTESIAN_POINT('',(-52.87512481644,14.704845814978,57.4));
#6090 = B_SPLINE_SURFACE_WITH_KNOTS('',2,1,(
    (#6091,#6092)
    ,(#6093,#6094)
    ,(#6095,#6096
    )),.UNSPECIFIED.,.F.,.F.,.F.,(3,3),(2,2),(0.,1.),(-0.6,0.),
  .PIECEWISE_BEZIER_KNOTS.);
#6091 = CARTESIAN_POINT('',(-51.35897209985,14.162444933921,56.8));
#6092 = CARTESIAN_POINT('',(-51.35897209985,14.162444933921,57.4));
#6093 = CARTESIAN_POINT('',(-52.29619676945,14.162444933921,56.8));
#6094 = CARTESIAN_POINT('',(-52.29619676945,14.162444933921,57.4));
#6095 = CARTESIAN_POINT('',(-52.87512481644,14.704845814978,56.8));
#6096 = CARTESIAN_POINT('',(-52.87512481644,14.704845814978,57.4));
#6097 = ADVANCED_FACE('',(#6098),#6122,.F.);
#6098 = FACE_BOUND('',#6099,.F.);
#6099 = EDGE_LOOP('',(#6100,#6101,#6109,#6116));
#6100 = ORIENTED_EDGE('',*,*,#6078,.T.);
#6101 = ORIENTED_EDGE('',*,*,#6102,.T.);
#6102 = EDGE_CURVE('',#6071,#6103,#6105,.T.);
#6103 = VERTEX_POINT('',#6104);
#6104 = CARTESIAN_POINT('',(-53.45405286343,16.142070484582,56.8));
#6105 = B_SPLINE_CURVE_WITH_KNOTS('',2,(#6106,#6107,#6108),
  .UNSPECIFIED.,.F.,.F.,(3,3),(0.,1.),.PIECEWISE_BEZIER_KNOTS.);
#6106 = CARTESIAN_POINT('',(-52.87512481644,14.704845814978,56.8));
#6107 = CARTESIAN_POINT('',(-53.45405286343,15.247246696035,56.8));
#6108 = CARTESIAN_POINT('',(-53.45405286343,16.142070484582,56.8));
#6109 = ORIENTED_EDGE('',*,*,#6110,.F.);
#6110 = EDGE_CURVE('',#6111,#6103,#6113,.T.);
#6111 = VERTEX_POINT('',#6112);
#6112 = CARTESIAN_POINT('',(-53.45405286343,16.142070484582,57.4));
#6113 = B_SPLINE_CURVE_WITH_KNOTS('',1,(#6114,#6115),.UNSPECIFIED.,.F.,
  .F.,(2,2),(0.,0.6),.PIECEWISE_BEZIER_KNOTS.);
#6114 = CARTESIAN_POINT('',(-53.45405286343,16.142070484582,57.4));
#6115 = CARTESIAN_POINT('',(-53.45405286343,16.142070484582,56.8));
#6116 = ORIENTED_EDGE('',*,*,#6117,.F.);
#6117 = EDGE_CURVE('',#6079,#6111,#6118,.T.);
#6118 = B_SPLINE_CURVE_WITH_KNOTS('',2,(#6119,#6120,#6121),
  .UNSPECIFIED.,.F.,.F.,(3,3),(0.,1.),.PIECEWISE_BEZIER_KNOTS.);
#6119 = CARTESIAN_POINT('',(-52.87512481644,14.704845814978,57.4));
#6120 = CARTESIAN_POINT('',(-53.45405286343,15.247246696035,57.4));
#6121 = CARTESIAN_POINT('',(-53.45405286343,16.142070484582,57.4));
#6122 = B_SPLINE_SURFACE_WITH_KNOTS('',2,1,(
    (#6123,#6124)
    ,(#6125,#6126)
    ,(#6127,#6128
    )),.UNSPECIFIED.,.F.,.F.,.F.,(3,3),(2,2),(0.,1.),(-0.6,0.),
  .PIECEWISE_BEZIER_KNOTS.);
#6123 = CARTESIAN_POINT('',(-52.87512481644,14.704845814978,56.8));
#6124 = CARTESIAN_POINT('',(-52.87512481644,14.704845814978,57.4));
#6125 = CARTESIAN_POINT('',(-53.45405286343,15.247246696035,56.8));
#6126 = CARTESIAN_POINT('',(-53.45405286343,15.247246696035,57.4));
#6127 = CARTESIAN_POINT('',(-53.45405286343,16.142070484582,56.8));
#6128 = CARTESIAN_POINT('',(-53.45405286343,16.142070484582,57.4));
#6129 = ADVANCED_FACE('',(#6130),#6154,.F.);
#6130 = FACE_BOUND('',#6131,.F.);
#6131 = EDGE_LOOP('',(#6132,#6133,#6141,#6148));
#6132 = ORIENTED_EDGE('',*,*,#6110,.T.);
#6133 = ORIENTED_EDGE('',*,*,#6134,.T.);
#6134 = EDGE_CURVE('',#6103,#6135,#6137,.T.);
#6135 = VERTEX_POINT('',#6136);
#6136 = CARTESIAN_POINT('',(-52.89990455212,17.508994126285,56.8));
#6137 = B_SPLINE_CURVE_WITH_KNOTS('',2,(#6138,#6139,#6140),
  .UNSPECIFIED.,.F.,.F.,(3,3),(0.,1.),.PIECEWISE_BEZIER_KNOTS.);
#6138 = CARTESIAN_POINT('',(-53.45405286343,16.142070484582,56.8));
#6139 = CARTESIAN_POINT('',(-53.45405286343,16.987334801762,56.8));
#6140 = CARTESIAN_POINT('',(-52.89990455212,17.508994126285,56.8));
#6141 = ORIENTED_EDGE('',*,*,#6142,.F.);
#6142 = EDGE_CURVE('',#6143,#6135,#6145,.T.);
#6143 = VERTEX_POINT('',#6144);
#6144 = CARTESIAN_POINT('',(-52.89990455212,17.508994126285,57.4));
#6145 = B_SPLINE_CURVE_WITH_KNOTS('',1,(#6146,#6147),.UNSPECIFIED.,.F.,
  .F.,(2,2),(0.,0.6),.PIECEWISE_BEZIER_KNOTS.);
#6146 = CARTESIAN_POINT('',(-52.89990455212,17.508994126285,57.4));
#6147 = CARTESIAN_POINT('',(-52.89990455212,17.508994126285,56.8));
#6148 = ORIENTED_EDGE('',*,*,#6149,.F.);
#6149 = EDGE_CURVE('',#6111,#6143,#6150,.T.);
#6150 = B_SPLINE_CURVE_WITH_KNOTS('',2,(#6151,#6152,#6153),
  .UNSPECIFIED.,.F.,.F.,(3,3),(0.,1.),.PIECEWISE_BEZIER_KNOTS.);
#6151 = CARTESIAN_POINT('',(-53.45405286343,16.142070484582,57.4));
#6152 = CARTESIAN_POINT('',(-53.45405286343,16.987334801762,57.4));
#6153 = CARTESIAN_POINT('',(-52.89990455212,17.508994126285,57.4));
#6154 = B_SPLINE_SURFACE_WITH_KNOTS('',2,1,(
    (#6155,#6156)
    ,(#6157,#6158)
    ,(#6159,#6160
    )),.UNSPECIFIED.,.F.,.F.,.F.,(3,3),(2,2),(0.,1.),(-0.6,0.),
  .PIECEWISE_BEZIER_KNOTS.);
#6155 = CARTESIAN_POINT('',(-53.45405286343,16.142070484582,56.8));
#6156 = CARTESIAN_POINT('',(-53.45405286343,16.142070484582,57.4));
#6157 = CARTESIAN_POINT('',(-53.45405286343,16.987334801762,56.8));
#6158 = CARTESIAN_POINT('',(-53.45405286343,16.987334801762,57.4));
#6159 = CARTESIAN_POINT('',(-52.89990455212,17.508994126285,56.8));
#6160 = CARTESIAN_POINT('',(-52.89990455212,17.508994126285,57.4));
#6161 = ADVANCED_FACE('',(#6162),#6186,.F.);
#6162 = FACE_BOUND('',#6163,.F.);
#6163 = EDGE_LOOP('',(#6164,#6165,#6173,#6180));
#6164 = ORIENTED_EDGE('',*,*,#6142,.T.);
#6165 = ORIENTED_EDGE('',*,*,#6166,.T.);
#6166 = EDGE_CURVE('',#6135,#6167,#6169,.T.);
#6167 = VERTEX_POINT('',#6168);
#6168 = CARTESIAN_POINT('',(-51.43900146842,18.030837004405,56.8));
#6169 = B_SPLINE_CURVE_WITH_KNOTS('',2,(#6170,#6171,#6172),
  .UNSPECIFIED.,.F.,.F.,(3,3),(0.,1.),.PIECEWISE_BEZIER_KNOTS.);
#6170 = CARTESIAN_POINT('',(-52.89990455212,17.508994126285,56.8));
#6171 = CARTESIAN_POINT('',(-52.34593979442,18.030837004405,56.8));
#6172 = CARTESIAN_POINT('',(-51.43900146842,18.030837004405,56.8));
#6173 = ORIENTED_EDGE('',*,*,#6174,.F.);
#6174 = EDGE_CURVE('',#6175,#6167,#6177,.T.);
#6175 = VERTEX_POINT('',#6176);
#6176 = CARTESIAN_POINT('',(-51.43900146842,18.030837004405,57.4));
#6177 = B_SPLINE_CURVE_WITH_KNOTS('',1,(#6178,#6179),.UNSPECIFIED.,.F.,
  .F.,(2,2),(0.,0.6),.PIECEWISE_BEZIER_KNOTS.);
#6178 = CARTESIAN_POINT('',(-51.43900146842,18.030837004405,57.4));
#6179 = CARTESIAN_POINT('',(-51.43900146842,18.030837004405,56.8));
#6180 = ORIENTED_EDGE('',*,*,#6181,.F.);
#6181 = EDGE_CURVE('',#6143,#6175,#6182,.T.);
#6182 = B_SPLINE_CURVE_WITH_KNOTS('',2,(#6183,#6184,#6185),
  .UNSPECIFIED.,.F.,.F.,(3,3),(0.,1.),.PIECEWISE_BEZIER_KNOTS.);
#6183 = CARTESIAN_POINT('',(-52.89990455212,17.508994126285,57.4));
#6184 = CARTESIAN_POINT('',(-52.34593979442,18.030837004405,57.4));
#6185 = CARTESIAN_POINT('',(-51.43900146842,18.030837004405,57.4));
#6186 = B_SPLINE_SURFACE_WITH_KNOTS('',2,1,(
    (#6187,#6188)
    ,(#6189,#6190)
    ,(#6191,#6192
    )),.UNSPECIFIED.,.F.,.F.,.F.,(3,3),(2,2),(0.,1.),(-0.6,0.),
  .PIECEWISE_BEZIER_KNOTS.);
#6187 = CARTESIAN_POINT('',(-52.89990455212,17.508994126285,56.8));
#6188 = CARTESIAN_POINT('',(-52.89990455212,17.508994126285,57.4));
#6189 = CARTESIAN_POINT('',(-52.34593979442,18.030837004405,56.8));
#6190 = CARTESIAN_POINT('',(-52.34593979442,18.030837004405,57.4));
#6191 = CARTESIAN_POINT('',(-51.43900146842,18.030837004405,56.8));
#6192 = CARTESIAN_POINT('',(-51.43900146842,18.030837004405,57.4));
#6193 = ADVANCED_FACE('',(#6194),#6218,.F.);
#6194 = FACE_BOUND('',#6195,.F.);
#6195 = EDGE_LOOP('',(#6196,#6197,#6205,#6212));
#6196 = ORIENTED_EDGE('',*,*,#6174,.T.);
#6197 = ORIENTED_EDGE('',*,*,#6198,.T.);
#6198 = EDGE_CURVE('',#6167,#6199,#6201,.T.);
#6199 = VERTEX_POINT('',#6200);
#6200 = CARTESIAN_POINT('',(-49.93661527165,17.489720998532,56.8));
#6201 = B_SPLINE_CURVE_WITH_KNOTS('',2,(#6202,#6203,#6204),
  .UNSPECIFIED.,.F.,.F.,(3,3),(0.,1.),.PIECEWISE_BEZIER_KNOTS.);
#6202 = CARTESIAN_POINT('',(-51.43900146842,18.030837004405,56.8));
#6203 = CARTESIAN_POINT('',(-50.50728340675,18.030837004405,56.8));
#6204 = CARTESIAN_POINT('',(-49.93661527165,17.489720998532,56.8));
#6205 = ORIENTED_EDGE('',*,*,#6206,.F.);
#6206 = EDGE_CURVE('',#6207,#6199,#6209,.T.);
#6207 = VERTEX_POINT('',#6208);
#6208 = CARTESIAN_POINT('',(-49.93661527165,17.489720998532,57.4));
#6209 = B_SPLINE_CURVE_WITH_KNOTS('',1,(#6210,#6211),.UNSPECIFIED.,.F.,
  .F.,(2,2),(0.,0.6),.PIECEWISE_BEZIER_KNOTS.);
#6210 = CARTESIAN_POINT('',(-49.93661527165,17.489720998532,57.4));
#6211 = CARTESIAN_POINT('',(-49.93661527165,17.489720998532,56.8));
#6212 = ORIENTED_EDGE('',*,*,#6213,.F.);
#6213 = EDGE_CURVE('',#6175,#6207,#6214,.T.);
#6214 = B_SPLINE_CURVE_WITH_KNOTS('',2,(#6215,#6216,#6217),
  .UNSPECIFIED.,.F.,.F.,(3,3),(0.,1.),.PIECEWISE_BEZIER_KNOTS.);
#6215 = CARTESIAN_POINT('',(-51.43900146842,18.030837004405,57.4));
#6216 = CARTESIAN_POINT('',(-50.50728340675,18.030837004405,57.4));
#6217 = CARTESIAN_POINT('',(-49.93661527165,17.489720998532,57.4));
#6218 = B_SPLINE_SURFACE_WITH_KNOTS('',2,1,(
    (#6219,#6220)
    ,(#6221,#6222)
    ,(#6223,#6224
    )),.UNSPECIFIED.,.F.,.F.,.F.,(3,3),(2,2),(0.,1.),(-0.6,0.),
  .PIECEWISE_BEZIER_KNOTS.);
#6219 = CARTESIAN_POINT('',(-51.43900146842,18.030837004405,56.8));
#6220 = CARTESIAN_POINT('',(-51.43900146842,18.030837004405,57.4));
#6221 = CARTESIAN_POINT('',(-50.50728340675,18.030837004405,56.8));
#6222 = CARTESIAN_POINT('',(-50.50728340675,18.030837004405,57.4));
#6223 = CARTESIAN_POINT('',(-49.93661527165,17.489720998532,56.8));
#6224 = CARTESIAN_POINT('',(-49.93661527165,17.489720998532,57.4));
#6225 = ADVANCED_FACE('',(#6226),#6242,.F.);
#6226 = FACE_BOUND('',#6227,.F.);
#6227 = EDGE_LOOP('',(#6228,#6229,#6235,#6236));
#6228 = ORIENTED_EDGE('',*,*,#6206,.T.);
#6229 = ORIENTED_EDGE('',*,*,#6230,.T.);
#6230 = EDGE_CURVE('',#6199,#6000,#6231,.T.);
#6231 = B_SPLINE_CURVE_WITH_KNOTS('',2,(#6232,#6233,#6234),
  .UNSPECIFIED.,.F.,.F.,(3,3),(0.,1.),.PIECEWISE_BEZIER_KNOTS.);
#6232 = CARTESIAN_POINT('',(-49.93661527165,17.489720998532,56.8));
#6233 = CARTESIAN_POINT('',(-49.36594713656,16.948788546256,56.8));
#6234 = CARTESIAN_POINT('',(-49.36594713656,16.078744493392,56.8));
#6235 = ORIENTED_EDGE('',*,*,#5997,.F.);
#6236 = ORIENTED_EDGE('',*,*,#6237,.F.);
#6237 = EDGE_CURVE('',#6207,#5998,#6238,.T.);
#6238 = B_SPLINE_CURVE_WITH_KNOTS('',2,(#6239,#6240,#6241),
  .UNSPECIFIED.,.F.,.F.,(3,3),(0.,1.),.PIECEWISE_BEZIER_KNOTS.);
#6239 = CARTESIAN_POINT('',(-49.93661527165,17.489720998532,57.4));
#6240 = CARTESIAN_POINT('',(-49.36594713656,16.948788546256,57.4));
#6241 = CARTESIAN_POINT('',(-49.36594713656,16.078744493392,57.4));
#6242 = B_SPLINE_SURFACE_WITH_KNOTS('',2,1,(
    (#6243,#6244)
    ,(#6245,#6246)
    ,(#6247,#6248
    )),.UNSPECIFIED.,.F.,.F.,.F.,(3,3),(2,2),(0.,1.),(-0.6,0.),
  .PIECEWISE_BEZIER_KNOTS.);
#6243 = CARTESIAN_POINT('',(-49.93661527165,17.489720998532,56.8));
#6244 = CARTESIAN_POINT('',(-49.93661527165,17.489720998532,57.4));
#6245 = CARTESIAN_POINT('',(-49.36594713656,16.948788546256,56.8));
#6246 = CARTESIAN_POINT('',(-49.36594713656,16.948788546256,57.4));
#6247 = CARTESIAN_POINT('',(-49.36594713656,16.078744493392,56.8));
#6248 = CARTESIAN_POINT('',(-49.36594713656,16.078744493392,57.4));
#6249 = ADVANCED_FACE('',(#6250),#6282,.F.);
#6250 = FACE_BOUND('',#6251,.F.);
#6251 = EDGE_LOOP('',(#6252,#6261,#6269,#6276));
#6252 = ORIENTED_EDGE('',*,*,#6253,.T.);
#6253 = EDGE_CURVE('',#6254,#6256,#6258,.T.);
#6254 = VERTEX_POINT('',#6255);
#6255 = CARTESIAN_POINT('',(-52.68863436123,16.117290748899,57.4));
#6256 = VERTEX_POINT('',#6257);
#6257 = CARTESIAN_POINT('',(-52.68863436123,16.117290748899,56.8));
#6258 = B_SPLINE_CURVE_WITH_KNOTS('',1,(#6259,#6260),.UNSPECIFIED.,.F.,
  .F.,(2,2),(0.,0.6),.PIECEWISE_BEZIER_KNOTS.);
#6259 = CARTESIAN_POINT('',(-52.68863436123,16.117290748899,57.4));
#6260 = CARTESIAN_POINT('',(-52.68863436123,16.117290748899,56.8));
#6261 = ORIENTED_EDGE('',*,*,#6262,.T.);
#6262 = EDGE_CURVE('',#6256,#6263,#6265,.T.);
#6263 = VERTEX_POINT('',#6264);
#6264 = CARTESIAN_POINT('',(-52.33694566813,15.373898678414,56.8));
#6265 = B_SPLINE_CURVE_WITH_KNOTS('',2,(#6266,#6267,#6268),
  .UNSPECIFIED.,.F.,.F.,(3,3),(0.,1.),.PIECEWISE_BEZIER_KNOTS.);
#6266 = CARTESIAN_POINT('',(-52.68863436123,16.117290748899,56.8));
#6267 = CARTESIAN_POINT('',(-52.68863436123,15.64922907489,56.8));
#6268 = CARTESIAN_POINT('',(-52.33694566813,15.373898678414,56.8));
#6269 = ORIENTED_EDGE('',*,*,#6270,.F.);
#6270 = EDGE_CURVE('',#6271,#6263,#6273,.T.);
#6271 = VERTEX_POINT('',#6272);
#6272 = CARTESIAN_POINT('',(-52.33694566813,15.373898678414,57.4));
#6273 = B_SPLINE_CURVE_WITH_KNOTS('',1,(#6274,#6275),.UNSPECIFIED.,.F.,
  .F.,(2,2),(0.,0.6),.PIECEWISE_BEZIER_KNOTS.);
#6274 = CARTESIAN_POINT('',(-52.33694566813,15.373898678414,57.4));
#6275 = CARTESIAN_POINT('',(-52.33694566813,15.373898678414,56.8));
#6276 = ORIENTED_EDGE('',*,*,#6277,.F.);
#6277 = EDGE_CURVE('',#6254,#6271,#6278,.T.);
#6278 = B_SPLINE_CURVE_WITH_KNOTS('',2,(#6279,#6280,#6281),
  .UNSPECIFIED.,.F.,.F.,(3,3),(0.,1.),.PIECEWISE_BEZIER_KNOTS.);
#6279 = CARTESIAN_POINT('',(-52.68863436123,16.117290748899,57.4));
#6280 = CARTESIAN_POINT('',(-52.68863436123,15.64922907489,57.4));
#6281 = CARTESIAN_POINT('',(-52.33694566813,15.373898678414,57.4));
#6282 = B_SPLINE_SURFACE_WITH_KNOTS('',2,1,(
    (#6283,#6284)
    ,(#6285,#6286)
    ,(#6287,#6288
    )),.UNSPECIFIED.,.F.,.F.,.F.,(3,3),(2,2),(0.,1.),(-0.6,0.),
  .PIECEWISE_BEZIER_KNOTS.);
#6283 = CARTESIAN_POINT('',(-52.68863436123,16.117290748899,56.8));
#6284 = CARTESIAN_POINT('',(-52.68863436123,16.117290748899,57.4));
#6285 = CARTESIAN_POINT('',(-52.68863436123,15.64922907489,56.8));
#6286 = CARTESIAN_POINT('',(-52.68863436123,15.64922907489,57.4));
#6287 = CARTESIAN_POINT('',(-52.33694566813,15.373898678414,56.8));
#6288 = CARTESIAN_POINT('',(-52.33694566813,15.373898678414,57.4));
#6289 = ADVANCED_FACE('',(#6290),#6314,.F.);
#6290 = FACE_BOUND('',#6291,.F.);
#6291 = EDGE_LOOP('',(#6292,#6293,#6301,#6308));
#6292 = ORIENTED_EDGE('',*,*,#6270,.T.);
#6293 = ORIENTED_EDGE('',*,*,#6294,.T.);
#6294 = EDGE_CURVE('',#6263,#6295,#6297,.T.);
#6295 = VERTEX_POINT('',#6296);
#6296 = CARTESIAN_POINT('',(-51.40577826725,15.098568281938,56.8));
#6297 = B_SPLINE_CURVE_WITH_KNOTS('',2,(#6298,#6299,#6300),
  .UNSPECIFIED.,.F.,.F.,(3,3),(0.,1.),.PIECEWISE_BEZIER_KNOTS.);
#6298 = CARTESIAN_POINT('',(-52.33694566813,15.373898678414,56.8));
#6299 = CARTESIAN_POINT('',(-51.98525697503,15.098568281938,56.8));
#6300 = CARTESIAN_POINT('',(-51.40577826725,15.098568281938,56.8));
#6301 = ORIENTED_EDGE('',*,*,#6302,.F.);
#6302 = EDGE_CURVE('',#6303,#6295,#6305,.T.);
#6303 = VERTEX_POINT('',#6304);
#6304 = CARTESIAN_POINT('',(-51.40577826725,15.098568281938,57.4));
#6305 = B_SPLINE_CURVE_WITH_KNOTS('',1,(#6306,#6307),.UNSPECIFIED.,.F.,
  .F.,(2,2),(0.,0.6),.PIECEWISE_BEZIER_KNOTS.);
#6306 = CARTESIAN_POINT('',(-51.40577826725,15.098568281938,57.4));
#6307 = CARTESIAN_POINT('',(-51.40577826725,15.098568281938,56.8));
#6308 = ORIENTED_EDGE('',*,*,#6309,.F.);
#6309 = EDGE_CURVE('',#6271,#6303,#6310,.T.);
#6310 = B_SPLINE_CURVE_WITH_KNOTS('',2,(#6311,#6312,#6313),
  .UNSPECIFIED.,.F.,.F.,(3,3),(0.,1.),.PIECEWISE_BEZIER_KNOTS.);
#6311 = CARTESIAN_POINT('',(-52.33694566813,15.373898678414,57.4));
#6312 = CARTESIAN_POINT('',(-51.98525697503,15.098568281938,57.4));
#6313 = CARTESIAN_POINT('',(-51.40577826725,15.098568281938,57.4));
#6314 = B_SPLINE_SURFACE_WITH_KNOTS('',2,1,(
    (#6315,#6316)
    ,(#6317,#6318)
    ,(#6319,#6320
    )),.UNSPECIFIED.,.F.,.F.,.F.,(3,3),(2,2),(0.,1.),(-0.6,0.),
  .PIECEWISE_BEZIER_KNOTS.);
#6315 = CARTESIAN_POINT('',(-52.33694566813,15.373898678414,56.8));
#6316 = CARTESIAN_POINT('',(-52.33694566813,15.373898678414,57.4));
#6317 = CARTESIAN_POINT('',(-51.98525697503,15.098568281938,56.8));
#6318 = CARTESIAN_POINT('',(-51.98525697503,15.098568281938,57.4));
#6319 = CARTESIAN_POINT('',(-51.40577826725,15.098568281938,56.8));
#6320 = CARTESIAN_POINT('',(-51.40577826725,15.098568281938,57.4));
#6321 = ADVANCED_FACE('',(#6322),#6346,.F.);
#6322 = FACE_BOUND('',#6323,.F.);
#6323 = EDGE_LOOP('',(#6324,#6325,#6333,#6340));
#6324 = ORIENTED_EDGE('',*,*,#6302,.T.);
#6325 = ORIENTED_EDGE('',*,*,#6326,.T.);
#6326 = EDGE_CURVE('',#6295,#6327,#6329,.T.);
#6327 = VERTEX_POINT('',#6328);
#6328 = CARTESIAN_POINT('',(-50.47607929515,15.373898678414,56.8));
#6329 = B_SPLINE_CURVE_WITH_KNOTS('',2,(#6330,#6331,#6332),
  .UNSPECIFIED.,.F.,.F.,(3,3),(0.,1.),.PIECEWISE_BEZIER_KNOTS.);
#6330 = CARTESIAN_POINT('',(-51.40577826725,15.098568281938,56.8));
#6331 = CARTESIAN_POINT('',(-50.81822320117,15.098568281938,56.8));
#6332 = CARTESIAN_POINT('',(-50.47607929515,15.373898678414,56.8));
#6333 = ORIENTED_EDGE('',*,*,#6334,.F.);
#6334 = EDGE_CURVE('',#6335,#6327,#6337,.T.);
#6335 = VERTEX_POINT('',#6336);
#6336 = CARTESIAN_POINT('',(-50.47607929515,15.373898678414,57.4));
#6337 = B_SPLINE_CURVE_WITH_KNOTS('',1,(#6338,#6339),.UNSPECIFIED.,.F.,
  .F.,(2,2),(0.,0.6),.PIECEWISE_BEZIER_KNOTS.);
#6338 = CARTESIAN_POINT('',(-50.47607929515,15.373898678414,57.4));
#6339 = CARTESIAN_POINT('',(-50.47607929515,15.373898678414,56.8));
#6340 = ORIENTED_EDGE('',*,*,#6341,.F.);
#6341 = EDGE_CURVE('',#6303,#6335,#6342,.T.);
#6342 = B_SPLINE_CURVE_WITH_KNOTS('',2,(#6343,#6344,#6345),
  .UNSPECIFIED.,.F.,.F.,(3,3),(0.,1.),.PIECEWISE_BEZIER_KNOTS.);
#6343 = CARTESIAN_POINT('',(-51.40577826725,15.098568281938,57.4));
#6344 = CARTESIAN_POINT('',(-50.81822320117,15.098568281938,57.4));
#6345 = CARTESIAN_POINT('',(-50.47607929515,15.373898678414,57.4));
#6346 = B_SPLINE_SURFACE_WITH_KNOTS('',2,1,(
    (#6347,#6348)
    ,(#6349,#6350)
    ,(#6351,#6352
    )),.UNSPECIFIED.,.F.,.F.,.F.,(3,3),(2,2),(0.,1.),(-0.6,0.),
  .PIECEWISE_BEZIER_KNOTS.);
#6347 = CARTESIAN_POINT('',(-51.40577826725,15.098568281938,56.8));
#6348 = CARTESIAN_POINT('',(-51.40577826725,15.098568281938,57.4));
#6349 = CARTESIAN_POINT('',(-50.81822320117,15.098568281938,56.8));
#6350 = CARTESIAN_POINT('',(-50.81822320117,15.098568281938,57.4));
#6351 = CARTESIAN_POINT('',(-50.47607929515,15.373898678414,56.8));
#6352 = CARTESIAN_POINT('',(-50.47607929515,15.373898678414,57.4));
#6353 = ADVANCED_FACE('',(#6354),#6378,.F.);
#6354 = FACE_BOUND('',#6355,.F.);
#6355 = EDGE_LOOP('',(#6356,#6357,#6365,#6372));
#6356 = ORIENTED_EDGE('',*,*,#6334,.T.);
#6357 = ORIENTED_EDGE('',*,*,#6358,.T.);
#6358 = EDGE_CURVE('',#6327,#6359,#6361,.T.);
#6359 = VERTEX_POINT('',#6360);
#6360 = CARTESIAN_POINT('',(-50.13411894273,16.095264317181,56.8));
#6361 = B_SPLINE_CURVE_WITH_KNOTS('',2,(#6362,#6363,#6364),
  .UNSPECIFIED.,.F.,.F.,(3,3),(0.,1.),.PIECEWISE_BEZIER_KNOTS.);
#6362 = CARTESIAN_POINT('',(-50.47607929515,15.373898678414,56.8));
#6363 = CARTESIAN_POINT('',(-50.13411894273,15.64922907489,56.8));
#6364 = CARTESIAN_POINT('',(-50.13411894273,16.095264317181,56.8));
#6365 = ORIENTED_EDGE('',*,*,#6366,.F.);
#6366 = EDGE_CURVE('',#6367,#6359,#6369,.T.);
#6367 = VERTEX_POINT('',#6368);
#6368 = CARTESIAN_POINT('',(-50.13411894273,16.095264317181,57.4));
#6369 = B_SPLINE_CURVE_WITH_KNOTS('',1,(#6370,#6371),.UNSPECIFIED.,.F.,
  .F.,(2,2),(0.,0.6),.PIECEWISE_BEZIER_KNOTS.);
#6370 = CARTESIAN_POINT('',(-50.13411894273,16.095264317181,57.4));
#6371 = CARTESIAN_POINT('',(-50.13411894273,16.095264317181,56.8));
#6372 = ORIENTED_EDGE('',*,*,#6373,.F.);
#6373 = EDGE_CURVE('',#6335,#6367,#6374,.T.);
#6374 = B_SPLINE_CURVE_WITH_KNOTS('',2,(#6375,#6376,#6377),
  .UNSPECIFIED.,.F.,.F.,(3,3),(0.,1.),.PIECEWISE_BEZIER_KNOTS.);
#6375 = CARTESIAN_POINT('',(-50.47607929515,15.373898678414,57.4));
#6376 = CARTESIAN_POINT('',(-50.13411894273,15.64922907489,57.4));
#6377 = CARTESIAN_POINT('',(-50.13411894273,16.095264317181,57.4));
#6378 = B_SPLINE_SURFACE_WITH_KNOTS('',2,1,(
    (#6379,#6380)
    ,(#6381,#6382)
    ,(#6383,#6384
    )),.UNSPECIFIED.,.F.,.F.,.F.,(3,3),(2,2),(0.,1.),(-0.6,0.),
  .PIECEWISE_BEZIER_KNOTS.);
#6379 = CARTESIAN_POINT('',(-50.47607929515,15.373898678414,56.8));
#6380 = CARTESIAN_POINT('',(-50.47607929515,15.373898678414,57.4));
#6381 = CARTESIAN_POINT('',(-50.13411894273,15.64922907489,56.8));
#6382 = CARTESIAN_POINT('',(-50.13411894273,15.64922907489,57.4));
#6383 = CARTESIAN_POINT('',(-50.13411894273,16.095264317181,56.8));
#6384 = CARTESIAN_POINT('',(-50.13411894273,16.095264317181,57.4));
#6385 = ADVANCED_FACE('',(#6386),#6410,.F.);
#6386 = FACE_BOUND('',#6387,.F.);
#6387 = EDGE_LOOP('',(#6388,#6389,#6397,#6404));
#6388 = ORIENTED_EDGE('',*,*,#6366,.T.);
#6389 = ORIENTED_EDGE('',*,*,#6390,.T.);
#6390 = EDGE_CURVE('',#6359,#6391,#6393,.T.);
#6391 = VERTEX_POINT('',#6392);
#6392 = CARTESIAN_POINT('',(-50.46653450807,16.824889867841,56.8));
#6393 = B_SPLINE_CURVE_WITH_KNOTS('',2,(#6394,#6395,#6396),
  .UNSPECIFIED.,.F.,.F.,(3,3),(0.,1.),.PIECEWISE_BEZIER_KNOTS.);
#6394 = CARTESIAN_POINT('',(-50.13411894273,16.095264317181,56.8));
#6395 = CARTESIAN_POINT('',(-50.13411894273,16.555066079295,56.8));
#6396 = CARTESIAN_POINT('',(-50.46653450807,16.824889867841,56.8));
#6397 = ORIENTED_EDGE('',*,*,#6398,.F.);
#6398 = EDGE_CURVE('',#6399,#6391,#6401,.T.);
#6399 = VERTEX_POINT('',#6400);
#6400 = CARTESIAN_POINT('',(-50.46653450807,16.824889867841,57.4));
#6401 = B_SPLINE_CURVE_WITH_KNOTS('',1,(#6402,#6403),.UNSPECIFIED.,.F.,
  .F.,(2,2),(0.,0.6),.PIECEWISE_BEZIER_KNOTS.);
#6402 = CARTESIAN_POINT('',(-50.46653450807,16.824889867841,57.4));
#6403 = CARTESIAN_POINT('',(-50.46653450807,16.824889867841,56.8));
#6404 = ORIENTED_EDGE('',*,*,#6405,.F.);
#6405 = EDGE_CURVE('',#6367,#6399,#6406,.T.);
#6406 = B_SPLINE_CURVE_WITH_KNOTS('',2,(#6407,#6408,#6409),
  .UNSPECIFIED.,.F.,.F.,(3,3),(0.,1.),.PIECEWISE_BEZIER_KNOTS.);
#6407 = CARTESIAN_POINT('',(-50.13411894273,16.095264317181,57.4));
#6408 = CARTESIAN_POINT('',(-50.13411894273,16.555066079295,57.4));
#6409 = CARTESIAN_POINT('',(-50.46653450807,16.824889867841,57.4));
#6410 = B_SPLINE_SURFACE_WITH_KNOTS('',2,1,(
    (#6411,#6412)
    ,(#6413,#6414)
    ,(#6415,#6416
    )),.UNSPECIFIED.,.F.,.F.,.F.,(3,3),(2,2),(0.,1.),(-0.6,0.),
  .PIECEWISE_BEZIER_KNOTS.);
#6411 = CARTESIAN_POINT('',(-50.13411894273,16.095264317181,56.8));
#6412 = CARTESIAN_POINT('',(-50.13411894273,16.095264317181,57.4));
#6413 = CARTESIAN_POINT('',(-50.13411894273,16.555066079295,56.8));
#6414 = CARTESIAN_POINT('',(-50.13411894273,16.555066079295,57.4));
#6415 = CARTESIAN_POINT('',(-50.46653450807,16.824889867841,56.8));
#6416 = CARTESIAN_POINT('',(-50.46653450807,16.824889867841,57.4));
#6417 = ADVANCED_FACE('',(#6418),#6442,.F.);
#6418 = FACE_BOUND('',#6419,.F.);
#6419 = EDGE_LOOP('',(#6420,#6421,#6429,#6436));
#6420 = ORIENTED_EDGE('',*,*,#6398,.T.);
#6421 = ORIENTED_EDGE('',*,*,#6422,.T.);
#6422 = EDGE_CURVE('',#6391,#6423,#6425,.T.);
#6423 = VERTEX_POINT('',#6424);
#6424 = CARTESIAN_POINT('',(-51.38925844346,17.094713656388,56.8));
#6425 = B_SPLINE_CURVE_WITH_KNOTS('',2,(#6426,#6427,#6428),
  .UNSPECIFIED.,.F.,.F.,(3,3),(0.,1.),.PIECEWISE_BEZIER_KNOTS.);
#6426 = CARTESIAN_POINT('',(-50.46653450807,16.824889867841,56.8));
#6427 = CARTESIAN_POINT('',(-50.79895007342,17.094713656388,56.8));
#6428 = CARTESIAN_POINT('',(-51.38925844346,17.094713656388,56.8));
#6429 = ORIENTED_EDGE('',*,*,#6430,.F.);
#6430 = EDGE_CURVE('',#6431,#6423,#6433,.T.);
#6431 = VERTEX_POINT('',#6432);
#6432 = CARTESIAN_POINT('',(-51.38925844346,17.094713656388,57.4));
#6433 = B_SPLINE_CURVE_WITH_KNOTS('',1,(#6434,#6435),.UNSPECIFIED.,.F.,
  .F.,(2,2),(0.,0.6),.PIECEWISE_BEZIER_KNOTS.);
#6434 = CARTESIAN_POINT('',(-51.38925844346,17.094713656388,57.4));
#6435 = CARTESIAN_POINT('',(-51.38925844346,17.094713656388,56.8));
#6436 = ORIENTED_EDGE('',*,*,#6437,.F.);
#6437 = EDGE_CURVE('',#6399,#6431,#6438,.T.);
#6438 = B_SPLINE_CURVE_WITH_KNOTS('',2,(#6439,#6440,#6441),
  .UNSPECIFIED.,.F.,.F.,(3,3),(0.,1.),.PIECEWISE_BEZIER_KNOTS.);
#6439 = CARTESIAN_POINT('',(-50.46653450807,16.824889867841,57.4));
#6440 = CARTESIAN_POINT('',(-50.79895007342,17.094713656388,57.4));
#6441 = CARTESIAN_POINT('',(-51.38925844346,17.094713656388,57.4));
#6442 = B_SPLINE_SURFACE_WITH_KNOTS('',2,1,(
    (#6443,#6444)
    ,(#6445,#6446)
    ,(#6447,#6448
    )),.UNSPECIFIED.,.F.,.F.,.F.,(3,3),(2,2),(0.,1.),(-0.6,0.),
  .PIECEWISE_BEZIER_KNOTS.);
#6443 = CARTESIAN_POINT('',(-50.46653450807,16.824889867841,56.8));
#6444 = CARTESIAN_POINT('',(-50.46653450807,16.824889867841,57.4));
#6445 = CARTESIAN_POINT('',(-50.79895007342,17.094713656388,56.8));
#6446 = CARTESIAN_POINT('',(-50.79895007342,17.094713656388,57.4));
#6447 = CARTESIAN_POINT('',(-51.38925844346,17.094713656388,56.8));
#6448 = CARTESIAN_POINT('',(-51.38925844346,17.094713656388,57.4));
#6449 = ADVANCED_FACE('',(#6450),#6474,.F.);
#6450 = FACE_BOUND('',#6451,.F.);
#6451 = EDGE_LOOP('',(#6452,#6453,#6461,#6468));
#6452 = ORIENTED_EDGE('',*,*,#6430,.T.);
#6453 = ORIENTED_EDGE('',*,*,#6454,.T.);
#6454 = EDGE_CURVE('',#6423,#6455,#6457,.T.);
#6455 = VERTEX_POINT('',#6456);
#6456 = CARTESIAN_POINT('',(-52.34649045521,16.833149779736,56.8));
#6457 = B_SPLINE_CURVE_WITH_KNOTS('',2,(#6458,#6459,#6460),
  .UNSPECIFIED.,.F.,.F.,(3,3),(0.,1.),.PIECEWISE_BEZIER_KNOTS.);
#6458 = CARTESIAN_POINT('',(-51.38925844346,17.094713656388,56.8));
#6459 = CARTESIAN_POINT('',(-52.00453010279,17.094713656388,56.8));
#6460 = CARTESIAN_POINT('',(-52.34649045521,16.833149779736,56.8));
#6461 = ORIENTED_EDGE('',*,*,#6462,.F.);
#6462 = EDGE_CURVE('',#6463,#6455,#6465,.T.);
#6463 = VERTEX_POINT('',#6464);
#6464 = CARTESIAN_POINT('',(-52.34649045521,16.833149779736,57.4));
#6465 = B_SPLINE_CURVE_WITH_KNOTS('',1,(#6466,#6467),.UNSPECIFIED.,.F.,
  .F.,(2,2),(0.,0.6),.PIECEWISE_BEZIER_KNOTS.);
#6466 = CARTESIAN_POINT('',(-52.34649045521,16.833149779736,57.4));
#6467 = CARTESIAN_POINT('',(-52.34649045521,16.833149779736,56.8));
#6468 = ORIENTED_EDGE('',*,*,#6469,.F.);
#6469 = EDGE_CURVE('',#6431,#6463,#6470,.T.);
#6470 = B_SPLINE_CURVE_WITH_KNOTS('',2,(#6471,#6472,#6473),
  .UNSPECIFIED.,.F.,.F.,(3,3),(0.,1.),.PIECEWISE_BEZIER_KNOTS.);
#6471 = CARTESIAN_POINT('',(-51.38925844346,17.094713656388,57.4));
#6472 = CARTESIAN_POINT('',(-52.00453010279,17.094713656388,57.4));
#6473 = CARTESIAN_POINT('',(-52.34649045521,16.833149779736,57.4));
#6474 = B_SPLINE_SURFACE_WITH_KNOTS('',2,1,(
    (#6475,#6476)
    ,(#6477,#6478)
    ,(#6479,#6480
    )),.UNSPECIFIED.,.F.,.F.,.F.,(3,3),(2,2),(0.,1.),(-0.6,0.),
  .PIECEWISE_BEZIER_KNOTS.);
#6475 = CARTESIAN_POINT('',(-51.38925844346,17.094713656388,56.8));
#6476 = CARTESIAN_POINT('',(-51.38925844346,17.094713656388,57.4));
#6477 = CARTESIAN_POINT('',(-52.00453010279,17.094713656388,56.8));
#6478 = CARTESIAN_POINT('',(-52.00453010279,17.094713656388,57.4));
#6479 = CARTESIAN_POINT('',(-52.34649045521,16.833149779736,56.8));
#6480 = CARTESIAN_POINT('',(-52.34649045521,16.833149779736,57.4));
#6481 = ADVANCED_FACE('',(#6482),#6498,.F.);
#6482 = FACE_BOUND('',#6483,.F.);
#6483 = EDGE_LOOP('',(#6484,#6485,#6491,#6492));
#6484 = ORIENTED_EDGE('',*,*,#6462,.T.);
#6485 = ORIENTED_EDGE('',*,*,#6486,.T.);
#6486 = EDGE_CURVE('',#6455,#6256,#6487,.T.);
#6487 = B_SPLINE_CURVE_WITH_KNOTS('',2,(#6488,#6489,#6490),
  .UNSPECIFIED.,.F.,.F.,(3,3),(0.,1.),.PIECEWISE_BEZIER_KNOTS.);
#6488 = CARTESIAN_POINT('',(-52.34649045521,16.833149779736,56.8));
#6489 = CARTESIAN_POINT('',(-52.68863436123,16.571585903084,56.8));
#6490 = CARTESIAN_POINT('',(-52.68863436123,16.117290748899,56.8));
#6491 = ORIENTED_EDGE('',*,*,#6253,.F.);
#6492 = ORIENTED_EDGE('',*,*,#6493,.F.);
#6493 = EDGE_CURVE('',#6463,#6254,#6494,.T.);
#6494 = B_SPLINE_CURVE_WITH_KNOTS('',2,(#6495,#6496,#6497),
  .UNSPECIFIED.,.F.,.F.,(3,3),(0.,1.),.PIECEWISE_BEZIER_KNOTS.);
#6495 = CARTESIAN_POINT('',(-52.34649045521,16.833149779736,57.4));
#6496 = CARTESIAN_POINT('',(-52.68863436123,16.571585903084,57.4));
#6497 = CARTESIAN_POINT('',(-52.68863436123,16.117290748899,57.4));
#6498 = B_SPLINE_SURFACE_WITH_KNOTS('',2,1,(
    (#6499,#6500)
    ,(#6501,#6502)
    ,(#6503,#6504
    )),.UNSPECIFIED.,.F.,.F.,.F.,(3,3),(2,2),(0.,1.),(-0.6,0.),
  .PIECEWISE_BEZIER_KNOTS.);
#6499 = CARTESIAN_POINT('',(-52.34649045521,16.833149779736,56.8));
#6500 = CARTESIAN_POINT('',(-52.34649045521,16.833149779736,57.4));
#6501 = CARTESIAN_POINT('',(-52.68863436123,16.571585903084,56.8));
#6502 = CARTESIAN_POINT('',(-52.68863436123,16.571585903084,57.4));
#6503 = CARTESIAN_POINT('',(-52.68863436123,16.117290748899,56.8));
#6504 = CARTESIAN_POINT('',(-52.68863436123,16.117290748899,57.4));
#6505 = ADVANCED_FACE('',(#6506,#6516),#6526,.T.);
#6506 = FACE_BOUND('',#6507,.F.);
#6507 = EDGE_LOOP('',(#6508,#6509,#6510,#6511,#6512,#6513,#6514,#6515));
#6508 = ORIENTED_EDGE('',*,*,#6021,.T.);
#6509 = ORIENTED_EDGE('',*,*,#6053,.T.);
#6510 = ORIENTED_EDGE('',*,*,#6085,.T.);
#6511 = ORIENTED_EDGE('',*,*,#6117,.T.);
#6512 = ORIENTED_EDGE('',*,*,#6149,.T.);
#6513 = ORIENTED_EDGE('',*,*,#6181,.T.);
#6514 = ORIENTED_EDGE('',*,*,#6213,.T.);
#6515 = ORIENTED_EDGE('',*,*,#6237,.T.);
#6516 = FACE_BOUND('',#6517,.F.);
#6517 = EDGE_LOOP('',(#6518,#6519,#6520,#6521,#6522,#6523,#6524,#6525));
#6518 = ORIENTED_EDGE('',*,*,#6277,.T.);
#6519 = ORIENTED_EDGE('',*,*,#6309,.T.);
#6520 = ORIENTED_EDGE('',*,*,#6341,.T.);
#6521 = ORIENTED_EDGE('',*,*,#6373,.T.);
#6522 = ORIENTED_EDGE('',*,*,#6405,.T.);
#6523 = ORIENTED_EDGE('',*,*,#6437,.T.);
#6524 = ORIENTED_EDGE('',*,*,#6469,.T.);
#6525 = ORIENTED_EDGE('',*,*,#6493,.T.);
#6526 = B_SPLINE_SURFACE_WITH_KNOTS('',1,1,(
    (#6527,#6528)
    ,(#6529,#6530
    )),.UNSPECIFIED.,.F.,.F.,.F.,(2,2),(2,2),(-1.937619847606,
    1.930772222879),(-2.04420883179,2.043896895082),
  .PIECEWISE_BEZIER_KNOTS.);
#6527 = CARTESIAN_POINT('',(-49.36594713656,14.162444933921,57.4));
#6528 = CARTESIAN_POINT('',(-53.45405286343,14.162444933921,57.4));
#6529 = CARTESIAN_POINT('',(-49.36594713656,18.030837004405,57.4));
#6530 = CARTESIAN_POINT('',(-53.45405286343,18.030837004405,57.4));
#6531 = ADVANCED_FACE('',(#6532,#6542),#6552,.F.);
#6532 = FACE_BOUND('',#6533,.T.);
#6533 = EDGE_LOOP('',(#6534,#6535,#6536,#6537,#6538,#6539,#6540,#6541));
#6534 = ORIENTED_EDGE('',*,*,#6006,.T.);
#6535 = ORIENTED_EDGE('',*,*,#6038,.T.);
#6536 = ORIENTED_EDGE('',*,*,#6070,.T.);
#6537 = ORIENTED_EDGE('',*,*,#6102,.T.);
#6538 = ORIENTED_EDGE('',*,*,#6134,.T.);
#6539 = ORIENTED_EDGE('',*,*,#6166,.T.);
#6540 = ORIENTED_EDGE('',*,*,#6198,.T.);
#6541 = ORIENTED_EDGE('',*,*,#6230,.T.);
#6542 = FACE_BOUND('',#6543,.T.);
#6543 = EDGE_LOOP('',(#6544,#6545,#6546,#6547,#6548,#6549,#6550,#6551));
#6544 = ORIENTED_EDGE('',*,*,#6262,.T.);
#6545 = ORIENTED_EDGE('',*,*,#6294,.T.);
#6546 = ORIENTED_EDGE('',*,*,#6326,.T.);
#6547 = ORIENTED_EDGE('',*,*,#6358,.T.);
#6548 = ORIENTED_EDGE('',*,*,#6390,.T.);
#6549 = ORIENTED_EDGE('',*,*,#6422,.T.);
#6550 = ORIENTED_EDGE('',*,*,#6454,.T.);
#6551 = ORIENTED_EDGE('',*,*,#6486,.T.);
#6552 = B_SPLINE_SURFACE_WITH_KNOTS('',1,1,(
    (#6553,#6554)
    ,(#6555,#6556
    )),.UNSPECIFIED.,.F.,.F.,.F.,(2,2),(2,2),(-1.937619847606,
    1.930772222879),(-2.04420883179,2.043896895082),
  .PIECEWISE_BEZIER_KNOTS.);
#6553 = CARTESIAN_POINT('',(-49.36594713656,14.162444933921,56.8));
#6554 = CARTESIAN_POINT('',(-53.45405286343,14.162444933921,56.8));
#6555 = CARTESIAN_POINT('',(-49.36594713656,18.030837004405,56.8));
#6556 = CARTESIAN_POINT('',(-53.45405286343,18.030837004405,56.8));
#6557 = MANIFOLD_SOLID_BREP('',#6558);
#6558 = CLOSED_SHELL('',(#6559,#6595,#6627,#6659,#6691,#6723,#6755,#6787
    ,#6819,#6851,#6883,#6915,#6947,#6979,#7011,#7043,#7075,#7107,#7139,
    #7171,#7199,#7231,#7263,#7295,#7327,#7359,#7391,#7423,#7455,#7487,
    #7519,#7551,#7583,#7615,#7647,#7679,#7711,#7743,#7775,#7807,#7839,
    #7871,#7895,#7945));
#6559 = ADVANCED_FACE('',(#6560),#6590,.F.);
#6560 = FACE_BOUND('',#6561,.F.);
#6561 = EDGE_LOOP('',(#6562,#6571,#6578,#6585));
#6562 = ORIENTED_EDGE('',*,*,#6563,.T.);
#6563 = EDGE_CURVE('',#6564,#6566,#6568,.T.);
#6564 = VERTEX_POINT('',#6565);
#6565 = CARTESIAN_POINT('',(-49.58566079295,18.504588839941,57.4));
#6566 = VERTEX_POINT('',#6567);
#6567 = CARTESIAN_POINT('',(-49.58566079295,18.504588839941,56.8));
#6568 = B_SPLINE_CURVE_WITH_KNOTS('',1,(#6569,#6570),.UNSPECIFIED.,.F.,
  .F.,(2,2),(0.,0.6),.PIECEWISE_BEZIER_KNOTS.);
#6569 = CARTESIAN_POINT('',(-49.58566079295,18.504588839941,57.4));
#6570 = CARTESIAN_POINT('',(-49.58566079295,18.504588839941,56.8));
#6571 = ORIENTED_EDGE('',*,*,#6572,.T.);
#6572 = EDGE_CURVE('',#6566,#6573,#6575,.T.);
#6573 = VERTEX_POINT('',#6574);
#6574 = CARTESIAN_POINT('',(-50.4646989721,18.504588839941,56.8));
#6575 = B_SPLINE_CURVE_WITH_KNOTS('',1,(#6576,#6577),.UNSPECIFIED.,.F.,
  .F.,(2,2),(0.,0.879038179148),.PIECEWISE_BEZIER_KNOTS.);
#6576 = CARTESIAN_POINT('',(-49.58566079295,18.504588839941,56.8));
#6577 = CARTESIAN_POINT('',(-50.4646989721,18.504588839941,56.8));
#6578 = ORIENTED_EDGE('',*,*,#6579,.F.);
#6579 = EDGE_CURVE('',#6580,#6573,#6582,.T.);
#6580 = VERTEX_POINT('',#6581);
#6581 = CARTESIAN_POINT('',(-50.4646989721,18.504588839941,57.4));
#6582 = B_SPLINE_CURVE_WITH_KNOTS('',1,(#6583,#6584),.UNSPECIFIED.,.F.,
  .F.,(2,2),(0.,0.6),.PIECEWISE_BEZIER_KNOTS.);
#6583 = CARTESIAN_POINT('',(-50.4646989721,18.504588839941,57.4));
#6584 = CARTESIAN_POINT('',(-50.4646989721,18.504588839941,56.8));
#6585 = ORIENTED_EDGE('',*,*,#6586,.F.);
#6586 = EDGE_CURVE('',#6564,#6580,#6587,.T.);
#6587 = B_SPLINE_CURVE_WITH_KNOTS('',1,(#6588,#6589),.UNSPECIFIED.,.F.,
  .F.,(2,2),(0.,0.879038179148),.PIECEWISE_BEZIER_KNOTS.);
#6588 = CARTESIAN_POINT('',(-49.58566079295,18.504588839941,57.4));
#6589 = CARTESIAN_POINT('',(-50.4646989721,18.504588839941,57.4));
#6590 = B_SPLINE_SURFACE_WITH_KNOTS('',1,1,(
    (#6591,#6592)
    ,(#6593,#6594
    )),.UNSPECIFIED.,.F.,.F.,.F.,(2,2),(2,2),(0.,0.879038179148),(-0.6,
    0.),.PIECEWISE_BEZIER_KNOTS.);
#6591 = CARTESIAN_POINT('',(-49.58566079295,18.504588839941,56.8));
#6592 = CARTESIAN_POINT('',(-49.58566079295,18.504588839941,57.4));
#6593 = CARTESIAN_POINT('',(-50.4646989721,18.504588839941,56.8));
#6594 = CARTESIAN_POINT('',(-50.4646989721,18.504588839941,57.4));
#6595 = ADVANCED_FACE('',(#6596),#6620,.F.);
#6596 = FACE_BOUND('',#6597,.F.);
#6597 = EDGE_LOOP('',(#6598,#6599,#6607,#6614));
#6598 = ORIENTED_EDGE('',*,*,#6579,.T.);
#6599 = ORIENTED_EDGE('',*,*,#6600,.T.);
#6600 = EDGE_CURVE('',#6573,#6601,#6603,.T.);
#6601 = VERTEX_POINT('',#6602);
#6602 = CARTESIAN_POINT('',(-50.16513950073,19.02496328928,56.8));
#6603 = B_SPLINE_CURVE_WITH_KNOTS('',2,(#6604,#6605,#6606),
  .UNSPECIFIED.,.F.,.F.,(3,3),(0.,1.),.PIECEWISE_BEZIER_KNOTS.);
#6604 = CARTESIAN_POINT('',(-50.4646989721,18.504588839941,56.8));
#6605 = CARTESIAN_POINT('',(-50.26499265785,18.744126284875,56.8));
#6606 = CARTESIAN_POINT('',(-50.16513950073,19.02496328928,56.8));
#6607 = ORIENTED_EDGE('',*,*,#6608,.F.);
#6608 = EDGE_CURVE('',#6609,#6601,#6611,.T.);
#6609 = VERTEX_POINT('',#6610);
#6610 = CARTESIAN_POINT('',(-50.16513950073,19.02496328928,57.4));
#6611 = B_SPLINE_CURVE_WITH_KNOTS('',1,(#6612,#6613),.UNSPECIFIED.,.F.,
  .F.,(2,2),(0.,0.6),.PIECEWISE_BEZIER_KNOTS.);
#6612 = CARTESIAN_POINT('',(-50.16513950073,19.02496328928,57.4));
#6613 = CARTESIAN_POINT('',(-50.16513950073,19.02496328928,56.8));
#6614 = ORIENTED_EDGE('',*,*,#6615,.F.);
#6615 = EDGE_CURVE('',#6580,#6609,#6616,.T.);
#6616 = B_SPLINE_CURVE_WITH_KNOTS('',2,(#6617,#6618,#6619),
  .UNSPECIFIED.,.F.,.F.,(3,3),(0.,1.),.PIECEWISE_BEZIER_KNOTS.);
#6617 = CARTESIAN_POINT('',(-50.4646989721,18.504588839941,57.4));
#6618 = CARTESIAN_POINT('',(-50.26499265785,18.744126284875,57.4));
#6619 = CARTESIAN_POINT('',(-50.16513950073,19.02496328928,57.4));
#6620 = B_SPLINE_SURFACE_WITH_KNOTS('',2,1,(
    (#6621,#6622)
    ,(#6623,#6624)
    ,(#6625,#6626
    )),.UNSPECIFIED.,.F.,.F.,.F.,(3,3),(2,2),(0.,1.),(-0.6,0.),
  .PIECEWISE_BEZIER_KNOTS.);
#6621 = CARTESIAN_POINT('',(-50.4646989721,18.504588839941,56.8));
#6622 = CARTESIAN_POINT('',(-50.4646989721,18.504588839941,57.4));
#6623 = CARTESIAN_POINT('',(-50.26499265785,18.744126284875,56.8));
#6624 = CARTESIAN_POINT('',(-50.26499265785,18.744126284875,57.4));
#6625 = CARTESIAN_POINT('',(-50.16513950073,19.02496328928,56.8));
#6626 = CARTESIAN_POINT('',(-50.16513950073,19.02496328928,57.4));
#6627 = ADVANCED_FACE('',(#6628),#6652,.F.);
#6628 = FACE_BOUND('',#6629,.F.);
#6629 = EDGE_LOOP('',(#6630,#6631,#6639,#6646));
#6630 = ORIENTED_EDGE('',*,*,#6608,.T.);
#6631 = ORIENTED_EDGE('',*,*,#6632,.T.);
#6632 = EDGE_CURVE('',#6601,#6633,#6635,.T.);
#6633 = VERTEX_POINT('',#6634);
#6634 = CARTESIAN_POINT('',(-50.06528634361,19.592143906021,56.8));
#6635 = B_SPLINE_CURVE_WITH_KNOTS('',2,(#6636,#6637,#6638),
  .UNSPECIFIED.,.F.,.F.,(3,3),(0.,1.),.PIECEWISE_BEZIER_KNOTS.);
#6636 = CARTESIAN_POINT('',(-50.16513950073,19.02496328928,56.8));
#6637 = CARTESIAN_POINT('',(-50.06528634361,19.305800293686,56.8));
#6638 = CARTESIAN_POINT('',(-50.06528634361,19.592143906021,56.8));
#6639 = ORIENTED_EDGE('',*,*,#6640,.F.);
#6640 = EDGE_CURVE('',#6641,#6633,#6643,.T.);
#6641 = VERTEX_POINT('',#6642);
#6642 = CARTESIAN_POINT('',(-50.06528634361,19.592143906021,57.4));
#6643 = B_SPLINE_CURVE_WITH_KNOTS('',1,(#6644,#6645),.UNSPECIFIED.,.F.,
  .F.,(2,2),(0.,0.6),.PIECEWISE_BEZIER_KNOTS.);
#6644 = CARTESIAN_POINT('',(-50.06528634361,19.592143906021,57.4));
#6645 = CARTESIAN_POINT('',(-50.06528634361,19.592143906021,56.8));
#6646 = ORIENTED_EDGE('',*,*,#6647,.F.);
#6647 = EDGE_CURVE('',#6609,#6641,#6648,.T.);
#6648 = B_SPLINE_CURVE_WITH_KNOTS('',2,(#6649,#6650,#6651),
  .UNSPECIFIED.,.F.,.F.,(3,3),(0.,1.),.PIECEWISE_BEZIER_KNOTS.);
#6649 = CARTESIAN_POINT('',(-50.16513950073,19.02496328928,57.4));
#6650 = CARTESIAN_POINT('',(-50.06528634361,19.305800293686,57.4));
#6651 = CARTESIAN_POINT('',(-50.06528634361,19.592143906021,57.4));
#6652 = B_SPLINE_SURFACE_WITH_KNOTS('',2,1,(
    (#6653,#6654)
    ,(#6655,#6656)
    ,(#6657,#6658
    )),.UNSPECIFIED.,.F.,.F.,.F.,(3,3),(2,2),(0.,1.),(-0.6,0.),
  .PIECEWISE_BEZIER_KNOTS.);
#6653 = CARTESIAN_POINT('',(-50.16513950073,19.02496328928,56.8));
#6654 = CARTESIAN_POINT('',(-50.16513950073,19.02496328928,57.4));
#6655 = CARTESIAN_POINT('',(-50.06528634361,19.305800293686,56.8));
#6656 = CARTESIAN_POINT('',(-50.06528634361,19.305800293686,57.4));
#6657 = CARTESIAN_POINT('',(-50.06528634361,19.592143906021,56.8));
#6658 = CARTESIAN_POINT('',(-50.06528634361,19.592143906021,57.4));
#6659 = ADVANCED_FACE('',(#6660),#6684,.F.);
#6660 = FACE_BOUND('',#6661,.F.);
#6661 = EDGE_LOOP('',(#6662,#6663,#6671,#6678));
#6662 = ORIENTED_EDGE('',*,*,#6640,.T.);
#6663 = ORIENTED_EDGE('',*,*,#6664,.T.);
#6664 = EDGE_CURVE('',#6633,#6665,#6667,.T.);
#6665 = VERTEX_POINT('',#6666);
#6666 = CARTESIAN_POINT('',(-50.09557268722,19.885279001468,56.8));
#6667 = B_SPLINE_CURVE_WITH_KNOTS('',2,(#6668,#6669,#6670),
  .UNSPECIFIED.,.F.,.F.,(3,3),(0.,1.),.PIECEWISE_BEZIER_KNOTS.);
#6668 = CARTESIAN_POINT('',(-50.06528634361,19.592143906021,56.8));
#6669 = CARTESIAN_POINT('',(-50.06528634361,19.760095447871,56.8));
#6670 = CARTESIAN_POINT('',(-50.09557268722,19.885279001468,56.8));
#6671 = ORIENTED_EDGE('',*,*,#6672,.F.);
#6672 = EDGE_CURVE('',#6673,#6665,#6675,.T.);
#6673 = VERTEX_POINT('',#6674);
#6674 = CARTESIAN_POINT('',(-50.09557268722,19.885279001468,57.4));
#6675 = B_SPLINE_CURVE_WITH_KNOTS('',1,(#6676,#6677),.UNSPECIFIED.,.F.,
  .F.,(2,2),(0.,0.6),.PIECEWISE_BEZIER_KNOTS.);
#6676 = CARTESIAN_POINT('',(-50.09557268722,19.885279001468,57.4));
#6677 = CARTESIAN_POINT('',(-50.09557268722,19.885279001468,56.8));
#6678 = ORIENTED_EDGE('',*,*,#6679,.F.);
#6679 = EDGE_CURVE('',#6641,#6673,#6680,.T.);
#6680 = B_SPLINE_CURVE_WITH_KNOTS('',2,(#6681,#6682,#6683),
  .UNSPECIFIED.,.F.,.F.,(3,3),(0.,1.),.PIECEWISE_BEZIER_KNOTS.);
#6681 = CARTESIAN_POINT('',(-50.06528634361,19.592143906021,57.4));
#6682 = CARTESIAN_POINT('',(-50.06528634361,19.760095447871,57.4));
#6683 = CARTESIAN_POINT('',(-50.09557268722,19.885279001468,57.4));
#6684 = B_SPLINE_SURFACE_WITH_KNOTS('',2,1,(
    (#6685,#6686)
    ,(#6687,#6688)
    ,(#6689,#6690
    )),.UNSPECIFIED.,.F.,.F.,.F.,(3,3),(2,2),(0.,1.),(-0.6,0.),
  .PIECEWISE_BEZIER_KNOTS.);
#6685 = CARTESIAN_POINT('',(-50.06528634361,19.592143906021,56.8));
#6686 = CARTESIAN_POINT('',(-50.06528634361,19.592143906021,57.4));
#6687 = CARTESIAN_POINT('',(-50.06528634361,19.760095447871,56.8));
#6688 = CARTESIAN_POINT('',(-50.06528634361,19.760095447871,57.4));
#6689 = CARTESIAN_POINT('',(-50.09557268722,19.885279001468,56.8));
#6690 = CARTESIAN_POINT('',(-50.09557268722,19.885279001468,57.4));
#6691 = ADVANCED_FACE('',(#6692),#6716,.F.);
#6692 = FACE_BOUND('',#6693,.F.);
#6693 = EDGE_LOOP('',(#6694,#6695,#6703,#6710));
#6694 = ORIENTED_EDGE('',*,*,#6672,.T.);
#6695 = ORIENTED_EDGE('',*,*,#6696,.T.);
#6696 = EDGE_CURVE('',#6665,#6697,#6699,.T.);
#6697 = VERTEX_POINT('',#6698);
#6698 = CARTESIAN_POINT('',(-50.17982378854,20.09453010279,56.8));
#6699 = B_SPLINE_CURVE_WITH_KNOTS('',2,(#6700,#6701,#6702),
  .UNSPECIFIED.,.F.,.F.,(3,3),(0.,1.),.PIECEWISE_BEZIER_KNOTS.);
#6700 = CARTESIAN_POINT('',(-50.09557268722,19.885279001468,56.8));
#6701 = CARTESIAN_POINT('',(-50.12604258443,20.010646108664,56.8));
#6702 = CARTESIAN_POINT('',(-50.17982378854,20.09453010279,56.8));
#6703 = ORIENTED_EDGE('',*,*,#6704,.F.);
#6704 = EDGE_CURVE('',#6705,#6697,#6707,.T.);
#6705 = VERTEX_POINT('',#6706);
#6706 = CARTESIAN_POINT('',(-50.17982378854,20.09453010279,57.4));
#6707 = B_SPLINE_CURVE_WITH_KNOTS('',1,(#6708,#6709),.UNSPECIFIED.,.F.,
  .F.,(2,2),(0.,0.6),.PIECEWISE_BEZIER_KNOTS.);
#6708 = CARTESIAN_POINT('',(-50.17982378854,20.09453010279,57.4));
#6709 = CARTESIAN_POINT('',(-50.17982378854,20.09453010279,56.8));
#6710 = ORIENTED_EDGE('',*,*,#6711,.F.);
#6711 = EDGE_CURVE('',#6673,#6705,#6712,.T.);
#6712 = B_SPLINE_CURVE_WITH_KNOTS('',2,(#6713,#6714,#6715),
  .UNSPECIFIED.,.F.,.F.,(3,3),(0.,1.),.PIECEWISE_BEZIER_KNOTS.);
#6713 = CARTESIAN_POINT('',(-50.09557268722,19.885279001468,57.4));
#6714 = CARTESIAN_POINT('',(-50.12604258443,20.010646108664,57.4));
#6715 = CARTESIAN_POINT('',(-50.17982378854,20.09453010279,57.4));
#6716 = B_SPLINE_SURFACE_WITH_KNOTS('',2,1,(
    (#6717,#6718)
    ,(#6719,#6720)
    ,(#6721,#6722
    )),.UNSPECIFIED.,.F.,.F.,.F.,(3,3),(2,2),(0.,1.),(-0.6,0.),
  .PIECEWISE_BEZIER_KNOTS.);
#6717 = CARTESIAN_POINT('',(-50.09557268722,19.885279001468,56.8));
#6718 = CARTESIAN_POINT('',(-50.09557268722,19.885279001468,57.4));
#6719 = CARTESIAN_POINT('',(-50.12604258443,20.010646108664,56.8));
#6720 = CARTESIAN_POINT('',(-50.12604258443,20.010646108664,57.4));
#6721 = CARTESIAN_POINT('',(-50.17982378854,20.09453010279,56.8));
#6722 = CARTESIAN_POINT('',(-50.17982378854,20.09453010279,57.4));
#6723 = ADVANCED_FACE('',(#6724),#6748,.F.);
#6724 = FACE_BOUND('',#6725,.F.);
#6725 = EDGE_LOOP('',(#6726,#6727,#6735,#6742));
#6726 = ORIENTED_EDGE('',*,*,#6704,.T.);
#6727 = ORIENTED_EDGE('',*,*,#6728,.T.);
#6728 = EDGE_CURVE('',#6697,#6729,#6731,.T.);
#6729 = VERTEX_POINT('',#6730);
#6730 = CARTESIAN_POINT('',(-50.30702643171,20.219897209985,56.8));
#6731 = B_SPLINE_CURVE_WITH_KNOTS('',2,(#6732,#6733,#6734),
  .UNSPECIFIED.,.F.,.F.,(3,3),(0.,1.),.PIECEWISE_BEZIER_KNOTS.);
#6732 = CARTESIAN_POINT('',(-50.17982378854,20.09453010279,56.8));
#6733 = CARTESIAN_POINT('',(-50.23378854625,20.178597650514,56.8));
#6734 = CARTESIAN_POINT('',(-50.30702643171,20.219897209985,56.8));
#6735 = ORIENTED_EDGE('',*,*,#6736,.F.);
#6736 = EDGE_CURVE('',#6737,#6729,#6739,.T.);
#6737 = VERTEX_POINT('',#6738);
#6738 = CARTESIAN_POINT('',(-50.30702643171,20.219897209985,57.4));
#6739 = B_SPLINE_CURVE_WITH_KNOTS('',1,(#6740,#6741),.UNSPECIFIED.,.F.,
  .F.,(2,2),(0.,0.6),.PIECEWISE_BEZIER_KNOTS.);
#6740 = CARTESIAN_POINT('',(-50.30702643171,20.219897209985,57.4));
#6741 = CARTESIAN_POINT('',(-50.30702643171,20.219897209985,56.8));
#6742 = ORIENTED_EDGE('',*,*,#6743,.F.);
#6743 = EDGE_CURVE('',#6705,#6737,#6744,.T.);
#6744 = B_SPLINE_CURVE_WITH_KNOTS('',2,(#6745,#6746,#6747),
  .UNSPECIFIED.,.F.,.F.,(3,3),(0.,1.),.PIECEWISE_BEZIER_KNOTS.);
#6745 = CARTESIAN_POINT('',(-50.17982378854,20.09453010279,57.4));
#6746 = CARTESIAN_POINT('',(-50.23378854625,20.178597650514,57.4));
#6747 = CARTESIAN_POINT('',(-50.30702643171,20.219897209985,57.4));
#6748 = B_SPLINE_SURFACE_WITH_KNOTS('',2,1,(
    (#6749,#6750)
    ,(#6751,#6752)
    ,(#6753,#6754
    )),.UNSPECIFIED.,.F.,.F.,.F.,(3,3),(2,2),(0.,1.),(-0.6,0.),
  .PIECEWISE_BEZIER_KNOTS.);
#6749 = CARTESIAN_POINT('',(-50.17982378854,20.09453010279,56.8));
#6750 = CARTESIAN_POINT('',(-50.17982378854,20.09453010279,57.4));
#6751 = CARTESIAN_POINT('',(-50.23378854625,20.178597650514,56.8));
#6752 = CARTESIAN_POINT('',(-50.23378854625,20.178597650514,57.4));
#6753 = CARTESIAN_POINT('',(-50.30702643171,20.219897209985,56.8));
#6754 = CARTESIAN_POINT('',(-50.30702643171,20.219897209985,57.4));
#6755 = ADVANCED_FACE('',(#6756),#6780,.F.);
#6756 = FACE_BOUND('',#6757,.F.);
#6757 = EDGE_LOOP('',(#6758,#6759,#6767,#6774));
#6758 = ORIENTED_EDGE('',*,*,#6736,.T.);
#6759 = ORIENTED_EDGE('',*,*,#6760,.T.);
#6760 = EDGE_CURVE('',#6729,#6761,#6763,.T.);
#6761 = VERTEX_POINT('',#6762);
#6762 = CARTESIAN_POINT('',(-50.46580029368,20.261196769457,56.8));
#6763 = B_SPLINE_CURVE_WITH_KNOTS('',2,(#6764,#6765,#6766),
  .UNSPECIFIED.,.F.,.F.,(3,3),(0.,1.),.PIECEWISE_BEZIER_KNOTS.);
#6764 = CARTESIAN_POINT('',(-50.30702643171,20.219897209985,56.8));
#6765 = CARTESIAN_POINT('',(-50.38026431718,20.261196769457,56.8));
#6766 = CARTESIAN_POINT('',(-50.46580029368,20.261196769457,56.8));
#6767 = ORIENTED_EDGE('',*,*,#6768,.F.);
#6768 = EDGE_CURVE('',#6769,#6761,#6771,.T.);
#6769 = VERTEX_POINT('',#6770);
#6770 = CARTESIAN_POINT('',(-50.46580029368,20.261196769457,57.4));
#6771 = B_SPLINE_CURVE_WITH_KNOTS('',1,(#6772,#6773),.UNSPECIFIED.,.F.,
  .F.,(2,2),(0.,0.6),.PIECEWISE_BEZIER_KNOTS.);
#6772 = CARTESIAN_POINT('',(-50.46580029368,20.261196769457,57.4));
#6773 = CARTESIAN_POINT('',(-50.46580029368,20.261196769457,56.8));
#6774 = ORIENTED_EDGE('',*,*,#6775,.F.);
#6775 = EDGE_CURVE('',#6737,#6769,#6776,.T.);
#6776 = B_SPLINE_CURVE_WITH_KNOTS('',2,(#6777,#6778,#6779),
  .UNSPECIFIED.,.F.,.F.,(3,3),(0.,1.),.PIECEWISE_BEZIER_KNOTS.);
#6777 = CARTESIAN_POINT('',(-50.30702643171,20.219897209985,57.4));
#6778 = CARTESIAN_POINT('',(-50.38026431718,20.261196769457,57.4));
#6779 = CARTESIAN_POINT('',(-50.46580029368,20.261196769457,57.4));
#6780 = B_SPLINE_SURFACE_WITH_KNOTS('',2,1,(
    (#6781,#6782)
    ,(#6783,#6784)
    ,(#6785,#6786
    )),.UNSPECIFIED.,.F.,.F.,.F.,(3,3),(2,2),(0.,1.),(-0.6,0.),
  .PIECEWISE_BEZIER_KNOTS.);
#6781 = CARTESIAN_POINT('',(-50.30702643171,20.219897209985,56.8));
#6782 = CARTESIAN_POINT('',(-50.30702643171,20.219897209985,57.4));
#6783 = CARTESIAN_POINT('',(-50.38026431718,20.261196769457,56.8));
#6784 = CARTESIAN_POINT('',(-50.38026431718,20.261196769457,57.4));
#6785 = CARTESIAN_POINT('',(-50.46580029368,20.261196769457,56.8));
#6786 = CARTESIAN_POINT('',(-50.46580029368,20.261196769457,57.4));
#6787 = ADVANCED_FACE('',(#6788),#6812,.F.);
#6788 = FACE_BOUND('',#6789,.F.);
#6789 = EDGE_LOOP('',(#6790,#6791,#6799,#6806));
#6790 = ORIENTED_EDGE('',*,*,#6768,.T.);
#6791 = ORIENTED_EDGE('',*,*,#6792,.T.);
#6792 = EDGE_CURVE('',#6761,#6793,#6795,.T.);
#6793 = VERTEX_POINT('',#6794);
#6794 = CARTESIAN_POINT('',(-50.67248164464,20.195117474302,56.8));
#6795 = B_SPLINE_CURVE_WITH_KNOTS('',2,(#6796,#6797,#6798),
  .UNSPECIFIED.,.F.,.F.,(3,3),(0.,1.),.PIECEWISE_BEZIER_KNOTS.);
#6796 = CARTESIAN_POINT('',(-50.46580029368,20.261196769457,56.8));
#6797 = CARTESIAN_POINT('',(-50.5816226138,20.261196769457,56.8));
#6798 = CARTESIAN_POINT('',(-50.67248164464,20.195117474302,56.8));
#6799 = ORIENTED_EDGE('',*,*,#6800,.F.);
#6800 = EDGE_CURVE('',#6801,#6793,#6803,.T.);
#6801 = VERTEX_POINT('',#6802);
#6802 = CARTESIAN_POINT('',(-50.67248164464,20.195117474302,57.4));
#6803 = B_SPLINE_CURVE_WITH_KNOTS('',1,(#6804,#6805),.UNSPECIFIED.,.F.,
  .F.,(2,2),(0.,0.6),.PIECEWISE_BEZIER_KNOTS.);
#6804 = CARTESIAN_POINT('',(-50.67248164464,20.195117474302,57.4));
#6805 = CARTESIAN_POINT('',(-50.67248164464,20.195117474302,56.8));
#6806 = ORIENTED_EDGE('',*,*,#6807,.F.);
#6807 = EDGE_CURVE('',#6769,#6801,#6808,.T.);
#6808 = B_SPLINE_CURVE_WITH_KNOTS('',2,(#6809,#6810,#6811),
  .UNSPECIFIED.,.F.,.F.,(3,3),(0.,1.),.PIECEWISE_BEZIER_KNOTS.);
#6809 = CARTESIAN_POINT('',(-50.46580029368,20.261196769457,57.4));
#6810 = CARTESIAN_POINT('',(-50.5816226138,20.261196769457,57.4));
#6811 = CARTESIAN_POINT('',(-50.67248164464,20.195117474302,57.4));
#6812 = B_SPLINE_SURFACE_WITH_KNOTS('',2,1,(
    (#6813,#6814)
    ,(#6815,#6816)
    ,(#6817,#6818
    )),.UNSPECIFIED.,.F.,.F.,.F.,(3,3),(2,2),(0.,1.),(-0.6,0.),
  .PIECEWISE_BEZIER_KNOTS.);
#6813 = CARTESIAN_POINT('',(-50.46580029368,20.261196769457,56.8));
#6814 = CARTESIAN_POINT('',(-50.46580029368,20.261196769457,57.4));
#6815 = CARTESIAN_POINT('',(-50.5816226138,20.261196769457,56.8));
#6816 = CARTESIAN_POINT('',(-50.5816226138,20.261196769457,57.4));
#6817 = CARTESIAN_POINT('',(-50.67248164464,20.195117474302,56.8));
#6818 = CARTESIAN_POINT('',(-50.67248164464,20.195117474302,57.4));
#6819 = ADVANCED_FACE('',(#6820),#6844,.F.);
#6820 = FACE_BOUND('',#6821,.F.);
#6821 = EDGE_LOOP('',(#6822,#6823,#6831,#6838));
#6822 = ORIENTED_EDGE('',*,*,#6800,.T.);
#6823 = ORIENTED_EDGE('',*,*,#6824,.T.);
#6824 = EDGE_CURVE('',#6793,#6825,#6827,.T.);
#6825 = VERTEX_POINT('',#6826);
#6826 = CARTESIAN_POINT('',(-50.84061674008,20.014684287812,56.8));
#6827 = B_SPLINE_CURVE_WITH_KNOTS('',2,(#6828,#6829,#6830),
  .UNSPECIFIED.,.F.,.F.,(3,3),(0.,1.),.PIECEWISE_BEZIER_KNOTS.);
#6828 = CARTESIAN_POINT('',(-50.67248164464,20.195117474302,56.8));
#6829 = CARTESIAN_POINT('',(-50.76352422907,20.129038179148,56.8));
#6830 = CARTESIAN_POINT('',(-50.84061674008,20.014684287812,56.8));
#6831 = ORIENTED_EDGE('',*,*,#6832,.F.);
#6832 = EDGE_CURVE('',#6833,#6825,#6835,.T.);
#6833 = VERTEX_POINT('',#6834);
#6834 = CARTESIAN_POINT('',(-50.84061674008,20.014684287812,57.4));
#6835 = B_SPLINE_CURVE_WITH_KNOTS('',1,(#6836,#6837),.UNSPECIFIED.,.F.,
  .F.,(2,2),(0.,0.6),.PIECEWISE_BEZIER_KNOTS.);
#6836 = CARTESIAN_POINT('',(-50.84061674008,20.014684287812,57.4));
#6837 = CARTESIAN_POINT('',(-50.84061674008,20.014684287812,56.8));
#6838 = ORIENTED_EDGE('',*,*,#6839,.F.);
#6839 = EDGE_CURVE('',#6801,#6833,#6840,.T.);
#6840 = B_SPLINE_CURVE_WITH_KNOTS('',2,(#6841,#6842,#6843),
  .UNSPECIFIED.,.F.,.F.,(3,3),(0.,1.),.PIECEWISE_BEZIER_KNOTS.);
#6841 = CARTESIAN_POINT('',(-50.67248164464,20.195117474302,57.4));
#6842 = CARTESIAN_POINT('',(-50.76352422907,20.129038179148,57.4));
#6843 = CARTESIAN_POINT('',(-50.84061674008,20.014684287812,57.4));
#6844 = B_SPLINE_SURFACE_WITH_KNOTS('',2,1,(
    (#6845,#6846)
    ,(#6847,#6848)
    ,(#6849,#6850
    )),.UNSPECIFIED.,.F.,.F.,.F.,(3,3),(2,2),(0.,1.),(-0.6,0.),
  .PIECEWISE_BEZIER_KNOTS.);
#6845 = CARTESIAN_POINT('',(-50.67248164464,20.195117474302,56.8));
#6846 = CARTESIAN_POINT('',(-50.67248164464,20.195117474302,57.4));
#6847 = CARTESIAN_POINT('',(-50.76352422907,20.129038179148,56.8));
#6848 = CARTESIAN_POINT('',(-50.76352422907,20.129038179148,57.4));
#6849 = CARTESIAN_POINT('',(-50.84061674008,20.014684287812,56.8));
#6850 = CARTESIAN_POINT('',(-50.84061674008,20.014684287812,57.4));
#6851 = ADVANCED_FACE('',(#6852),#6876,.F.);
#6852 = FACE_BOUND('',#6853,.F.);
#6853 = EDGE_LOOP('',(#6854,#6855,#6863,#6870));
#6854 = ORIENTED_EDGE('',*,*,#6832,.T.);
#6855 = ORIENTED_EDGE('',*,*,#6856,.T.);
#6856 = EDGE_CURVE('',#6825,#6857,#6859,.T.);
#6857 = VERTEX_POINT('',#6858);
#6858 = CARTESIAN_POINT('',(-50.98947870778,19.743575624082,56.8));
#6859 = B_SPLINE_CURVE_WITH_KNOTS('',2,(#6860,#6861,#6862),
  .UNSPECIFIED.,.F.,.F.,(3,3),(0.,1.),.PIECEWISE_BEZIER_KNOTS.);
#6860 = CARTESIAN_POINT('',(-50.84061674008,20.014684287812,56.8));
#6861 = CARTESIAN_POINT('',(-50.91789280469,19.900513950073,56.8));
#6862 = CARTESIAN_POINT('',(-50.98947870778,19.743575624082,56.8));
#6863 = ORIENTED_EDGE('',*,*,#6864,.F.);
#6864 = EDGE_CURVE('',#6865,#6857,#6867,.T.);
#6865 = VERTEX_POINT('',#6866);
#6866 = CARTESIAN_POINT('',(-50.98947870778,19.743575624082,57.4));
#6867 = B_SPLINE_CURVE_WITH_KNOTS('',1,(#6868,#6869),.UNSPECIFIED.,.F.,
  .F.,(2,2),(0.,0.6),.PIECEWISE_BEZIER_KNOTS.);
#6868 = CARTESIAN_POINT('',(-50.98947870778,19.743575624082,57.4));
#6869 = CARTESIAN_POINT('',(-50.98947870778,19.743575624082,56.8));
#6870 = ORIENTED_EDGE('',*,*,#6871,.F.);
#6871 = EDGE_CURVE('',#6833,#6865,#6872,.T.);
#6872 = B_SPLINE_CURVE_WITH_KNOTS('',2,(#6873,#6874,#6875),
  .UNSPECIFIED.,.F.,.F.,(3,3),(0.,1.),.PIECEWISE_BEZIER_KNOTS.);
#6873 = CARTESIAN_POINT('',(-50.84061674008,20.014684287812,57.4));
#6874 = CARTESIAN_POINT('',(-50.91789280469,19.900513950073,57.4));
#6875 = CARTESIAN_POINT('',(-50.98947870778,19.743575624082,57.4));
#6876 = B_SPLINE_SURFACE_WITH_KNOTS('',2,1,(
    (#6877,#6878)
    ,(#6879,#6880)
    ,(#6881,#6882
    )),.UNSPECIFIED.,.F.,.F.,.F.,(3,3),(2,2),(0.,1.),(-0.6,0.),
  .PIECEWISE_BEZIER_KNOTS.);
#6877 = CARTESIAN_POINT('',(-50.84061674008,20.014684287812,56.8));
#6878 = CARTESIAN_POINT('',(-50.84061674008,20.014684287812,57.4));
#6879 = CARTESIAN_POINT('',(-50.91789280469,19.900513950073,56.8));
#6880 = CARTESIAN_POINT('',(-50.91789280469,19.900513950073,57.4));
#6881 = CARTESIAN_POINT('',(-50.98947870778,19.743575624082,56.8));
#6882 = CARTESIAN_POINT('',(-50.98947870778,19.743575624082,57.4));
#6883 = ADVANCED_FACE('',(#6884),#6908,.F.);
#6884 = FACE_BOUND('',#6885,.F.);
#6885 = EDGE_LOOP('',(#6886,#6887,#6895,#6902));
#6886 = ORIENTED_EDGE('',*,*,#6864,.T.);
#6887 = ORIENTED_EDGE('',*,*,#6888,.T.);
#6888 = EDGE_CURVE('',#6857,#6889,#6891,.T.);
#6889 = VERTEX_POINT('',#6890);
#6890 = CARTESIAN_POINT('',(-51.13558737151,19.404919236417,56.8));
#6891 = B_SPLINE_CURVE_WITH_KNOTS('',2,(#6892,#6893,#6894),
  .UNSPECIFIED.,.F.,.F.,(3,3),(0.,1.),.PIECEWISE_BEZIER_KNOTS.);
#6892 = CARTESIAN_POINT('',(-50.98947870778,19.743575624082,56.8));
#6893 = CARTESIAN_POINT('',(-51.06124816446,19.586637298091,56.8));
#6894 = CARTESIAN_POINT('',(-51.13558737151,19.404919236417,56.8));
#6895 = ORIENTED_EDGE('',*,*,#6896,.F.);
#6896 = EDGE_CURVE('',#6897,#6889,#6899,.T.);
#6897 = VERTEX_POINT('',#6898);
#6898 = CARTESIAN_POINT('',(-51.13558737151,19.404919236417,57.4));
#6899 = B_SPLINE_CURVE_WITH_KNOTS('',1,(#6900,#6901),.UNSPECIFIED.,.F.,
  .F.,(2,2),(0.,0.6),.PIECEWISE_BEZIER_KNOTS.);
#6900 = CARTESIAN_POINT('',(-51.13558737151,19.404919236417,57.4));
#6901 = CARTESIAN_POINT('',(-51.13558737151,19.404919236417,56.8));
#6902 = ORIENTED_EDGE('',*,*,#6903,.F.);
#6903 = EDGE_CURVE('',#6865,#6897,#6904,.T.);
#6904 = B_SPLINE_CURVE_WITH_KNOTS('',2,(#6905,#6906,#6907),
  .UNSPECIFIED.,.F.,.F.,(3,3),(0.,1.),.PIECEWISE_BEZIER_KNOTS.);
#6905 = CARTESIAN_POINT('',(-50.98947870778,19.743575624082,57.4));
#6906 = CARTESIAN_POINT('',(-51.06124816446,19.586637298091,57.4));
#6907 = CARTESIAN_POINT('',(-51.13558737151,19.404919236417,57.4));
#6908 = B_SPLINE_SURFACE_WITH_KNOTS('',2,1,(
    (#6909,#6910)
    ,(#6911,#6912)
    ,(#6913,#6914
    )),.UNSPECIFIED.,.F.,.F.,.F.,(3,3),(2,2),(0.,1.),(-0.6,0.),
  .PIECEWISE_BEZIER_KNOTS.);
#6909 = CARTESIAN_POINT('',(-50.98947870778,19.743575624082,56.8));
#6910 = CARTESIAN_POINT('',(-50.98947870778,19.743575624082,57.4));
#6911 = CARTESIAN_POINT('',(-51.06124816446,19.586637298091,56.8));
#6912 = CARTESIAN_POINT('',(-51.06124816446,19.586637298091,57.4));
#6913 = CARTESIAN_POINT('',(-51.13558737151,19.404919236417,56.8));
#6914 = CARTESIAN_POINT('',(-51.13558737151,19.404919236417,57.4));
#6915 = ADVANCED_FACE('',(#6916),#6940,.F.);
#6916 = FACE_BOUND('',#6917,.F.);
#6917 = EDGE_LOOP('',(#6918,#6919,#6927,#6934));
#6918 = ORIENTED_EDGE('',*,*,#6896,.T.);
#6919 = ORIENTED_EDGE('',*,*,#6920,.T.);
#6920 = EDGE_CURVE('',#6889,#6921,#6923,.T.);
#6921 = VERTEX_POINT('',#6922);
#6922 = CARTESIAN_POINT('',(-51.60695301027,18.715124816446,56.8));
#6923 = B_SPLINE_CURVE_WITH_KNOTS('',2,(#6924,#6925,#6926),
  .UNSPECIFIED.,.F.,.F.,(3,3),(0.,1.),.PIECEWISE_BEZIER_KNOTS.);
#6924 = CARTESIAN_POINT('',(-51.13558737151,19.404919236417,56.8));
#6925 = CARTESIAN_POINT('',(-51.32868575624,18.942364170338,56.8));
#6926 = CARTESIAN_POINT('',(-51.60695301027,18.715124816446,56.8));
#6927 = ORIENTED_EDGE('',*,*,#6928,.F.);
#6928 = EDGE_CURVE('',#6929,#6921,#6931,.T.);
#6929 = VERTEX_POINT('',#6930);
#6930 = CARTESIAN_POINT('',(-51.60695301027,18.715124816446,57.4));
#6931 = B_SPLINE_CURVE_WITH_KNOTS('',1,(#6932,#6933),.UNSPECIFIED.,.F.,
  .F.,(2,2),(0.,0.6),.PIECEWISE_BEZIER_KNOTS.);
#6932 = CARTESIAN_POINT('',(-51.60695301027,18.715124816446,57.4));
#6933 = CARTESIAN_POINT('',(-51.60695301027,18.715124816446,56.8));
#6934 = ORIENTED_EDGE('',*,*,#6935,.F.);
#6935 = EDGE_CURVE('',#6897,#6929,#6936,.T.);
#6936 = B_SPLINE_CURVE_WITH_KNOTS('',2,(#6937,#6938,#6939),
  .UNSPECIFIED.,.F.,.F.,(3,3),(0.,1.),.PIECEWISE_BEZIER_KNOTS.);
#6937 = CARTESIAN_POINT('',(-51.13558737151,19.404919236417,57.4));
#6938 = CARTESIAN_POINT('',(-51.32868575624,18.942364170338,57.4));
#6939 = CARTESIAN_POINT('',(-51.60695301027,18.715124816446,57.4));
#6940 = B_SPLINE_SURFACE_WITH_KNOTS('',2,1,(
    (#6941,#6942)
    ,(#6943,#6944)
    ,(#6945,#6946
    )),.UNSPECIFIED.,.F.,.F.,.F.,(3,3),(2,2),(0.,1.),(-0.6,0.),
  .PIECEWISE_BEZIER_KNOTS.);
#6941 = CARTESIAN_POINT('',(-51.13558737151,19.404919236417,56.8));
#6942 = CARTESIAN_POINT('',(-51.13558737151,19.404919236417,57.4));
#6943 = CARTESIAN_POINT('',(-51.32868575624,18.942364170338,56.8));
#6944 = CARTESIAN_POINT('',(-51.32868575624,18.942364170338,57.4));
#6945 = CARTESIAN_POINT('',(-51.60695301027,18.715124816446,56.8));
#6946 = CARTESIAN_POINT('',(-51.60695301027,18.715124816446,57.4));
#6947 = ADVANCED_FACE('',(#6948),#6972,.F.);
#6948 = FACE_BOUND('',#6949,.F.);
#6949 = EDGE_LOOP('',(#6950,#6951,#6959,#6966));
#6950 = ORIENTED_EDGE('',*,*,#6928,.T.);
#6951 = ORIENTED_EDGE('',*,*,#6952,.T.);
#6952 = EDGE_CURVE('',#6921,#6953,#6955,.T.);
#6953 = VERTEX_POINT('',#6954);
#6954 = CARTESIAN_POINT('',(-52.27967694566,18.488069016153,56.8));
#6955 = B_SPLINE_CURVE_WITH_KNOTS('',2,(#6956,#6957,#6958),
  .UNSPECIFIED.,.F.,.F.,(3,3),(0.,1.),.PIECEWISE_BEZIER_KNOTS.);
#6956 = CARTESIAN_POINT('',(-51.60695301027,18.715124816446,56.8));
#6957 = CARTESIAN_POINT('',(-51.88540381791,18.488069016153,56.8));
#6958 = CARTESIAN_POINT('',(-52.27967694566,18.488069016153,56.8));
#6959 = ORIENTED_EDGE('',*,*,#6960,.F.);
#6960 = EDGE_CURVE('',#6961,#6953,#6963,.T.);
#6961 = VERTEX_POINT('',#6962);
#6962 = CARTESIAN_POINT('',(-52.27967694566,18.488069016153,57.4));
#6963 = B_SPLINE_CURVE_WITH_KNOTS('',1,(#6964,#6965),.UNSPECIFIED.,.F.,
  .F.,(2,2),(0.,0.6),.PIECEWISE_BEZIER_KNOTS.);
#6964 = CARTESIAN_POINT('',(-52.27967694566,18.488069016153,57.4));
#6965 = CARTESIAN_POINT('',(-52.27967694566,18.488069016153,56.8));
#6966 = ORIENTED_EDGE('',*,*,#6967,.F.);
#6967 = EDGE_CURVE('',#6929,#6961,#6968,.T.);
#6968 = B_SPLINE_CURVE_WITH_KNOTS('',2,(#6969,#6970,#6971),
  .UNSPECIFIED.,.F.,.F.,(3,3),(0.,1.),.PIECEWISE_BEZIER_KNOTS.);
#6969 = CARTESIAN_POINT('',(-51.60695301027,18.715124816446,57.4));
#6970 = CARTESIAN_POINT('',(-51.88540381791,18.488069016153,57.4));
#6971 = CARTESIAN_POINT('',(-52.27967694566,18.488069016153,57.4));
#6972 = B_SPLINE_SURFACE_WITH_KNOTS('',2,1,(
    (#6973,#6974)
    ,(#6975,#6976)
    ,(#6977,#6978
    )),.UNSPECIFIED.,.F.,.F.,.F.,(3,3),(2,2),(0.,1.),(-0.6,0.),
  .PIECEWISE_BEZIER_KNOTS.);
#6973 = CARTESIAN_POINT('',(-51.60695301027,18.715124816446,56.8));
#6974 = CARTESIAN_POINT('',(-51.60695301027,18.715124816446,57.4));
#6975 = CARTESIAN_POINT('',(-51.88540381791,18.488069016153,56.8));
#6976 = CARTESIAN_POINT('',(-51.88540381791,18.488069016153,57.4));
#6977 = CARTESIAN_POINT('',(-52.27967694566,18.488069016153,56.8));
#6978 = CARTESIAN_POINT('',(-52.27967694566,18.488069016153,57.4));
#6979 = ADVANCED_FACE('',(#6980),#7004,.F.);
#6980 = FACE_BOUND('',#6981,.F.);
#6981 = EDGE_LOOP('',(#6982,#6983,#6991,#6998));
#6982 = ORIENTED_EDGE('',*,*,#6960,.T.);
#6983 = ORIENTED_EDGE('',*,*,#6984,.T.);
#6984 = EDGE_CURVE('',#6953,#6985,#6987,.T.);
#6985 = VERTEX_POINT('',#6986);
#6986 = CARTESIAN_POINT('',(-52.81033039647,18.611967694567,56.8));
#6987 = B_SPLINE_CURVE_WITH_KNOTS('',2,(#6988,#6989,#6990),
  .UNSPECIFIED.,.F.,.F.,(3,3),(0.,1.),.PIECEWISE_BEZIER_KNOTS.);
#6988 = CARTESIAN_POINT('',(-52.27967694566,18.488069016153,56.8));
#6989 = CARTESIAN_POINT('',(-52.58841409691,18.488069016153,56.8));
#6990 = CARTESIAN_POINT('',(-52.81033039647,18.611967694567,56.8));
#6991 = ORIENTED_EDGE('',*,*,#6992,.F.);
#6992 = EDGE_CURVE('',#6993,#6985,#6995,.T.);
#6993 = VERTEX_POINT('',#6994);
#6994 = CARTESIAN_POINT('',(-52.81033039647,18.611967694567,57.4));
#6995 = B_SPLINE_CURVE_WITH_KNOTS('',1,(#6996,#6997),.UNSPECIFIED.,.F.,
  .F.,(2,2),(0.,0.6),.PIECEWISE_BEZIER_KNOTS.);
#6996 = CARTESIAN_POINT('',(-52.81033039647,18.611967694567,57.4));
#6997 = CARTESIAN_POINT('',(-52.81033039647,18.611967694567,56.8));
#6998 = ORIENTED_EDGE('',*,*,#6999,.F.);
#6999 = EDGE_CURVE('',#6961,#6993,#7000,.T.);
#7000 = B_SPLINE_CURVE_WITH_KNOTS('',2,(#7001,#7002,#7003),
  .UNSPECIFIED.,.F.,.F.,(3,3),(0.,1.),.PIECEWISE_BEZIER_KNOTS.);
#7001 = CARTESIAN_POINT('',(-52.27967694566,18.488069016153,57.4));
#7002 = CARTESIAN_POINT('',(-52.58841409691,18.488069016153,57.4));
#7003 = CARTESIAN_POINT('',(-52.81033039647,18.611967694567,57.4));
#7004 = B_SPLINE_SURFACE_WITH_KNOTS('',2,1,(
    (#7005,#7006)
    ,(#7007,#7008)
    ,(#7009,#7010
    )),.UNSPECIFIED.,.F.,.F.,.F.,(3,3),(2,2),(0.,1.),(-0.6,0.),
  .PIECEWISE_BEZIER_KNOTS.);
#7005 = CARTESIAN_POINT('',(-52.27967694566,18.488069016153,56.8));
#7006 = CARTESIAN_POINT('',(-52.27967694566,18.488069016153,57.4));
#7007 = CARTESIAN_POINT('',(-52.58841409691,18.488069016153,56.8));
#7008 = CARTESIAN_POINT('',(-52.58841409691,18.488069016153,57.4));
#7009 = CARTESIAN_POINT('',(-52.81033039647,18.611967694567,56.8));
#7010 = CARTESIAN_POINT('',(-52.81033039647,18.611967694567,57.4));
#7011 = ADVANCED_FACE('',(#7012),#7036,.F.);
#7012 = FACE_BOUND('',#7013,.F.);
#7013 = EDGE_LOOP('',(#7014,#7015,#7023,#7030));
#7014 = ORIENTED_EDGE('',*,*,#6992,.T.);
#7015 = ORIENTED_EDGE('',*,*,#7016,.T.);
#7016 = EDGE_CURVE('',#6985,#7017,#7019,.T.);
#7017 = VERTEX_POINT('',#7018);
#7018 = CARTESIAN_POINT('',(-53.1756020558,18.949155653451,56.8));
#7019 = B_SPLINE_CURVE_WITH_KNOTS('',2,(#7020,#7021,#7022),
  .UNSPECIFIED.,.F.,.F.,(3,3),(0.,1.),.PIECEWISE_BEZIER_KNOTS.);
#7020 = CARTESIAN_POINT('',(-52.81033039647,18.611967694567,56.8));
#7021 = CARTESIAN_POINT('',(-53.03224669603,18.735866372981,56.8));
#7022 = CARTESIAN_POINT('',(-53.1756020558,18.949155653451,56.8));
#7023 = ORIENTED_EDGE('',*,*,#7024,.F.);
#7024 = EDGE_CURVE('',#7025,#7017,#7027,.T.);
#7025 = VERTEX_POINT('',#7026);
#7026 = CARTESIAN_POINT('',(-53.1756020558,18.949155653451,57.4));
#7027 = B_SPLINE_CURVE_WITH_KNOTS('',1,(#7028,#7029),.UNSPECIFIED.,.F.,
  .F.,(2,2),(0.,0.6),.PIECEWISE_BEZIER_KNOTS.);
#7028 = CARTESIAN_POINT('',(-53.1756020558,18.949155653451,57.4));
#7029 = CARTESIAN_POINT('',(-53.1756020558,18.949155653451,56.8));
#7030 = ORIENTED_EDGE('',*,*,#7031,.F.);
#7031 = EDGE_CURVE('',#6993,#7025,#7032,.T.);
#7032 = B_SPLINE_CURVE_WITH_KNOTS('',2,(#7033,#7034,#7035),
  .UNSPECIFIED.,.F.,.F.,(3,3),(0.,1.),.PIECEWISE_BEZIER_KNOTS.);
#7033 = CARTESIAN_POINT('',(-52.81033039647,18.611967694567,57.4));
#7034 = CARTESIAN_POINT('',(-53.03224669603,18.735866372981,57.4));
#7035 = CARTESIAN_POINT('',(-53.1756020558,18.949155653451,57.4));
#7036 = B_SPLINE_SURFACE_WITH_KNOTS('',2,1,(
    (#7037,#7038)
    ,(#7039,#7040)
    ,(#7041,#7042
    )),.UNSPECIFIED.,.F.,.F.,.F.,(3,3),(2,2),(0.,1.),(-0.6,0.),
  .PIECEWISE_BEZIER_KNOTS.);
#7037 = CARTESIAN_POINT('',(-52.81033039647,18.611967694567,56.8));
#7038 = CARTESIAN_POINT('',(-52.81033039647,18.611967694567,57.4));
#7039 = CARTESIAN_POINT('',(-53.03224669603,18.735866372981,56.8));
#7040 = CARTESIAN_POINT('',(-53.03224669603,18.735866372981,57.4));
#7041 = CARTESIAN_POINT('',(-53.1756020558,18.949155653451,56.8));
#7042 = CARTESIAN_POINT('',(-53.1756020558,18.949155653451,57.4));
#7043 = ADVANCED_FACE('',(#7044),#7068,.F.);
#7044 = FACE_BOUND('',#7045,.F.);
#7045 = EDGE_LOOP('',(#7046,#7047,#7055,#7062));
#7046 = ORIENTED_EDGE('',*,*,#7024,.T.);
#7047 = ORIENTED_EDGE('',*,*,#7048,.T.);
#7048 = EDGE_CURVE('',#7017,#7049,#7051,.T.);
#7049 = VERTEX_POINT('',#7050);
#7050 = CARTESIAN_POINT('',(-53.3865051395,19.443465491924,56.8));
#7051 = B_SPLINE_CURVE_WITH_KNOTS('',2,(#7052,#7053,#7054),
  .UNSPECIFIED.,.F.,.F.,(3,3),(0.,1.),.PIECEWISE_BEZIER_KNOTS.);
#7052 = CARTESIAN_POINT('',(-53.1756020558,18.949155653451,56.8));
#7053 = CARTESIAN_POINT('',(-53.31895741556,19.162628487518,56.8));
#7054 = CARTESIAN_POINT('',(-53.3865051395,19.443465491924,56.8));
#7055 = ORIENTED_EDGE('',*,*,#7056,.F.);
#7056 = EDGE_CURVE('',#7057,#7049,#7059,.T.);
#7057 = VERTEX_POINT('',#7058);
#7058 = CARTESIAN_POINT('',(-53.3865051395,19.443465491924,57.4));
#7059 = B_SPLINE_CURVE_WITH_KNOTS('',1,(#7060,#7061),.UNSPECIFIED.,.F.,
  .F.,(2,2),(0.,0.6),.PIECEWISE_BEZIER_KNOTS.);
#7060 = CARTESIAN_POINT('',(-53.3865051395,19.443465491924,57.4));
#7061 = CARTESIAN_POINT('',(-53.3865051395,19.443465491924,56.8));
#7062 = ORIENTED_EDGE('',*,*,#7063,.F.);
#7063 = EDGE_CURVE('',#7025,#7057,#7064,.T.);
#7064 = B_SPLINE_CURVE_WITH_KNOTS('',2,(#7065,#7066,#7067),
  .UNSPECIFIED.,.F.,.F.,(3,3),(0.,1.),.PIECEWISE_BEZIER_KNOTS.);
#7065 = CARTESIAN_POINT('',(-53.1756020558,18.949155653451,57.4));
#7066 = CARTESIAN_POINT('',(-53.31895741556,19.162628487518,57.4));
#7067 = CARTESIAN_POINT('',(-53.3865051395,19.443465491924,57.4));
#7068 = B_SPLINE_SURFACE_WITH_KNOTS('',2,1,(
    (#7069,#7070)
    ,(#7071,#7072)
    ,(#7073,#7074
    )),.UNSPECIFIED.,.F.,.F.,.F.,(3,3),(2,2),(0.,1.),(-0.6,0.),
  .PIECEWISE_BEZIER_KNOTS.);
#7069 = CARTESIAN_POINT('',(-53.1756020558,18.949155653451,56.8));
#7070 = CARTESIAN_POINT('',(-53.1756020558,18.949155653451,57.4));
#7071 = CARTESIAN_POINT('',(-53.31895741556,19.162628487518,56.8));
#7072 = CARTESIAN_POINT('',(-53.31895741556,19.162628487518,57.4));
#7073 = CARTESIAN_POINT('',(-53.3865051395,19.443465491924,56.8));
#7074 = CARTESIAN_POINT('',(-53.3865051395,19.443465491924,57.4));
#7075 = ADVANCED_FACE('',(#7076),#7100,.F.);
#7076 = FACE_BOUND('',#7077,.F.);
#7077 = EDGE_LOOP('',(#7078,#7079,#7087,#7094));
#7078 = ORIENTED_EDGE('',*,*,#7056,.T.);
#7079 = ORIENTED_EDGE('',*,*,#7080,.T.);
#7080 = EDGE_CURVE('',#7049,#7081,#7083,.T.);
#7081 = VERTEX_POINT('',#7082);
#7082 = CARTESIAN_POINT('',(-53.45405286343,20.038179148311,56.8));
#7083 = B_SPLINE_CURVE_WITH_KNOTS('',2,(#7084,#7085,#7086),
  .UNSPECIFIED.,.F.,.F.,(3,3),(0.,1.),.PIECEWISE_BEZIER_KNOTS.);
#7084 = CARTESIAN_POINT('',(-53.3865051395,19.443465491924,56.8));
#7085 = CARTESIAN_POINT('',(-53.45405286343,19.724302496329,56.8));
#7086 = CARTESIAN_POINT('',(-53.45405286343,20.038179148311,56.8));
#7087 = ORIENTED_EDGE('',*,*,#7088,.F.);
#7088 = EDGE_CURVE('',#7089,#7081,#7091,.T.);
#7089 = VERTEX_POINT('',#7090);
#7090 = CARTESIAN_POINT('',(-53.45405286343,20.038179148311,57.4));
#7091 = B_SPLINE_CURVE_WITH_KNOTS('',1,(#7092,#7093),.UNSPECIFIED.,.F.,
  .F.,(2,2),(0.,0.6),.PIECEWISE_BEZIER_KNOTS.);
#7092 = CARTESIAN_POINT('',(-53.45405286343,20.038179148311,57.4));
#7093 = CARTESIAN_POINT('',(-53.45405286343,20.038179148311,56.8));
#7094 = ORIENTED_EDGE('',*,*,#7095,.F.);
#7095 = EDGE_CURVE('',#7057,#7089,#7096,.T.);
#7096 = B_SPLINE_CURVE_WITH_KNOTS('',2,(#7097,#7098,#7099),
  .UNSPECIFIED.,.F.,.F.,(3,3),(0.,1.),.PIECEWISE_BEZIER_KNOTS.);
#7097 = CARTESIAN_POINT('',(-53.3865051395,19.443465491924,57.4));
#7098 = CARTESIAN_POINT('',(-53.45405286343,19.724302496329,57.4));
#7099 = CARTESIAN_POINT('',(-53.45405286343,20.038179148311,57.4));
#7100 = B_SPLINE_SURFACE_WITH_KNOTS('',2,1,(
    (#7101,#7102)
    ,(#7103,#7104)
    ,(#7105,#7106
    )),.UNSPECIFIED.,.F.,.F.,.F.,(3,3),(2,2),(0.,1.),(-0.6,0.),
  .PIECEWISE_BEZIER_KNOTS.);
#7101 = CARTESIAN_POINT('',(-53.3865051395,19.443465491924,56.8));
#7102 = CARTESIAN_POINT('',(-53.3865051395,19.443465491924,57.4));
#7103 = CARTESIAN_POINT('',(-53.45405286343,19.724302496329,56.8));
#7104 = CARTESIAN_POINT('',(-53.45405286343,19.724302496329,57.4));
#7105 = CARTESIAN_POINT('',(-53.45405286343,20.038179148311,56.8));
#7106 = CARTESIAN_POINT('',(-53.45405286343,20.038179148311,57.4));
#7107 = ADVANCED_FACE('',(#7108),#7132,.F.);
#7108 = FACE_BOUND('',#7109,.F.);
#7109 = EDGE_LOOP('',(#7110,#7111,#7119,#7126));
#7110 = ORIENTED_EDGE('',*,*,#7088,.T.);
#7111 = ORIENTED_EDGE('',*,*,#7112,.T.);
#7112 = EDGE_CURVE('',#7081,#7113,#7115,.T.);
#7113 = VERTEX_POINT('',#7114);
#7114 = CARTESIAN_POINT('',(-53.41697503671,20.584618208517,56.8));
#7115 = B_SPLINE_CURVE_WITH_KNOTS('',2,(#7116,#7117,#7118),
  .UNSPECIFIED.,.F.,.F.,(3,3),(0.,1.),.PIECEWISE_BEZIER_KNOTS.);
#7116 = CARTESIAN_POINT('',(-53.45405286343,20.038179148311,56.8));
#7117 = CARTESIAN_POINT('',(-53.45405286343,20.346549192364,56.8));
#7118 = CARTESIAN_POINT('',(-53.41697503671,20.584618208517,56.8));
#7119 = ORIENTED_EDGE('',*,*,#7120,.F.);
#7120 = EDGE_CURVE('',#7121,#7113,#7123,.T.);
#7121 = VERTEX_POINT('',#7122);
#7122 = CARTESIAN_POINT('',(-53.41697503671,20.584618208517,57.4));
#7123 = B_SPLINE_CURVE_WITH_KNOTS('',1,(#7124,#7125),.UNSPECIFIED.,.F.,
  .F.,(2,2),(0.,0.6),.PIECEWISE_BEZIER_KNOTS.);
#7124 = CARTESIAN_POINT('',(-53.41697503671,20.584618208517,57.4));
#7125 = CARTESIAN_POINT('',(-53.41697503671,20.584618208517,56.8));
#7126 = ORIENTED_EDGE('',*,*,#7127,.F.);
#7127 = EDGE_CURVE('',#7089,#7121,#7128,.T.);
#7128 = B_SPLINE_CURVE_WITH_KNOTS('',2,(#7129,#7130,#7131),
  .UNSPECIFIED.,.F.,.F.,(3,3),(0.,1.),.PIECEWISE_BEZIER_KNOTS.);
#7129 = CARTESIAN_POINT('',(-53.45405286343,20.038179148311,57.4));
#7130 = CARTESIAN_POINT('',(-53.45405286343,20.346549192364,57.4));
#7131 = CARTESIAN_POINT('',(-53.41697503671,20.584618208517,57.4));
#7132 = B_SPLINE_SURFACE_WITH_KNOTS('',2,1,(
    (#7133,#7134)
    ,(#7135,#7136)
    ,(#7137,#7138
    )),.UNSPECIFIED.,.F.,.F.,.F.,(3,3),(2,2),(0.,1.),(-0.6,0.),
  .PIECEWISE_BEZIER_KNOTS.);
#7133 = CARTESIAN_POINT('',(-53.45405286343,20.038179148311,56.8));
#7134 = CARTESIAN_POINT('',(-53.45405286343,20.038179148311,57.4));
#7135 = CARTESIAN_POINT('',(-53.45405286343,20.346549192364,56.8));
#7136 = CARTESIAN_POINT('',(-53.45405286343,20.346549192364,57.4));
#7137 = CARTESIAN_POINT('',(-53.41697503671,20.584618208517,56.8));
#7138 = CARTESIAN_POINT('',(-53.41697503671,20.584618208517,57.4));
#7139 = ADVANCED_FACE('',(#7140),#7164,.F.);
#7140 = FACE_BOUND('',#7141,.F.);
#7141 = EDGE_LOOP('',(#7142,#7143,#7151,#7158));
#7142 = ORIENTED_EDGE('',*,*,#7120,.T.);
#7143 = ORIENTED_EDGE('',*,*,#7144,.T.);
#7144 = EDGE_CURVE('',#7113,#7145,#7147,.T.);
#7145 = VERTEX_POINT('',#7146);
#7146 = CARTESIAN_POINT('',(-53.30335535976,21.023861967695,56.8));
#7147 = B_SPLINE_CURVE_WITH_KNOTS('',2,(#7148,#7149,#7150),
  .UNSPECIFIED.,.F.,.F.,(3,3),(0.,1.),.PIECEWISE_BEZIER_KNOTS.);
#7148 = CARTESIAN_POINT('',(-53.41697503671,20.584618208517,56.8));
#7149 = CARTESIAN_POINT('',(-53.38008076358,20.822870778267,56.8));
#7150 = CARTESIAN_POINT('',(-53.30335535976,21.023861967695,56.8));
#7151 = ORIENTED_EDGE('',*,*,#7152,.F.);
#7152 = EDGE_CURVE('',#7153,#7145,#7155,.T.);
#7153 = VERTEX_POINT('',#7154);
#7154 = CARTESIAN_POINT('',(-53.30335535976,21.023861967695,57.4));
#7155 = B_SPLINE_CURVE_WITH_KNOTS('',1,(#7156,#7157),.UNSPECIFIED.,.F.,
  .F.,(2,2),(0.,0.6),.PIECEWISE_BEZIER_KNOTS.);
#7156 = CARTESIAN_POINT('',(-53.30335535976,21.023861967695,57.4));
#7157 = CARTESIAN_POINT('',(-53.30335535976,21.023861967695,56.8));
#7158 = ORIENTED_EDGE('',*,*,#7159,.F.);
#7159 = EDGE_CURVE('',#7121,#7153,#7160,.T.);
#7160 = B_SPLINE_CURVE_WITH_KNOTS('',2,(#7161,#7162,#7163),
  .UNSPECIFIED.,.F.,.F.,(3,3),(0.,1.),.PIECEWISE_BEZIER_KNOTS.);
#7161 = CARTESIAN_POINT('',(-53.41697503671,20.584618208517,57.4));
#7162 = CARTESIAN_POINT('',(-53.38008076358,20.822870778267,57.4));
#7163 = CARTESIAN_POINT('',(-53.30335535976,21.023861967695,57.4));
#7164 = B_SPLINE_SURFACE_WITH_KNOTS('',2,1,(
    (#7165,#7166)
    ,(#7167,#7168)
    ,(#7169,#7170
    )),.UNSPECIFIED.,.F.,.F.,.F.,(3,3),(2,2),(0.,1.),(-0.6,0.),
  .PIECEWISE_BEZIER_KNOTS.);
#7165 = CARTESIAN_POINT('',(-53.41697503671,20.584618208517,56.8));
#7166 = CARTESIAN_POINT('',(-53.41697503671,20.584618208517,57.4));
#7167 = CARTESIAN_POINT('',(-53.38008076358,20.822870778267,56.8));
#7168 = CARTESIAN_POINT('',(-53.38008076358,20.822870778267,57.4));
#7169 = CARTESIAN_POINT('',(-53.30335535976,21.023861967695,56.8));
#7170 = CARTESIAN_POINT('',(-53.30335535976,21.023861967695,57.4));
#7171 = ADVANCED_FACE('',(#7172),#7194,.F.);
#7172 = FACE_BOUND('',#7173,.F.);
#7173 = EDGE_LOOP('',(#7174,#7175,#7182,#7189));
#7174 = ORIENTED_EDGE('',*,*,#7152,.T.);
#7175 = ORIENTED_EDGE('',*,*,#7176,.T.);
#7176 = EDGE_CURVE('',#7145,#7177,#7179,.T.);
#7177 = VERTEX_POINT('',#7178);
#7178 = CARTESIAN_POINT('',(-52.48452276064,21.023861967695,56.8));
#7179 = B_SPLINE_CURVE_WITH_KNOTS('',1,(#7180,#7181),.UNSPECIFIED.,.F.,
  .F.,(2,2),(0.,0.818832599119),.PIECEWISE_BEZIER_KNOTS.);
#7180 = CARTESIAN_POINT('',(-53.30335535976,21.023861967695,56.8));
#7181 = CARTESIAN_POINT('',(-52.48452276064,21.023861967695,56.8));
#7182 = ORIENTED_EDGE('',*,*,#7183,.F.);
#7183 = EDGE_CURVE('',#7184,#7177,#7186,.T.);
#7184 = VERTEX_POINT('',#7185);
#7185 = CARTESIAN_POINT('',(-52.48452276064,21.023861967695,57.4));
#7186 = B_SPLINE_CURVE_WITH_KNOTS('',1,(#7187,#7188),.UNSPECIFIED.,.F.,
  .F.,(2,2),(0.,0.6),.PIECEWISE_BEZIER_KNOTS.);
#7187 = CARTESIAN_POINT('',(-52.48452276064,21.023861967695,57.4));
#7188 = CARTESIAN_POINT('',(-52.48452276064,21.023861967695,56.8));
#7189 = ORIENTED_EDGE('',*,*,#7190,.F.);
#7190 = EDGE_CURVE('',#7153,#7184,#7191,.T.);
#7191 = B_SPLINE_CURVE_WITH_KNOTS('',1,(#7192,#7193),.UNSPECIFIED.,.F.,
  .F.,(2,2),(0.,0.818832599119),.PIECEWISE_BEZIER_KNOTS.);
#7192 = CARTESIAN_POINT('',(-53.30335535976,21.023861967695,57.4));
#7193 = CARTESIAN_POINT('',(-52.48452276064,21.023861967695,57.4));
#7194 = B_SPLINE_SURFACE_WITH_KNOTS('',1,1,(
    (#7195,#7196)
    ,(#7197,#7198
    )),.UNSPECIFIED.,.F.,.F.,.F.,(2,2),(2,2),(0.,0.818832599119),(-0.6,
    0.),.PIECEWISE_BEZIER_KNOTS.);
#7195 = CARTESIAN_POINT('',(-53.30335535976,21.023861967695,56.8));
#7196 = CARTESIAN_POINT('',(-53.30335535976,21.023861967695,57.4));
#7197 = CARTESIAN_POINT('',(-52.48452276064,21.023861967695,56.8));
#7198 = CARTESIAN_POINT('',(-52.48452276064,21.023861967695,57.4));
#7199 = ADVANCED_FACE('',(#7200),#7224,.F.);
#7200 = FACE_BOUND('',#7201,.F.);
#7201 = EDGE_LOOP('',(#7202,#7203,#7211,#7218));
#7202 = ORIENTED_EDGE('',*,*,#7183,.T.);
#7203 = ORIENTED_EDGE('',*,*,#7204,.T.);
#7204 = EDGE_CURVE('',#7177,#7205,#7207,.T.);
#7205 = VERTEX_POINT('',#7206);
#7206 = CARTESIAN_POINT('',(-52.60328193832,20.807635829662,56.8));
#7207 = B_SPLINE_CURVE_WITH_KNOTS('',2,(#7208,#7209,#7210),
  .UNSPECIFIED.,.F.,.F.,(3,3),(0.,1.),.PIECEWISE_BEZIER_KNOTS.);
#7208 = CARTESIAN_POINT('',(-52.48452276064,21.023861967695,56.8));
#7209 = CARTESIAN_POINT('',(-52.55207048458,20.924743024963,56.8));
#7210 = CARTESIAN_POINT('',(-52.60328193832,20.807635829662,56.8));
#7211 = ORIENTED_EDGE('',*,*,#7212,.F.);
#7212 = EDGE_CURVE('',#7213,#7205,#7215,.T.);
#7213 = VERTEX_POINT('',#7214);
#7214 = CARTESIAN_POINT('',(-52.60328193832,20.807635829662,57.4));
#7215 = B_SPLINE_CURVE_WITH_KNOTS('',1,(#7216,#7217),.UNSPECIFIED.,.F.,
  .F.,(2,2),(0.,0.6),.PIECEWISE_BEZIER_KNOTS.);
#7216 = CARTESIAN_POINT('',(-52.60328193832,20.807635829662,57.4));
#7217 = CARTESIAN_POINT('',(-52.60328193832,20.807635829662,56.8));
#7218 = ORIENTED_EDGE('',*,*,#7219,.F.);
#7219 = EDGE_CURVE('',#7184,#7213,#7220,.T.);
#7220 = B_SPLINE_CURVE_WITH_KNOTS('',2,(#7221,#7222,#7223),
  .UNSPECIFIED.,.F.,.F.,(3,3),(0.,1.),.PIECEWISE_BEZIER_KNOTS.);
#7221 = CARTESIAN_POINT('',(-52.48452276064,21.023861967695,57.4));
#7222 = CARTESIAN_POINT('',(-52.55207048458,20.924743024963,57.4));
#7223 = CARTESIAN_POINT('',(-52.60328193832,20.807635829662,57.4));
#7224 = B_SPLINE_SURFACE_WITH_KNOTS('',2,1,(
    (#7225,#7226)
    ,(#7227,#7228)
    ,(#7229,#7230
    )),.UNSPECIFIED.,.F.,.F.,.F.,(3,3),(2,2),(0.,1.),(-0.6,0.),
  .PIECEWISE_BEZIER_KNOTS.);
#7225 = CARTESIAN_POINT('',(-52.48452276064,21.023861967695,56.8));
#7226 = CARTESIAN_POINT('',(-52.48452276064,21.023861967695,57.4));
#7227 = CARTESIAN_POINT('',(-52.55207048458,20.924743024963,56.8));
#7228 = CARTESIAN_POINT('',(-52.55207048458,20.924743024963,57.4));
#7229 = CARTESIAN_POINT('',(-52.60328193832,20.807635829662,56.8));
#7230 = CARTESIAN_POINT('',(-52.60328193832,20.807635829662,57.4));
#7231 = ADVANCED_FACE('',(#7232),#7256,.F.);
#7232 = FACE_BOUND('',#7233,.F.);
#7233 = EDGE_LOOP('',(#7234,#7235,#7243,#7250));
#7234 = ORIENTED_EDGE('',*,*,#7212,.T.);
#7235 = ORIENTED_EDGE('',*,*,#7236,.T.);
#7236 = EDGE_CURVE('',#7205,#7237,#7239,.T.);
#7237 = VERTEX_POINT('',#7238);
#7238 = CARTESIAN_POINT('',(-52.68845080763,20.566813509545,56.8));
#7239 = B_SPLINE_CURVE_WITH_KNOTS('',2,(#7240,#7241,#7242),
  .UNSPECIFIED.,.F.,.F.,(3,3),(0.,1.),.PIECEWISE_BEZIER_KNOTS.);
#7240 = CARTESIAN_POINT('',(-52.60328193832,20.807635829662,56.8));
#7241 = CARTESIAN_POINT('',(-52.65467694566,20.690712187959,56.8));
#7242 = CARTESIAN_POINT('',(-52.68845080763,20.566813509545,56.8));
#7243 = ORIENTED_EDGE('',*,*,#7244,.F.);
#7244 = EDGE_CURVE('',#7245,#7237,#7247,.T.);
#7245 = VERTEX_POINT('',#7246);
#7246 = CARTESIAN_POINT('',(-52.68845080763,20.566813509545,57.4));
#7247 = B_SPLINE_CURVE_WITH_KNOTS('',1,(#7248,#7249),.UNSPECIFIED.,.F.,
  .F.,(2,2),(0.,0.6),.PIECEWISE_BEZIER_KNOTS.);
#7248 = CARTESIAN_POINT('',(-52.68845080763,20.566813509545,57.4));
#7249 = CARTESIAN_POINT('',(-52.68845080763,20.566813509545,56.8));
#7250 = ORIENTED_EDGE('',*,*,#7251,.F.);
#7251 = EDGE_CURVE('',#7213,#7245,#7252,.T.);
#7252 = B_SPLINE_CURVE_WITH_KNOTS('',2,(#7253,#7254,#7255),
  .UNSPECIFIED.,.F.,.F.,(3,3),(0.,1.),.PIECEWISE_BEZIER_KNOTS.);
#7253 = CARTESIAN_POINT('',(-52.60328193832,20.807635829662,57.4));
#7254 = CARTESIAN_POINT('',(-52.65467694566,20.690712187959,57.4));
#7255 = CARTESIAN_POINT('',(-52.68845080763,20.566813509545,57.4));
#7256 = B_SPLINE_SURFACE_WITH_KNOTS('',2,1,(
    (#7257,#7258)
    ,(#7259,#7260)
    ,(#7261,#7262
    )),.UNSPECIFIED.,.F.,.F.,.F.,(3,3),(2,2),(0.,1.),(-0.6,0.),
  .PIECEWISE_BEZIER_KNOTS.);
#7257 = CARTESIAN_POINT('',(-52.60328193832,20.807635829662,56.8));
#7258 = CARTESIAN_POINT('',(-52.60328193832,20.807635829662,57.4));
#7259 = CARTESIAN_POINT('',(-52.65467694566,20.690712187959,56.8));
#7260 = CARTESIAN_POINT('',(-52.65467694566,20.690712187959,57.4));
#7261 = CARTESIAN_POINT('',(-52.68845080763,20.566813509545,56.8));
#7262 = CARTESIAN_POINT('',(-52.68845080763,20.566813509545,57.4));
#7263 = ADVANCED_FACE('',(#7264),#7288,.F.);
#7264 = FACE_BOUND('',#7265,.F.);
#7265 = EDGE_LOOP('',(#7266,#7267,#7275,#7282));
#7266 = ORIENTED_EDGE('',*,*,#7244,.T.);
#7267 = ORIENTED_EDGE('',*,*,#7268,.T.);
#7268 = EDGE_CURVE('',#7237,#7269,#7271,.T.);
#7269 = VERTEX_POINT('',#7270);
#7270 = CARTESIAN_POINT('',(-52.73837738619,20.3203010279,56.8));
#7271 = B_SPLINE_CURVE_WITH_KNOTS('',2,(#7272,#7273,#7274),
  .UNSPECIFIED.,.F.,.F.,(3,3),(0.,1.),.PIECEWISE_BEZIER_KNOTS.);
#7272 = CARTESIAN_POINT('',(-52.68845080763,20.566813509545,56.8));
#7273 = CARTESIAN_POINT('',(-52.7222246696,20.442914831131,56.8));
#7274 = CARTESIAN_POINT('',(-52.73837738619,20.3203010279,56.8));
#7275 = ORIENTED_EDGE('',*,*,#7276,.F.);
#7276 = EDGE_CURVE('',#7277,#7269,#7279,.T.);
#7277 = VERTEX_POINT('',#7278);
#7278 = CARTESIAN_POINT('',(-52.73837738619,20.3203010279,57.4));
#7279 = B_SPLINE_CURVE_WITH_KNOTS('',1,(#7280,#7281),.UNSPECIFIED.,.F.,
  .F.,(2,2),(0.,0.6),.PIECEWISE_BEZIER_KNOTS.);
#7280 = CARTESIAN_POINT('',(-52.73837738619,20.3203010279,57.4));
#7281 = CARTESIAN_POINT('',(-52.73837738619,20.3203010279,56.8));
#7282 = ORIENTED_EDGE('',*,*,#7283,.F.);
#7283 = EDGE_CURVE('',#7245,#7277,#7284,.T.);
#7284 = B_SPLINE_CURVE_WITH_KNOTS('',2,(#7285,#7286,#7287),
  .UNSPECIFIED.,.F.,.F.,(3,3),(0.,1.),.PIECEWISE_BEZIER_KNOTS.);
#7285 = CARTESIAN_POINT('',(-52.68845080763,20.566813509545,57.4));
#7286 = CARTESIAN_POINT('',(-52.7222246696,20.442914831131,57.4));
#7287 = CARTESIAN_POINT('',(-52.73837738619,20.3203010279,57.4));
#7288 = B_SPLINE_SURFACE_WITH_KNOTS('',2,1,(
    (#7289,#7290)
    ,(#7291,#7292)
    ,(#7293,#7294
    )),.UNSPECIFIED.,.F.,.F.,.F.,(3,3),(2,2),(0.,1.),(-0.6,0.),
  .PIECEWISE_BEZIER_KNOTS.);
#7289 = CARTESIAN_POINT('',(-52.68845080763,20.566813509545,56.8));
#7290 = CARTESIAN_POINT('',(-52.68845080763,20.566813509545,57.4));
#7291 = CARTESIAN_POINT('',(-52.7222246696,20.442914831131,56.8));
#7292 = CARTESIAN_POINT('',(-52.7222246696,20.442914831131,57.4));
#7293 = CARTESIAN_POINT('',(-52.73837738619,20.3203010279,56.8));
#7294 = CARTESIAN_POINT('',(-52.73837738619,20.3203010279,57.4));
#7295 = ADVANCED_FACE('',(#7296),#7320,.F.);
#7296 = FACE_BOUND('',#7297,.F.);
#7297 = EDGE_LOOP('',(#7298,#7299,#7307,#7314));
#7298 = ORIENTED_EDGE('',*,*,#7276,.T.);
#7299 = ORIENTED_EDGE('',*,*,#7300,.T.);
#7300 = EDGE_CURVE('',#7269,#7301,#7303,.T.);
#7301 = VERTEX_POINT('',#7302);
#7302 = CARTESIAN_POINT('',(-52.75471365638,20.087738619677,56.8));
#7303 = B_SPLINE_CURVE_WITH_KNOTS('',2,(#7304,#7305,#7306),
  .UNSPECIFIED.,.F.,.F.,(3,3),(0.,1.),.PIECEWISE_BEZIER_KNOTS.);
#7304 = CARTESIAN_POINT('',(-52.73837738619,20.3203010279,56.8));
#7305 = CARTESIAN_POINT('',(-52.75471365638,20.197870778267,56.8));
#7306 = CARTESIAN_POINT('',(-52.75471365638,20.087738619677,56.8));
#7307 = ORIENTED_EDGE('',*,*,#7308,.F.);
#7308 = EDGE_CURVE('',#7309,#7301,#7311,.T.);
#7309 = VERTEX_POINT('',#7310);
#7310 = CARTESIAN_POINT('',(-52.75471365638,20.087738619677,57.4));
#7311 = B_SPLINE_CURVE_WITH_KNOTS('',1,(#7312,#7313),.UNSPECIFIED.,.F.,
  .F.,(2,2),(0.,0.6),.PIECEWISE_BEZIER_KNOTS.);
#7312 = CARTESIAN_POINT('',(-52.75471365638,20.087738619677,57.4));
#7313 = CARTESIAN_POINT('',(-52.75471365638,20.087738619677,56.8));
#7314 = ORIENTED_EDGE('',*,*,#7315,.F.);
#7315 = EDGE_CURVE('',#7277,#7309,#7316,.T.);
#7316 = B_SPLINE_CURVE_WITH_KNOTS('',2,(#7317,#7318,#7319),
  .UNSPECIFIED.,.F.,.F.,(3,3),(0.,1.),.PIECEWISE_BEZIER_KNOTS.);
#7317 = CARTESIAN_POINT('',(-52.73837738619,20.3203010279,57.4));
#7318 = CARTESIAN_POINT('',(-52.75471365638,20.197870778267,57.4));
#7319 = CARTESIAN_POINT('',(-52.75471365638,20.087738619677,57.4));
#7320 = B_SPLINE_SURFACE_WITH_KNOTS('',2,1,(
    (#7321,#7322)
    ,(#7323,#7324)
    ,(#7325,#7326
    )),.UNSPECIFIED.,.F.,.F.,.F.,(3,3),(2,2),(0.,1.),(-0.6,0.),
  .PIECEWISE_BEZIER_KNOTS.);
#7321 = CARTESIAN_POINT('',(-52.73837738619,20.3203010279,56.8));
#7322 = CARTESIAN_POINT('',(-52.73837738619,20.3203010279,57.4));
#7323 = CARTESIAN_POINT('',(-52.75471365638,20.197870778267,56.8));
#7324 = CARTESIAN_POINT('',(-52.75471365638,20.197870778267,57.4));
#7325 = CARTESIAN_POINT('',(-52.75471365638,20.087738619677,56.8));
#7326 = CARTESIAN_POINT('',(-52.75471365638,20.087738619677,57.4));
#7327 = ADVANCED_FACE('',(#7328),#7352,.F.);
#7328 = FACE_BOUND('',#7329,.F.);
#7329 = EDGE_LOOP('',(#7330,#7331,#7339,#7346));
#7330 = ORIENTED_EDGE('',*,*,#7308,.T.);
#7331 = ORIENTED_EDGE('',*,*,#7332,.T.);
#7332 = EDGE_CURVE('',#7301,#7333,#7335,.T.);
#7333 = VERTEX_POINT('',#7334);
#7334 = CARTESIAN_POINT('',(-52.72571218795,19.812408223201,56.8));
#7335 = B_SPLINE_CURVE_WITH_KNOTS('',2,(#7336,#7337,#7338),
  .UNSPECIFIED.,.F.,.F.,(3,3),(0.,1.),.PIECEWISE_BEZIER_KNOTS.);
#7336 = CARTESIAN_POINT('',(-52.75471365638,20.087738619677,56.8));
#7337 = CARTESIAN_POINT('',(-52.75471365638,19.936306901615,56.8));
#7338 = CARTESIAN_POINT('',(-52.72571218795,19.812408223201,56.8));
#7339 = ORIENTED_EDGE('',*,*,#7340,.F.);
#7340 = EDGE_CURVE('',#7341,#7333,#7343,.T.);
#7341 = VERTEX_POINT('',#7342);
#7342 = CARTESIAN_POINT('',(-52.72571218795,19.812408223201,57.4));
#7343 = B_SPLINE_CURVE_WITH_KNOTS('',1,(#7344,#7345),.UNSPECIFIED.,.F.,
  .F.,(2,2),(0.,0.6),.PIECEWISE_BEZIER_KNOTS.);
#7344 = CARTESIAN_POINT('',(-52.72571218795,19.812408223201,57.4));
#7345 = CARTESIAN_POINT('',(-52.72571218795,19.812408223201,56.8));
#7346 = ORIENTED_EDGE('',*,*,#7347,.F.);
#7347 = EDGE_CURVE('',#7309,#7341,#7348,.T.);
#7348 = B_SPLINE_CURVE_WITH_KNOTS('',2,(#7349,#7350,#7351),
  .UNSPECIFIED.,.F.,.F.,(3,3),(0.,1.),.PIECEWISE_BEZIER_KNOTS.);
#7349 = CARTESIAN_POINT('',(-52.75471365638,20.087738619677,57.4));
#7350 = CARTESIAN_POINT('',(-52.75471365638,19.936306901615,57.4));
#7351 = CARTESIAN_POINT('',(-52.72571218795,19.812408223201,57.4));
#7352 = B_SPLINE_SURFACE_WITH_KNOTS('',2,1,(
    (#7353,#7354)
    ,(#7355,#7356)
    ,(#7357,#7358
    )),.UNSPECIFIED.,.F.,.F.,.F.,(3,3),(2,2),(0.,1.),(-0.6,0.),
  .PIECEWISE_BEZIER_KNOTS.);
#7353 = CARTESIAN_POINT('',(-52.75471365638,20.087738619677,56.8));
#7354 = CARTESIAN_POINT('',(-52.75471365638,20.087738619677,57.4));
#7355 = CARTESIAN_POINT('',(-52.75471365638,19.936306901615,56.8));
#7356 = CARTESIAN_POINT('',(-52.75471365638,19.936306901615,57.4));
#7357 = CARTESIAN_POINT('',(-52.72571218795,19.812408223201,56.8));
#7358 = CARTESIAN_POINT('',(-52.72571218795,19.812408223201,57.4));
#7359 = ADVANCED_FACE('',(#7360),#7384,.F.);
#7360 = FACE_BOUND('',#7361,.F.);
#7361 = EDGE_LOOP('',(#7362,#7363,#7371,#7378));
#7362 = ORIENTED_EDGE('',*,*,#7340,.T.);
#7363 = ORIENTED_EDGE('',*,*,#7364,.T.);
#7364 = EDGE_CURVE('',#7333,#7365,#7367,.T.);
#7365 = VERTEX_POINT('',#7366);
#7366 = CARTESIAN_POINT('',(-52.6442143906,19.60315712188,56.8));
#7367 = B_SPLINE_CURVE_WITH_KNOTS('',2,(#7368,#7369,#7370),
  .UNSPECIFIED.,.F.,.F.,(3,3),(0.,1.),.PIECEWISE_BEZIER_KNOTS.);
#7368 = CARTESIAN_POINT('',(-52.72571218795,19.812408223201,56.8));
#7369 = CARTESIAN_POINT('',(-52.69671071953,19.688509544787,56.8));
#7370 = CARTESIAN_POINT('',(-52.6442143906,19.60315712188,56.8));
#7371 = ORIENTED_EDGE('',*,*,#7372,.F.);
#7372 = EDGE_CURVE('',#7373,#7365,#7375,.T.);
#7373 = VERTEX_POINT('',#7374);
#7374 = CARTESIAN_POINT('',(-52.6442143906,19.60315712188,57.4));
#7375 = B_SPLINE_CURVE_WITH_KNOTS('',1,(#7376,#7377),.UNSPECIFIED.,.F.,
  .F.,(2,2),(0.,0.6),.PIECEWISE_BEZIER_KNOTS.);
#7376 = CARTESIAN_POINT('',(-52.6442143906,19.60315712188,57.4));
#7377 = CARTESIAN_POINT('',(-52.6442143906,19.60315712188,56.8));
#7378 = ORIENTED_EDGE('',*,*,#7379,.F.);
#7379 = EDGE_CURVE('',#7341,#7373,#7380,.T.);
#7380 = B_SPLINE_CURVE_WITH_KNOTS('',2,(#7381,#7382,#7383),
  .UNSPECIFIED.,.F.,.F.,(3,3),(0.,1.),.PIECEWISE_BEZIER_KNOTS.);
#7381 = CARTESIAN_POINT('',(-52.72571218795,19.812408223201,57.4));
#7382 = CARTESIAN_POINT('',(-52.69671071953,19.688509544787,57.4));
#7383 = CARTESIAN_POINT('',(-52.6442143906,19.60315712188,57.4));
#7384 = B_SPLINE_SURFACE_WITH_KNOTS('',2,1,(
    (#7385,#7386)
    ,(#7387,#7388)
    ,(#7389,#7390
    )),.UNSPECIFIED.,.F.,.F.,.F.,(3,3),(2,2),(0.,1.),(-0.6,0.),
  .PIECEWISE_BEZIER_KNOTS.);
#7385 = CARTESIAN_POINT('',(-52.72571218795,19.812408223201,56.8));
#7386 = CARTESIAN_POINT('',(-52.72571218795,19.812408223201,57.4));
#7387 = CARTESIAN_POINT('',(-52.69671071953,19.688509544787,56.8));
#7388 = CARTESIAN_POINT('',(-52.69671071953,19.688509544787,57.4));
#7389 = CARTESIAN_POINT('',(-52.6442143906,19.60315712188,56.8));
#7390 = CARTESIAN_POINT('',(-52.6442143906,19.60315712188,57.4));
#7391 = ADVANCED_FACE('',(#7392),#7416,.F.);
#7392 = FACE_BOUND('',#7393,.F.);
#7393 = EDGE_LOOP('',(#7394,#7395,#7403,#7410));
#7394 = ORIENTED_EDGE('',*,*,#7372,.T.);
#7395 = ORIENTED_EDGE('',*,*,#7396,.T.);
#7396 = EDGE_CURVE('',#7365,#7397,#7399,.T.);
#7397 = VERTEX_POINT('',#7398);
#7398 = CARTESIAN_POINT('',(-52.51848017621,19.470998531571,56.8));
#7399 = B_SPLINE_CURVE_WITH_KNOTS('',2,(#7400,#7401,#7402),
  .UNSPECIFIED.,.F.,.F.,(3,3),(0.,1.),.PIECEWISE_BEZIER_KNOTS.);
#7400 = CARTESIAN_POINT('',(-52.6442143906,19.60315712188,56.8));
#7401 = CARTESIAN_POINT('',(-52.59171806167,19.517804698972,56.8));
#7402 = CARTESIAN_POINT('',(-52.51848017621,19.470998531571,56.8));
#7403 = ORIENTED_EDGE('',*,*,#7404,.F.);
#7404 = EDGE_CURVE('',#7405,#7397,#7407,.T.);
#7405 = VERTEX_POINT('',#7406);
#7406 = CARTESIAN_POINT('',(-52.51848017621,19.470998531571,57.4));
#7407 = B_SPLINE_CURVE_WITH_KNOTS('',1,(#7408,#7409),.UNSPECIFIED.,.F.,
  .F.,(2,2),(0.,0.6),.PIECEWISE_BEZIER_KNOTS.);
#7408 = CARTESIAN_POINT('',(-52.51848017621,19.470998531571,57.4));
#7409 = CARTESIAN_POINT('',(-52.51848017621,19.470998531571,56.8));
#7410 = ORIENTED_EDGE('',*,*,#7411,.F.);
#7411 = EDGE_CURVE('',#7373,#7405,#7412,.T.);
#7412 = B_SPLINE_CURVE_WITH_KNOTS('',2,(#7413,#7414,#7415),
  .UNSPECIFIED.,.F.,.F.,(3,3),(0.,1.),.PIECEWISE_BEZIER_KNOTS.);
#7413 = CARTESIAN_POINT('',(-52.6442143906,19.60315712188,57.4));
#7414 = CARTESIAN_POINT('',(-52.59171806167,19.517804698972,57.4));
#7415 = CARTESIAN_POINT('',(-52.51848017621,19.470998531571,57.4));
#7416 = B_SPLINE_SURFACE_WITH_KNOTS('',2,1,(
    (#7417,#7418)
    ,(#7419,#7420)
    ,(#7421,#7422
    )),.UNSPECIFIED.,.F.,.F.,.F.,(3,3),(2,2),(0.,1.),(-0.6,0.),
  .PIECEWISE_BEZIER_KNOTS.);
#7417 = CARTESIAN_POINT('',(-52.6442143906,19.60315712188,56.8));
#7418 = CARTESIAN_POINT('',(-52.6442143906,19.60315712188,57.4));
#7419 = CARTESIAN_POINT('',(-52.59171806167,19.517804698972,56.8));
#7420 = CARTESIAN_POINT('',(-52.59171806167,19.517804698972,57.4));
#7421 = CARTESIAN_POINT('',(-52.51848017621,19.470998531571,56.8));
#7422 = CARTESIAN_POINT('',(-52.51848017621,19.470998531571,57.4));
#7423 = ADVANCED_FACE('',(#7424),#7448,.F.);
#7424 = FACE_BOUND('',#7425,.F.);
#7425 = EDGE_LOOP('',(#7426,#7427,#7435,#7442));
#7426 = ORIENTED_EDGE('',*,*,#7404,.T.);
#7427 = ORIENTED_EDGE('',*,*,#7428,.T.);
#7428 = EDGE_CURVE('',#7397,#7429,#7431,.T.);
#7429 = VERTEX_POINT('',#7430);
#7430 = CARTESIAN_POINT('',(-52.35419970631,19.42419236417,56.8));
#7431 = B_SPLINE_CURVE_WITH_KNOTS('',2,(#7432,#7433,#7434),
  .UNSPECIFIED.,.F.,.F.,(3,3),(0.,1.),.PIECEWISE_BEZIER_KNOTS.);
#7432 = CARTESIAN_POINT('',(-52.51848017621,19.470998531571,56.8));
#7433 = CARTESIAN_POINT('',(-52.44542584434,19.42419236417,56.8));
#7434 = CARTESIAN_POINT('',(-52.35419970631,19.42419236417,56.8));
#7435 = ORIENTED_EDGE('',*,*,#7436,.F.);
#7436 = EDGE_CURVE('',#7437,#7429,#7439,.T.);
#7437 = VERTEX_POINT('',#7438);
#7438 = CARTESIAN_POINT('',(-52.35419970631,19.42419236417,57.4));
#7439 = B_SPLINE_CURVE_WITH_KNOTS('',1,(#7440,#7441),.UNSPECIFIED.,.F.,
  .F.,(2,2),(0.,0.6),.PIECEWISE_BEZIER_KNOTS.);
#7440 = CARTESIAN_POINT('',(-52.35419970631,19.42419236417,57.4));
#7441 = CARTESIAN_POINT('',(-52.35419970631,19.42419236417,56.8));
#7442 = ORIENTED_EDGE('',*,*,#7443,.F.);
#7443 = EDGE_CURVE('',#7405,#7437,#7444,.T.);
#7444 = B_SPLINE_CURVE_WITH_KNOTS('',2,(#7445,#7446,#7447),
  .UNSPECIFIED.,.F.,.F.,(3,3),(0.,1.),.PIECEWISE_BEZIER_KNOTS.);
#7445 = CARTESIAN_POINT('',(-52.51848017621,19.470998531571,57.4));
#7446 = CARTESIAN_POINT('',(-52.44542584434,19.42419236417,57.4));
#7447 = CARTESIAN_POINT('',(-52.35419970631,19.42419236417,57.4));
#7448 = B_SPLINE_SURFACE_WITH_KNOTS('',2,1,(
    (#7449,#7450)
    ,(#7451,#7452)
    ,(#7453,#7454
    )),.UNSPECIFIED.,.F.,.F.,.F.,(3,3),(2,2),(0.,1.),(-0.6,0.),
  .PIECEWISE_BEZIER_KNOTS.);
#7449 = CARTESIAN_POINT('',(-52.51848017621,19.470998531571,56.8));
#7450 = CARTESIAN_POINT('',(-52.51848017621,19.470998531571,57.4));
#7451 = CARTESIAN_POINT('',(-52.44542584434,19.42419236417,56.8));
#7452 = CARTESIAN_POINT('',(-52.44542584434,19.42419236417,57.4));
#7453 = CARTESIAN_POINT('',(-52.35419970631,19.42419236417,56.8));
#7454 = CARTESIAN_POINT('',(-52.35419970631,19.42419236417,57.4));
#7455 = ADVANCED_FACE('',(#7456),#7480,.F.);
#7456 = FACE_BOUND('',#7457,.F.);
#7457 = EDGE_LOOP('',(#7458,#7459,#7467,#7474));
#7458 = ORIENTED_EDGE('',*,*,#7436,.T.);
#7459 = ORIENTED_EDGE('',*,*,#7460,.T.);
#7460 = EDGE_CURVE('',#7429,#7461,#7463,.T.);
#7461 = VERTEX_POINT('',#7462);
#7462 = CARTESIAN_POINT('',(-52.17633627019,19.476505139501,56.8));
#7463 = B_SPLINE_CURVE_WITH_KNOTS('',2,(#7464,#7465,#7466),
  .UNSPECIFIED.,.F.,.F.,(3,3),(0.,1.),.PIECEWISE_BEZIER_KNOTS.);
#7464 = CARTESIAN_POINT('',(-52.35419970631,19.42419236417,56.8));
#7465 = CARTESIAN_POINT('',(-52.25489720998,19.42419236417,56.8));
#7466 = CARTESIAN_POINT('',(-52.17633627019,19.476505139501,56.8));
#7467 = ORIENTED_EDGE('',*,*,#7468,.F.);
#7468 = EDGE_CURVE('',#7469,#7461,#7471,.T.);
#7469 = VERTEX_POINT('',#7470);
#7470 = CARTESIAN_POINT('',(-52.17633627019,19.476505139501,57.4));
#7471 = B_SPLINE_CURVE_WITH_KNOTS('',1,(#7472,#7473),.UNSPECIFIED.,.F.,
  .F.,(2,2),(0.,0.6),.PIECEWISE_BEZIER_KNOTS.);
#7472 = CARTESIAN_POINT('',(-52.17633627019,19.476505139501,57.4));
#7473 = CARTESIAN_POINT('',(-52.17633627019,19.476505139501,56.8));
#7474 = ORIENTED_EDGE('',*,*,#7475,.F.);
#7475 = EDGE_CURVE('',#7437,#7469,#7476,.T.);
#7476 = B_SPLINE_CURVE_WITH_KNOTS('',2,(#7477,#7478,#7479),
  .UNSPECIFIED.,.F.,.F.,(3,3),(0.,1.),.PIECEWISE_BEZIER_KNOTS.);
#7477 = CARTESIAN_POINT('',(-52.35419970631,19.42419236417,57.4));
#7478 = CARTESIAN_POINT('',(-52.25489720998,19.42419236417,57.4));
#7479 = CARTESIAN_POINT('',(-52.17633627019,19.476505139501,57.4));
#7480 = B_SPLINE_SURFACE_WITH_KNOTS('',2,1,(
    (#7481,#7482)
    ,(#7483,#7484)
    ,(#7485,#7486
    )),.UNSPECIFIED.,.F.,.F.,.F.,(3,3),(2,2),(0.,1.),(-0.6,0.),
  .PIECEWISE_BEZIER_KNOTS.);
#7481 = CARTESIAN_POINT('',(-52.35419970631,19.42419236417,56.8));
#7482 = CARTESIAN_POINT('',(-52.35419970631,19.42419236417,57.4));
#7483 = CARTESIAN_POINT('',(-52.25489720998,19.42419236417,56.8));
#7484 = CARTESIAN_POINT('',(-52.25489720998,19.42419236417,57.4));
#7485 = CARTESIAN_POINT('',(-52.17633627019,19.476505139501,56.8));
#7486 = CARTESIAN_POINT('',(-52.17633627019,19.476505139501,57.4));
#7487 = ADVANCED_FACE('',(#7488),#7512,.F.);
#7488 = FACE_BOUND('',#7489,.F.);
#7489 = EDGE_LOOP('',(#7490,#7491,#7499,#7506));
#7490 = ORIENTED_EDGE('',*,*,#7468,.T.);
#7491 = ORIENTED_EDGE('',*,*,#7492,.T.);
#7492 = EDGE_CURVE('',#7461,#7493,#7495,.T.);
#7493 = VERTEX_POINT('',#7494);
#7494 = CARTESIAN_POINT('',(-52.02747430249,19.625183553598,56.8));
#7495 = B_SPLINE_CURVE_WITH_KNOTS('',2,(#7496,#7497,#7498),
  .UNSPECIFIED.,.F.,.F.,(3,3),(0.,1.),.PIECEWISE_BEZIER_KNOTS.);
#7496 = CARTESIAN_POINT('',(-52.17633627019,19.476505139501,56.8));
#7497 = CARTESIAN_POINT('',(-52.09777533039,19.528817914831,56.8));
#7498 = CARTESIAN_POINT('',(-52.02747430249,19.625183553598,56.8));
#7499 = ORIENTED_EDGE('',*,*,#7500,.F.);
#7500 = EDGE_CURVE('',#7501,#7493,#7503,.T.);
#7501 = VERTEX_POINT('',#7502);
#7502 = CARTESIAN_POINT('',(-52.02747430249,19.625183553598,57.4));
#7503 = B_SPLINE_CURVE_WITH_KNOTS('',1,(#7504,#7505),.UNSPECIFIED.,.F.,
  .F.,(2,2),(0.,0.6),.PIECEWISE_BEZIER_KNOTS.);
#7504 = CARTESIAN_POINT('',(-52.02747430249,19.625183553598,57.4));
#7505 = CARTESIAN_POINT('',(-52.02747430249,19.625183553598,56.8));
#7506 = ORIENTED_EDGE('',*,*,#7507,.F.);
#7507 = EDGE_CURVE('',#7469,#7501,#7508,.T.);
#7508 = B_SPLINE_CURVE_WITH_KNOTS('',2,(#7509,#7510,#7511),
  .UNSPECIFIED.,.F.,.F.,(3,3),(0.,1.),.PIECEWISE_BEZIER_KNOTS.);
#7509 = CARTESIAN_POINT('',(-52.17633627019,19.476505139501,57.4));
#7510 = CARTESIAN_POINT('',(-52.09777533039,19.528817914831,57.4));
#7511 = CARTESIAN_POINT('',(-52.02747430249,19.625183553598,57.4));
#7512 = B_SPLINE_SURFACE_WITH_KNOTS('',2,1,(
    (#7513,#7514)
    ,(#7515,#7516)
    ,(#7517,#7518
    )),.UNSPECIFIED.,.F.,.F.,.F.,(3,3),(2,2),(0.,1.),(-0.6,0.),
  .PIECEWISE_BEZIER_KNOTS.);
#7513 = CARTESIAN_POINT('',(-52.17633627019,19.476505139501,56.8));
#7514 = CARTESIAN_POINT('',(-52.17633627019,19.476505139501,57.4));
#7515 = CARTESIAN_POINT('',(-52.09777533039,19.528817914831,56.8));
#7516 = CARTESIAN_POINT('',(-52.09777533039,19.528817914831,57.4));
#7517 = CARTESIAN_POINT('',(-52.02747430249,19.625183553598,56.8));
#7518 = CARTESIAN_POINT('',(-52.02747430249,19.625183553598,57.4));
#7519 = ADVANCED_FACE('',(#7520),#7544,.F.);
#7520 = FACE_BOUND('',#7521,.F.);
#7521 = EDGE_LOOP('',(#7522,#7523,#7531,#7538));
#7522 = ORIENTED_EDGE('',*,*,#7500,.T.);
#7523 = ORIENTED_EDGE('',*,*,#7524,.T.);
#7524 = EDGE_CURVE('',#7493,#7525,#7527,.T.);
#7525 = VERTEX_POINT('',#7526);
#7526 = CARTESIAN_POINT('',(-51.88962555066,19.859214390602,56.8));
#7527 = B_SPLINE_CURVE_WITH_KNOTS('',2,(#7528,#7529,#7530),
  .UNSPECIFIED.,.F.,.F.,(3,3),(0.,1.),.PIECEWISE_BEZIER_KNOTS.);
#7528 = CARTESIAN_POINT('',(-52.02747430249,19.625183553598,56.8));
#7529 = CARTESIAN_POINT('',(-51.95717327459,19.721549192364,56.8));
#7530 = CARTESIAN_POINT('',(-51.88962555066,19.859214390602,56.8));
#7531 = ORIENTED_EDGE('',*,*,#7532,.F.);
#7532 = EDGE_CURVE('',#7533,#7525,#7535,.T.);
#7533 = VERTEX_POINT('',#7534);
#7534 = CARTESIAN_POINT('',(-51.88962555066,19.859214390602,57.4));
#7535 = B_SPLINE_CURVE_WITH_KNOTS('',1,(#7536,#7537),.UNSPECIFIED.,.F.,
  .F.,(2,2),(0.,0.6),.PIECEWISE_BEZIER_KNOTS.);
#7536 = CARTESIAN_POINT('',(-51.88962555066,19.859214390602,57.4));
#7537 = CARTESIAN_POINT('',(-51.88962555066,19.859214390602,56.8));
#7538 = ORIENTED_EDGE('',*,*,#7539,.F.);
#7539 = EDGE_CURVE('',#7501,#7533,#7540,.T.);
#7540 = B_SPLINE_CURVE_WITH_KNOTS('',2,(#7541,#7542,#7543),
  .UNSPECIFIED.,.F.,.F.,(3,3),(0.,1.),.PIECEWISE_BEZIER_KNOTS.);
#7541 = CARTESIAN_POINT('',(-52.02747430249,19.625183553598,57.4));
#7542 = CARTESIAN_POINT('',(-51.95717327459,19.721549192364,57.4));
#7543 = CARTESIAN_POINT('',(-51.88962555066,19.859214390602,57.4));
#7544 = B_SPLINE_SURFACE_WITH_KNOTS('',2,1,(
    (#7545,#7546)
    ,(#7547,#7548)
    ,(#7549,#7550
    )),.UNSPECIFIED.,.F.,.F.,.F.,(3,3),(2,2),(0.,1.),(-0.6,0.),
  .PIECEWISE_BEZIER_KNOTS.);
#7545 = CARTESIAN_POINT('',(-52.02747430249,19.625183553598,56.8));
#7546 = CARTESIAN_POINT('',(-52.02747430249,19.625183553598,57.4));
#7547 = CARTESIAN_POINT('',(-51.95717327459,19.721549192364,56.8));
#7548 = CARTESIAN_POINT('',(-51.95717327459,19.721549192364,57.4));
#7549 = CARTESIAN_POINT('',(-51.88962555066,19.859214390602,56.8));
#7550 = CARTESIAN_POINT('',(-51.88962555066,19.859214390602,57.4));
#7551 = ADVANCED_FACE('',(#7552),#7576,.F.);
#7552 = FACE_BOUND('',#7553,.F.);
#7553 = EDGE_LOOP('',(#7554,#7555,#7563,#7570));
#7554 = ORIENTED_EDGE('',*,*,#7532,.T.);
#7555 = ORIENTED_EDGE('',*,*,#7556,.T.);
#7556 = EDGE_CURVE('',#7525,#7557,#7559,.T.);
#7557 = VERTEX_POINT('',#7558);
#7558 = CARTESIAN_POINT('',(-51.75049192364,20.17033773862,56.8));
#7559 = B_SPLINE_CURVE_WITH_KNOTS('',2,(#7560,#7561,#7562),
  .UNSPECIFIED.,.F.,.F.,(3,3),(0.,1.),.PIECEWISE_BEZIER_KNOTS.);
#7560 = CARTESIAN_POINT('',(-51.88962555066,19.859214390602,56.8));
#7561 = CARTESIAN_POINT('',(-51.82207782672,19.99687958884,56.8));
#7562 = CARTESIAN_POINT('',(-51.75049192364,20.17033773862,56.8));
#7563 = ORIENTED_EDGE('',*,*,#7564,.F.);
#7564 = EDGE_CURVE('',#7565,#7557,#7567,.T.);
#7565 = VERTEX_POINT('',#7566);
#7566 = CARTESIAN_POINT('',(-51.75049192364,20.17033773862,57.4));
#7567 = B_SPLINE_CURVE_WITH_KNOTS('',1,(#7568,#7569),.UNSPECIFIED.,.F.,
  .F.,(2,2),(0.,0.6),.PIECEWISE_BEZIER_KNOTS.);
#7568 = CARTESIAN_POINT('',(-51.75049192364,20.17033773862,57.4));
#7569 = CARTESIAN_POINT('',(-51.75049192364,20.17033773862,56.8));
#7570 = ORIENTED_EDGE('',*,*,#7571,.F.);
#7571 = EDGE_CURVE('',#7533,#7565,#7572,.T.);
#7572 = B_SPLINE_CURVE_WITH_KNOTS('',2,(#7573,#7574,#7575),
  .UNSPECIFIED.,.F.,.F.,(3,3),(0.,1.),.PIECEWISE_BEZIER_KNOTS.);
#7573 = CARTESIAN_POINT('',(-51.88962555066,19.859214390602,57.4));
#7574 = CARTESIAN_POINT('',(-51.82207782672,19.99687958884,57.4));
#7575 = CARTESIAN_POINT('',(-51.75049192364,20.17033773862,57.4));
#7576 = B_SPLINE_SURFACE_WITH_KNOTS('',2,1,(
    (#7577,#7578)
    ,(#7579,#7580)
    ,(#7581,#7582
    )),.UNSPECIFIED.,.F.,.F.,.F.,(3,3),(2,2),(0.,1.),(-0.6,0.),
  .PIECEWISE_BEZIER_KNOTS.);
#7577 = CARTESIAN_POINT('',(-51.88962555066,19.859214390602,56.8));
#7578 = CARTESIAN_POINT('',(-51.88962555066,19.859214390602,57.4));
#7579 = CARTESIAN_POINT('',(-51.82207782672,19.99687958884,56.8));
#7580 = CARTESIAN_POINT('',(-51.82207782672,19.99687958884,57.4));
#7581 = CARTESIAN_POINT('',(-51.75049192364,20.17033773862,56.8));
#7582 = CARTESIAN_POINT('',(-51.75049192364,20.17033773862,57.4));
#7583 = ADVANCED_FACE('',(#7584),#7608,.F.);
#7584 = FACE_BOUND('',#7585,.F.);
#7585 = EDGE_LOOP('',(#7586,#7587,#7595,#7602));
#7586 = ORIENTED_EDGE('',*,*,#7564,.T.);
#7587 = ORIENTED_EDGE('',*,*,#7588,.T.);
#7588 = EDGE_CURVE('',#7557,#7589,#7591,.T.);
#7589 = VERTEX_POINT('',#7590);
#7590 = CARTESIAN_POINT('',(-51.53958883994,20.595631424376,56.8));
#7591 = B_SPLINE_CURVE_WITH_KNOTS('',2,(#7592,#7593,#7594),
  .UNSPECIFIED.,.F.,.F.,(3,3),(0.,1.),.PIECEWISE_BEZIER_KNOTS.);
#7592 = CARTESIAN_POINT('',(-51.75049192364,20.17033773862,56.8));
#7593 = CARTESIAN_POINT('',(-51.65118942731,20.407121879589,56.8));
#7594 = CARTESIAN_POINT('',(-51.53958883994,20.595631424376,56.8));
#7595 = ORIENTED_EDGE('',*,*,#7596,.F.);
#7596 = EDGE_CURVE('',#7597,#7589,#7599,.T.);
#7597 = VERTEX_POINT('',#7598);
#7598 = CARTESIAN_POINT('',(-51.53958883994,20.595631424376,57.4));
#7599 = B_SPLINE_CURVE_WITH_KNOTS('',1,(#7600,#7601),.UNSPECIFIED.,.F.,
  .F.,(2,2),(0.,0.6),.PIECEWISE_BEZIER_KNOTS.);
#7600 = CARTESIAN_POINT('',(-51.53958883994,20.595631424376,57.4));
#7601 = CARTESIAN_POINT('',(-51.53958883994,20.595631424376,56.8));
#7602 = ORIENTED_EDGE('',*,*,#7603,.F.);
#7603 = EDGE_CURVE('',#7565,#7597,#7604,.T.);
#7604 = B_SPLINE_CURVE_WITH_KNOTS('',2,(#7605,#7606,#7607),
  .UNSPECIFIED.,.F.,.F.,(3,3),(0.,1.),.PIECEWISE_BEZIER_KNOTS.);
#7605 = CARTESIAN_POINT('',(-51.75049192364,20.17033773862,57.4));
#7606 = CARTESIAN_POINT('',(-51.65118942731,20.407121879589,57.4));
#7607 = CARTESIAN_POINT('',(-51.53958883994,20.595631424376,57.4));
#7608 = B_SPLINE_SURFACE_WITH_KNOTS('',2,1,(
    (#7609,#7610)
    ,(#7611,#7612)
    ,(#7613,#7614
    )),.UNSPECIFIED.,.F.,.F.,.F.,(3,3),(2,2),(0.,1.),(-0.6,0.),
  .PIECEWISE_BEZIER_KNOTS.);
#7609 = CARTESIAN_POINT('',(-51.75049192364,20.17033773862,56.8));
#7610 = CARTESIAN_POINT('',(-51.75049192364,20.17033773862,57.4));
#7611 = CARTESIAN_POINT('',(-51.65118942731,20.407121879589,56.8));
#7612 = CARTESIAN_POINT('',(-51.65118942731,20.407121879589,57.4));
#7613 = CARTESIAN_POINT('',(-51.53958883994,20.595631424376,56.8));
#7614 = CARTESIAN_POINT('',(-51.53958883994,20.595631424376,57.4));
#7615 = ADVANCED_FACE('',(#7616),#7640,.F.);
#7616 = FACE_BOUND('',#7617,.F.);
#7617 = EDGE_LOOP('',(#7618,#7619,#7627,#7634));
#7618 = ORIENTED_EDGE('',*,*,#7596,.T.);
#7619 = ORIENTED_EDGE('',*,*,#7620,.T.);
#7620 = EDGE_CURVE('',#7589,#7621,#7623,.T.);
#7621 = VERTEX_POINT('',#7622);
#7622 = CARTESIAN_POINT('',(-51.28738619676,20.919236417034,56.8));
#7623 = B_SPLINE_CURVE_WITH_KNOTS('',2,(#7624,#7625,#7626),
  .UNSPECIFIED.,.F.,.F.,(3,3),(0.,1.),.PIECEWISE_BEZIER_KNOTS.);
#7624 = CARTESIAN_POINT('',(-51.53958883994,20.595631424376,56.8));
#7625 = CARTESIAN_POINT('',(-51.42798825257,20.784324522761,56.8));
#7626 = CARTESIAN_POINT('',(-51.28738619676,20.919236417034,56.8));
#7627 = ORIENTED_EDGE('',*,*,#7628,.F.);
#7628 = EDGE_CURVE('',#7629,#7621,#7631,.T.);
#7629 = VERTEX_POINT('',#7630);
#7630 = CARTESIAN_POINT('',(-51.28738619676,20.919236417034,57.4));
#7631 = B_SPLINE_CURVE_WITH_KNOTS('',1,(#7632,#7633),.UNSPECIFIED.,.F.,
  .F.,(2,2),(0.,0.6),.PIECEWISE_BEZIER_KNOTS.);
#7632 = CARTESIAN_POINT('',(-51.28738619676,20.919236417034,57.4));
#7633 = CARTESIAN_POINT('',(-51.28738619676,20.919236417034,56.8));
#7634 = ORIENTED_EDGE('',*,*,#7635,.F.);
#7635 = EDGE_CURVE('',#7597,#7629,#7636,.T.);
#7636 = B_SPLINE_CURVE_WITH_KNOTS('',2,(#7637,#7638,#7639),
  .UNSPECIFIED.,.F.,.F.,(3,3),(0.,1.),.PIECEWISE_BEZIER_KNOTS.);
#7637 = CARTESIAN_POINT('',(-51.53958883994,20.595631424376,57.4));
#7638 = CARTESIAN_POINT('',(-51.42798825257,20.784324522761,57.4));
#7639 = CARTESIAN_POINT('',(-51.28738619676,20.919236417034,57.4));
#7640 = B_SPLINE_SURFACE_WITH_KNOTS('',2,1,(
    (#7641,#7642)
    ,(#7643,#7644)
    ,(#7645,#7646
    )),.UNSPECIFIED.,.F.,.F.,.F.,(3,3),(2,2),(0.,1.),(-0.6,0.),
  .PIECEWISE_BEZIER_KNOTS.);
#7641 = CARTESIAN_POINT('',(-51.53958883994,20.595631424376,56.8));
#7642 = CARTESIAN_POINT('',(-51.53958883994,20.595631424376,57.4));
#7643 = CARTESIAN_POINT('',(-51.42798825257,20.784324522761,56.8));
#7644 = CARTESIAN_POINT('',(-51.42798825257,20.784324522761,57.4));
#7645 = CARTESIAN_POINT('',(-51.28738619676,20.919236417034,56.8));
#7646 = CARTESIAN_POINT('',(-51.28738619676,20.919236417034,57.4));
#7647 = ADVANCED_FACE('',(#7648),#7672,.F.);
#7648 = FACE_BOUND('',#7649,.F.);
#7649 = EDGE_LOOP('',(#7650,#7651,#7659,#7666));
#7650 = ORIENTED_EDGE('',*,*,#7628,.T.);
#7651 = ORIENTED_EDGE('',*,*,#7652,.T.);
#7652 = EDGE_CURVE('',#7621,#7653,#7655,.T.);
#7653 = VERTEX_POINT('',#7654);
#7654 = CARTESIAN_POINT('',(-50.96616740088,21.125734214391,56.8));
#7655 = B_SPLINE_CURVE_WITH_KNOTS('',2,(#7656,#7657,#7658),
  .UNSPECIFIED.,.F.,.F.,(3,3),(0.,1.),.PIECEWISE_BEZIER_KNOTS.);
#7656 = CARTESIAN_POINT('',(-51.28738619676,20.919236417034,56.8));
#7657 = CARTESIAN_POINT('',(-51.14678414096,21.054148311307,56.8));
#7658 = CARTESIAN_POINT('',(-50.96616740088,21.125734214391,56.8));
#7659 = ORIENTED_EDGE('',*,*,#7660,.F.);
#7660 = EDGE_CURVE('',#7661,#7653,#7663,.T.);
#7661 = VERTEX_POINT('',#7662);
#7662 = CARTESIAN_POINT('',(-50.96616740088,21.125734214391,57.4));
#7663 = B_SPLINE_CURVE_WITH_KNOTS('',1,(#7664,#7665),.UNSPECIFIED.,.F.,
  .F.,(2,2),(0.,0.6),.PIECEWISE_BEZIER_KNOTS.);
#7664 = CARTESIAN_POINT('',(-50.96616740088,21.125734214391,57.4));
#7665 = CARTESIAN_POINT('',(-50.96616740088,21.125734214391,56.8));
#7666 = ORIENTED_EDGE('',*,*,#7667,.F.);
#7667 = EDGE_CURVE('',#7629,#7661,#7668,.T.);
#7668 = B_SPLINE_CURVE_WITH_KNOTS('',2,(#7669,#7670,#7671),
  .UNSPECIFIED.,.F.,.F.,(3,3),(0.,1.),.PIECEWISE_BEZIER_KNOTS.);
#7669 = CARTESIAN_POINT('',(-51.28738619676,20.919236417034,57.4));
#7670 = CARTESIAN_POINT('',(-51.14678414096,21.054148311307,57.4));
#7671 = CARTESIAN_POINT('',(-50.96616740088,21.125734214391,57.4));
#7672 = B_SPLINE_SURFACE_WITH_KNOTS('',2,1,(
    (#7673,#7674)
    ,(#7675,#7676)
    ,(#7677,#7678
    )),.UNSPECIFIED.,.F.,.F.,.F.,(3,3),(2,2),(0.,1.),(-0.6,0.),
  .PIECEWISE_BEZIER_KNOTS.);
#7673 = CARTESIAN_POINT('',(-51.28738619676,20.919236417034,56.8));
#7674 = CARTESIAN_POINT('',(-51.28738619676,20.919236417034,57.4));
#7675 = CARTESIAN_POINT('',(-51.14678414096,21.054148311307,56.8));
#7676 = CARTESIAN_POINT('',(-51.14678414096,21.054148311307,57.4));
#7677 = CARTESIAN_POINT('',(-50.96616740088,21.125734214391,56.8));
#7678 = CARTESIAN_POINT('',(-50.96616740088,21.125734214391,57.4));
#7679 = ADVANCED_FACE('',(#7680),#7704,.F.);
#7680 = FACE_BOUND('',#7681,.F.);
#7681 = EDGE_LOOP('',(#7682,#7683,#7691,#7698));
#7682 = ORIENTED_EDGE('',*,*,#7660,.T.);
#7683 = ORIENTED_EDGE('',*,*,#7684,.T.);
#7684 = EDGE_CURVE('',#7653,#7685,#7687,.T.);
#7685 = VERTEX_POINT('',#7686);
#7686 = CARTESIAN_POINT('',(-50.54582966226,21.197320117474,56.8));
#7687 = B_SPLINE_CURVE_WITH_KNOTS('',2,(#7688,#7689,#7690),
  .UNSPECIFIED.,.F.,.F.,(3,3),(0.,1.),.PIECEWISE_BEZIER_KNOTS.);
#7688 = CARTESIAN_POINT('',(-50.96616740088,21.125734214391,56.8));
#7689 = CARTESIAN_POINT('',(-50.78573421439,21.197320117474,56.8));
#7690 = CARTESIAN_POINT('',(-50.54582966226,21.197320117474,56.8));
#7691 = ORIENTED_EDGE('',*,*,#7692,.F.);
#7692 = EDGE_CURVE('',#7693,#7685,#7695,.T.);
#7693 = VERTEX_POINT('',#7694);
#7694 = CARTESIAN_POINT('',(-50.54582966226,21.197320117474,57.4));
#7695 = B_SPLINE_CURVE_WITH_KNOTS('',1,(#7696,#7697),.UNSPECIFIED.,.F.,
  .F.,(2,2),(0.,0.6),.PIECEWISE_BEZIER_KNOTS.);
#7696 = CARTESIAN_POINT('',(-50.54582966226,21.197320117474,57.4));
#7697 = CARTESIAN_POINT('',(-50.54582966226,21.197320117474,56.8));
#7698 = ORIENTED_EDGE('',*,*,#7699,.F.);
#7699 = EDGE_CURVE('',#7661,#7693,#7700,.T.);
#7700 = B_SPLINE_CURVE_WITH_KNOTS('',2,(#7701,#7702,#7703),
  .UNSPECIFIED.,.F.,.F.,(3,3),(0.,1.),.PIECEWISE_BEZIER_KNOTS.);
#7701 = CARTESIAN_POINT('',(-50.96616740088,21.125734214391,57.4));
#7702 = CARTESIAN_POINT('',(-50.78573421439,21.197320117474,57.4));
#7703 = CARTESIAN_POINT('',(-50.54582966226,21.197320117474,57.4));
#7704 = B_SPLINE_SURFACE_WITH_KNOTS('',2,1,(
    (#7705,#7706)
    ,(#7707,#7708)
    ,(#7709,#7710
    )),.UNSPECIFIED.,.F.,.F.,.F.,(3,3),(2,2),(0.,1.),(-0.6,0.),
  .PIECEWISE_BEZIER_KNOTS.);
#7705 = CARTESIAN_POINT('',(-50.96616740088,21.125734214391,56.8));
#7706 = CARTESIAN_POINT('',(-50.96616740088,21.125734214391,57.4));
#7707 = CARTESIAN_POINT('',(-50.78573421439,21.197320117474,56.8));
#7708 = CARTESIAN_POINT('',(-50.78573421439,21.197320117474,57.4));
#7709 = CARTESIAN_POINT('',(-50.54582966226,21.197320117474,56.8));
#7710 = CARTESIAN_POINT('',(-50.54582966226,21.197320117474,57.4));
#7711 = ADVANCED_FACE('',(#7712),#7736,.F.);
#7712 = FACE_BOUND('',#7713,.F.);
#7713 = EDGE_LOOP('',(#7714,#7715,#7723,#7730));
#7714 = ORIENTED_EDGE('',*,*,#7692,.T.);
#7715 = ORIENTED_EDGE('',*,*,#7716,.T.);
#7716 = EDGE_CURVE('',#7685,#7717,#7719,.T.);
#7717 = VERTEX_POINT('',#7718);
#7718 = CARTESIAN_POINT('',(-49.99039647577,21.071953010279,56.8));
#7719 = B_SPLINE_CURVE_WITH_KNOTS('',2,(#7720,#7721,#7722),
  .UNSPECIFIED.,.F.,.F.,(3,3),(0.,1.),.PIECEWISE_BEZIER_KNOTS.);
#7720 = CARTESIAN_POINT('',(-50.54582966226,21.197320117474,56.8));
#7721 = CARTESIAN_POINT('',(-50.21506607929,21.197320117474,56.8));
#7722 = CARTESIAN_POINT('',(-49.99039647577,21.071953010279,56.8));
#7723 = ORIENTED_EDGE('',*,*,#7724,.F.);
#7724 = EDGE_CURVE('',#7725,#7717,#7727,.T.);
#7725 = VERTEX_POINT('',#7726);
#7726 = CARTESIAN_POINT('',(-49.99039647577,21.071953010279,57.4));
#7727 = B_SPLINE_CURVE_WITH_KNOTS('',1,(#7728,#7729),.UNSPECIFIED.,.F.,
  .F.,(2,2),(0.,0.6),.PIECEWISE_BEZIER_KNOTS.);
#7728 = CARTESIAN_POINT('',(-49.99039647577,21.071953010279,57.4));
#7729 = CARTESIAN_POINT('',(-49.99039647577,21.071953010279,56.8));
#7730 = ORIENTED_EDGE('',*,*,#7731,.F.);
#7731 = EDGE_CURVE('',#7693,#7725,#7732,.T.);
#7732 = B_SPLINE_CURVE_WITH_KNOTS('',2,(#7733,#7734,#7735),
  .UNSPECIFIED.,.F.,.F.,(3,3),(0.,1.),.PIECEWISE_BEZIER_KNOTS.);
#7733 = CARTESIAN_POINT('',(-50.54582966226,21.197320117474,57.4));
#7734 = CARTESIAN_POINT('',(-50.21506607929,21.197320117474,57.4));
#7735 = CARTESIAN_POINT('',(-49.99039647577,21.071953010279,57.4));
#7736 = B_SPLINE_SURFACE_WITH_KNOTS('',2,1,(
    (#7737,#7738)
    ,(#7739,#7740)
    ,(#7741,#7742
    )),.UNSPECIFIED.,.F.,.F.,.F.,(3,3),(2,2),(0.,1.),(-0.6,0.),
  .PIECEWISE_BEZIER_KNOTS.);
#7737 = CARTESIAN_POINT('',(-50.54582966226,21.197320117474,56.8));
#7738 = CARTESIAN_POINT('',(-50.54582966226,21.197320117474,57.4));
#7739 = CARTESIAN_POINT('',(-50.21506607929,21.197320117474,56.8));
#7740 = CARTESIAN_POINT('',(-50.21506607929,21.197320117474,57.4));
#7741 = CARTESIAN_POINT('',(-49.99039647577,21.071953010279,56.8));
#7742 = CARTESIAN_POINT('',(-49.99039647577,21.071953010279,57.4));
#7743 = ADVANCED_FACE('',(#7744),#7768,.F.);
#7744 = FACE_BOUND('',#7745,.F.);
#7745 = EDGE_LOOP('',(#7746,#7747,#7755,#7762));
#7746 = ORIENTED_EDGE('',*,*,#7724,.T.);
#7747 = ORIENTED_EDGE('',*,*,#7748,.T.);
#7748 = EDGE_CURVE('',#7717,#7749,#7751,.T.);
#7749 = VERTEX_POINT('',#7750);
#7750 = CARTESIAN_POINT('',(-49.62640969163,20.73201174743,56.8));
#7751 = B_SPLINE_CURVE_WITH_KNOTS('',2,(#7752,#7753,#7754),
  .UNSPECIFIED.,.F.,.F.,(3,3),(0.,1.),.PIECEWISE_BEZIER_KNOTS.);
#7752 = CARTESIAN_POINT('',(-49.99039647577,21.071953010279,56.8));
#7753 = CARTESIAN_POINT('',(-49.76572687224,20.946769456681,56.8));
#7754 = CARTESIAN_POINT('',(-49.62640969163,20.73201174743,56.8));
#7755 = ORIENTED_EDGE('',*,*,#7756,.F.);
#7756 = EDGE_CURVE('',#7757,#7749,#7759,.T.);
#7757 = VERTEX_POINT('',#7758);
#7758 = CARTESIAN_POINT('',(-49.62640969163,20.73201174743,57.4));
#7759 = B_SPLINE_CURVE_WITH_KNOTS('',1,(#7760,#7761),.UNSPECIFIED.,.F.,
  .F.,(2,2),(0.,0.6),.PIECEWISE_BEZIER_KNOTS.);
#7760 = CARTESIAN_POINT('',(-49.62640969163,20.73201174743,57.4));
#7761 = CARTESIAN_POINT('',(-49.62640969163,20.73201174743,56.8));
#7762 = ORIENTED_EDGE('',*,*,#7763,.F.);
#7763 = EDGE_CURVE('',#7725,#7757,#7764,.T.);
#7764 = B_SPLINE_CURVE_WITH_KNOTS('',2,(#7765,#7766,#7767),
  .UNSPECIFIED.,.F.,.F.,(3,3),(0.,1.),.PIECEWISE_BEZIER_KNOTS.);
#7765 = CARTESIAN_POINT('',(-49.99039647577,21.071953010279,57.4));
#7766 = CARTESIAN_POINT('',(-49.76572687224,20.946769456681,57.4));
#7767 = CARTESIAN_POINT('',(-49.62640969163,20.73201174743,57.4));
#7768 = B_SPLINE_SURFACE_WITH_KNOTS('',2,1,(
    (#7769,#7770)
    ,(#7771,#7772)
    ,(#7773,#7774
    )),.UNSPECIFIED.,.F.,.F.,.F.,(3,3),(2,2),(0.,1.),(-0.6,0.),
  .PIECEWISE_BEZIER_KNOTS.);
#7769 = CARTESIAN_POINT('',(-49.99039647577,21.071953010279,56.8));
#7770 = CARTESIAN_POINT('',(-49.99039647577,21.071953010279,57.4));
#7771 = CARTESIAN_POINT('',(-49.76572687224,20.946769456681,56.8));
#7772 = CARTESIAN_POINT('',(-49.76572687224,20.946769456681,57.4));
#7773 = CARTESIAN_POINT('',(-49.62640969163,20.73201174743,56.8));
#7774 = CARTESIAN_POINT('',(-49.62640969163,20.73201174743,57.4));
#7775 = ADVANCED_FACE('',(#7776),#7800,.F.);
#7776 = FACE_BOUND('',#7777,.F.);
#7777 = EDGE_LOOP('',(#7778,#7779,#7787,#7794));
#7778 = ORIENTED_EDGE('',*,*,#7756,.T.);
#7779 = ORIENTED_EDGE('',*,*,#7780,.T.);
#7780 = EDGE_CURVE('',#7749,#7781,#7783,.T.);
#7781 = VERTEX_POINT('',#7782);
#7782 = CARTESIAN_POINT('',(-49.42670337738,20.232195301028,56.8));
#7783 = B_SPLINE_CURVE_WITH_KNOTS('',2,(#7784,#7785,#7786),
  .UNSPECIFIED.,.F.,.F.,(3,3),(0.,1.),.PIECEWISE_BEZIER_KNOTS.);
#7784 = CARTESIAN_POINT('',(-49.62640969163,20.73201174743,56.8));
#7785 = CARTESIAN_POINT('',(-49.48727606461,20.517254038179,56.8));
#7786 = CARTESIAN_POINT('',(-49.42670337738,20.232195301028,56.8));
#7787 = ORIENTED_EDGE('',*,*,#7788,.F.);
#7788 = EDGE_CURVE('',#7789,#7781,#7791,.T.);
#7789 = VERTEX_POINT('',#7790);
#7790 = CARTESIAN_POINT('',(-49.42670337738,20.232195301028,57.4));
#7791 = B_SPLINE_CURVE_WITH_KNOTS('',1,(#7792,#7793),.UNSPECIFIED.,.F.,
  .F.,(2,2),(0.,0.6),.PIECEWISE_BEZIER_KNOTS.);
#7792 = CARTESIAN_POINT('',(-49.42670337738,20.232195301028,57.4));
#7793 = CARTESIAN_POINT('',(-49.42670337738,20.232195301028,56.8));
#7794 = ORIENTED_EDGE('',*,*,#7795,.F.);
#7795 = EDGE_CURVE('',#7757,#7789,#7796,.T.);
#7796 = B_SPLINE_CURVE_WITH_KNOTS('',2,(#7797,#7798,#7799),
  .UNSPECIFIED.,.F.,.F.,(3,3),(0.,1.),.PIECEWISE_BEZIER_KNOTS.);
#7797 = CARTESIAN_POINT('',(-49.62640969163,20.73201174743,57.4));
#7798 = CARTESIAN_POINT('',(-49.48727606461,20.517254038179,57.4));
#7799 = CARTESIAN_POINT('',(-49.42670337738,20.232195301028,57.4));
#7800 = B_SPLINE_SURFACE_WITH_KNOTS('',2,1,(
    (#7801,#7802)
    ,(#7803,#7804)
    ,(#7805,#7806
    )),.UNSPECIFIED.,.F.,.F.,.F.,(3,3),(2,2),(0.,1.),(-0.6,0.),
  .PIECEWISE_BEZIER_KNOTS.);
#7801 = CARTESIAN_POINT('',(-49.62640969163,20.73201174743,56.8));
#7802 = CARTESIAN_POINT('',(-49.62640969163,20.73201174743,57.4));
#7803 = CARTESIAN_POINT('',(-49.48727606461,20.517254038179,56.8));
#7804 = CARTESIAN_POINT('',(-49.48727606461,20.517254038179,57.4));
#7805 = CARTESIAN_POINT('',(-49.42670337738,20.232195301028,56.8));
#7806 = CARTESIAN_POINT('',(-49.42670337738,20.232195301028,57.4));
#7807 = ADVANCED_FACE('',(#7808),#7832,.F.);
#7808 = FACE_BOUND('',#7809,.F.);
#7809 = EDGE_LOOP('',(#7810,#7811,#7819,#7826));
#7810 = ORIENTED_EDGE('',*,*,#7788,.T.);
#7811 = ORIENTED_EDGE('',*,*,#7812,.T.);
#7812 = EDGE_CURVE('',#7781,#7813,#7815,.T.);
#7813 = VERTEX_POINT('',#7814);
#7814 = CARTESIAN_POINT('',(-49.36594713656,19.630690161527,56.8));
#7815 = B_SPLINE_CURVE_WITH_KNOTS('',2,(#7816,#7817,#7818),
  .UNSPECIFIED.,.F.,.F.,(3,3),(0.,1.),.PIECEWISE_BEZIER_KNOTS.);
#7816 = CARTESIAN_POINT('',(-49.42670337738,20.232195301028,56.8));
#7817 = CARTESIAN_POINT('',(-49.36594713656,19.947320117474,56.8));
#7818 = CARTESIAN_POINT('',(-49.36594713656,19.630690161527,56.8));
#7819 = ORIENTED_EDGE('',*,*,#7820,.F.);
#7820 = EDGE_CURVE('',#7821,#7813,#7823,.T.);
#7821 = VERTEX_POINT('',#7822);
#7822 = CARTESIAN_POINT('',(-49.36594713656,19.630690161527,57.4));
#7823 = B_SPLINE_CURVE_WITH_KNOTS('',1,(#7824,#7825),.UNSPECIFIED.,.F.,
  .F.,(2,2),(0.,0.6),.PIECEWISE_BEZIER_KNOTS.);
#7824 = CARTESIAN_POINT('',(-49.36594713656,19.630690161527,57.4));
#7825 = CARTESIAN_POINT('',(-49.36594713656,19.630690161527,56.8));
#7826 = ORIENTED_EDGE('',*,*,#7827,.F.);
#7827 = EDGE_CURVE('',#7789,#7821,#7828,.T.);
#7828 = B_SPLINE_CURVE_WITH_KNOTS('',2,(#7829,#7830,#7831),
  .UNSPECIFIED.,.F.,.F.,(3,3),(0.,1.),.PIECEWISE_BEZIER_KNOTS.);
#7829 = CARTESIAN_POINT('',(-49.42670337738,20.232195301028,57.4));
#7830 = CARTESIAN_POINT('',(-49.36594713656,19.947320117474,57.4));
#7831 = CARTESIAN_POINT('',(-49.36594713656,19.630690161527,57.4));
#7832 = B_SPLINE_SURFACE_WITH_KNOTS('',2,1,(
    (#7833,#7834)
    ,(#7835,#7836)
    ,(#7837,#7838
    )),.UNSPECIFIED.,.F.,.F.,.F.,(3,3),(2,2),(0.,1.),(-0.6,0.),
  .PIECEWISE_BEZIER_KNOTS.);
#7833 = CARTESIAN_POINT('',(-49.42670337738,20.232195301028,56.8));
#7834 = CARTESIAN_POINT('',(-49.42670337738,20.232195301028,57.4));
#7835 = CARTESIAN_POINT('',(-49.36594713656,19.947320117474,56.8));
#7836 = CARTESIAN_POINT('',(-49.36594713656,19.947320117474,57.4));
#7837 = CARTESIAN_POINT('',(-49.36594713656,19.630690161527,56.8));
#7838 = CARTESIAN_POINT('',(-49.36594713656,19.630690161527,57.4));
#7839 = ADVANCED_FACE('',(#7840),#7864,.F.);
#7840 = FACE_BOUND('',#7841,.F.);
#7841 = EDGE_LOOP('',(#7842,#7843,#7851,#7858));
#7842 = ORIENTED_EDGE('',*,*,#7820,.T.);
#7843 = ORIENTED_EDGE('',*,*,#7844,.T.);
#7844 = EDGE_CURVE('',#7813,#7845,#7847,.T.);
#7845 = VERTEX_POINT('',#7846);
#7846 = CARTESIAN_POINT('',(-49.42101321585,19.01248164464,56.8));
#7847 = B_SPLINE_CURVE_WITH_KNOTS('',2,(#7848,#7849,#7850),
  .UNSPECIFIED.,.F.,.F.,(3,3),(0.,1.),.PIECEWISE_BEZIER_KNOTS.);
#7848 = CARTESIAN_POINT('',(-49.36594713656,19.630690161527,56.8));
#7849 = CARTESIAN_POINT('',(-49.36594713656,19.305800293686,56.8));
#7850 = CARTESIAN_POINT('',(-49.42101321585,19.01248164464,56.8));
#7851 = ORIENTED_EDGE('',*,*,#7852,.F.);
#7852 = EDGE_CURVE('',#7853,#7845,#7855,.T.);
#7853 = VERTEX_POINT('',#7854);
#7854 = CARTESIAN_POINT('',(-49.42101321585,19.01248164464,57.4));
#7855 = B_SPLINE_CURVE_WITH_KNOTS('',1,(#7856,#7857),.UNSPECIFIED.,.F.,
  .F.,(2,2),(0.,0.6),.PIECEWISE_BEZIER_KNOTS.);
#7856 = CARTESIAN_POINT('',(-49.42101321585,19.01248164464,57.4));
#7857 = CARTESIAN_POINT('',(-49.42101321585,19.01248164464,56.8));
#7858 = ORIENTED_EDGE('',*,*,#7859,.F.);
#7859 = EDGE_CURVE('',#7821,#7853,#7860,.T.);
#7860 = B_SPLINE_CURVE_WITH_KNOTS('',2,(#7861,#7862,#7863),
  .UNSPECIFIED.,.F.,.F.,(3,3),(0.,1.),.PIECEWISE_BEZIER_KNOTS.);
#7861 = CARTESIAN_POINT('',(-49.36594713656,19.630690161527,57.4));
#7862 = CARTESIAN_POINT('',(-49.36594713656,19.305800293686,57.4));
#7863 = CARTESIAN_POINT('',(-49.42101321585,19.01248164464,57.4));
#7864 = B_SPLINE_SURFACE_WITH_KNOTS('',2,1,(
    (#7865,#7866)
    ,(#7867,#7868)
    ,(#7869,#7870
    )),.UNSPECIFIED.,.F.,.F.,.F.,(3,3),(2,2),(0.,1.),(-0.6,0.),
  .PIECEWISE_BEZIER_KNOTS.);
#7865 = CARTESIAN_POINT('',(-49.36594713656,19.630690161527,56.8));
#7866 = CARTESIAN_POINT('',(-49.36594713656,19.630690161527,57.4));
#7867 = CARTESIAN_POINT('',(-49.36594713656,19.305800293686,56.8));
#7868 = CARTESIAN_POINT('',(-49.36594713656,19.305800293686,57.4));
#7869 = CARTESIAN_POINT('',(-49.42101321585,19.01248164464,56.8));
#7870 = CARTESIAN_POINT('',(-49.42101321585,19.01248164464,57.4));
#7871 = ADVANCED_FACE('',(#7872),#7888,.F.);
#7872 = FACE_BOUND('',#7873,.F.);
#7873 = EDGE_LOOP('',(#7874,#7875,#7881,#7882));
#7874 = ORIENTED_EDGE('',*,*,#7852,.T.);
#7875 = ORIENTED_EDGE('',*,*,#7876,.T.);
#7876 = EDGE_CURVE('',#7845,#6566,#7877,.T.);
#7877 = B_SPLINE_CURVE_WITH_KNOTS('',2,(#7878,#7879,#7880),
  .UNSPECIFIED.,.F.,.F.,(3,3),(0.,1.),.PIECEWISE_BEZIER_KNOTS.);
#7878 = CARTESIAN_POINT('',(-49.42101321585,19.01248164464,56.8));
#7879 = CARTESIAN_POINT('',(-49.47589574155,18.719346549192,56.8));
#7880 = CARTESIAN_POINT('',(-49.58566079295,18.504588839941,56.8));
#7881 = ORIENTED_EDGE('',*,*,#6563,.F.);
#7882 = ORIENTED_EDGE('',*,*,#7883,.F.);
#7883 = EDGE_CURVE('',#7853,#6564,#7884,.T.);
#7884 = B_SPLINE_CURVE_WITH_KNOTS('',2,(#7885,#7886,#7887),
  .UNSPECIFIED.,.F.,.F.,(3,3),(0.,1.),.PIECEWISE_BEZIER_KNOTS.);
#7885 = CARTESIAN_POINT('',(-49.42101321585,19.01248164464,57.4));
#7886 = CARTESIAN_POINT('',(-49.47589574155,18.719346549192,57.4));
#7887 = CARTESIAN_POINT('',(-49.58566079295,18.504588839941,57.4));
#7888 = B_SPLINE_SURFACE_WITH_KNOTS('',2,1,(
    (#7889,#7890)
    ,(#7891,#7892)
    ,(#7893,#7894
    )),.UNSPECIFIED.,.F.,.F.,.F.,(3,3),(2,2),(0.,1.),(-0.6,0.),
  .PIECEWISE_BEZIER_KNOTS.);
#7889 = CARTESIAN_POINT('',(-49.42101321585,19.01248164464,56.8));
#7890 = CARTESIAN_POINT('',(-49.42101321585,19.01248164464,57.4));
#7891 = CARTESIAN_POINT('',(-49.47589574155,18.719346549192,56.8));
#7892 = CARTESIAN_POINT('',(-49.47589574155,18.719346549192,57.4));
#7893 = CARTESIAN_POINT('',(-49.58566079295,18.504588839941,56.8));
#7894 = CARTESIAN_POINT('',(-49.58566079295,18.504588839941,57.4));
#7895 = ADVANCED_FACE('',(#7896),#7940,.T.);
#7896 = FACE_BOUND('',#7897,.F.);
#7897 = EDGE_LOOP('',(#7898,#7899,#7900,#7901,#7902,#7903,#7904,#7905,
    #7906,#7907,#7908,#7909,#7910,#7911,#7912,#7913,#7914,#7915,#7916,
    #7917,#7918,#7919,#7920,#7921,#7922,#7923,#7924,#7925,#7926,#7927,
    #7928,#7929,#7930,#7931,#7932,#7933,#7934,#7935,#7936,#7937,#7938,
    #7939));
#7898 = ORIENTED_EDGE('',*,*,#6586,.T.);
#7899 = ORIENTED_EDGE('',*,*,#6615,.T.);
#7900 = ORIENTED_EDGE('',*,*,#6647,.T.);
#7901 = ORIENTED_EDGE('',*,*,#6679,.T.);
#7902 = ORIENTED_EDGE('',*,*,#6711,.T.);
#7903 = ORIENTED_EDGE('',*,*,#6743,.T.);
#7904 = ORIENTED_EDGE('',*,*,#6775,.T.);
#7905 = ORIENTED_EDGE('',*,*,#6807,.T.);
#7906 = ORIENTED_EDGE('',*,*,#6839,.T.);
#7907 = ORIENTED_EDGE('',*,*,#6871,.T.);
#7908 = ORIENTED_EDGE('',*,*,#6903,.T.);
#7909 = ORIENTED_EDGE('',*,*,#6935,.T.);
#7910 = ORIENTED_EDGE('',*,*,#6967,.T.);
#7911 = ORIENTED_EDGE('',*,*,#6999,.T.);
#7912 = ORIENTED_EDGE('',*,*,#7031,.T.);
#7913 = ORIENTED_EDGE('',*,*,#7063,.T.);
#7914 = ORIENTED_EDGE('',*,*,#7095,.T.);
#7915 = ORIENTED_EDGE('',*,*,#7127,.T.);
#7916 = ORIENTED_EDGE('',*,*,#7159,.T.);
#7917 = ORIENTED_EDGE('',*,*,#7190,.T.);
#7918 = ORIENTED_EDGE('',*,*,#7219,.T.);
#7919 = ORIENTED_EDGE('',*,*,#7251,.T.);
#7920 = ORIENTED_EDGE('',*,*,#7283,.T.);
#7921 = ORIENTED_EDGE('',*,*,#7315,.T.);
#7922 = ORIENTED_EDGE('',*,*,#7347,.T.);
#7923 = ORIENTED_EDGE('',*,*,#7379,.T.);
#7924 = ORIENTED_EDGE('',*,*,#7411,.T.);
#7925 = ORIENTED_EDGE('',*,*,#7443,.T.);
#7926 = ORIENTED_EDGE('',*,*,#7475,.T.);
#7927 = ORIENTED_EDGE('',*,*,#7507,.T.);
#7928 = ORIENTED_EDGE('',*,*,#7539,.T.);
#7929 = ORIENTED_EDGE('',*,*,#7571,.T.);
#7930 = ORIENTED_EDGE('',*,*,#7603,.T.);
#7931 = ORIENTED_EDGE('',*,*,#7635,.T.);
#7932 = ORIENTED_EDGE('',*,*,#7667,.T.);
#7933 = ORIENTED_EDGE('',*,*,#7699,.T.);
#7934 = ORIENTED_EDGE('',*,*,#7731,.T.);
#7935 = ORIENTED_EDGE('',*,*,#7763,.T.);
#7936 = ORIENTED_EDGE('',*,*,#7795,.T.);
#7937 = ORIENTED_EDGE('',*,*,#7827,.T.);
#7938 = ORIENTED_EDGE('',*,*,#7859,.T.);
#7939 = ORIENTED_EDGE('',*,*,#7883,.T.);
#7940 = B_SPLINE_SURFACE_WITH_KNOTS('',1,1,(
    (#7941,#7942)
    ,(#7943,#7944
    )),.UNSPECIFIED.,.F.,.F.,.F.,(2,2),(2,2),(-1.319697909478,
    1.389553191844),(-2.01452398863,2.073581738243),
  .PIECEWISE_BEZIER_KNOTS.);
#7941 = CARTESIAN_POINT('',(-49.36594713656,18.488069016153,57.4));
#7942 = CARTESIAN_POINT('',(-53.45405286343,18.488069016153,57.4));
#7943 = CARTESIAN_POINT('',(-49.36594713656,21.197320117474,57.4));
#7944 = CARTESIAN_POINT('',(-53.45405286343,21.197320117474,57.4));
#7945 = ADVANCED_FACE('',(#7946),#7990,.F.);
#7946 = FACE_BOUND('',#7947,.T.);
#7947 = EDGE_LOOP('',(#7948,#7949,#7950,#7951,#7952,#7953,#7954,#7955,
    #7956,#7957,#7958,#7959,#7960,#7961,#7962,#7963,#7964,#7965,#7966,
    #7967,#7968,#7969,#7970,#7971,#7972,#7973,#7974,#7975,#7976,#7977,
    #7978,#7979,#7980,#7981,#7982,#7983,#7984,#7985,#7986,#7987,#7988,
    #7989));
#7948 = ORIENTED_EDGE('',*,*,#6572,.T.);
#7949 = ORIENTED_EDGE('',*,*,#6600,.T.);
#7950 = ORIENTED_EDGE('',*,*,#6632,.T.);
#7951 = ORIENTED_EDGE('',*,*,#6664,.T.);
#7952 = ORIENTED_EDGE('',*,*,#6696,.T.);
#7953 = ORIENTED_EDGE('',*,*,#6728,.T.);
#7954 = ORIENTED_EDGE('',*,*,#6760,.T.);
#7955 = ORIENTED_EDGE('',*,*,#6792,.T.);
#7956 = ORIENTED_EDGE('',*,*,#6824,.T.);
#7957 = ORIENTED_EDGE('',*,*,#6856,.T.);
#7958 = ORIENTED_EDGE('',*,*,#6888,.T.);
#7959 = ORIENTED_EDGE('',*,*,#6920,.T.);
#7960 = ORIENTED_EDGE('',*,*,#6952,.T.);
#7961 = ORIENTED_EDGE('',*,*,#6984,.T.);
#7962 = ORIENTED_EDGE('',*,*,#7016,.T.);
#7963 = ORIENTED_EDGE('',*,*,#7048,.T.);
#7964 = ORIENTED_EDGE('',*,*,#7080,.T.);
#7965 = ORIENTED_EDGE('',*,*,#7112,.T.);
#7966 = ORIENTED_EDGE('',*,*,#7144,.T.);
#7967 = ORIENTED_EDGE('',*,*,#7176,.T.);
#7968 = ORIENTED_EDGE('',*,*,#7204,.T.);
#7969 = ORIENTED_EDGE('',*,*,#7236,.T.);
#7970 = ORIENTED_EDGE('',*,*,#7268,.T.);
#7971 = ORIENTED_EDGE('',*,*,#7300,.T.);
#7972 = ORIENTED_EDGE('',*,*,#7332,.T.);
#7973 = ORIENTED_EDGE('',*,*,#7364,.T.);
#7974 = ORIENTED_EDGE('',*,*,#7396,.T.);
#7975 = ORIENTED_EDGE('',*,*,#7428,.T.);
#7976 = ORIENTED_EDGE('',*,*,#7460,.T.);
#7977 = ORIENTED_EDGE('',*,*,#7492,.T.);
#7978 = ORIENTED_EDGE('',*,*,#7524,.T.);
#7979 = ORIENTED_EDGE('',*,*,#7556,.T.);
#7980 = ORIENTED_EDGE('',*,*,#7588,.T.);
#7981 = ORIENTED_EDGE('',*,*,#7620,.T.);
#7982 = ORIENTED_EDGE('',*,*,#7652,.T.);
#7983 = ORIENTED_EDGE('',*,*,#7684,.T.);
#7984 = ORIENTED_EDGE('',*,*,#7716,.T.);
#7985 = ORIENTED_EDGE('',*,*,#7748,.T.);
#7986 = ORIENTED_EDGE('',*,*,#7780,.T.);
#7987 = ORIENTED_EDGE('',*,*,#7812,.T.);
#7988 = ORIENTED_EDGE('',*,*,#7844,.T.);
#7989 = ORIENTED_EDGE('',*,*,#7876,.T.);
#7990 = B_SPLINE_SURFACE_WITH_KNOTS('',1,1,(
    (#7991,#7992)
    ,(#7993,#7994
    )),.UNSPECIFIED.,.F.,.F.,.F.,(2,2),(2,2),(-1.319697909478,
    1.389553191844),(-2.01452398863,2.073581738243),
  .PIECEWISE_BEZIER_KNOTS.);
#7991 = CARTESIAN_POINT('',(-49.36594713656,18.488069016153,56.8));
#7992 = CARTESIAN_POINT('',(-53.45405286343,18.488069016153,56.8));
#7993 = CARTESIAN_POINT('',(-49.36594713656,21.197320117474,56.8));
#7994 = CARTESIAN_POINT('',(-53.45405286343,21.197320117474,56.8));
#7995 = MANIFOLD_SOLID_BREP('',#7996);
#7996 = CLOSED_SHELL('',(#7997,#8033,#8061,#8089,#8117,#8145,#8173,#8201
    ,#8221,#8237));
#7997 = ADVANCED_FACE('',(#7998),#8028,.F.);
#7998 = FACE_BOUND('',#7999,.F.);
#7999 = EDGE_LOOP('',(#8000,#8009,#8016,#8023));
#8000 = ORIENTED_EDGE('',*,*,#8001,.T.);
#8001 = EDGE_CURVE('',#8002,#8004,#8006,.T.);
#8002 = VERTEX_POINT('',#8003);
#8003 = CARTESIAN_POINT('',(-52.6594493392,24.618942731278,57.4));
#8004 = VERTEX_POINT('',#8005);
#8005 = CARTESIAN_POINT('',(-52.6594493392,24.618942731278,56.8));
#8006 = B_SPLINE_CURVE_WITH_KNOTS('',1,(#8007,#8008),.UNSPECIFIED.,.F.,
  .F.,(2,2),(0.,0.6),.PIECEWISE_BEZIER_KNOTS.);
#8007 = CARTESIAN_POINT('',(-52.6594493392,24.618942731278,57.4));
#8008 = CARTESIAN_POINT('',(-52.6594493392,24.618942731278,56.8));
#8009 = ORIENTED_EDGE('',*,*,#8010,.T.);
#8010 = EDGE_CURVE('',#8004,#8011,#8013,.T.);
#8011 = VERTEX_POINT('',#8012);
#8012 = CARTESIAN_POINT('',(-52.6594493392,23.492841409692,56.8));
#8013 = B_SPLINE_CURVE_WITH_KNOTS('',1,(#8014,#8015),.UNSPECIFIED.,.F.,
  .F.,(2,2),(0.,1.126101321586),.PIECEWISE_BEZIER_KNOTS.);
#8014 = CARTESIAN_POINT('',(-52.6594493392,24.618942731278,56.8));
#8015 = CARTESIAN_POINT('',(-52.6594493392,23.492841409692,56.8));
#8016 = ORIENTED_EDGE('',*,*,#8017,.F.);
#8017 = EDGE_CURVE('',#8018,#8011,#8020,.T.);
#8018 = VERTEX_POINT('',#8019);
#8019 = CARTESIAN_POINT('',(-52.6594493392,23.492841409692,57.4));
#8020 = B_SPLINE_CURVE_WITH_KNOTS('',1,(#8021,#8022),.UNSPECIFIED.,.F.,
  .F.,(2,2),(0.,0.6),.PIECEWISE_BEZIER_KNOTS.);
#8021 = CARTESIAN_POINT('',(-52.6594493392,23.492841409692,57.4));
#8022 = CARTESIAN_POINT('',(-52.6594493392,23.492841409692,56.8));
#8023 = ORIENTED_EDGE('',*,*,#8024,.F.);
#8024 = EDGE_CURVE('',#8002,#8018,#8025,.T.);
#8025 = B_SPLINE_CURVE_WITH_KNOTS('',1,(#8026,#8027),.UNSPECIFIED.,.F.,
  .F.,(2,2),(0.,1.126101321586),.PIECEWISE_BEZIER_KNOTS.);
#8026 = CARTESIAN_POINT('',(-52.6594493392,24.618942731278,57.4));
#8027 = CARTESIAN_POINT('',(-52.6594493392,23.492841409692,57.4));
#8028 = B_SPLINE_SURFACE_WITH_KNOTS('',1,1,(
    (#8029,#8030)
    ,(#8031,#8032
    )),.UNSPECIFIED.,.F.,.F.,.F.,(2,2),(2,2),(0.,1.126101321586),(-0.6,
    0.),.PIECEWISE_BEZIER_KNOTS.);
#8029 = CARTESIAN_POINT('',(-52.6594493392,24.618942731278,56.8));
#8030 = CARTESIAN_POINT('',(-52.6594493392,24.618942731278,57.4));
#8031 = CARTESIAN_POINT('',(-52.6594493392,23.492841409692,56.8));
#8032 = CARTESIAN_POINT('',(-52.6594493392,23.492841409692,57.4));
#8033 = ADVANCED_FACE('',(#8034),#8056,.F.);
#8034 = FACE_BOUND('',#8035,.F.);
#8035 = EDGE_LOOP('',(#8036,#8037,#8044,#8051));
#8036 = ORIENTED_EDGE('',*,*,#8017,.T.);
#8037 = ORIENTED_EDGE('',*,*,#8038,.T.);
#8038 = EDGE_CURVE('',#8011,#8039,#8041,.T.);
#8039 = VERTEX_POINT('',#8040);
#8040 = CARTESIAN_POINT('',(-49.43643171806,23.492841409692,56.8));
#8041 = B_SPLINE_CURVE_WITH_KNOTS('',1,(#8042,#8043),.UNSPECIFIED.,.F.,
  .F.,(2,2),(0.,3.223017621145),.PIECEWISE_BEZIER_KNOTS.);
#8042 = CARTESIAN_POINT('',(-52.6594493392,23.492841409692,56.8));
#8043 = CARTESIAN_POINT('',(-49.43643171806,23.492841409692,56.8));
#8044 = ORIENTED_EDGE('',*,*,#8045,.F.);
#8045 = EDGE_CURVE('',#8046,#8039,#8048,.T.);
#8046 = VERTEX_POINT('',#8047);
#8047 = CARTESIAN_POINT('',(-49.43643171806,23.492841409692,57.4));
#8048 = B_SPLINE_CURVE_WITH_KNOTS('',1,(#8049,#8050),.UNSPECIFIED.,.F.,
  .F.,(2,2),(0.,0.6),.PIECEWISE_BEZIER_KNOTS.);
#8049 = CARTESIAN_POINT('',(-49.43643171806,23.492841409692,57.4));
#8050 = CARTESIAN_POINT('',(-49.43643171806,23.492841409692,56.8));
#8051 = ORIENTED_EDGE('',*,*,#8052,.F.);
#8052 = EDGE_CURVE('',#8018,#8046,#8053,.T.);
#8053 = B_SPLINE_CURVE_WITH_KNOTS('',1,(#8054,#8055),.UNSPECIFIED.,.F.,
  .F.,(2,2),(0.,3.223017621145),.PIECEWISE_BEZIER_KNOTS.);
#8054 = CARTESIAN_POINT('',(-52.6594493392,23.492841409692,57.4));
#8055 = CARTESIAN_POINT('',(-49.43643171806,23.492841409692,57.4));
#8056 = B_SPLINE_SURFACE_WITH_KNOTS('',1,1,(
    (#8057,#8058)
    ,(#8059,#8060
    )),.UNSPECIFIED.,.F.,.F.,.F.,(2,2),(2,2),(0.,3.223017621145),(-0.6,
    0.),.PIECEWISE_BEZIER_KNOTS.);
#8057 = CARTESIAN_POINT('',(-52.6594493392,23.492841409692,56.8));
#8058 = CARTESIAN_POINT('',(-52.6594493392,23.492841409692,57.4));
#8059 = CARTESIAN_POINT('',(-49.43643171806,23.492841409692,56.8));
#8060 = CARTESIAN_POINT('',(-49.43643171806,23.492841409692,57.4));
#8061 = ADVANCED_FACE('',(#8062),#8084,.F.);
#8062 = FACE_BOUND('',#8063,.F.);
#8063 = EDGE_LOOP('',(#8064,#8065,#8072,#8079));
#8064 = ORIENTED_EDGE('',*,*,#8045,.T.);
#8065 = ORIENTED_EDGE('',*,*,#8066,.T.);
#8066 = EDGE_CURVE('',#8039,#8067,#8069,.T.);
#8067 = VERTEX_POINT('',#8068);
#8068 = CARTESIAN_POINT('',(-49.43643171806,22.60077092511,56.8));
#8069 = B_SPLINE_CURVE_WITH_KNOTS('',1,(#8070,#8071),.UNSPECIFIED.,.F.,
  .F.,(2,2),(0.,0.892070484581),.PIECEWISE_BEZIER_KNOTS.);
#8070 = CARTESIAN_POINT('',(-49.43643171806,23.492841409692,56.8));
#8071 = CARTESIAN_POINT('',(-49.43643171806,22.60077092511,56.8));
#8072 = ORIENTED_EDGE('',*,*,#8073,.F.);
#8073 = EDGE_CURVE('',#8074,#8067,#8076,.T.);
#8074 = VERTEX_POINT('',#8075);
#8075 = CARTESIAN_POINT('',(-49.43643171806,22.60077092511,57.4));
#8076 = B_SPLINE_CURVE_WITH_KNOTS('',1,(#8077,#8078),.UNSPECIFIED.,.F.,
  .F.,(2,2),(0.,0.6),.PIECEWISE_BEZIER_KNOTS.);
#8077 = CARTESIAN_POINT('',(-49.43643171806,22.60077092511,57.4));
#8078 = CARTESIAN_POINT('',(-49.43643171806,22.60077092511,56.8));
#8079 = ORIENTED_EDGE('',*,*,#8080,.F.);
#8080 = EDGE_CURVE('',#8046,#8074,#8081,.T.);
#8081 = B_SPLINE_CURVE_WITH_KNOTS('',1,(#8082,#8083),.UNSPECIFIED.,.F.,
  .F.,(2,2),(0.,0.892070484581),.PIECEWISE_BEZIER_KNOTS.);
#8082 = CARTESIAN_POINT('',(-49.43643171806,23.492841409692,57.4));
#8083 = CARTESIAN_POINT('',(-49.43643171806,22.60077092511,57.4));
#8084 = B_SPLINE_SURFACE_WITH_KNOTS('',1,1,(
    (#8085,#8086)
    ,(#8087,#8088
    )),.UNSPECIFIED.,.F.,.F.,.F.,(2,2),(2,2),(0.,0.892070484581),(-0.6,
    0.),.PIECEWISE_BEZIER_KNOTS.);
#8085 = CARTESIAN_POINT('',(-49.43643171806,23.492841409692,56.8));
#8086 = CARTESIAN_POINT('',(-49.43643171806,23.492841409692,57.4));
#8087 = CARTESIAN_POINT('',(-49.43643171806,22.60077092511,56.8));
#8088 = CARTESIAN_POINT('',(-49.43643171806,22.60077092511,57.4));
#8089 = ADVANCED_FACE('',(#8090),#8112,.F.);
#8090 = FACE_BOUND('',#8091,.F.);
#8091 = EDGE_LOOP('',(#8092,#8093,#8100,#8107));
#8092 = ORIENTED_EDGE('',*,*,#8073,.T.);
#8093 = ORIENTED_EDGE('',*,*,#8094,.T.);
#8094 = EDGE_CURVE('',#8067,#8095,#8097,.T.);
#8095 = VERTEX_POINT('',#8096);
#8096 = CARTESIAN_POINT('',(-52.6594493392,22.60077092511,56.8));
#8097 = B_SPLINE_CURVE_WITH_KNOTS('',1,(#8098,#8099),.UNSPECIFIED.,.F.,
  .F.,(2,2),(0.,3.223017621145),.PIECEWISE_BEZIER_KNOTS.);
#8098 = CARTESIAN_POINT('',(-49.43643171806,22.60077092511,56.8));
#8099 = CARTESIAN_POINT('',(-52.6594493392,22.60077092511,56.8));
#8100 = ORIENTED_EDGE('',*,*,#8101,.F.);
#8101 = EDGE_CURVE('',#8102,#8095,#8104,.T.);
#8102 = VERTEX_POINT('',#8103);
#8103 = CARTESIAN_POINT('',(-52.6594493392,22.60077092511,57.4));
#8104 = B_SPLINE_CURVE_WITH_KNOTS('',1,(#8105,#8106),.UNSPECIFIED.,.F.,
  .F.,(2,2),(0.,0.6),.PIECEWISE_BEZIER_KNOTS.);
#8105 = CARTESIAN_POINT('',(-52.6594493392,22.60077092511,57.4));
#8106 = CARTESIAN_POINT('',(-52.6594493392,22.60077092511,56.8));
#8107 = ORIENTED_EDGE('',*,*,#8108,.F.);
#8108 = EDGE_CURVE('',#8074,#8102,#8109,.T.);
#8109 = B_SPLINE_CURVE_WITH_KNOTS('',1,(#8110,#8111),.UNSPECIFIED.,.F.,
  .F.,(2,2),(0.,3.223017621145),.PIECEWISE_BEZIER_KNOTS.);
#8110 = CARTESIAN_POINT('',(-49.43643171806,22.60077092511,57.4));
#8111 = CARTESIAN_POINT('',(-52.6594493392,22.60077092511,57.4));
#8112 = B_SPLINE_SURFACE_WITH_KNOTS('',1,1,(
    (#8113,#8114)
    ,(#8115,#8116
    )),.UNSPECIFIED.,.F.,.F.,.F.,(2,2),(2,2),(0.,3.223017621145),(-0.6,
    0.),.PIECEWISE_BEZIER_KNOTS.);
#8113 = CARTESIAN_POINT('',(-49.43643171806,22.60077092511,56.8));
#8114 = CARTESIAN_POINT('',(-49.43643171806,22.60077092511,57.4));
#8115 = CARTESIAN_POINT('',(-52.6594493392,22.60077092511,56.8));
#8116 = CARTESIAN_POINT('',(-52.6594493392,22.60077092511,57.4));
#8117 = ADVANCED_FACE('',(#8118),#8140,.F.);
#8118 = FACE_BOUND('',#8119,.F.);
#8119 = EDGE_LOOP('',(#8120,#8121,#8128,#8135));
#8120 = ORIENTED_EDGE('',*,*,#8101,.T.);
#8121 = ORIENTED_EDGE('',*,*,#8122,.T.);
#8122 = EDGE_CURVE('',#8095,#8123,#8125,.T.);
#8123 = VERTEX_POINT('',#8124);
#8124 = CARTESIAN_POINT('',(-52.6594493392,21.480176211454,56.8));
#8125 = B_SPLINE_CURVE_WITH_KNOTS('',1,(#8126,#8127),.UNSPECIFIED.,.F.,
  .F.,(2,2),(0.,1.120594713656),.PIECEWISE_BEZIER_KNOTS.);
#8126 = CARTESIAN_POINT('',(-52.6594493392,22.60077092511,56.8));
#8127 = CARTESIAN_POINT('',(-52.6594493392,21.480176211454,56.8));
#8128 = ORIENTED_EDGE('',*,*,#8129,.F.);
#8129 = EDGE_CURVE('',#8130,#8123,#8132,.T.);
#8130 = VERTEX_POINT('',#8131);
#8131 = CARTESIAN_POINT('',(-52.6594493392,21.480176211454,57.4));
#8132 = B_SPLINE_CURVE_WITH_KNOTS('',1,(#8133,#8134),.UNSPECIFIED.,.F.,
  .F.,(2,2),(0.,0.6),.PIECEWISE_BEZIER_KNOTS.);
#8133 = CARTESIAN_POINT('',(-52.6594493392,21.480176211454,57.4));
#8134 = CARTESIAN_POINT('',(-52.6594493392,21.480176211454,56.8));
#8135 = ORIENTED_EDGE('',*,*,#8136,.F.);
#8136 = EDGE_CURVE('',#8102,#8130,#8137,.T.);
#8137 = B_SPLINE_CURVE_WITH_KNOTS('',1,(#8138,#8139),.UNSPECIFIED.,.F.,
  .F.,(2,2),(0.,1.120594713656),.PIECEWISE_BEZIER_KNOTS.);
#8138 = CARTESIAN_POINT('',(-52.6594493392,22.60077092511,57.4));
#8139 = CARTESIAN_POINT('',(-52.6594493392,21.480176211454,57.4));
#8140 = B_SPLINE_SURFACE_WITH_KNOTS('',1,1,(
    (#8141,#8142)
    ,(#8143,#8144
    )),.UNSPECIFIED.,.F.,.F.,.F.,(2,2),(2,2),(0.,1.120594713656),(-0.6,
    0.),.PIECEWISE_BEZIER_KNOTS.);
#8141 = CARTESIAN_POINT('',(-52.6594493392,22.60077092511,56.8));
#8142 = CARTESIAN_POINT('',(-52.6594493392,22.60077092511,57.4));
#8143 = CARTESIAN_POINT('',(-52.6594493392,21.480176211454,56.8));
#8144 = CARTESIAN_POINT('',(-52.6594493392,21.480176211454,57.4));
#8145 = ADVANCED_FACE('',(#8146),#8168,.F.);
#8146 = FACE_BOUND('',#8147,.F.);
#8147 = EDGE_LOOP('',(#8148,#8149,#8156,#8163));
#8148 = ORIENTED_EDGE('',*,*,#8129,.T.);
#8149 = ORIENTED_EDGE('',*,*,#8150,.T.);
#8150 = EDGE_CURVE('',#8123,#8151,#8153,.T.);
#8151 = VERTEX_POINT('',#8152);
#8152 = CARTESIAN_POINT('',(-53.38356828193,21.480176211454,56.8));
#8153 = B_SPLINE_CURVE_WITH_KNOTS('',1,(#8154,#8155),.UNSPECIFIED.,.F.,
  .F.,(2,2),(0.,0.724118942731),.PIECEWISE_BEZIER_KNOTS.);
#8154 = CARTESIAN_POINT('',(-52.6594493392,21.480176211454,56.8));
#8155 = CARTESIAN_POINT('',(-53.38356828193,21.480176211454,56.8));
#8156 = ORIENTED_EDGE('',*,*,#8157,.F.);
#8157 = EDGE_CURVE('',#8158,#8151,#8160,.T.);
#8158 = VERTEX_POINT('',#8159);
#8159 = CARTESIAN_POINT('',(-53.38356828193,21.480176211454,57.4));
#8160 = B_SPLINE_CURVE_WITH_KNOTS('',1,(#8161,#8162),.UNSPECIFIED.,.F.,
  .F.,(2,2),(0.,0.6),.PIECEWISE_BEZIER_KNOTS.);
#8161 = CARTESIAN_POINT('',(-53.38356828193,21.480176211454,57.4));
#8162 = CARTESIAN_POINT('',(-53.38356828193,21.480176211454,56.8));
#8163 = ORIENTED_EDGE('',*,*,#8164,.F.);
#8164 = EDGE_CURVE('',#8130,#8158,#8165,.T.);
#8165 = B_SPLINE_CURVE_WITH_KNOTS('',1,(#8166,#8167),.UNSPECIFIED.,.F.,
  .F.,(2,2),(0.,0.724118942731),.PIECEWISE_BEZIER_KNOTS.);
#8166 = CARTESIAN_POINT('',(-52.6594493392,21.480176211454,57.4));
#8167 = CARTESIAN_POINT('',(-53.38356828193,21.480176211454,57.4));
#8168 = B_SPLINE_SURFACE_WITH_KNOTS('',1,1,(
    (#8169,#8170)
    ,(#8171,#8172
    )),.UNSPECIFIED.,.F.,.F.,.F.,(2,2),(2,2),(0.,0.724118942731),(-0.6,
    0.),.PIECEWISE_BEZIER_KNOTS.);
#8169 = CARTESIAN_POINT('',(-52.6594493392,21.480176211454,56.8));
#8170 = CARTESIAN_POINT('',(-52.6594493392,21.480176211454,57.4));
#8171 = CARTESIAN_POINT('',(-53.38356828193,21.480176211454,56.8));
#8172 = CARTESIAN_POINT('',(-53.38356828193,21.480176211454,57.4));
#8173 = ADVANCED_FACE('',(#8174),#8196,.F.);
#8174 = FACE_BOUND('',#8175,.F.);
#8175 = EDGE_LOOP('',(#8176,#8177,#8184,#8191));
#8176 = ORIENTED_EDGE('',*,*,#8157,.T.);
#8177 = ORIENTED_EDGE('',*,*,#8178,.T.);
#8178 = EDGE_CURVE('',#8151,#8179,#8181,.T.);
#8179 = VERTEX_POINT('',#8180);
#8180 = CARTESIAN_POINT('',(-53.38356828193,24.618942731278,56.8));
#8181 = B_SPLINE_CURVE_WITH_KNOTS('',1,(#8182,#8183),.UNSPECIFIED.,.F.,
  .F.,(2,2),(0.,3.138766519824),.PIECEWISE_BEZIER_KNOTS.);
#8182 = CARTESIAN_POINT('',(-53.38356828193,21.480176211454,56.8));
#8183 = CARTESIAN_POINT('',(-53.38356828193,24.618942731278,56.8));
#8184 = ORIENTED_EDGE('',*,*,#8185,.F.);
#8185 = EDGE_CURVE('',#8186,#8179,#8188,.T.);
#8186 = VERTEX_POINT('',#8187);
#8187 = CARTESIAN_POINT('',(-53.38356828193,24.618942731278,57.4));
#8188 = B_SPLINE_CURVE_WITH_KNOTS('',1,(#8189,#8190),.UNSPECIFIED.,.F.,
  .F.,(2,2),(0.,0.6),.PIECEWISE_BEZIER_KNOTS.);
#8189 = CARTESIAN_POINT('',(-53.38356828193,24.618942731278,57.4));
#8190 = CARTESIAN_POINT('',(-53.38356828193,24.618942731278,56.8));
#8191 = ORIENTED_EDGE('',*,*,#8192,.F.);
#8192 = EDGE_CURVE('',#8158,#8186,#8193,.T.);
#8193 = B_SPLINE_CURVE_WITH_KNOTS('',1,(#8194,#8195),.UNSPECIFIED.,.F.,
  .F.,(2,2),(0.,3.138766519824),.PIECEWISE_BEZIER_KNOTS.);
#8194 = CARTESIAN_POINT('',(-53.38356828193,21.480176211454,57.4));
#8195 = CARTESIAN_POINT('',(-53.38356828193,24.618942731278,57.4));
#8196 = B_SPLINE_SURFACE_WITH_KNOTS('',1,1,(
    (#8197,#8198)
    ,(#8199,#8200
    )),.UNSPECIFIED.,.F.,.F.,.F.,(2,2),(2,2),(0.,3.138766519824),(-0.6,
    0.),.PIECEWISE_BEZIER_KNOTS.);
#8197 = CARTESIAN_POINT('',(-53.38356828193,21.480176211454,56.8));
#8198 = CARTESIAN_POINT('',(-53.38356828193,21.480176211454,57.4));
#8199 = CARTESIAN_POINT('',(-53.38356828193,24.618942731278,56.8));
#8200 = CARTESIAN_POINT('',(-53.38356828193,24.618942731278,57.4));
#8201 = ADVANCED_FACE('',(#8202),#8216,.F.);
#8202 = FACE_BOUND('',#8203,.F.);
#8203 = EDGE_LOOP('',(#8204,#8205,#8210,#8211));
#8204 = ORIENTED_EDGE('',*,*,#8185,.T.);
#8205 = ORIENTED_EDGE('',*,*,#8206,.T.);
#8206 = EDGE_CURVE('',#8179,#8004,#8207,.T.);
#8207 = B_SPLINE_CURVE_WITH_KNOTS('',1,(#8208,#8209),.UNSPECIFIED.,.F.,
  .F.,(2,2),(0.,0.724118942731),.PIECEWISE_BEZIER_KNOTS.);
#8208 = CARTESIAN_POINT('',(-53.38356828193,24.618942731278,56.8));
#8209 = CARTESIAN_POINT('',(-52.6594493392,24.618942731278,56.8));
#8210 = ORIENTED_EDGE('',*,*,#8001,.F.);
#8211 = ORIENTED_EDGE('',*,*,#8212,.F.);
#8212 = EDGE_CURVE('',#8186,#8002,#8213,.T.);
#8213 = B_SPLINE_CURVE_WITH_KNOTS('',1,(#8214,#8215),.UNSPECIFIED.,.F.,
  .F.,(2,2),(0.,0.724118942731),.PIECEWISE_BEZIER_KNOTS.);
#8214 = CARTESIAN_POINT('',(-53.38356828193,24.618942731278,57.4));
#8215 = CARTESIAN_POINT('',(-52.6594493392,24.618942731278,57.4));
#8216 = B_SPLINE_SURFACE_WITH_KNOTS('',1,1,(
    (#8217,#8218)
    ,(#8219,#8220
    )),.UNSPECIFIED.,.F.,.F.,.F.,(2,2),(2,2),(0.,0.724118942731),(-0.6,
    0.),.PIECEWISE_BEZIER_KNOTS.);
#8217 = CARTESIAN_POINT('',(-53.38356828193,24.618942731278,56.8));
#8218 = CARTESIAN_POINT('',(-53.38356828193,24.618942731278,57.4));
#8219 = CARTESIAN_POINT('',(-52.6594493392,24.618942731278,56.8));
#8220 = CARTESIAN_POINT('',(-52.6594493392,24.618942731278,57.4));
#8221 = ADVANCED_FACE('',(#8222),#8232,.T.);
#8222 = FACE_BOUND('',#8223,.F.);
#8223 = EDGE_LOOP('',(#8224,#8225,#8226,#8227,#8228,#8229,#8230,#8231));
#8224 = ORIENTED_EDGE('',*,*,#8024,.T.);
#8225 = ORIENTED_EDGE('',*,*,#8052,.T.);
#8226 = ORIENTED_EDGE('',*,*,#8080,.T.);
#8227 = ORIENTED_EDGE('',*,*,#8108,.T.);
#8228 = ORIENTED_EDGE('',*,*,#8136,.T.);
#8229 = ORIENTED_EDGE('',*,*,#8164,.T.);
#8230 = ORIENTED_EDGE('',*,*,#8192,.T.);
#8231 = ORIENTED_EDGE('',*,*,#8212,.T.);
#8232 = B_SPLINE_SURFACE_WITH_KNOTS('',1,1,(
    (#8233,#8234)
    ,(#8235,#8236
    )),.UNSPECIFIED.,.F.,.F.,.F.,(2,2),(2,2),(-1.5681309217,
    1.570635598123),(-2.484522272235,1.462614291642),
  .PIECEWISE_BEZIER_KNOTS.);
#8233 = CARTESIAN_POINT('',(-49.43643171806,21.480176211454,57.4));
#8234 = CARTESIAN_POINT('',(-53.38356828193,21.480176211454,57.4));
#8235 = CARTESIAN_POINT('',(-49.43643171806,24.618942731278,57.4));
#8236 = CARTESIAN_POINT('',(-53.38356828193,24.618942731278,57.4));
#8237 = ADVANCED_FACE('',(#8238),#8248,.F.);
#8238 = FACE_BOUND('',#8239,.T.);
#8239 = EDGE_LOOP('',(#8240,#8241,#8242,#8243,#8244,#8245,#8246,#8247));
#8240 = ORIENTED_EDGE('',*,*,#8010,.T.);
#8241 = ORIENTED_EDGE('',*,*,#8038,.T.);
#8242 = ORIENTED_EDGE('',*,*,#8066,.T.);
#8243 = ORIENTED_EDGE('',*,*,#8094,.T.);
#8244 = ORIENTED_EDGE('',*,*,#8122,.T.);
#8245 = ORIENTED_EDGE('',*,*,#8150,.T.);
#8246 = ORIENTED_EDGE('',*,*,#8178,.T.);
#8247 = ORIENTED_EDGE('',*,*,#8206,.T.);
#8248 = B_SPLINE_SURFACE_WITH_KNOTS('',1,1,(
    (#8249,#8250)
    ,(#8251,#8252
    )),.UNSPECIFIED.,.F.,.F.,.F.,(2,2),(2,2),(-1.5681309217,
    1.570635598123),(-2.484522272235,1.462614291642),
  .PIECEWISE_BEZIER_KNOTS.);
#8249 = CARTESIAN_POINT('',(-49.43643171806,21.480176211454,56.8));
#8250 = CARTESIAN_POINT('',(-53.38356828193,21.480176211454,56.8));
#8251 = CARTESIAN_POINT('',(-49.43643171806,24.618942731278,56.8));
#8252 = CARTESIAN_POINT('',(-53.38356828193,24.618942731278,56.8));
#8253 = MANIFOLD_SOLID_BREP('',#8254);
#8254 = CLOSED_SHELL('',(#8255,#8291,#8319,#8347,#8367,#8379));
#8255 = ADVANCED_FACE('',(#8256),#8286,.F.);
#8256 = FACE_BOUND('',#8257,.F.);
#8257 = EDGE_LOOP('',(#8258,#8267,#8274,#8281));
#8258 = ORIENTED_EDGE('',*,*,#8259,.T.);
#8259 = EDGE_CURVE('',#8260,#8262,#8264,.T.);
#8260 = VERTEX_POINT('',#8261);
#8261 = CARTESIAN_POINT('',(-49.43643171806,26.03671071953,57.4));
#8262 = VERTEX_POINT('',#8263);
#8263 = CARTESIAN_POINT('',(-49.43643171806,26.03671071953,56.8));
#8264 = B_SPLINE_CURVE_WITH_KNOTS('',1,(#8265,#8266),.UNSPECIFIED.,.F.,
  .F.,(2,2),(0.,0.6),.PIECEWISE_BEZIER_KNOTS.);
#8265 = CARTESIAN_POINT('',(-49.43643171806,26.03671071953,57.4));
#8266 = CARTESIAN_POINT('',(-49.43643171806,26.03671071953,56.8));
#8267 = ORIENTED_EDGE('',*,*,#8268,.T.);
#8268 = EDGE_CURVE('',#8262,#8269,#8271,.T.);
#8269 = VERTEX_POINT('',#8270);
#8270 = CARTESIAN_POINT('',(-49.43643171806,25.147393538913,56.8));
#8271 = B_SPLINE_CURVE_WITH_KNOTS('',1,(#8272,#8273),.UNSPECIFIED.,.F.,
  .F.,(2,2),(0.,0.889317180617),.PIECEWISE_BEZIER_KNOTS.);
#8272 = CARTESIAN_POINT('',(-49.43643171806,26.03671071953,56.8));
#8273 = CARTESIAN_POINT('',(-49.43643171806,25.147393538913,56.8));
#8274 = ORIENTED_EDGE('',*,*,#8275,.F.);
#8275 = EDGE_CURVE('',#8276,#8269,#8278,.T.);
#8276 = VERTEX_POINT('',#8277);
#8277 = CARTESIAN_POINT('',(-49.43643171806,25.147393538913,57.4));
#8278 = B_SPLINE_CURVE_WITH_KNOTS('',1,(#8279,#8280),.UNSPECIFIED.,.F.,
  .F.,(2,2),(0.,0.6),.PIECEWISE_BEZIER_KNOTS.);
#8279 = CARTESIAN_POINT('',(-49.43643171806,25.147393538913,57.4));
#8280 = CARTESIAN_POINT('',(-49.43643171806,25.147393538913,56.8));
#8281 = ORIENTED_EDGE('',*,*,#8282,.F.);
#8282 = EDGE_CURVE('',#8260,#8276,#8283,.T.);
#8283 = B_SPLINE_CURVE_WITH_KNOTS('',1,(#8284,#8285),.UNSPECIFIED.,.F.,
  .F.,(2,2),(0.,0.889317180617),.PIECEWISE_BEZIER_KNOTS.);
#8284 = CARTESIAN_POINT('',(-49.43643171806,26.03671071953,57.4));
#8285 = CARTESIAN_POINT('',(-49.43643171806,25.147393538913,57.4));
#8286 = B_SPLINE_SURFACE_WITH_KNOTS('',1,1,(
    (#8287,#8288)
    ,(#8289,#8290
    )),.UNSPECIFIED.,.F.,.F.,.F.,(2,2),(2,2),(0.,0.889317180617),(-0.6,
    0.),.PIECEWISE_BEZIER_KNOTS.);
#8287 = CARTESIAN_POINT('',(-49.43643171806,26.03671071953,56.8));
#8288 = CARTESIAN_POINT('',(-49.43643171806,26.03671071953,57.4));
#8289 = CARTESIAN_POINT('',(-49.43643171806,25.147393538913,56.8));
#8290 = CARTESIAN_POINT('',(-49.43643171806,25.147393538913,57.4));
#8291 = ADVANCED_FACE('',(#8292),#8314,.F.);
#8292 = FACE_BOUND('',#8293,.F.);
#8293 = EDGE_LOOP('',(#8294,#8295,#8302,#8309));
#8294 = ORIENTED_EDGE('',*,*,#8275,.T.);
#8295 = ORIENTED_EDGE('',*,*,#8296,.T.);
#8296 = EDGE_CURVE('',#8269,#8297,#8299,.T.);
#8297 = VERTEX_POINT('',#8298);
#8298 = CARTESIAN_POINT('',(-53.38356828193,25.147393538913,56.8));
#8299 = B_SPLINE_CURVE_WITH_KNOTS('',1,(#8300,#8301),.UNSPECIFIED.,.F.,
  .F.,(2,2),(0.,3.947136563877),.PIECEWISE_BEZIER_KNOTS.);
#8300 = CARTESIAN_POINT('',(-49.43643171806,25.147393538913,56.8));
#8301 = CARTESIAN_POINT('',(-53.38356828193,25.147393538913,56.8));
#8302 = ORIENTED_EDGE('',*,*,#8303,.F.);
#8303 = EDGE_CURVE('',#8304,#8297,#8306,.T.);
#8304 = VERTEX_POINT('',#8305);
#8305 = CARTESIAN_POINT('',(-53.38356828193,25.147393538913,57.4));
#8306 = B_SPLINE_CURVE_WITH_KNOTS('',1,(#8307,#8308),.UNSPECIFIED.,.F.,
  .F.,(2,2),(0.,0.6),.PIECEWISE_BEZIER_KNOTS.);
#8307 = CARTESIAN_POINT('',(-53.38356828193,25.147393538913,57.4));
#8308 = CARTESIAN_POINT('',(-53.38356828193,25.147393538913,56.8));
#8309 = ORIENTED_EDGE('',*,*,#8310,.F.);
#8310 = EDGE_CURVE('',#8276,#8304,#8311,.T.);
#8311 = B_SPLINE_CURVE_WITH_KNOTS('',1,(#8312,#8313),.UNSPECIFIED.,.F.,
  .F.,(2,2),(0.,3.947136563877),.PIECEWISE_BEZIER_KNOTS.);
#8312 = CARTESIAN_POINT('',(-49.43643171806,25.147393538913,57.4));
#8313 = CARTESIAN_POINT('',(-53.38356828193,25.147393538913,57.4));
#8314 = B_SPLINE_SURFACE_WITH_KNOTS('',1,1,(
    (#8315,#8316)
    ,(#8317,#8318
    )),.UNSPECIFIED.,.F.,.F.,.F.,(2,2),(2,2),(0.,3.947136563877),(-0.6,
    0.),.PIECEWISE_BEZIER_KNOTS.);
#8315 = CARTESIAN_POINT('',(-49.43643171806,25.147393538913,56.8));
#8316 = CARTESIAN_POINT('',(-49.43643171806,25.147393538913,57.4));
#8317 = CARTESIAN_POINT('',(-53.38356828193,25.147393538913,56.8));
#8318 = CARTESIAN_POINT('',(-53.38356828193,25.147393538913,57.4));
#8319 = ADVANCED_FACE('',(#8320),#8342,.F.);
#8320 = FACE_BOUND('',#8321,.F.);
#8321 = EDGE_LOOP('',(#8322,#8323,#8330,#8337));
#8322 = ORIENTED_EDGE('',*,*,#8303,.T.);
#8323 = ORIENTED_EDGE('',*,*,#8324,.T.);
#8324 = EDGE_CURVE('',#8297,#8325,#8327,.T.);
#8325 = VERTEX_POINT('',#8326);
#8326 = CARTESIAN_POINT('',(-53.38356828193,26.03671071953,56.8));
#8327 = B_SPLINE_CURVE_WITH_KNOTS('',1,(#8328,#8329),.UNSPECIFIED.,.F.,
  .F.,(2,2),(0.,0.889317180617),.PIECEWISE_BEZIER_KNOTS.);
#8328 = CARTESIAN_POINT('',(-53.38356828193,25.147393538913,56.8));
#8329 = CARTESIAN_POINT('',(-53.38356828193,26.03671071953,56.8));
#8330 = ORIENTED_EDGE('',*,*,#8331,.F.);
#8331 = EDGE_CURVE('',#8332,#8325,#8334,.T.);
#8332 = VERTEX_POINT('',#8333);
#8333 = CARTESIAN_POINT('',(-53.38356828193,26.03671071953,57.4));
#8334 = B_SPLINE_CURVE_WITH_KNOTS('',1,(#8335,#8336),.UNSPECIFIED.,.F.,
  .F.,(2,2),(0.,0.6),.PIECEWISE_BEZIER_KNOTS.);
#8335 = CARTESIAN_POINT('',(-53.38356828193,26.03671071953,57.4));
#8336 = CARTESIAN_POINT('',(-53.38356828193,26.03671071953,56.8));
#8337 = ORIENTED_EDGE('',*,*,#8338,.F.);
#8338 = EDGE_CURVE('',#8304,#8332,#8339,.T.);
#8339 = B_SPLINE_CURVE_WITH_KNOTS('',1,(#8340,#8341),.UNSPECIFIED.,.F.,
  .F.,(2,2),(0.,0.889317180617),.PIECEWISE_BEZIER_KNOTS.);
#8340 = CARTESIAN_POINT('',(-53.38356828193,25.147393538913,57.4));
#8341 = CARTESIAN_POINT('',(-53.38356828193,26.03671071953,57.4));
#8342 = B_SPLINE_SURFACE_WITH_KNOTS('',1,1,(
    (#8343,#8344)
    ,(#8345,#8346
    )),.UNSPECIFIED.,.F.,.F.,.F.,(2,2),(2,2),(0.,0.889317180617),(-0.6,
    0.),.PIECEWISE_BEZIER_KNOTS.);
#8343 = CARTESIAN_POINT('',(-53.38356828193,25.147393538913,56.8));
#8344 = CARTESIAN_POINT('',(-53.38356828193,25.147393538913,57.4));
#8345 = CARTESIAN_POINT('',(-53.38356828193,26.03671071953,56.8));
#8346 = CARTESIAN_POINT('',(-53.38356828193,26.03671071953,57.4));
#8347 = ADVANCED_FACE('',(#8348),#8362,.F.);
#8348 = FACE_BOUND('',#8349,.F.);
#8349 = EDGE_LOOP('',(#8350,#8351,#8356,#8357));
#8350 = ORIENTED_EDGE('',*,*,#8331,.T.);
#8351 = ORIENTED_EDGE('',*,*,#8352,.T.);
#8352 = EDGE_CURVE('',#8325,#8262,#8353,.T.);
#8353 = B_SPLINE_CURVE_WITH_KNOTS('',1,(#8354,#8355),.UNSPECIFIED.,.F.,
  .F.,(2,2),(0.,3.947136563877),.PIECEWISE_BEZIER_KNOTS.);
#8354 = CARTESIAN_POINT('',(-53.38356828193,26.03671071953,56.8));
#8355 = CARTESIAN_POINT('',(-49.43643171806,26.03671071953,56.8));
#8356 = ORIENTED_EDGE('',*,*,#8259,.F.);
#8357 = ORIENTED_EDGE('',*,*,#8358,.F.);
#8358 = EDGE_CURVE('',#8332,#8260,#8359,.T.);
#8359 = B_SPLINE_CURVE_WITH_KNOTS('',1,(#8360,#8361),.UNSPECIFIED.,.F.,
  .F.,(2,2),(0.,3.947136563877),.PIECEWISE_BEZIER_KNOTS.);
#8360 = CARTESIAN_POINT('',(-53.38356828193,26.03671071953,57.4));
#8361 = CARTESIAN_POINT('',(-49.43643171806,26.03671071953,57.4));
#8362 = B_SPLINE_SURFACE_WITH_KNOTS('',1,1,(
    (#8363,#8364)
    ,(#8365,#8366
    )),.UNSPECIFIED.,.F.,.F.,.F.,(2,2),(2,2),(0.,3.947136563877),(-0.6,
    0.),.PIECEWISE_BEZIER_KNOTS.);
#8363 = CARTESIAN_POINT('',(-53.38356828193,26.03671071953,56.8));
#8364 = CARTESIAN_POINT('',(-53.38356828193,26.03671071953,57.4));
#8365 = CARTESIAN_POINT('',(-49.43643171806,26.03671071953,56.8));
#8366 = CARTESIAN_POINT('',(-49.43643171806,26.03671071953,57.4));
#8367 = ADVANCED_FACE('',(#8368),#8374,.T.);
#8368 = FACE_BOUND('',#8369,.F.);
#8369 = EDGE_LOOP('',(#8370,#8371,#8372,#8373));
#8370 = ORIENTED_EDGE('',*,*,#8282,.T.);
#8371 = ORIENTED_EDGE('',*,*,#8310,.T.);
#8372 = ORIENTED_EDGE('',*,*,#8338,.T.);
#8373 = ORIENTED_EDGE('',*,*,#8358,.T.);
#8374 = B_SPLINE_SURFACE_WITH_KNOTS('',1,1,(
    (#8375,#8376)
    ,(#8377,#8378
    )),.UNSPECIFIED.,.F.,.F.,.F.,(2,2),(2,2),(-0.444658590308,
    0.444658590308),(-1.973568281938,1.973568281938),
  .PIECEWISE_BEZIER_KNOTS.);
#8375 = CARTESIAN_POINT('',(-49.43643171806,25.147393538913,57.4));
#8376 = CARTESIAN_POINT('',(-53.38356828193,25.147393538913,57.4));
#8377 = CARTESIAN_POINT('',(-49.43643171806,26.03671071953,57.4));
#8378 = CARTESIAN_POINT('',(-53.38356828193,26.03671071953,57.4));
#8379 = ADVANCED_FACE('',(#8380),#8386,.F.);
#8380 = FACE_BOUND('',#8381,.T.);
#8381 = EDGE_LOOP('',(#8382,#8383,#8384,#8385));
#8382 = ORIENTED_EDGE('',*,*,#8268,.T.);
#8383 = ORIENTED_EDGE('',*,*,#8296,.T.);
#8384 = ORIENTED_EDGE('',*,*,#8324,.T.);
#8385 = ORIENTED_EDGE('',*,*,#8352,.T.);
#8386 = B_SPLINE_SURFACE_WITH_KNOTS('',1,1,(
    (#8387,#8388)
    ,(#8389,#8390
    )),.UNSPECIFIED.,.F.,.F.,.F.,(2,2),(2,2),(-0.444658590308,
    0.444658590308),(-1.973568281938,1.973568281938),
  .PIECEWISE_BEZIER_KNOTS.);
#8387 = CARTESIAN_POINT('',(-49.43643171806,25.147393538913,56.8));
#8388 = CARTESIAN_POINT('',(-53.38356828193,25.147393538913,56.8));
#8389 = CARTESIAN_POINT('',(-49.43643171806,26.03671071953,56.8));
#8390 = CARTESIAN_POINT('',(-53.38356828193,26.03671071953,56.8));
#8391 = MANIFOLD_SOLID_BREP('',#8392);
#8392 = CLOSED_SHELL('',(#8393,#8433,#8465,#8497,#8529,#8561,#8593,#8621
    ,#8653,#8685,#8717,#8749,#8781,#8813,#8833,#8855));
#8393 = ADVANCED_FACE('',(#8394),#8426,.F.);
#8394 = FACE_BOUND('',#8395,.F.);
#8395 = EDGE_LOOP('',(#8396,#8405,#8413,#8420));
#8396 = ORIENTED_EDGE('',*,*,#8397,.T.);
#8397 = EDGE_CURVE('',#8398,#8400,#8402,.T.);
#8398 = VERTEX_POINT('',#8399);
#8399 = CARTESIAN_POINT('',(-49.57538179148,29.763399412628,57.4));
#8400 = VERTEX_POINT('',#8401);
#8401 = CARTESIAN_POINT('',(-49.57538179148,29.763399412628,56.8));
#8402 = B_SPLINE_CURVE_WITH_KNOTS('',1,(#8403,#8404),.UNSPECIFIED.,.F.,
  .F.,(2,2),(0.,0.6),.PIECEWISE_BEZIER_KNOTS.);
#8403 = CARTESIAN_POINT('',(-49.57538179148,29.763399412628,57.4));
#8404 = CARTESIAN_POINT('',(-49.57538179148,29.763399412628,56.8));
#8405 = ORIENTED_EDGE('',*,*,#8406,.T.);
#8406 = EDGE_CURVE('',#8400,#8407,#8409,.T.);
#8407 = VERTEX_POINT('',#8408);
#8408 = CARTESIAN_POINT('',(-49.36594713656,28.634544787078,56.8));
#8409 = B_SPLINE_CURVE_WITH_KNOTS('',2,(#8410,#8411,#8412),
  .UNSPECIFIED.,.F.,.F.,(3,3),(0.,1.),.PIECEWISE_BEZIER_KNOTS.);
#8410 = CARTESIAN_POINT('',(-49.57538179148,29.763399412628,56.8));
#8411 = CARTESIAN_POINT('',(-49.36594713656,29.331130690162,56.8));
#8412 = CARTESIAN_POINT('',(-49.36594713656,28.634544787078,56.8));
#8413 = ORIENTED_EDGE('',*,*,#8414,.F.);
#8414 = EDGE_CURVE('',#8415,#8407,#8417,.T.);
#8415 = VERTEX_POINT('',#8416);
#8416 = CARTESIAN_POINT('',(-49.36594713656,28.634544787078,57.4));
#8417 = B_SPLINE_CURVE_WITH_KNOTS('',1,(#8418,#8419),.UNSPECIFIED.,.F.,
  .F.,(2,2),(0.,0.6),.PIECEWISE_BEZIER_KNOTS.);
#8418 = CARTESIAN_POINT('',(-49.36594713656,28.634544787078,57.4));
#8419 = CARTESIAN_POINT('',(-49.36594713656,28.634544787078,56.8));
#8420 = ORIENTED_EDGE('',*,*,#8421,.F.);
#8421 = EDGE_CURVE('',#8398,#8415,#8422,.T.);
#8422 = B_SPLINE_CURVE_WITH_KNOTS('',2,(#8423,#8424,#8425),
  .UNSPECIFIED.,.F.,.F.,(3,3),(0.,1.),.PIECEWISE_BEZIER_KNOTS.);
#8423 = CARTESIAN_POINT('',(-49.57538179148,29.763399412628,57.4));
#8424 = CARTESIAN_POINT('',(-49.36594713656,29.331130690162,57.4));
#8425 = CARTESIAN_POINT('',(-49.36594713656,28.634544787078,57.4));
#8426 = B_SPLINE_SURFACE_WITH_KNOTS('',2,1,(
    (#8427,#8428)
    ,(#8429,#8430)
    ,(#8431,#8432
    )),.UNSPECIFIED.,.F.,.F.,.F.,(3,3),(2,2),(0.,1.),(-0.6,0.),
  .PIECEWISE_BEZIER_KNOTS.);
#8427 = CARTESIAN_POINT('',(-49.57538179148,29.763399412628,56.8));
#8428 = CARTESIAN_POINT('',(-49.57538179148,29.763399412628,57.4));
#8429 = CARTESIAN_POINT('',(-49.36594713656,29.331130690162,56.8));
#8430 = CARTESIAN_POINT('',(-49.36594713656,29.331130690162,57.4));
#8431 = CARTESIAN_POINT('',(-49.36594713656,28.634544787078,56.8));
#8432 = CARTESIAN_POINT('',(-49.36594713656,28.634544787078,57.4));
#8433 = ADVANCED_FACE('',(#8434),#8458,.F.);
#8434 = FACE_BOUND('',#8435,.F.);
#8435 = EDGE_LOOP('',(#8436,#8437,#8445,#8452));
#8436 = ORIENTED_EDGE('',*,*,#8414,.T.);
#8437 = ORIENTED_EDGE('',*,*,#8438,.T.);
#8438 = EDGE_CURVE('',#8407,#8439,#8441,.T.);
#8439 = VERTEX_POINT('',#8440);
#8440 = CARTESIAN_POINT('',(-49.90063876652,27.205580029369,56.8));
#8441 = B_SPLINE_CURVE_WITH_KNOTS('',2,(#8442,#8443,#8444),
  .UNSPECIFIED.,.F.,.F.,(3,3),(0.,1.),.PIECEWISE_BEZIER_KNOTS.);
#8442 = CARTESIAN_POINT('',(-49.36594713656,28.634544787078,56.8));
#8443 = CARTESIAN_POINT('',(-49.36594713656,27.725954478708,56.8));
#8444 = CARTESIAN_POINT('',(-49.90063876652,27.205580029369,56.8));
#8445 = ORIENTED_EDGE('',*,*,#8446,.F.);
#8446 = EDGE_CURVE('',#8447,#8439,#8449,.T.);
#8447 = VERTEX_POINT('',#8448);
#8448 = CARTESIAN_POINT('',(-49.90063876652,27.205580029369,57.4));
#8449 = B_SPLINE_CURVE_WITH_KNOTS('',1,(#8450,#8451),.UNSPECIFIED.,.F.,
  .F.,(2,2),(0.,0.6),.PIECEWISE_BEZIER_KNOTS.);
#8450 = CARTESIAN_POINT('',(-49.90063876652,27.205580029369,57.4));
#8451 = CARTESIAN_POINT('',(-49.90063876652,27.205580029369,56.8));
#8452 = ORIENTED_EDGE('',*,*,#8453,.F.);
#8453 = EDGE_CURVE('',#8415,#8447,#8454,.T.);
#8454 = B_SPLINE_CURVE_WITH_KNOTS('',2,(#8455,#8456,#8457),
  .UNSPECIFIED.,.F.,.F.,(3,3),(0.,1.),.PIECEWISE_BEZIER_KNOTS.);
#8455 = CARTESIAN_POINT('',(-49.36594713656,28.634544787078,57.4));
#8456 = CARTESIAN_POINT('',(-49.36594713656,27.725954478708,57.4));
#8457 = CARTESIAN_POINT('',(-49.90063876652,27.205580029369,57.4));
#8458 = B_SPLINE_SURFACE_WITH_KNOTS('',2,1,(
    (#8459,#8460)
    ,(#8461,#8462)
    ,(#8463,#8464
    )),.UNSPECIFIED.,.F.,.F.,.F.,(3,3),(2,2),(0.,1.),(-0.6,0.),
  .PIECEWISE_BEZIER_KNOTS.);
#8459 = CARTESIAN_POINT('',(-49.36594713656,28.634544787078,56.8));
#8460 = CARTESIAN_POINT('',(-49.36594713656,28.634544787078,57.4));
#8461 = CARTESIAN_POINT('',(-49.36594713656,27.725954478708,56.8));
#8462 = CARTESIAN_POINT('',(-49.36594713656,27.725954478708,57.4));
#8463 = CARTESIAN_POINT('',(-49.90063876652,27.205580029369,56.8));
#8464 = CARTESIAN_POINT('',(-49.90063876652,27.205580029369,57.4));
#8465 = ADVANCED_FACE('',(#8466),#8490,.F.);
#8466 = FACE_BOUND('',#8467,.F.);
#8467 = EDGE_LOOP('',(#8468,#8469,#8477,#8484));
#8468 = ORIENTED_EDGE('',*,*,#8446,.T.);
#8469 = ORIENTED_EDGE('',*,*,#8470,.T.);
#8470 = EDGE_CURVE('',#8439,#8471,#8473,.T.);
#8471 = VERTEX_POINT('',#8472);
#8472 = CARTESIAN_POINT('',(-51.32593245227,26.685205580029,56.8));
#8473 = B_SPLINE_CURVE_WITH_KNOTS('',2,(#8474,#8475,#8476),
  .UNSPECIFIED.,.F.,.F.,(3,3),(0.,1.),.PIECEWISE_BEZIER_KNOTS.);
#8474 = CARTESIAN_POINT('',(-49.90063876652,27.205580029369,56.8));
#8475 = CARTESIAN_POINT('',(-50.43551395007,26.685205580029,56.8));
#8476 = CARTESIAN_POINT('',(-51.32593245227,26.685205580029,56.8));
#8477 = ORIENTED_EDGE('',*,*,#8478,.F.);
#8478 = EDGE_CURVE('',#8479,#8471,#8481,.T.);
#8479 = VERTEX_POINT('',#8480);
#8480 = CARTESIAN_POINT('',(-51.32593245227,26.685205580029,57.4));
#8481 = B_SPLINE_CURVE_WITH_KNOTS('',1,(#8482,#8483),.UNSPECIFIED.,.F.,
  .F.,(2,2),(0.,0.6),.PIECEWISE_BEZIER_KNOTS.);
#8482 = CARTESIAN_POINT('',(-51.32593245227,26.685205580029,57.4));
#8483 = CARTESIAN_POINT('',(-51.32593245227,26.685205580029,56.8));
#8484 = ORIENTED_EDGE('',*,*,#8485,.F.);
#8485 = EDGE_CURVE('',#8447,#8479,#8486,.T.);
#8486 = B_SPLINE_CURVE_WITH_KNOTS('',2,(#8487,#8488,#8489),
  .UNSPECIFIED.,.F.,.F.,(3,3),(0.,1.),.PIECEWISE_BEZIER_KNOTS.);
#8487 = CARTESIAN_POINT('',(-49.90063876652,27.205580029369,57.4));
#8488 = CARTESIAN_POINT('',(-50.43551395007,26.685205580029,57.4));
#8489 = CARTESIAN_POINT('',(-51.32593245227,26.685205580029,57.4));
#8490 = B_SPLINE_SURFACE_WITH_KNOTS('',2,1,(
    (#8491,#8492)
    ,(#8493,#8494)
    ,(#8495,#8496
    )),.UNSPECIFIED.,.F.,.F.,.F.,(3,3),(2,2),(0.,1.),(-0.6,0.),
  .PIECEWISE_BEZIER_KNOTS.);
#8491 = CARTESIAN_POINT('',(-49.90063876652,27.205580029369,56.8));
#8492 = CARTESIAN_POINT('',(-49.90063876652,27.205580029369,57.4));
#8493 = CARTESIAN_POINT('',(-50.43551395007,26.685205580029,56.8));
#8494 = CARTESIAN_POINT('',(-50.43551395007,26.685205580029,57.4));
#8495 = CARTESIAN_POINT('',(-51.32593245227,26.685205580029,56.8));
#8496 = CARTESIAN_POINT('',(-51.32593245227,26.685205580029,57.4));
#8497 = ADVANCED_FACE('',(#8498),#8522,.F.);
#8498 = FACE_BOUND('',#8499,.F.);
#8499 = EDGE_LOOP('',(#8500,#8501,#8509,#8516));
#8500 = ORIENTED_EDGE('',*,*,#8478,.T.);
#8501 = ORIENTED_EDGE('',*,*,#8502,.T.);
#8502 = EDGE_CURVE('',#8471,#8503,#8505,.T.);
#8503 = VERTEX_POINT('',#8504);
#8504 = CARTESIAN_POINT('',(-52.86411160058,27.270190895742,56.8));
#8505 = B_SPLINE_CURVE_WITH_KNOTS('',2,(#8506,#8507,#8508),
  .UNSPECIFIED.,.F.,.F.,(3,3),(0.,1.),.PIECEWISE_BEZIER_KNOTS.);
#8506 = CARTESIAN_POINT('',(-51.32593245227,26.685205580029,56.8));
#8507 = CARTESIAN_POINT('',(-52.27417033773,26.685205580029,56.8));
#8508 = CARTESIAN_POINT('',(-52.86411160058,27.270190895742,56.8));
#8509 = ORIENTED_EDGE('',*,*,#8510,.F.);
#8510 = EDGE_CURVE('',#8511,#8503,#8513,.T.);
#8511 = VERTEX_POINT('',#8512);
#8512 = CARTESIAN_POINT('',(-52.86411160058,27.270190895742,57.4));
#8513 = B_SPLINE_CURVE_WITH_KNOTS('',1,(#8514,#8515),.UNSPECIFIED.,.F.,
  .F.,(2,2),(0.,0.6),.PIECEWISE_BEZIER_KNOTS.);
#8514 = CARTESIAN_POINT('',(-52.86411160058,27.270190895742,57.4));
#8515 = CARTESIAN_POINT('',(-52.86411160058,27.270190895742,56.8));
#8516 = ORIENTED_EDGE('',*,*,#8517,.F.);
#8517 = EDGE_CURVE('',#8479,#8511,#8518,.T.);
#8518 = B_SPLINE_CURVE_WITH_KNOTS('',2,(#8519,#8520,#8521),
  .UNSPECIFIED.,.F.,.F.,(3,3),(0.,1.),.PIECEWISE_BEZIER_KNOTS.);
#8519 = CARTESIAN_POINT('',(-51.32593245227,26.685205580029,57.4));
#8520 = CARTESIAN_POINT('',(-52.27417033773,26.685205580029,57.4));
#8521 = CARTESIAN_POINT('',(-52.86411160058,27.270190895742,57.4));
#8522 = B_SPLINE_SURFACE_WITH_KNOTS('',2,1,(
    (#8523,#8524)
    ,(#8525,#8526)
    ,(#8527,#8528
    )),.UNSPECIFIED.,.F.,.F.,.F.,(3,3),(2,2),(0.,1.),(-0.6,0.),
  .PIECEWISE_BEZIER_KNOTS.);
#8523 = CARTESIAN_POINT('',(-51.32593245227,26.685205580029,56.8));
#8524 = CARTESIAN_POINT('',(-51.32593245227,26.685205580029,57.4));
#8525 = CARTESIAN_POINT('',(-52.27417033773,26.685205580029,56.8));
#8526 = CARTESIAN_POINT('',(-52.27417033773,26.685205580029,57.4));
#8527 = CARTESIAN_POINT('',(-52.86411160058,27.270190895742,56.8));
#8528 = CARTESIAN_POINT('',(-52.86411160058,27.270190895742,57.4));
#8529 = ADVANCED_FACE('',(#8530),#8554,.F.);
#8530 = FACE_BOUND('',#8531,.F.);
#8531 = EDGE_LOOP('',(#8532,#8533,#8541,#8548));
#8532 = ORIENTED_EDGE('',*,*,#8510,.T.);
#8533 = ORIENTED_EDGE('',*,*,#8534,.T.);
#8534 = EDGE_CURVE('',#8503,#8535,#8537,.T.);
#8535 = VERTEX_POINT('',#8536);
#8536 = CARTESIAN_POINT('',(-53.45405286343,28.788729809104,56.8));
#8537 = B_SPLINE_CURVE_WITH_KNOTS('',2,(#8538,#8539,#8540),
  .UNSPECIFIED.,.F.,.F.,(3,3),(0.,1.),.PIECEWISE_BEZIER_KNOTS.);
#8538 = CARTESIAN_POINT('',(-52.86411160058,27.270190895742,56.8));
#8539 = CARTESIAN_POINT('',(-53.45405286343,27.855359765051,56.8));
#8540 = CARTESIAN_POINT('',(-53.45405286343,28.788729809104,56.8));
#8541 = ORIENTED_EDGE('',*,*,#8542,.F.);
#8542 = EDGE_CURVE('',#8543,#8535,#8545,.T.);
#8543 = VERTEX_POINT('',#8544);
#8544 = CARTESIAN_POINT('',(-53.45405286343,28.788729809104,57.4));
#8545 = B_SPLINE_CURVE_WITH_KNOTS('',1,(#8546,#8547),.UNSPECIFIED.,.F.,
  .F.,(2,2),(0.,0.6),.PIECEWISE_BEZIER_KNOTS.);
#8546 = CARTESIAN_POINT('',(-53.45405286343,28.788729809104,57.4));
#8547 = CARTESIAN_POINT('',(-53.45405286343,28.788729809104,56.8));
#8548 = ORIENTED_EDGE('',*,*,#8549,.F.);
#8549 = EDGE_CURVE('',#8511,#8543,#8550,.T.);
#8550 = B_SPLINE_CURVE_WITH_KNOTS('',2,(#8551,#8552,#8553),
  .UNSPECIFIED.,.F.,.F.,(3,3),(0.,1.),.PIECEWISE_BEZIER_KNOTS.);
#8551 = CARTESIAN_POINT('',(-52.86411160058,27.270190895742,57.4));
#8552 = CARTESIAN_POINT('',(-53.45405286343,27.855359765051,57.4));
#8553 = CARTESIAN_POINT('',(-53.45405286343,28.788729809104,57.4));
#8554 = B_SPLINE_SURFACE_WITH_KNOTS('',2,1,(
    (#8555,#8556)
    ,(#8557,#8558)
    ,(#8559,#8560
    )),.UNSPECIFIED.,.F.,.F.,.F.,(3,3),(2,2),(0.,1.),(-0.6,0.),
  .PIECEWISE_BEZIER_KNOTS.);
#8555 = CARTESIAN_POINT('',(-52.86411160058,27.270190895742,56.8));
#8556 = CARTESIAN_POINT('',(-52.86411160058,27.270190895742,57.4));
#8557 = CARTESIAN_POINT('',(-53.45405286343,27.855359765051,56.8));
#8558 = CARTESIAN_POINT('',(-53.45405286343,27.855359765051,57.4));
#8559 = CARTESIAN_POINT('',(-53.45405286343,28.788729809104,56.8));
#8560 = CARTESIAN_POINT('',(-53.45405286343,28.788729809104,57.4));
#8561 = ADVANCED_FACE('',(#8562),#8586,.F.);
#8562 = FACE_BOUND('',#8563,.F.);
#8563 = EDGE_LOOP('',(#8564,#8565,#8573,#8580));
#8564 = ORIENTED_EDGE('',*,*,#8542,.T.);
#8565 = ORIENTED_EDGE('',*,*,#8566,.T.);
#8566 = EDGE_CURVE('',#8535,#8567,#8569,.T.);
#8567 = VERTEX_POINT('',#8568);
#8568 = CARTESIAN_POINT('',(-53.30867841409,29.763399412628,56.8));
#8569 = B_SPLINE_CURVE_WITH_KNOTS('',2,(#8570,#8571,#8572),
  .UNSPECIFIED.,.F.,.F.,(3,3),(0.,1.),.PIECEWISE_BEZIER_KNOTS.);
#8570 = CARTESIAN_POINT('',(-53.45405286343,28.788729809104,56.8));
#8571 = CARTESIAN_POINT('',(-53.45405286343,29.366923641703,56.8));
#8572 = CARTESIAN_POINT('',(-53.30867841409,29.763399412628,56.8));
#8573 = ORIENTED_EDGE('',*,*,#8574,.F.);
#8574 = EDGE_CURVE('',#8575,#8567,#8577,.T.);
#8575 = VERTEX_POINT('',#8576);
#8576 = CARTESIAN_POINT('',(-53.30867841409,29.763399412628,57.4));
#8577 = B_SPLINE_CURVE_WITH_KNOTS('',1,(#8578,#8579),.UNSPECIFIED.,.F.,
  .F.,(2,2),(0.,0.6),.PIECEWISE_BEZIER_KNOTS.);
#8578 = CARTESIAN_POINT('',(-53.30867841409,29.763399412628,57.4));
#8579 = CARTESIAN_POINT('',(-53.30867841409,29.763399412628,56.8));
#8580 = ORIENTED_EDGE('',*,*,#8581,.F.);
#8581 = EDGE_CURVE('',#8543,#8575,#8582,.T.);
#8582 = B_SPLINE_CURVE_WITH_KNOTS('',2,(#8583,#8584,#8585),
  .UNSPECIFIED.,.F.,.F.,(3,3),(0.,1.),.PIECEWISE_BEZIER_KNOTS.);
#8583 = CARTESIAN_POINT('',(-53.45405286343,28.788729809104,57.4));
#8584 = CARTESIAN_POINT('',(-53.45405286343,29.366923641703,57.4));
#8585 = CARTESIAN_POINT('',(-53.30867841409,29.763399412628,57.4));
#8586 = B_SPLINE_SURFACE_WITH_KNOTS('',2,1,(
    (#8587,#8588)
    ,(#8589,#8590)
    ,(#8591,#8592
    )),.UNSPECIFIED.,.F.,.F.,.F.,(3,3),(2,2),(0.,1.),(-0.6,0.),
  .PIECEWISE_BEZIER_KNOTS.);
#8587 = CARTESIAN_POINT('',(-53.45405286343,28.788729809104,56.8));
#8588 = CARTESIAN_POINT('',(-53.45405286343,28.788729809104,57.4));
#8589 = CARTESIAN_POINT('',(-53.45405286343,29.366923641703,56.8));
#8590 = CARTESIAN_POINT('',(-53.45405286343,29.366923641703,57.4));
#8591 = CARTESIAN_POINT('',(-53.30867841409,29.763399412628,56.8));
#8592 = CARTESIAN_POINT('',(-53.30867841409,29.763399412628,57.4));
#8593 = ADVANCED_FACE('',(#8594),#8616,.F.);
#8594 = FACE_BOUND('',#8595,.F.);
#8595 = EDGE_LOOP('',(#8596,#8597,#8604,#8611));
#8596 = ORIENTED_EDGE('',*,*,#8574,.T.);
#8597 = ORIENTED_EDGE('',*,*,#8598,.T.);
#8598 = EDGE_CURVE('',#8567,#8599,#8601,.T.);
#8599 = VERTEX_POINT('',#8600);
#8600 = CARTESIAN_POINT('',(-52.45552129221,29.763399412628,56.8));
#8601 = B_SPLINE_CURVE_WITH_KNOTS('',1,(#8602,#8603),.UNSPECIFIED.,.F.,
  .F.,(2,2),(0.,0.85315712188),.PIECEWISE_BEZIER_KNOTS.);
#8602 = CARTESIAN_POINT('',(-53.30867841409,29.763399412628,56.8));
#8603 = CARTESIAN_POINT('',(-52.45552129221,29.763399412628,56.8));
#8604 = ORIENTED_EDGE('',*,*,#8605,.F.);
#8605 = EDGE_CURVE('',#8606,#8599,#8608,.T.);
#8606 = VERTEX_POINT('',#8607);
#8607 = CARTESIAN_POINT('',(-52.45552129221,29.763399412628,57.4));
#8608 = B_SPLINE_CURVE_WITH_KNOTS('',1,(#8609,#8610),.UNSPECIFIED.,.F.,
  .F.,(2,2),(0.,0.6),.PIECEWISE_BEZIER_KNOTS.);
#8609 = CARTESIAN_POINT('',(-52.45552129221,29.763399412628,57.4));
#8610 = CARTESIAN_POINT('',(-52.45552129221,29.763399412628,56.8));
#8611 = ORIENTED_EDGE('',*,*,#8612,.F.);
#8612 = EDGE_CURVE('',#8575,#8606,#8613,.T.);
#8613 = B_SPLINE_CURVE_WITH_KNOTS('',1,(#8614,#8615),.UNSPECIFIED.,.F.,
  .F.,(2,2),(0.,0.85315712188),.PIECEWISE_BEZIER_KNOTS.);
#8614 = CARTESIAN_POINT('',(-53.30867841409,29.763399412628,57.4));
#8615 = CARTESIAN_POINT('',(-52.45552129221,29.763399412628,57.4));
#8616 = B_SPLINE_SURFACE_WITH_KNOTS('',1,1,(
    (#8617,#8618)
    ,(#8619,#8620
    )),.UNSPECIFIED.,.F.,.F.,.F.,(2,2),(2,2),(0.,0.85315712188),(-0.6,0.
    ),.PIECEWISE_BEZIER_KNOTS.);
#8617 = CARTESIAN_POINT('',(-53.30867841409,29.763399412628,56.8));
#8618 = CARTESIAN_POINT('',(-53.30867841409,29.763399412628,57.4));
#8619 = CARTESIAN_POINT('',(-52.45552129221,29.763399412628,56.8));
#8620 = CARTESIAN_POINT('',(-52.45552129221,29.763399412628,57.4));
#8621 = ADVANCED_FACE('',(#8622),#8646,.F.);
#8622 = FACE_BOUND('',#8623,.F.);
#8623 = EDGE_LOOP('',(#8624,#8625,#8633,#8640));
#8624 = ORIENTED_EDGE('',*,*,#8605,.T.);
#8625 = ORIENTED_EDGE('',*,*,#8626,.T.);
#8626 = EDGE_CURVE('',#8599,#8627,#8629,.T.);
#8627 = VERTEX_POINT('',#8628);
#8628 = CARTESIAN_POINT('',(-52.68863436123,28.860315712188,56.8));
#8629 = B_SPLINE_CURVE_WITH_KNOTS('',2,(#8630,#8631,#8632),
  .UNSPECIFIED.,.F.,.F.,(3,3),(0.,1.),.PIECEWISE_BEZIER_KNOTS.);
#8630 = CARTESIAN_POINT('',(-52.45552129221,29.763399412628,56.8));
#8631 = CARTESIAN_POINT('',(-52.68863436123,29.366923641703,56.8));
#8632 = CARTESIAN_POINT('',(-52.68863436123,28.860315712188,56.8));
#8633 = ORIENTED_EDGE('',*,*,#8634,.F.);
#8634 = EDGE_CURVE('',#8635,#8627,#8637,.T.);
#8635 = VERTEX_POINT('',#8636);
#8636 = CARTESIAN_POINT('',(-52.68863436123,28.860315712188,57.4));
#8637 = B_SPLINE_CURVE_WITH_KNOTS('',1,(#8638,#8639),.UNSPECIFIED.,.F.,
  .F.,(2,2),(0.,0.6),.PIECEWISE_BEZIER_KNOTS.);
#8638 = CARTESIAN_POINT('',(-52.68863436123,28.860315712188,57.4));
#8639 = CARTESIAN_POINT('',(-52.68863436123,28.860315712188,56.8));
#8640 = ORIENTED_EDGE('',*,*,#8641,.F.);
#8641 = EDGE_CURVE('',#8606,#8635,#8642,.T.);
#8642 = B_SPLINE_CURVE_WITH_KNOTS('',2,(#8643,#8644,#8645),
  .UNSPECIFIED.,.F.,.F.,(3,3),(0.,1.),.PIECEWISE_BEZIER_KNOTS.);
#8643 = CARTESIAN_POINT('',(-52.45552129221,29.763399412628,57.4));
#8644 = CARTESIAN_POINT('',(-52.68863436123,29.366923641703,57.4));
#8645 = CARTESIAN_POINT('',(-52.68863436123,28.860315712188,57.4));
#8646 = B_SPLINE_SURFACE_WITH_KNOTS('',2,1,(
    (#8647,#8648)
    ,(#8649,#8650)
    ,(#8651,#8652
    )),.UNSPECIFIED.,.F.,.F.,.F.,(3,3),(2,2),(0.,1.),(-0.6,0.),
  .PIECEWISE_BEZIER_KNOTS.);
#8647 = CARTESIAN_POINT('',(-52.45552129221,29.763399412628,56.8));
#8648 = CARTESIAN_POINT('',(-52.45552129221,29.763399412628,57.4));
#8649 = CARTESIAN_POINT('',(-52.68863436123,29.366923641703,56.8));
#8650 = CARTESIAN_POINT('',(-52.68863436123,29.366923641703,57.4));
#8651 = CARTESIAN_POINT('',(-52.68863436123,28.860315712188,56.8));
#8652 = CARTESIAN_POINT('',(-52.68863436123,28.860315712188,57.4));
#8653 = ADVANCED_FACE('',(#8654),#8678,.F.);
#8654 = FACE_BOUND('',#8655,.F.);
#8655 = EDGE_LOOP('',(#8656,#8657,#8665,#8672));
#8656 = ORIENTED_EDGE('',*,*,#8634,.T.);
#8657 = ORIENTED_EDGE('',*,*,#8658,.T.);
#8658 = EDGE_CURVE('',#8627,#8659,#8661,.T.);
#8659 = VERTEX_POINT('',#8660);
#8660 = CARTESIAN_POINT('',(-52.33823054331,27.962738619677,56.8));
#8661 = B_SPLINE_CURVE_WITH_KNOTS('',2,(#8662,#8663,#8664),
  .UNSPECIFIED.,.F.,.F.,(3,3),(0.,1.),.PIECEWISE_BEZIER_KNOTS.);
#8662 = CARTESIAN_POINT('',(-52.68863436123,28.860315712188,56.8));
#8663 = CARTESIAN_POINT('',(-52.68863436123,28.304148311307,56.8));
#8664 = CARTESIAN_POINT('',(-52.33823054331,27.962738619677,56.8));
#8665 = ORIENTED_EDGE('',*,*,#8666,.F.);
#8666 = EDGE_CURVE('',#8667,#8659,#8669,.T.);
#8667 = VERTEX_POINT('',#8668);
#8668 = CARTESIAN_POINT('',(-52.33823054331,27.962738619677,57.4));
#8669 = B_SPLINE_CURVE_WITH_KNOTS('',1,(#8670,#8671),.UNSPECIFIED.,.F.,
  .F.,(2,2),(0.,0.6),.PIECEWISE_BEZIER_KNOTS.);
#8670 = CARTESIAN_POINT('',(-52.33823054331,27.962738619677,57.4));
#8671 = CARTESIAN_POINT('',(-52.33823054331,27.962738619677,56.8));
#8672 = ORIENTED_EDGE('',*,*,#8673,.F.);
#8673 = EDGE_CURVE('',#8635,#8667,#8674,.T.);
#8674 = B_SPLINE_CURVE_WITH_KNOTS('',2,(#8675,#8676,#8677),
  .UNSPECIFIED.,.F.,.F.,(3,3),(0.,1.),.PIECEWISE_BEZIER_KNOTS.);
#8675 = CARTESIAN_POINT('',(-52.68863436123,28.860315712188,57.4));
#8676 = CARTESIAN_POINT('',(-52.68863436123,28.304148311307,57.4));
#8677 = CARTESIAN_POINT('',(-52.33823054331,27.962738619677,57.4));
#8678 = B_SPLINE_SURFACE_WITH_KNOTS('',2,1,(
    (#8679,#8680)
    ,(#8681,#8682)
    ,(#8683,#8684
    )),.UNSPECIFIED.,.F.,.F.,.F.,(3,3),(2,2),(0.,1.),(-0.6,0.),
  .PIECEWISE_BEZIER_KNOTS.);
#8679 = CARTESIAN_POINT('',(-52.68863436123,28.860315712188,56.8));
#8680 = CARTESIAN_POINT('',(-52.68863436123,28.860315712188,57.4));
#8681 = CARTESIAN_POINT('',(-52.68863436123,28.304148311307,56.8));
#8682 = CARTESIAN_POINT('',(-52.68863436123,28.304148311307,57.4));
#8683 = CARTESIAN_POINT('',(-52.33823054331,27.962738619677,56.8));
#8684 = CARTESIAN_POINT('',(-52.33823054331,27.962738619677,57.4));
#8685 = ADVANCED_FACE('',(#8686),#8710,.F.);
#8686 = FACE_BOUND('',#8687,.F.);
#8687 = EDGE_LOOP('',(#8688,#8689,#8697,#8704));
#8688 = ORIENTED_EDGE('',*,*,#8666,.T.);
#8689 = ORIENTED_EDGE('',*,*,#8690,.T.);
#8690 = EDGE_CURVE('',#8659,#8691,#8693,.T.);
#8691 = VERTEX_POINT('',#8692);
#8692 = CARTESIAN_POINT('',(-51.38925844346,27.621328928047,56.8));
#8693 = B_SPLINE_CURVE_WITH_KNOTS('',2,(#8694,#8695,#8696),
  .UNSPECIFIED.,.F.,.F.,(3,3),(0.,1.),.PIECEWISE_BEZIER_KNOTS.);
#8694 = CARTESIAN_POINT('',(-52.33823054331,27.962738619677,56.8));
#8695 = CARTESIAN_POINT('',(-51.988010279,27.621328928047,56.8));
#8696 = CARTESIAN_POINT('',(-51.38925844346,27.621328928047,56.8));
#8697 = ORIENTED_EDGE('',*,*,#8698,.F.);
#8698 = EDGE_CURVE('',#8699,#8691,#8701,.T.);
#8699 = VERTEX_POINT('',#8700);
#8700 = CARTESIAN_POINT('',(-51.38925844346,27.621328928047,57.4));
#8701 = B_SPLINE_CURVE_WITH_KNOTS('',1,(#8702,#8703),.UNSPECIFIED.,.F.,
  .F.,(2,2),(0.,0.6),.PIECEWISE_BEZIER_KNOTS.);
#8702 = CARTESIAN_POINT('',(-51.38925844346,27.621328928047,57.4));
#8703 = CARTESIAN_POINT('',(-51.38925844346,27.621328928047,56.8));
#8704 = ORIENTED_EDGE('',*,*,#8705,.F.);
#8705 = EDGE_CURVE('',#8667,#8699,#8706,.T.);
#8706 = B_SPLINE_CURVE_WITH_KNOTS('',2,(#8707,#8708,#8709),
  .UNSPECIFIED.,.F.,.F.,(3,3),(0.,1.),.PIECEWISE_BEZIER_KNOTS.);
#8707 = CARTESIAN_POINT('',(-52.33823054331,27.962738619677,57.4));
#8708 = CARTESIAN_POINT('',(-51.988010279,27.621328928047,57.4));
#8709 = CARTESIAN_POINT('',(-51.38925844346,27.621328928047,57.4));
#8710 = B_SPLINE_SURFACE_WITH_KNOTS('',2,1,(
    (#8711,#8712)
    ,(#8713,#8714)
    ,(#8715,#8716
    )),.UNSPECIFIED.,.F.,.F.,.F.,(3,3),(2,2),(0.,1.),(-0.6,0.),
  .PIECEWISE_BEZIER_KNOTS.);
#8711 = CARTESIAN_POINT('',(-52.33823054331,27.962738619677,56.8));
#8712 = CARTESIAN_POINT('',(-52.33823054331,27.962738619677,57.4));
#8713 = CARTESIAN_POINT('',(-51.988010279,27.621328928047,56.8));
#8714 = CARTESIAN_POINT('',(-51.988010279,27.621328928047,57.4));
#8715 = CARTESIAN_POINT('',(-51.38925844346,27.621328928047,56.8));
#8716 = CARTESIAN_POINT('',(-51.38925844346,27.621328928047,57.4));
#8717 = ADVANCED_FACE('',(#8718),#8742,.F.);
#8718 = FACE_BOUND('',#8719,.F.);
#8719 = EDGE_LOOP('',(#8720,#8721,#8729,#8736));
#8720 = ORIENTED_EDGE('',*,*,#8698,.T.);
#8721 = ORIENTED_EDGE('',*,*,#8722,.T.);
#8722 = EDGE_CURVE('',#8691,#8723,#8725,.T.);
#8723 = VERTEX_POINT('',#8724);
#8724 = CARTESIAN_POINT('',(-50.47479441997,27.943465491924,56.8));
#8725 = B_SPLINE_CURVE_WITH_KNOTS('',2,(#8726,#8727,#8728),
  .UNSPECIFIED.,.F.,.F.,(3,3),(0.,1.),.PIECEWISE_BEZIER_KNOTS.);
#8726 = CARTESIAN_POINT('',(-51.38925844346,27.621328928047,56.8));
#8727 = CARTESIAN_POINT('',(-50.81546989721,27.621328928047,56.8));
#8728 = CARTESIAN_POINT('',(-50.47479441997,27.943465491924,56.8));
#8729 = ORIENTED_EDGE('',*,*,#8730,.F.);
#8730 = EDGE_CURVE('',#8731,#8723,#8733,.T.);
#8731 = VERTEX_POINT('',#8732);
#8732 = CARTESIAN_POINT('',(-50.47479441997,27.943465491924,57.4));
#8733 = B_SPLINE_CURVE_WITH_KNOTS('',1,(#8734,#8735),.UNSPECIFIED.,.F.,
  .F.,(2,2),(0.,0.6),.PIECEWISE_BEZIER_KNOTS.);
#8734 = CARTESIAN_POINT('',(-50.47479441997,27.943465491924,57.4));
#8735 = CARTESIAN_POINT('',(-50.47479441997,27.943465491924,56.8));
#8736 = ORIENTED_EDGE('',*,*,#8737,.F.);
#8737 = EDGE_CURVE('',#8699,#8731,#8738,.T.);
#8738 = B_SPLINE_CURVE_WITH_KNOTS('',2,(#8739,#8740,#8741),
  .UNSPECIFIED.,.F.,.F.,(3,3),(0.,1.),.PIECEWISE_BEZIER_KNOTS.);
#8739 = CARTESIAN_POINT('',(-51.38925844346,27.621328928047,57.4));
#8740 = CARTESIAN_POINT('',(-50.81546989721,27.621328928047,57.4));
#8741 = CARTESIAN_POINT('',(-50.47479441997,27.943465491924,57.4));
#8742 = B_SPLINE_SURFACE_WITH_KNOTS('',2,1,(
    (#8743,#8744)
    ,(#8745,#8746)
    ,(#8747,#8748
    )),.UNSPECIFIED.,.F.,.F.,.F.,(3,3),(2,2),(0.,1.),(-0.6,0.),
  .PIECEWISE_BEZIER_KNOTS.);
#8743 = CARTESIAN_POINT('',(-51.38925844346,27.621328928047,56.8));
#8744 = CARTESIAN_POINT('',(-51.38925844346,27.621328928047,57.4));
#8745 = CARTESIAN_POINT('',(-50.81546989721,27.621328928047,56.8));
#8746 = CARTESIAN_POINT('',(-50.81546989721,27.621328928047,57.4));
#8747 = CARTESIAN_POINT('',(-50.47479441997,27.943465491924,56.8));
#8748 = CARTESIAN_POINT('',(-50.47479441997,27.943465491924,57.4));
#8749 = ADVANCED_FACE('',(#8750),#8774,.F.);
#8750 = FACE_BOUND('',#8751,.F.);
#8751 = EDGE_LOOP('',(#8752,#8753,#8761,#8768));
#8752 = ORIENTED_EDGE('',*,*,#8730,.T.);
#8753 = ORIENTED_EDGE('',*,*,#8754,.T.);
#8754 = EDGE_CURVE('',#8723,#8755,#8757,.T.);
#8755 = VERTEX_POINT('',#8756);
#8756 = CARTESIAN_POINT('',(-50.13411894273,28.810756240822,56.8));
#8757 = B_SPLINE_CURVE_WITH_KNOTS('',2,(#8758,#8759,#8760),
  .UNSPECIFIED.,.F.,.F.,(3,3),(0.,1.),.PIECEWISE_BEZIER_KNOTS.);
#8758 = CARTESIAN_POINT('',(-50.47479441997,27.943465491924,56.8));
#8759 = CARTESIAN_POINT('',(-50.13411894273,28.2656020558,56.8));
#8760 = CARTESIAN_POINT('',(-50.13411894273,28.810756240822,56.8));
#8761 = ORIENTED_EDGE('',*,*,#8762,.F.);
#8762 = EDGE_CURVE('',#8763,#8755,#8765,.T.);
#8763 = VERTEX_POINT('',#8764);
#8764 = CARTESIAN_POINT('',(-50.13411894273,28.810756240822,57.4));
#8765 = B_SPLINE_CURVE_WITH_KNOTS('',1,(#8766,#8767),.UNSPECIFIED.,.F.,
  .F.,(2,2),(0.,0.6),.PIECEWISE_BEZIER_KNOTS.);
#8766 = CARTESIAN_POINT('',(-50.13411894273,28.810756240822,57.4));
#8767 = CARTESIAN_POINT('',(-50.13411894273,28.810756240822,56.8));
#8768 = ORIENTED_EDGE('',*,*,#8769,.F.);
#8769 = EDGE_CURVE('',#8731,#8763,#8770,.T.);
#8770 = B_SPLINE_CURVE_WITH_KNOTS('',2,(#8771,#8772,#8773),
  .UNSPECIFIED.,.F.,.F.,(3,3),(0.,1.),.PIECEWISE_BEZIER_KNOTS.);
#8771 = CARTESIAN_POINT('',(-50.47479441997,27.943465491924,57.4));
#8772 = CARTESIAN_POINT('',(-50.13411894273,28.2656020558,57.4));
#8773 = CARTESIAN_POINT('',(-50.13411894273,28.810756240822,57.4));
#8774 = B_SPLINE_SURFACE_WITH_KNOTS('',2,1,(
    (#8775,#8776)
    ,(#8777,#8778)
    ,(#8779,#8780
    )),.UNSPECIFIED.,.F.,.F.,.F.,(3,3),(2,2),(0.,1.),(-0.6,0.),
  .PIECEWISE_BEZIER_KNOTS.);
#8775 = CARTESIAN_POINT('',(-50.47479441997,27.943465491924,56.8));
#8776 = CARTESIAN_POINT('',(-50.47479441997,27.943465491924,57.4));
#8777 = CARTESIAN_POINT('',(-50.13411894273,28.2656020558,56.8));
#8778 = CARTESIAN_POINT('',(-50.13411894273,28.2656020558,57.4));
#8779 = CARTESIAN_POINT('',(-50.13411894273,28.810756240822,56.8));
#8780 = CARTESIAN_POINT('',(-50.13411894273,28.810756240822,57.4));
#8781 = ADVANCED_FACE('',(#8782),#8806,.F.);
#8782 = FACE_BOUND('',#8783,.F.);
#8783 = EDGE_LOOP('',(#8784,#8785,#8793,#8800));
#8784 = ORIENTED_EDGE('',*,*,#8762,.T.);
#8785 = ORIENTED_EDGE('',*,*,#8786,.T.);
#8786 = EDGE_CURVE('',#8755,#8787,#8789,.T.);
#8787 = VERTEX_POINT('',#8788);
#8788 = CARTESIAN_POINT('',(-50.38797356828,29.763399412628,56.8));
#8789 = B_SPLINE_CURVE_WITH_KNOTS('',2,(#8790,#8791,#8792),
  .UNSPECIFIED.,.F.,.F.,(3,3),(0.,1.),.PIECEWISE_BEZIER_KNOTS.);
#8790 = CARTESIAN_POINT('',(-50.13411894273,28.810756240822,56.8));
#8791 = CARTESIAN_POINT('',(-50.13411894273,29.331130690162,56.8));
#8792 = CARTESIAN_POINT('',(-50.38797356828,29.763399412628,56.8));
#8793 = ORIENTED_EDGE('',*,*,#8794,.F.);
#8794 = EDGE_CURVE('',#8795,#8787,#8797,.T.);
#8795 = VERTEX_POINT('',#8796);
#8796 = CARTESIAN_POINT('',(-50.38797356828,29.763399412628,57.4));
#8797 = B_SPLINE_CURVE_WITH_KNOTS('',1,(#8798,#8799),.UNSPECIFIED.,.F.,
  .F.,(2,2),(0.,0.6),.PIECEWISE_BEZIER_KNOTS.);
#8798 = CARTESIAN_POINT('',(-50.38797356828,29.763399412628,57.4));
#8799 = CARTESIAN_POINT('',(-50.38797356828,29.763399412628,56.8));
#8800 = ORIENTED_EDGE('',*,*,#8801,.F.);
#8801 = EDGE_CURVE('',#8763,#8795,#8802,.T.);
#8802 = B_SPLINE_CURVE_WITH_KNOTS('',2,(#8803,#8804,#8805),
  .UNSPECIFIED.,.F.,.F.,(3,3),(0.,1.),.PIECEWISE_BEZIER_KNOTS.);
#8803 = CARTESIAN_POINT('',(-50.13411894273,28.810756240822,57.4));
#8804 = CARTESIAN_POINT('',(-50.13411894273,29.331130690162,57.4));
#8805 = CARTESIAN_POINT('',(-50.38797356828,29.763399412628,57.4));
#8806 = B_SPLINE_SURFACE_WITH_KNOTS('',2,1,(
    (#8807,#8808)
    ,(#8809,#8810)
    ,(#8811,#8812
    )),.UNSPECIFIED.,.F.,.F.,.F.,(3,3),(2,2),(0.,1.),(-0.6,0.),
  .PIECEWISE_BEZIER_KNOTS.);
#8807 = CARTESIAN_POINT('',(-50.13411894273,28.810756240822,56.8));
#8808 = CARTESIAN_POINT('',(-50.13411894273,28.810756240822,57.4));
#8809 = CARTESIAN_POINT('',(-50.13411894273,29.331130690162,56.8));
#8810 = CARTESIAN_POINT('',(-50.13411894273,29.331130690162,57.4));
#8811 = CARTESIAN_POINT('',(-50.38797356828,29.763399412628,56.8));
#8812 = CARTESIAN_POINT('',(-50.38797356828,29.763399412628,57.4));
#8813 = ADVANCED_FACE('',(#8814),#8828,.F.);
#8814 = FACE_BOUND('',#8815,.F.);
#8815 = EDGE_LOOP('',(#8816,#8817,#8822,#8823));
#8816 = ORIENTED_EDGE('',*,*,#8794,.T.);
#8817 = ORIENTED_EDGE('',*,*,#8818,.T.);
#8818 = EDGE_CURVE('',#8787,#8400,#8819,.T.);
#8819 = B_SPLINE_CURVE_WITH_KNOTS('',1,(#8820,#8821),.UNSPECIFIED.,.F.,
  .F.,(2,2),(0.,0.812591776799),.PIECEWISE_BEZIER_KNOTS.);
#8820 = CARTESIAN_POINT('',(-50.38797356828,29.763399412628,56.8));
#8821 = CARTESIAN_POINT('',(-49.57538179148,29.763399412628,56.8));
#8822 = ORIENTED_EDGE('',*,*,#8397,.F.);
#8823 = ORIENTED_EDGE('',*,*,#8824,.F.);
#8824 = EDGE_CURVE('',#8795,#8398,#8825,.T.);
#8825 = B_SPLINE_CURVE_WITH_KNOTS('',1,(#8826,#8827),.UNSPECIFIED.,.F.,
  .F.,(2,2),(0.,0.812591776799),.PIECEWISE_BEZIER_KNOTS.);
#8826 = CARTESIAN_POINT('',(-50.38797356828,29.763399412628,57.4));
#8827 = CARTESIAN_POINT('',(-49.57538179148,29.763399412628,57.4));
#8828 = B_SPLINE_SURFACE_WITH_KNOTS('',1,1,(
    (#8829,#8830)
    ,(#8831,#8832
    )),.UNSPECIFIED.,.F.,.F.,.F.,(2,2),(2,2),(0.,0.812591776799),(-0.6,
    0.),.PIECEWISE_BEZIER_KNOTS.);
#8829 = CARTESIAN_POINT('',(-50.38797356828,29.763399412628,56.8));
#8830 = CARTESIAN_POINT('',(-50.38797356828,29.763399412628,57.4));
#8831 = CARTESIAN_POINT('',(-49.57538179148,29.763399412628,56.8));
#8832 = CARTESIAN_POINT('',(-49.57538179148,29.763399412628,57.4));
#8833 = ADVANCED_FACE('',(#8834),#8850,.T.);
#8834 = FACE_BOUND('',#8835,.F.);
#8835 = EDGE_LOOP('',(#8836,#8837,#8838,#8839,#8840,#8841,#8842,#8843,
    #8844,#8845,#8846,#8847,#8848,#8849));
#8836 = ORIENTED_EDGE('',*,*,#8421,.T.);
#8837 = ORIENTED_EDGE('',*,*,#8453,.T.);
#8838 = ORIENTED_EDGE('',*,*,#8485,.T.);
#8839 = ORIENTED_EDGE('',*,*,#8517,.T.);
#8840 = ORIENTED_EDGE('',*,*,#8549,.T.);
#8841 = ORIENTED_EDGE('',*,*,#8581,.T.);
#8842 = ORIENTED_EDGE('',*,*,#8612,.T.);
#8843 = ORIENTED_EDGE('',*,*,#8641,.T.);
#8844 = ORIENTED_EDGE('',*,*,#8673,.T.);
#8845 = ORIENTED_EDGE('',*,*,#8705,.T.);
#8846 = ORIENTED_EDGE('',*,*,#8737,.T.);
#8847 = ORIENTED_EDGE('',*,*,#8769,.T.);
#8848 = ORIENTED_EDGE('',*,*,#8801,.T.);
#8849 = ORIENTED_EDGE('',*,*,#8824,.T.);
#8850 = B_SPLINE_SURFACE_WITH_KNOTS('',1,1,(
    (#8851,#8852)
    ,(#8853,#8854
    )),.UNSPECIFIED.,.F.,.F.,.F.,(2,2),(2,2),(-1.597647378823,
    1.480546453776),(-2.034880651459,2.053225075414),
  .PIECEWISE_BEZIER_KNOTS.);
#8851 = CARTESIAN_POINT('',(-49.36594713656,26.685205580029,57.4));
#8852 = CARTESIAN_POINT('',(-53.45405286343,26.685205580029,57.4));
#8853 = CARTESIAN_POINT('',(-49.36594713656,29.763399412628,57.4));
#8854 = CARTESIAN_POINT('',(-53.45405286343,29.763399412628,57.4));
#8855 = ADVANCED_FACE('',(#8856),#8872,.F.);
#8856 = FACE_BOUND('',#8857,.T.);
#8857 = EDGE_LOOP('',(#8858,#8859,#8860,#8861,#8862,#8863,#8864,#8865,
    #8866,#8867,#8868,#8869,#8870,#8871));
#8858 = ORIENTED_EDGE('',*,*,#8406,.T.);
#8859 = ORIENTED_EDGE('',*,*,#8438,.T.);
#8860 = ORIENTED_EDGE('',*,*,#8470,.T.);
#8861 = ORIENTED_EDGE('',*,*,#8502,.T.);
#8862 = ORIENTED_EDGE('',*,*,#8534,.T.);
#8863 = ORIENTED_EDGE('',*,*,#8566,.T.);
#8864 = ORIENTED_EDGE('',*,*,#8598,.T.);
#8865 = ORIENTED_EDGE('',*,*,#8626,.T.);
#8866 = ORIENTED_EDGE('',*,*,#8658,.T.);
#8867 = ORIENTED_EDGE('',*,*,#8690,.T.);
#8868 = ORIENTED_EDGE('',*,*,#8722,.T.);
#8869 = ORIENTED_EDGE('',*,*,#8754,.T.);
#8870 = ORIENTED_EDGE('',*,*,#8786,.T.);
#8871 = ORIENTED_EDGE('',*,*,#8818,.T.);
#8872 = B_SPLINE_SURFACE_WITH_KNOTS('',1,1,(
    (#8873,#8874)
    ,(#8875,#8876
    )),.UNSPECIFIED.,.F.,.F.,.F.,(2,2),(2,2),(-1.597647378823,
    1.480546453776),(-2.034880651459,2.053225075414),
  .PIECEWISE_BEZIER_KNOTS.);
#8873 = CARTESIAN_POINT('',(-49.36594713656,26.685205580029,56.8));
#8874 = CARTESIAN_POINT('',(-53.45405286343,26.685205580029,56.8));
#8875 = CARTESIAN_POINT('',(-49.36594713656,29.763399412628,56.8));
#8876 = CARTESIAN_POINT('',(-53.45405286343,29.763399412628,56.8));
#8877 = MANIFOLD_SOLID_BREP('',#8878);
#8878 = CLOSED_SHELL('',(#8879,#8915,#8947,#8979,#9011,#9043,#9075,#9107
    ,#9139,#9171,#9203,#9235,#9267,#9299,#9331,#9363,#9395,#9427,#9459,
    #9491,#9519,#9551,#9583,#9615,#9647,#9679,#9711,#9743,#9775,#9807,
    #9839,#9871,#9903,#9935,#9967,#9999,#10031,#10063,#10095,#10127,
    #10159,#10191,#10215,#10265));
#8879 = ADVANCED_FACE('',(#8880),#8910,.F.);
#8880 = FACE_BOUND('',#8881,.F.);
#8881 = EDGE_LOOP('',(#8882,#8891,#8898,#8905));
#8882 = ORIENTED_EDGE('',*,*,#8883,.T.);
#8883 = EDGE_CURVE('',#8884,#8886,#8888,.T.);
#8884 = VERTEX_POINT('',#8885);
#8885 = CARTESIAN_POINT('',(-49.58566079295,30.275513950073,57.4));
#8886 = VERTEX_POINT('',#8887);
#8887 = CARTESIAN_POINT('',(-49.58566079295,30.275513950073,56.8));
#8888 = B_SPLINE_CURVE_WITH_KNOTS('',1,(#8889,#8890),.UNSPECIFIED.,.F.,
  .F.,(2,2),(0.,0.6),.PIECEWISE_BEZIER_KNOTS.);
#8889 = CARTESIAN_POINT('',(-49.58566079295,30.275513950073,57.4));
#8890 = CARTESIAN_POINT('',(-49.58566079295,30.275513950073,56.8));
#8891 = ORIENTED_EDGE('',*,*,#8892,.T.);
#8892 = EDGE_CURVE('',#8886,#8893,#8895,.T.);
#8893 = VERTEX_POINT('',#8894);
#8894 = CARTESIAN_POINT('',(-50.4646989721,30.275513950073,56.8));
#8895 = B_SPLINE_CURVE_WITH_KNOTS('',1,(#8896,#8897),.UNSPECIFIED.,.F.,
  .F.,(2,2),(0.,0.879038179148),.PIECEWISE_BEZIER_KNOTS.);
#8896 = CARTESIAN_POINT('',(-49.58566079295,30.275513950073,56.8));
#8897 = CARTESIAN_POINT('',(-50.4646989721,30.275513950073,56.8));
#8898 = ORIENTED_EDGE('',*,*,#8899,.F.);
#8899 = EDGE_CURVE('',#8900,#8893,#8902,.T.);
#8900 = VERTEX_POINT('',#8901);
#8901 = CARTESIAN_POINT('',(-50.4646989721,30.275513950073,57.4));
#8902 = B_SPLINE_CURVE_WITH_KNOTS('',1,(#8903,#8904),.UNSPECIFIED.,.F.,
  .F.,(2,2),(0.,0.6),.PIECEWISE_BEZIER_KNOTS.);
#8903 = CARTESIAN_POINT('',(-50.4646989721,30.275513950073,57.4));
#8904 = CARTESIAN_POINT('',(-50.4646989721,30.275513950073,56.8));
#8905 = ORIENTED_EDGE('',*,*,#8906,.F.);
#8906 = EDGE_CURVE('',#8884,#8900,#8907,.T.);
#8907 = B_SPLINE_CURVE_WITH_KNOTS('',1,(#8908,#8909),.UNSPECIFIED.,.F.,
  .F.,(2,2),(0.,0.879038179148),.PIECEWISE_BEZIER_KNOTS.);
#8908 = CARTESIAN_POINT('',(-49.58566079295,30.275513950073,57.4));
#8909 = CARTESIAN_POINT('',(-50.4646989721,30.275513950073,57.4));
#8910 = B_SPLINE_SURFACE_WITH_KNOTS('',1,1,(
    (#8911,#8912)
    ,(#8913,#8914
    )),.UNSPECIFIED.,.F.,.F.,.F.,(2,2),(2,2),(0.,0.879038179148),(-0.6,
    0.),.PIECEWISE_BEZIER_KNOTS.);
#8911 = CARTESIAN_POINT('',(-49.58566079295,30.275513950073,56.8));
#8912 = CARTESIAN_POINT('',(-49.58566079295,30.275513950073,57.4));
#8913 = CARTESIAN_POINT('',(-50.4646989721,30.275513950073,56.8));
#8914 = CARTESIAN_POINT('',(-50.4646989721,30.275513950073,57.4));
#8915 = ADVANCED_FACE('',(#8916),#8940,.F.);
#8916 = FACE_BOUND('',#8917,.F.);
#8917 = EDGE_LOOP('',(#8918,#8919,#8927,#8934));
#8918 = ORIENTED_EDGE('',*,*,#8899,.T.);
#8919 = ORIENTED_EDGE('',*,*,#8920,.T.);
#8920 = EDGE_CURVE('',#8893,#8921,#8923,.T.);
#8921 = VERTEX_POINT('',#8922);
#8922 = CARTESIAN_POINT('',(-50.16513950073,30.795888399413,56.8));
#8923 = B_SPLINE_CURVE_WITH_KNOTS('',2,(#8924,#8925,#8926),
  .UNSPECIFIED.,.F.,.F.,(3,3),(0.,1.),.PIECEWISE_BEZIER_KNOTS.);
#8924 = CARTESIAN_POINT('',(-50.4646989721,30.275513950073,56.8));
#8925 = CARTESIAN_POINT('',(-50.26499265785,30.515051395007,56.8));
#8926 = CARTESIAN_POINT('',(-50.16513950073,30.795888399413,56.8));
#8927 = ORIENTED_EDGE('',*,*,#8928,.F.);
#8928 = EDGE_CURVE('',#8929,#8921,#8931,.T.);
#8929 = VERTEX_POINT('',#8930);
#8930 = CARTESIAN_POINT('',(-50.16513950073,30.795888399413,57.4));
#8931 = B_SPLINE_CURVE_WITH_KNOTS('',1,(#8932,#8933),.UNSPECIFIED.,.F.,
  .F.,(2,2),(0.,0.6),.PIECEWISE_BEZIER_KNOTS.);
#8932 = CARTESIAN_POINT('',(-50.16513950073,30.795888399413,57.4));
#8933 = CARTESIAN_POINT('',(-50.16513950073,30.795888399413,56.8));
#8934 = ORIENTED_EDGE('',*,*,#8935,.F.);
#8935 = EDGE_CURVE('',#8900,#8929,#8936,.T.);
#8936 = B_SPLINE_CURVE_WITH_KNOTS('',2,(#8937,#8938,#8939),
  .UNSPECIFIED.,.F.,.F.,(3,3),(0.,1.),.PIECEWISE_BEZIER_KNOTS.);
#8937 = CARTESIAN_POINT('',(-50.4646989721,30.275513950073,57.4));
#8938 = CARTESIAN_POINT('',(-50.26499265785,30.515051395007,57.4));
#8939 = CARTESIAN_POINT('',(-50.16513950073,30.795888399413,57.4));
#8940 = B_SPLINE_SURFACE_WITH_KNOTS('',2,1,(
    (#8941,#8942)
    ,(#8943,#8944)
    ,(#8945,#8946
    )),.UNSPECIFIED.,.F.,.F.,.F.,(3,3),(2,2),(0.,1.),(-0.6,0.),
  .PIECEWISE_BEZIER_KNOTS.);
#8941 = CARTESIAN_POINT('',(-50.4646989721,30.275513950073,56.8));
#8942 = CARTESIAN_POINT('',(-50.4646989721,30.275513950073,57.4));
#8943 = CARTESIAN_POINT('',(-50.26499265785,30.515051395007,56.8));
#8944 = CARTESIAN_POINT('',(-50.26499265785,30.515051395007,57.4));
#8945 = CARTESIAN_POINT('',(-50.16513950073,30.795888399413,56.8));
#8946 = CARTESIAN_POINT('',(-50.16513950073,30.795888399413,57.4));
#8947 = ADVANCED_FACE('',(#8948),#8972,.F.);
#8948 = FACE_BOUND('',#8949,.F.);
#8949 = EDGE_LOOP('',(#8950,#8951,#8959,#8966));
#8950 = ORIENTED_EDGE('',*,*,#8928,.T.);
#8951 = ORIENTED_EDGE('',*,*,#8952,.T.);
#8952 = EDGE_CURVE('',#8921,#8953,#8955,.T.);
#8953 = VERTEX_POINT('',#8954);
#8954 = CARTESIAN_POINT('',(-50.06528634361,31.363069016153,56.8));
#8955 = B_SPLINE_CURVE_WITH_KNOTS('',2,(#8956,#8957,#8958),
  .UNSPECIFIED.,.F.,.F.,(3,3),(0.,1.),.PIECEWISE_BEZIER_KNOTS.);
#8956 = CARTESIAN_POINT('',(-50.16513950073,30.795888399413,56.8));
#8957 = CARTESIAN_POINT('',(-50.06528634361,31.076725403818,56.8));
#8958 = CARTESIAN_POINT('',(-50.06528634361,31.363069016153,56.8));
#8959 = ORIENTED_EDGE('',*,*,#8960,.F.);
#8960 = EDGE_CURVE('',#8961,#8953,#8963,.T.);
#8961 = VERTEX_POINT('',#8962);
#8962 = CARTESIAN_POINT('',(-50.06528634361,31.363069016153,57.4));
#8963 = B_SPLINE_CURVE_WITH_KNOTS('',1,(#8964,#8965),.UNSPECIFIED.,.F.,
  .F.,(2,2),(0.,0.6),.PIECEWISE_BEZIER_KNOTS.);
#8964 = CARTESIAN_POINT('',(-50.06528634361,31.363069016153,57.4));
#8965 = CARTESIAN_POINT('',(-50.06528634361,31.363069016153,56.8));
#8966 = ORIENTED_EDGE('',*,*,#8967,.F.);
#8967 = EDGE_CURVE('',#8929,#8961,#8968,.T.);
#8968 = B_SPLINE_CURVE_WITH_KNOTS('',2,(#8969,#8970,#8971),
  .UNSPECIFIED.,.F.,.F.,(3,3),(0.,1.),.PIECEWISE_BEZIER_KNOTS.);
#8969 = CARTESIAN_POINT('',(-50.16513950073,30.795888399413,57.4));
#8970 = CARTESIAN_POINT('',(-50.06528634361,31.076725403818,57.4));
#8971 = CARTESIAN_POINT('',(-50.06528634361,31.363069016153,57.4));
#8972 = B_SPLINE_SURFACE_WITH_KNOTS('',2,1,(
    (#8973,#8974)
    ,(#8975,#8976)
    ,(#8977,#8978
    )),.UNSPECIFIED.,.F.,.F.,.F.,(3,3),(2,2),(0.,1.),(-0.6,0.),
  .PIECEWISE_BEZIER_KNOTS.);
#8973 = CARTESIAN_POINT('',(-50.16513950073,30.795888399413,56.8));
#8974 = CARTESIAN_POINT('',(-50.16513950073,30.795888399413,57.4));
#8975 = CARTESIAN_POINT('',(-50.06528634361,31.076725403818,56.8));
#8976 = CARTESIAN_POINT('',(-50.06528634361,31.076725403818,57.4));
#8977 = CARTESIAN_POINT('',(-50.06528634361,31.363069016153,56.8));
#8978 = CARTESIAN_POINT('',(-50.06528634361,31.363069016153,57.4));
#8979 = ADVANCED_FACE('',(#8980),#9004,.F.);
#8980 = FACE_BOUND('',#8981,.F.);
#8981 = EDGE_LOOP('',(#8982,#8983,#8991,#8998));
#8982 = ORIENTED_EDGE('',*,*,#8960,.T.);
#8983 = ORIENTED_EDGE('',*,*,#8984,.T.);
#8984 = EDGE_CURVE('',#8953,#8985,#8987,.T.);
#8985 = VERTEX_POINT('',#8986);
#8986 = CARTESIAN_POINT('',(-50.09557268722,31.656204111601,56.8));
#8987 = B_SPLINE_CURVE_WITH_KNOTS('',2,(#8988,#8989,#8990),
  .UNSPECIFIED.,.F.,.F.,(3,3),(0.,1.),.PIECEWISE_BEZIER_KNOTS.);
#8988 = CARTESIAN_POINT('',(-50.06528634361,31.363069016153,56.8));
#8989 = CARTESIAN_POINT('',(-50.06528634361,31.531020558003,56.8));
#8990 = CARTESIAN_POINT('',(-50.09557268722,31.656204111601,56.8));
#8991 = ORIENTED_EDGE('',*,*,#8992,.F.);
#8992 = EDGE_CURVE('',#8993,#8985,#8995,.T.);
#8993 = VERTEX_POINT('',#8994);
#8994 = CARTESIAN_POINT('',(-50.09557268722,31.656204111601,57.4));
#8995 = B_SPLINE_CURVE_WITH_KNOTS('',1,(#8996,#8997),.UNSPECIFIED.,.F.,
  .F.,(2,2),(0.,0.6),.PIECEWISE_BEZIER_KNOTS.);
#8996 = CARTESIAN_POINT('',(-50.09557268722,31.656204111601,57.4));
#8997 = CARTESIAN_POINT('',(-50.09557268722,31.656204111601,56.8));
#8998 = ORIENTED_EDGE('',*,*,#8999,.F.);
#8999 = EDGE_CURVE('',#8961,#8993,#9000,.T.);
#9000 = B_SPLINE_CURVE_WITH_KNOTS('',2,(#9001,#9002,#9003),
  .UNSPECIFIED.,.F.,.F.,(3,3),(0.,1.),.PIECEWISE_BEZIER_KNOTS.);
#9001 = CARTESIAN_POINT('',(-50.06528634361,31.363069016153,57.4));
#9002 = CARTESIAN_POINT('',(-50.06528634361,31.531020558003,57.4));
#9003 = CARTESIAN_POINT('',(-50.09557268722,31.656204111601,57.4));
#9004 = B_SPLINE_SURFACE_WITH_KNOTS('',2,1,(
    (#9005,#9006)
    ,(#9007,#9008)
    ,(#9009,#9010
    )),.UNSPECIFIED.,.F.,.F.,.F.,(3,3),(2,2),(0.,1.),(-0.6,0.),
  .PIECEWISE_BEZIER_KNOTS.);
#9005 = CARTESIAN_POINT('',(-50.06528634361,31.363069016153,56.8));
#9006 = CARTESIAN_POINT('',(-50.06528634361,31.363069016153,57.4));
#9007 = CARTESIAN_POINT('',(-50.06528634361,31.531020558003,56.8));
#9008 = CARTESIAN_POINT('',(-50.06528634361,31.531020558003,57.4));
#9009 = CARTESIAN_POINT('',(-50.09557268722,31.656204111601,56.8));
#9010 = CARTESIAN_POINT('',(-50.09557268722,31.656204111601,57.4));
#9011 = ADVANCED_FACE('',(#9012),#9036,.F.);
#9012 = FACE_BOUND('',#9013,.F.);
#9013 = EDGE_LOOP('',(#9014,#9015,#9023,#9030));
#9014 = ORIENTED_EDGE('',*,*,#8992,.T.);
#9015 = ORIENTED_EDGE('',*,*,#9016,.T.);
#9016 = EDGE_CURVE('',#8985,#9017,#9019,.T.);
#9017 = VERTEX_POINT('',#9018);
#9018 = CARTESIAN_POINT('',(-50.17982378854,31.865455212922,56.8));
#9019 = B_SPLINE_CURVE_WITH_KNOTS('',2,(#9020,#9021,#9022),
  .UNSPECIFIED.,.F.,.F.,(3,3),(0.,1.),.PIECEWISE_BEZIER_KNOTS.);
#9020 = CARTESIAN_POINT('',(-50.09557268722,31.656204111601,56.8));
#9021 = CARTESIAN_POINT('',(-50.12604258443,31.781571218796,56.8));
#9022 = CARTESIAN_POINT('',(-50.17982378854,31.865455212922,56.8));
#9023 = ORIENTED_EDGE('',*,*,#9024,.F.);
#9024 = EDGE_CURVE('',#9025,#9017,#9027,.T.);
#9025 = VERTEX_POINT('',#9026);
#9026 = CARTESIAN_POINT('',(-50.17982378854,31.865455212922,57.4));
#9027 = B_SPLINE_CURVE_WITH_KNOTS('',1,(#9028,#9029),.UNSPECIFIED.,.F.,
  .F.,(2,2),(0.,0.6),.PIECEWISE_BEZIER_KNOTS.);
#9028 = CARTESIAN_POINT('',(-50.17982378854,31.865455212922,57.4));
#9029 = CARTESIAN_POINT('',(-50.17982378854,31.865455212922,56.8));
#9030 = ORIENTED_EDGE('',*,*,#9031,.F.);
#9031 = EDGE_CURVE('',#8993,#9025,#9032,.T.);
#9032 = B_SPLINE_CURVE_WITH_KNOTS('',2,(#9033,#9034,#9035),
  .UNSPECIFIED.,.F.,.F.,(3,3),(0.,1.),.PIECEWISE_BEZIER_KNOTS.);
#9033 = CARTESIAN_POINT('',(-50.09557268722,31.656204111601,57.4));
#9034 = CARTESIAN_POINT('',(-50.12604258443,31.781571218796,57.4));
#9035 = CARTESIAN_POINT('',(-50.17982378854,31.865455212922,57.4));
#9036 = B_SPLINE_SURFACE_WITH_KNOTS('',2,1,(
    (#9037,#9038)
    ,(#9039,#9040)
    ,(#9041,#9042
    )),.UNSPECIFIED.,.F.,.F.,.F.,(3,3),(2,2),(0.,1.),(-0.6,0.),
  .PIECEWISE_BEZIER_KNOTS.);
#9037 = CARTESIAN_POINT('',(-50.09557268722,31.656204111601,56.8));
#9038 = CARTESIAN_POINT('',(-50.09557268722,31.656204111601,57.4));
#9039 = CARTESIAN_POINT('',(-50.12604258443,31.781571218796,56.8));
#9040 = CARTESIAN_POINT('',(-50.12604258443,31.781571218796,57.4));
#9041 = CARTESIAN_POINT('',(-50.17982378854,31.865455212922,56.8));
#9042 = CARTESIAN_POINT('',(-50.17982378854,31.865455212922,57.4));
#9043 = ADVANCED_FACE('',(#9044),#9068,.F.);
#9044 = FACE_BOUND('',#9045,.F.);
#9045 = EDGE_LOOP('',(#9046,#9047,#9055,#9062));
#9046 = ORIENTED_EDGE('',*,*,#9024,.T.);
#9047 = ORIENTED_EDGE('',*,*,#9048,.T.);
#9048 = EDGE_CURVE('',#9017,#9049,#9051,.T.);
#9049 = VERTEX_POINT('',#9050);
#9050 = CARTESIAN_POINT('',(-50.30702643171,31.990822320117,56.8));
#9051 = B_SPLINE_CURVE_WITH_KNOTS('',2,(#9052,#9053,#9054),
  .UNSPECIFIED.,.F.,.F.,(3,3),(0.,1.),.PIECEWISE_BEZIER_KNOTS.);
#9052 = CARTESIAN_POINT('',(-50.17982378854,31.865455212922,56.8));
#9053 = CARTESIAN_POINT('',(-50.23378854625,31.949522760646,56.8));
#9054 = CARTESIAN_POINT('',(-50.30702643171,31.990822320117,56.8));
#9055 = ORIENTED_EDGE('',*,*,#9056,.F.);
#9056 = EDGE_CURVE('',#9057,#9049,#9059,.T.);
#9057 = VERTEX_POINT('',#9058);
#9058 = CARTESIAN_POINT('',(-50.30702643171,31.990822320117,57.4));
#9059 = B_SPLINE_CURVE_WITH_KNOTS('',1,(#9060,#9061),.UNSPECIFIED.,.F.,
  .F.,(2,2),(0.,0.6),.PIECEWISE_BEZIER_KNOTS.);
#9060 = CARTESIAN_POINT('',(-50.30702643171,31.990822320117,57.4));
#9061 = CARTESIAN_POINT('',(-50.30702643171,31.990822320117,56.8));
#9062 = ORIENTED_EDGE('',*,*,#9063,.F.);
#9063 = EDGE_CURVE('',#9025,#9057,#9064,.T.);
#9064 = B_SPLINE_CURVE_WITH_KNOTS('',2,(#9065,#9066,#9067),
  .UNSPECIFIED.,.F.,.F.,(3,3),(0.,1.),.PIECEWISE_BEZIER_KNOTS.);
#9065 = CARTESIAN_POINT('',(-50.17982378854,31.865455212922,57.4));
#9066 = CARTESIAN_POINT('',(-50.23378854625,31.949522760646,57.4));
#9067 = CARTESIAN_POINT('',(-50.30702643171,31.990822320117,57.4));
#9068 = B_SPLINE_SURFACE_WITH_KNOTS('',2,1,(
    (#9069,#9070)
    ,(#9071,#9072)
    ,(#9073,#9074
    )),.UNSPECIFIED.,.F.,.F.,.F.,(3,3),(2,2),(0.,1.),(-0.6,0.),
  .PIECEWISE_BEZIER_KNOTS.);
#9069 = CARTESIAN_POINT('',(-50.17982378854,31.865455212922,56.8));
#9070 = CARTESIAN_POINT('',(-50.17982378854,31.865455212922,57.4));
#9071 = CARTESIAN_POINT('',(-50.23378854625,31.949522760646,56.8));
#9072 = CARTESIAN_POINT('',(-50.23378854625,31.949522760646,57.4));
#9073 = CARTESIAN_POINT('',(-50.30702643171,31.990822320117,56.8));
#9074 = CARTESIAN_POINT('',(-50.30702643171,31.990822320117,57.4));
#9075 = ADVANCED_FACE('',(#9076),#9100,.F.);
#9076 = FACE_BOUND('',#9077,.F.);
#9077 = EDGE_LOOP('',(#9078,#9079,#9087,#9094));
#9078 = ORIENTED_EDGE('',*,*,#9056,.T.);
#9079 = ORIENTED_EDGE('',*,*,#9080,.T.);
#9080 = EDGE_CURVE('',#9049,#9081,#9083,.T.);
#9081 = VERTEX_POINT('',#9082);
#9082 = CARTESIAN_POINT('',(-50.46580029368,32.032121879589,56.8));
#9083 = B_SPLINE_CURVE_WITH_KNOTS('',2,(#9084,#9085,#9086),
  .UNSPECIFIED.,.F.,.F.,(3,3),(0.,1.),.PIECEWISE_BEZIER_KNOTS.);
#9084 = CARTESIAN_POINT('',(-50.30702643171,31.990822320117,56.8));
#9085 = CARTESIAN_POINT('',(-50.38026431718,32.032121879589,56.8));
#9086 = CARTESIAN_POINT('',(-50.46580029368,32.032121879589,56.8));
#9087 = ORIENTED_EDGE('',*,*,#9088,.F.);
#9088 = EDGE_CURVE('',#9089,#9081,#9091,.T.);
#9089 = VERTEX_POINT('',#9090);
#9090 = CARTESIAN_POINT('',(-50.46580029368,32.032121879589,57.4));
#9091 = B_SPLINE_CURVE_WITH_KNOTS('',1,(#9092,#9093),.UNSPECIFIED.,.F.,
  .F.,(2,2),(0.,0.6),.PIECEWISE_BEZIER_KNOTS.);
#9092 = CARTESIAN_POINT('',(-50.46580029368,32.032121879589,57.4));
#9093 = CARTESIAN_POINT('',(-50.46580029368,32.032121879589,56.8));
#9094 = ORIENTED_EDGE('',*,*,#9095,.F.);
#9095 = EDGE_CURVE('',#9057,#9089,#9096,.T.);
#9096 = B_SPLINE_CURVE_WITH_KNOTS('',2,(#9097,#9098,#9099),
  .UNSPECIFIED.,.F.,.F.,(3,3),(0.,1.),.PIECEWISE_BEZIER_KNOTS.);
#9097 = CARTESIAN_POINT('',(-50.30702643171,31.990822320117,57.4));
#9098 = CARTESIAN_POINT('',(-50.38026431718,32.032121879589,57.4));
#9099 = CARTESIAN_POINT('',(-50.46580029368,32.032121879589,57.4));
#9100 = B_SPLINE_SURFACE_WITH_KNOTS('',2,1,(
    (#9101,#9102)
    ,(#9103,#9104)
    ,(#9105,#9106
    )),.UNSPECIFIED.,.F.,.F.,.F.,(3,3),(2,2),(0.,1.),(-0.6,0.),
  .PIECEWISE_BEZIER_KNOTS.);
#9101 = CARTESIAN_POINT('',(-50.30702643171,31.990822320117,56.8));
#9102 = CARTESIAN_POINT('',(-50.30702643171,31.990822320117,57.4));
#9103 = CARTESIAN_POINT('',(-50.38026431718,32.032121879589,56.8));
#9104 = CARTESIAN_POINT('',(-50.38026431718,32.032121879589,57.4));
#9105 = CARTESIAN_POINT('',(-50.46580029368,32.032121879589,56.8));
#9106 = CARTESIAN_POINT('',(-50.46580029368,32.032121879589,57.4));
#9107 = ADVANCED_FACE('',(#9108),#9132,.F.);
#9108 = FACE_BOUND('',#9109,.F.);
#9109 = EDGE_LOOP('',(#9110,#9111,#9119,#9126));
#9110 = ORIENTED_EDGE('',*,*,#9088,.T.);
#9111 = ORIENTED_EDGE('',*,*,#9112,.T.);
#9112 = EDGE_CURVE('',#9081,#9113,#9115,.T.);
#9113 = VERTEX_POINT('',#9114);
#9114 = CARTESIAN_POINT('',(-50.67248164464,31.966042584435,56.8));
#9115 = B_SPLINE_CURVE_WITH_KNOTS('',2,(#9116,#9117,#9118),
  .UNSPECIFIED.,.F.,.F.,(3,3),(0.,1.),.PIECEWISE_BEZIER_KNOTS.);
#9116 = CARTESIAN_POINT('',(-50.46580029368,32.032121879589,56.8));
#9117 = CARTESIAN_POINT('',(-50.5816226138,32.032121879589,56.8));
#9118 = CARTESIAN_POINT('',(-50.67248164464,31.966042584435,56.8));
#9119 = ORIENTED_EDGE('',*,*,#9120,.F.);
#9120 = EDGE_CURVE('',#9121,#9113,#9123,.T.);
#9121 = VERTEX_POINT('',#9122);
#9122 = CARTESIAN_POINT('',(-50.67248164464,31.966042584435,57.4));
#9123 = B_SPLINE_CURVE_WITH_KNOTS('',1,(#9124,#9125),.UNSPECIFIED.,.F.,
  .F.,(2,2),(0.,0.6),.PIECEWISE_BEZIER_KNOTS.);
#9124 = CARTESIAN_POINT('',(-50.67248164464,31.966042584435,57.4));
#9125 = CARTESIAN_POINT('',(-50.67248164464,31.966042584435,56.8));
#9126 = ORIENTED_EDGE('',*,*,#9127,.F.);
#9127 = EDGE_CURVE('',#9089,#9121,#9128,.T.);
#9128 = B_SPLINE_CURVE_WITH_KNOTS('',2,(#9129,#9130,#9131),
  .UNSPECIFIED.,.F.,.F.,(3,3),(0.,1.),.PIECEWISE_BEZIER_KNOTS.);
#9129 = CARTESIAN_POINT('',(-50.46580029368,32.032121879589,57.4));
#9130 = CARTESIAN_POINT('',(-50.5816226138,32.032121879589,57.4));
#9131 = CARTESIAN_POINT('',(-50.67248164464,31.966042584435,57.4));
#9132 = B_SPLINE_SURFACE_WITH_KNOTS('',2,1,(
    (#9133,#9134)
    ,(#9135,#9136)
    ,(#9137,#9138
    )),.UNSPECIFIED.,.F.,.F.,.F.,(3,3),(2,2),(0.,1.),(-0.6,0.),
  .PIECEWISE_BEZIER_KNOTS.);
#9133 = CARTESIAN_POINT('',(-50.46580029368,32.032121879589,56.8));
#9134 = CARTESIAN_POINT('',(-50.46580029368,32.032121879589,57.4));
#9135 = CARTESIAN_POINT('',(-50.5816226138,32.032121879589,56.8));
#9136 = CARTESIAN_POINT('',(-50.5816226138,32.032121879589,57.4));
#9137 = CARTESIAN_POINT('',(-50.67248164464,31.966042584435,56.8));
#9138 = CARTESIAN_POINT('',(-50.67248164464,31.966042584435,57.4));
#9139 = ADVANCED_FACE('',(#9140),#9164,.F.);
#9140 = FACE_BOUND('',#9141,.F.);
#9141 = EDGE_LOOP('',(#9142,#9143,#9151,#9158));
#9142 = ORIENTED_EDGE('',*,*,#9120,.T.);
#9143 = ORIENTED_EDGE('',*,*,#9144,.T.);
#9144 = EDGE_CURVE('',#9113,#9145,#9147,.T.);
#9145 = VERTEX_POINT('',#9146);
#9146 = CARTESIAN_POINT('',(-50.84061674008,31.785609397944,56.8));
#9147 = B_SPLINE_CURVE_WITH_KNOTS('',2,(#9148,#9149,#9150),
  .UNSPECIFIED.,.F.,.F.,(3,3),(0.,1.),.PIECEWISE_BEZIER_KNOTS.);
#9148 = CARTESIAN_POINT('',(-50.67248164464,31.966042584435,56.8));
#9149 = CARTESIAN_POINT('',(-50.76352422907,31.89996328928,56.8));
#9150 = CARTESIAN_POINT('',(-50.84061674008,31.785609397944,56.8));
#9151 = ORIENTED_EDGE('',*,*,#9152,.F.);
#9152 = EDGE_CURVE('',#9153,#9145,#9155,.T.);
#9153 = VERTEX_POINT('',#9154);
#9154 = CARTESIAN_POINT('',(-50.84061674008,31.785609397944,57.4));
#9155 = B_SPLINE_CURVE_WITH_KNOTS('',1,(#9156,#9157),.UNSPECIFIED.,.F.,
  .F.,(2,2),(0.,0.6),.PIECEWISE_BEZIER_KNOTS.);
#9156 = CARTESIAN_POINT('',(-50.84061674008,31.785609397944,57.4));
#9157 = CARTESIAN_POINT('',(-50.84061674008,31.785609397944,56.8));
#9158 = ORIENTED_EDGE('',*,*,#9159,.F.);
#9159 = EDGE_CURVE('',#9121,#9153,#9160,.T.);
#9160 = B_SPLINE_CURVE_WITH_KNOTS('',2,(#9161,#9162,#9163),
  .UNSPECIFIED.,.F.,.F.,(3,3),(0.,1.),.PIECEWISE_BEZIER_KNOTS.);
#9161 = CARTESIAN_POINT('',(-50.67248164464,31.966042584435,57.4));
#9162 = CARTESIAN_POINT('',(-50.76352422907,31.89996328928,57.4));
#9163 = CARTESIAN_POINT('',(-50.84061674008,31.785609397944,57.4));
#9164 = B_SPLINE_SURFACE_WITH_KNOTS('',2,1,(
    (#9165,#9166)
    ,(#9167,#9168)
    ,(#9169,#9170
    )),.UNSPECIFIED.,.F.,.F.,.F.,(3,3),(2,2),(0.,1.),(-0.6,0.),
  .PIECEWISE_BEZIER_KNOTS.);
#9165 = CARTESIAN_POINT('',(-50.67248164464,31.966042584435,56.8));
#9166 = CARTESIAN_POINT('',(-50.67248164464,31.966042584435,57.4));
#9167 = CARTESIAN_POINT('',(-50.76352422907,31.89996328928,56.8));
#9168 = CARTESIAN_POINT('',(-50.76352422907,31.89996328928,57.4));
#9169 = CARTESIAN_POINT('',(-50.84061674008,31.785609397944,56.8));
#9170 = CARTESIAN_POINT('',(-50.84061674008,31.785609397944,57.4));
#9171 = ADVANCED_FACE('',(#9172),#9196,.F.);
#9172 = FACE_BOUND('',#9173,.F.);
#9173 = EDGE_LOOP('',(#9174,#9175,#9183,#9190));
#9174 = ORIENTED_EDGE('',*,*,#9152,.T.);
#9175 = ORIENTED_EDGE('',*,*,#9176,.T.);
#9176 = EDGE_CURVE('',#9145,#9177,#9179,.T.);
#9177 = VERTEX_POINT('',#9178);
#9178 = CARTESIAN_POINT('',(-50.98947870778,31.514500734214,56.8));
#9179 = B_SPLINE_CURVE_WITH_KNOTS('',2,(#9180,#9181,#9182),
  .UNSPECIFIED.,.F.,.F.,(3,3),(0.,1.),.PIECEWISE_BEZIER_KNOTS.);
#9180 = CARTESIAN_POINT('',(-50.84061674008,31.785609397944,56.8));
#9181 = CARTESIAN_POINT('',(-50.91789280469,31.671439060206,56.8));
#9182 = CARTESIAN_POINT('',(-50.98947870778,31.514500734214,56.8));
#9183 = ORIENTED_EDGE('',*,*,#9184,.F.);
#9184 = EDGE_CURVE('',#9185,#9177,#9187,.T.);
#9185 = VERTEX_POINT('',#9186);
#9186 = CARTESIAN_POINT('',(-50.98947870778,31.514500734214,57.4));
#9187 = B_SPLINE_CURVE_WITH_KNOTS('',1,(#9188,#9189),.UNSPECIFIED.,.F.,
  .F.,(2,2),(0.,0.6),.PIECEWISE_BEZIER_KNOTS.);
#9188 = CARTESIAN_POINT('',(-50.98947870778,31.514500734214,57.4));
#9189 = CARTESIAN_POINT('',(-50.98947870778,31.514500734214,56.8));
#9190 = ORIENTED_EDGE('',*,*,#9191,.F.);
#9191 = EDGE_CURVE('',#9153,#9185,#9192,.T.);
#9192 = B_SPLINE_CURVE_WITH_KNOTS('',2,(#9193,#9194,#9195),
  .UNSPECIFIED.,.F.,.F.,(3,3),(0.,1.),.PIECEWISE_BEZIER_KNOTS.);
#9193 = CARTESIAN_POINT('',(-50.84061674008,31.785609397944,57.4));
#9194 = CARTESIAN_POINT('',(-50.91789280469,31.671439060206,57.4));
#9195 = CARTESIAN_POINT('',(-50.98947870778,31.514500734214,57.4));
#9196 = B_SPLINE_SURFACE_WITH_KNOTS('',2,1,(
    (#9197,#9198)
    ,(#9199,#9200)
    ,(#9201,#9202
    )),.UNSPECIFIED.,.F.,.F.,.F.,(3,3),(2,2),(0.,1.),(-0.6,0.),
  .PIECEWISE_BEZIER_KNOTS.);
#9197 = CARTESIAN_POINT('',(-50.84061674008,31.785609397944,56.8));
#9198 = CARTESIAN_POINT('',(-50.84061674008,31.785609397944,57.4));
#9199 = CARTESIAN_POINT('',(-50.91789280469,31.671439060206,56.8));
#9200 = CARTESIAN_POINT('',(-50.91789280469,31.671439060206,57.4));
#9201 = CARTESIAN_POINT('',(-50.98947870778,31.514500734214,56.8));
#9202 = CARTESIAN_POINT('',(-50.98947870778,31.514500734214,57.4));
#9203 = ADVANCED_FACE('',(#9204),#9228,.F.);
#9204 = FACE_BOUND('',#9205,.F.);
#9205 = EDGE_LOOP('',(#9206,#9207,#9215,#9222));
#9206 = ORIENTED_EDGE('',*,*,#9184,.T.);
#9207 = ORIENTED_EDGE('',*,*,#9208,.T.);
#9208 = EDGE_CURVE('',#9177,#9209,#9211,.T.);
#9209 = VERTEX_POINT('',#9210);
#9210 = CARTESIAN_POINT('',(-51.13558737151,31.175844346549,56.8));
#9211 = B_SPLINE_CURVE_WITH_KNOTS('',2,(#9212,#9213,#9214),
  .UNSPECIFIED.,.F.,.F.,(3,3),(0.,1.),.PIECEWISE_BEZIER_KNOTS.);
#9212 = CARTESIAN_POINT('',(-50.98947870778,31.514500734214,56.8));
#9213 = CARTESIAN_POINT('',(-51.06124816446,31.357562408223,56.8));
#9214 = CARTESIAN_POINT('',(-51.13558737151,31.175844346549,56.8));
#9215 = ORIENTED_EDGE('',*,*,#9216,.F.);
#9216 = EDGE_CURVE('',#9217,#9209,#9219,.T.);
#9217 = VERTEX_POINT('',#9218);
#9218 = CARTESIAN_POINT('',(-51.13558737151,31.175844346549,57.4));
#9219 = B_SPLINE_CURVE_WITH_KNOTS('',1,(#9220,#9221),.UNSPECIFIED.,.F.,
  .F.,(2,2),(0.,0.6),.PIECEWISE_BEZIER_KNOTS.);
#9220 = CARTESIAN_POINT('',(-51.13558737151,31.175844346549,57.4));
#9221 = CARTESIAN_POINT('',(-51.13558737151,31.175844346549,56.8));
#9222 = ORIENTED_EDGE('',*,*,#9223,.F.);
#9223 = EDGE_CURVE('',#9185,#9217,#9224,.T.);
#9224 = B_SPLINE_CURVE_WITH_KNOTS('',2,(#9225,#9226,#9227),
  .UNSPECIFIED.,.F.,.F.,(3,3),(0.,1.),.PIECEWISE_BEZIER_KNOTS.);
#9225 = CARTESIAN_POINT('',(-50.98947870778,31.514500734214,57.4));
#9226 = CARTESIAN_POINT('',(-51.06124816446,31.357562408223,57.4));
#9227 = CARTESIAN_POINT('',(-51.13558737151,31.175844346549,57.4));
#9228 = B_SPLINE_SURFACE_WITH_KNOTS('',2,1,(
    (#9229,#9230)
    ,(#9231,#9232)
    ,(#9233,#9234
    )),.UNSPECIFIED.,.F.,.F.,.F.,(3,3),(2,2),(0.,1.),(-0.6,0.),
  .PIECEWISE_BEZIER_KNOTS.);
#9229 = CARTESIAN_POINT('',(-50.98947870778,31.514500734214,56.8));
#9230 = CARTESIAN_POINT('',(-50.98947870778,31.514500734214,57.4));
#9231 = CARTESIAN_POINT('',(-51.06124816446,31.357562408223,56.8));
#9232 = CARTESIAN_POINT('',(-51.06124816446,31.357562408223,57.4));
#9233 = CARTESIAN_POINT('',(-51.13558737151,31.175844346549,56.8));
#9234 = CARTESIAN_POINT('',(-51.13558737151,31.175844346549,57.4));
#9235 = ADVANCED_FACE('',(#9236),#9260,.F.);
#9236 = FACE_BOUND('',#9237,.F.);
#9237 = EDGE_LOOP('',(#9238,#9239,#9247,#9254));
#9238 = ORIENTED_EDGE('',*,*,#9216,.T.);
#9239 = ORIENTED_EDGE('',*,*,#9240,.T.);
#9240 = EDGE_CURVE('',#9209,#9241,#9243,.T.);
#9241 = VERTEX_POINT('',#9242);
#9242 = CARTESIAN_POINT('',(-51.60695301027,30.486049926579,56.8));
#9243 = B_SPLINE_CURVE_WITH_KNOTS('',2,(#9244,#9245,#9246),
  .UNSPECIFIED.,.F.,.F.,(3,3),(0.,1.),.PIECEWISE_BEZIER_KNOTS.);
#9244 = CARTESIAN_POINT('',(-51.13558737151,31.175844346549,56.8));
#9245 = CARTESIAN_POINT('',(-51.32868575624,30.71328928047,56.8));
#9246 = CARTESIAN_POINT('',(-51.60695301027,30.486049926579,56.8));
#9247 = ORIENTED_EDGE('',*,*,#9248,.F.);
#9248 = EDGE_CURVE('',#9249,#9241,#9251,.T.);
#9249 = VERTEX_POINT('',#9250);
#9250 = CARTESIAN_POINT('',(-51.60695301027,30.486049926579,57.4));
#9251 = B_SPLINE_CURVE_WITH_KNOTS('',1,(#9252,#9253),.UNSPECIFIED.,.F.,
  .F.,(2,2),(0.,0.6),.PIECEWISE_BEZIER_KNOTS.);
#9252 = CARTESIAN_POINT('',(-51.60695301027,30.486049926579,57.4));
#9253 = CARTESIAN_POINT('',(-51.60695301027,30.486049926579,56.8));
#9254 = ORIENTED_EDGE('',*,*,#9255,.F.);
#9255 = EDGE_CURVE('',#9217,#9249,#9256,.T.);
#9256 = B_SPLINE_CURVE_WITH_KNOTS('',2,(#9257,#9258,#9259),
  .UNSPECIFIED.,.F.,.F.,(3,3),(0.,1.),.PIECEWISE_BEZIER_KNOTS.);
#9257 = CARTESIAN_POINT('',(-51.13558737151,31.175844346549,57.4));
#9258 = CARTESIAN_POINT('',(-51.32868575624,30.71328928047,57.4));
#9259 = CARTESIAN_POINT('',(-51.60695301027,30.486049926579,57.4));
#9260 = B_SPLINE_SURFACE_WITH_KNOTS('',2,1,(
    (#9261,#9262)
    ,(#9263,#9264)
    ,(#9265,#9266
    )),.UNSPECIFIED.,.F.,.F.,.F.,(3,3),(2,2),(0.,1.),(-0.6,0.),
  .PIECEWISE_BEZIER_KNOTS.);
#9261 = CARTESIAN_POINT('',(-51.13558737151,31.175844346549,56.8));
#9262 = CARTESIAN_POINT('',(-51.13558737151,31.175844346549,57.4));
#9263 = CARTESIAN_POINT('',(-51.32868575624,30.71328928047,56.8));
#9264 = CARTESIAN_POINT('',(-51.32868575624,30.71328928047,57.4));
#9265 = CARTESIAN_POINT('',(-51.60695301027,30.486049926579,56.8));
#9266 = CARTESIAN_POINT('',(-51.60695301027,30.486049926579,57.4));
#9267 = ADVANCED_FACE('',(#9268),#9292,.F.);
#9268 = FACE_BOUND('',#9269,.F.);
#9269 = EDGE_LOOP('',(#9270,#9271,#9279,#9286));
#9270 = ORIENTED_EDGE('',*,*,#9248,.T.);
#9271 = ORIENTED_EDGE('',*,*,#9272,.T.);
#9272 = EDGE_CURVE('',#9241,#9273,#9275,.T.);
#9273 = VERTEX_POINT('',#9274);
#9274 = CARTESIAN_POINT('',(-52.27967694566,30.258994126285,56.8));
#9275 = B_SPLINE_CURVE_WITH_KNOTS('',2,(#9276,#9277,#9278),
  .UNSPECIFIED.,.F.,.F.,(3,3),(0.,1.),.PIECEWISE_BEZIER_KNOTS.);
#9276 = CARTESIAN_POINT('',(-51.60695301027,30.486049926579,56.8));
#9277 = CARTESIAN_POINT('',(-51.88540381791,30.258994126285,56.8));
#9278 = CARTESIAN_POINT('',(-52.27967694566,30.258994126285,56.8));
#9279 = ORIENTED_EDGE('',*,*,#9280,.F.);
#9280 = EDGE_CURVE('',#9281,#9273,#9283,.T.);
#9281 = VERTEX_POINT('',#9282);
#9282 = CARTESIAN_POINT('',(-52.27967694566,30.258994126285,57.4));
#9283 = B_SPLINE_CURVE_WITH_KNOTS('',1,(#9284,#9285),.UNSPECIFIED.,.F.,
  .F.,(2,2),(0.,0.6),.PIECEWISE_BEZIER_KNOTS.);
#9284 = CARTESIAN_POINT('',(-52.27967694566,30.258994126285,57.4));
#9285 = CARTESIAN_POINT('',(-52.27967694566,30.258994126285,56.8));
#9286 = ORIENTED_EDGE('',*,*,#9287,.F.);
#9287 = EDGE_CURVE('',#9249,#9281,#9288,.T.);
#9288 = B_SPLINE_CURVE_WITH_KNOTS('',2,(#9289,#9290,#9291),
  .UNSPECIFIED.,.F.,.F.,(3,3),(0.,1.),.PIECEWISE_BEZIER_KNOTS.);
#9289 = CARTESIAN_POINT('',(-51.60695301027,30.486049926579,57.4));
#9290 = CARTESIAN_POINT('',(-51.88540381791,30.258994126285,57.4));
#9291 = CARTESIAN_POINT('',(-52.27967694566,30.258994126285,57.4));
#9292 = B_SPLINE_SURFACE_WITH_KNOTS('',2,1,(
    (#9293,#9294)
    ,(#9295,#9296)
    ,(#9297,#9298
    )),.UNSPECIFIED.,.F.,.F.,.F.,(3,3),(2,2),(0.,1.),(-0.6,0.),
  .PIECEWISE_BEZIER_KNOTS.);
#9293 = CARTESIAN_POINT('',(-51.60695301027,30.486049926579,56.8));
#9294 = CARTESIAN_POINT('',(-51.60695301027,30.486049926579,57.4));
#9295 = CARTESIAN_POINT('',(-51.88540381791,30.258994126285,56.8));
#9296 = CARTESIAN_POINT('',(-51.88540381791,30.258994126285,57.4));
#9297 = CARTESIAN_POINT('',(-52.27967694566,30.258994126285,56.8));
#9298 = CARTESIAN_POINT('',(-52.27967694566,30.258994126285,57.4));
#9299 = ADVANCED_FACE('',(#9300),#9324,.F.);
#9300 = FACE_BOUND('',#9301,.F.);
#9301 = EDGE_LOOP('',(#9302,#9303,#9311,#9318));
#9302 = ORIENTED_EDGE('',*,*,#9280,.T.);
#9303 = ORIENTED_EDGE('',*,*,#9304,.T.);
#9304 = EDGE_CURVE('',#9273,#9305,#9307,.T.);
#9305 = VERTEX_POINT('',#9306);
#9306 = CARTESIAN_POINT('',(-52.81033039647,30.382892804699,56.8));
#9307 = B_SPLINE_CURVE_WITH_KNOTS('',2,(#9308,#9309,#9310),
  .UNSPECIFIED.,.F.,.F.,(3,3),(0.,1.),.PIECEWISE_BEZIER_KNOTS.);
#9308 = CARTESIAN_POINT('',(-52.27967694566,30.258994126285,56.8));
#9309 = CARTESIAN_POINT('',(-52.58841409691,30.258994126285,56.8));
#9310 = CARTESIAN_POINT('',(-52.81033039647,30.382892804699,56.8));
#9311 = ORIENTED_EDGE('',*,*,#9312,.F.);
#9312 = EDGE_CURVE('',#9313,#9305,#9315,.T.);
#9313 = VERTEX_POINT('',#9314);
#9314 = CARTESIAN_POINT('',(-52.81033039647,30.382892804699,57.4));
#9315 = B_SPLINE_CURVE_WITH_KNOTS('',1,(#9316,#9317),.UNSPECIFIED.,.F.,
  .F.,(2,2),(0.,0.6),.PIECEWISE_BEZIER_KNOTS.);
#9316 = CARTESIAN_POINT('',(-52.81033039647,30.382892804699,57.4));
#9317 = CARTESIAN_POINT('',(-52.81033039647,30.382892804699,56.8));
#9318 = ORIENTED_EDGE('',*,*,#9319,.F.);
#9319 = EDGE_CURVE('',#9281,#9313,#9320,.T.);
#9320 = B_SPLINE_CURVE_WITH_KNOTS('',2,(#9321,#9322,#9323),
  .UNSPECIFIED.,.F.,.F.,(3,3),(0.,1.),.PIECEWISE_BEZIER_KNOTS.);
#9321 = CARTESIAN_POINT('',(-52.27967694566,30.258994126285,57.4));
#9322 = CARTESIAN_POINT('',(-52.58841409691,30.258994126285,57.4));
#9323 = CARTESIAN_POINT('',(-52.81033039647,30.382892804699,57.4));
#9324 = B_SPLINE_SURFACE_WITH_KNOTS('',2,1,(
    (#9325,#9326)
    ,(#9327,#9328)
    ,(#9329,#9330
    )),.UNSPECIFIED.,.F.,.F.,.F.,(3,3),(2,2),(0.,1.),(-0.6,0.),
  .PIECEWISE_BEZIER_KNOTS.);
#9325 = CARTESIAN_POINT('',(-52.27967694566,30.258994126285,56.8));
#9326 = CARTESIAN_POINT('',(-52.27967694566,30.258994126285,57.4));
#9327 = CARTESIAN_POINT('',(-52.58841409691,30.258994126285,56.8));
#9328 = CARTESIAN_POINT('',(-52.58841409691,30.258994126285,57.4));
#9329 = CARTESIAN_POINT('',(-52.81033039647,30.382892804699,56.8));
#9330 = CARTESIAN_POINT('',(-52.81033039647,30.382892804699,57.4));
#9331 = ADVANCED_FACE('',(#9332),#9356,.F.);
#9332 = FACE_BOUND('',#9333,.F.);
#9333 = EDGE_LOOP('',(#9334,#9335,#9343,#9350));
#9334 = ORIENTED_EDGE('',*,*,#9312,.T.);
#9335 = ORIENTED_EDGE('',*,*,#9336,.T.);
#9336 = EDGE_CURVE('',#9305,#9337,#9339,.T.);
#9337 = VERTEX_POINT('',#9338);
#9338 = CARTESIAN_POINT('',(-53.1756020558,30.720080763583,56.8));
#9339 = B_SPLINE_CURVE_WITH_KNOTS('',2,(#9340,#9341,#9342),
  .UNSPECIFIED.,.F.,.F.,(3,3),(0.,1.),.PIECEWISE_BEZIER_KNOTS.);
#9340 = CARTESIAN_POINT('',(-52.81033039647,30.382892804699,56.8));
#9341 = CARTESIAN_POINT('',(-53.03224669603,30.506791483113,56.8));
#9342 = CARTESIAN_POINT('',(-53.1756020558,30.720080763583,56.8));
#9343 = ORIENTED_EDGE('',*,*,#9344,.F.);
#9344 = EDGE_CURVE('',#9345,#9337,#9347,.T.);
#9345 = VERTEX_POINT('',#9346);
#9346 = CARTESIAN_POINT('',(-53.1756020558,30.720080763583,57.4));
#9347 = B_SPLINE_CURVE_WITH_KNOTS('',1,(#9348,#9349),.UNSPECIFIED.,.F.,
  .F.,(2,2),(0.,0.6),.PIECEWISE_BEZIER_KNOTS.);
#9348 = CARTESIAN_POINT('',(-53.1756020558,30.720080763583,57.4));
#9349 = CARTESIAN_POINT('',(-53.1756020558,30.720080763583,56.8));
#9350 = ORIENTED_EDGE('',*,*,#9351,.F.);
#9351 = EDGE_CURVE('',#9313,#9345,#9352,.T.);
#9352 = B_SPLINE_CURVE_WITH_KNOTS('',2,(#9353,#9354,#9355),
  .UNSPECIFIED.,.F.,.F.,(3,3),(0.,1.),.PIECEWISE_BEZIER_KNOTS.);
#9353 = CARTESIAN_POINT('',(-52.81033039647,30.382892804699,57.4));
#9354 = CARTESIAN_POINT('',(-53.03224669603,30.506791483113,57.4));
#9355 = CARTESIAN_POINT('',(-53.1756020558,30.720080763583,57.4));
#9356 = B_SPLINE_SURFACE_WITH_KNOTS('',2,1,(
    (#9357,#9358)
    ,(#9359,#9360)
    ,(#9361,#9362
    )),.UNSPECIFIED.,.F.,.F.,.F.,(3,3),(2,2),(0.,1.),(-0.6,0.),
  .PIECEWISE_BEZIER_KNOTS.);
#9357 = CARTESIAN_POINT('',(-52.81033039647,30.382892804699,56.8));
#9358 = CARTESIAN_POINT('',(-52.81033039647,30.382892804699,57.4));
#9359 = CARTESIAN_POINT('',(-53.03224669603,30.506791483113,56.8));
#9360 = CARTESIAN_POINT('',(-53.03224669603,30.506791483113,57.4));
#9361 = CARTESIAN_POINT('',(-53.1756020558,30.720080763583,56.8));
#9362 = CARTESIAN_POINT('',(-53.1756020558,30.720080763583,57.4));
#9363 = ADVANCED_FACE('',(#9364),#9388,.F.);
#9364 = FACE_BOUND('',#9365,.F.);
#9365 = EDGE_LOOP('',(#9366,#9367,#9375,#9382));
#9366 = ORIENTED_EDGE('',*,*,#9344,.T.);
#9367 = ORIENTED_EDGE('',*,*,#9368,.T.);
#9368 = EDGE_CURVE('',#9337,#9369,#9371,.T.);
#9369 = VERTEX_POINT('',#9370);
#9370 = CARTESIAN_POINT('',(-53.3865051395,31.214390602056,56.8));
#9371 = B_SPLINE_CURVE_WITH_KNOTS('',2,(#9372,#9373,#9374),
  .UNSPECIFIED.,.F.,.F.,(3,3),(0.,1.),.PIECEWISE_BEZIER_KNOTS.);
#9372 = CARTESIAN_POINT('',(-53.1756020558,30.720080763583,56.8));
#9373 = CARTESIAN_POINT('',(-53.31895741556,30.933553597651,56.8));
#9374 = CARTESIAN_POINT('',(-53.3865051395,31.214390602056,56.8));
#9375 = ORIENTED_EDGE('',*,*,#9376,.F.);
#9376 = EDGE_CURVE('',#9377,#9369,#9379,.T.);
#9377 = VERTEX_POINT('',#9378);
#9378 = CARTESIAN_POINT('',(-53.3865051395,31.214390602056,57.4));
#9379 = B_SPLINE_CURVE_WITH_KNOTS('',1,(#9380,#9381),.UNSPECIFIED.,.F.,
  .F.,(2,2),(0.,0.6),.PIECEWISE_BEZIER_KNOTS.);
#9380 = CARTESIAN_POINT('',(-53.3865051395,31.214390602056,57.4));
#9381 = CARTESIAN_POINT('',(-53.3865051395,31.214390602056,56.8));
#9382 = ORIENTED_EDGE('',*,*,#9383,.F.);
#9383 = EDGE_CURVE('',#9345,#9377,#9384,.T.);
#9384 = B_SPLINE_CURVE_WITH_KNOTS('',2,(#9385,#9386,#9387),
  .UNSPECIFIED.,.F.,.F.,(3,3),(0.,1.),.PIECEWISE_BEZIER_KNOTS.);
#9385 = CARTESIAN_POINT('',(-53.1756020558,30.720080763583,57.4));
#9386 = CARTESIAN_POINT('',(-53.31895741556,30.933553597651,57.4));
#9387 = CARTESIAN_POINT('',(-53.3865051395,31.214390602056,57.4));
#9388 = B_SPLINE_SURFACE_WITH_KNOTS('',2,1,(
    (#9389,#9390)
    ,(#9391,#9392)
    ,(#9393,#9394
    )),.UNSPECIFIED.,.F.,.F.,.F.,(3,3),(2,2),(0.,1.),(-0.6,0.),
  .PIECEWISE_BEZIER_KNOTS.);
#9389 = CARTESIAN_POINT('',(-53.1756020558,30.720080763583,56.8));
#9390 = CARTESIAN_POINT('',(-53.1756020558,30.720080763583,57.4));
#9391 = CARTESIAN_POINT('',(-53.31895741556,30.933553597651,56.8));
#9392 = CARTESIAN_POINT('',(-53.31895741556,30.933553597651,57.4));
#9393 = CARTESIAN_POINT('',(-53.3865051395,31.214390602056,56.8));
#9394 = CARTESIAN_POINT('',(-53.3865051395,31.214390602056,57.4));
#9395 = ADVANCED_FACE('',(#9396),#9420,.F.);
#9396 = FACE_BOUND('',#9397,.F.);
#9397 = EDGE_LOOP('',(#9398,#9399,#9407,#9414));
#9398 = ORIENTED_EDGE('',*,*,#9376,.T.);
#9399 = ORIENTED_EDGE('',*,*,#9400,.T.);
#9400 = EDGE_CURVE('',#9369,#9401,#9403,.T.);
#9401 = VERTEX_POINT('',#9402);
#9402 = CARTESIAN_POINT('',(-53.45405286343,31.809104258443,56.8));
#9403 = B_SPLINE_CURVE_WITH_KNOTS('',2,(#9404,#9405,#9406),
  .UNSPECIFIED.,.F.,.F.,(3,3),(0.,1.),.PIECEWISE_BEZIER_KNOTS.);
#9404 = CARTESIAN_POINT('',(-53.3865051395,31.214390602056,56.8));
#9405 = CARTESIAN_POINT('',(-53.45405286343,31.495227606461,56.8));
#9406 = CARTESIAN_POINT('',(-53.45405286343,31.809104258443,56.8));
#9407 = ORIENTED_EDGE('',*,*,#9408,.F.);
#9408 = EDGE_CURVE('',#9409,#9401,#9411,.T.);
#9409 = VERTEX_POINT('',#9410);
#9410 = CARTESIAN_POINT('',(-53.45405286343,31.809104258443,57.4));
#9411 = B_SPLINE_CURVE_WITH_KNOTS('',1,(#9412,#9413),.UNSPECIFIED.,.F.,
  .F.,(2,2),(0.,0.6),.PIECEWISE_BEZIER_KNOTS.);
#9412 = CARTESIAN_POINT('',(-53.45405286343,31.809104258443,57.4));
#9413 = CARTESIAN_POINT('',(-53.45405286343,31.809104258443,56.8));
#9414 = ORIENTED_EDGE('',*,*,#9415,.F.);
#9415 = EDGE_CURVE('',#9377,#9409,#9416,.T.);
#9416 = B_SPLINE_CURVE_WITH_KNOTS('',2,(#9417,#9418,#9419),
  .UNSPECIFIED.,.F.,.F.,(3,3),(0.,1.),.PIECEWISE_BEZIER_KNOTS.);
#9417 = CARTESIAN_POINT('',(-53.3865051395,31.214390602056,57.4));
#9418 = CARTESIAN_POINT('',(-53.45405286343,31.495227606461,57.4));
#9419 = CARTESIAN_POINT('',(-53.45405286343,31.809104258443,57.4));
#9420 = B_SPLINE_SURFACE_WITH_KNOTS('',2,1,(
    (#9421,#9422)
    ,(#9423,#9424)
    ,(#9425,#9426
    )),.UNSPECIFIED.,.F.,.F.,.F.,(3,3),(2,2),(0.,1.),(-0.6,0.),
  .PIECEWISE_BEZIER_KNOTS.);
#9421 = CARTESIAN_POINT('',(-53.3865051395,31.214390602056,56.8));
#9422 = CARTESIAN_POINT('',(-53.3865051395,31.214390602056,57.4));
#9423 = CARTESIAN_POINT('',(-53.45405286343,31.495227606461,56.8));
#9424 = CARTESIAN_POINT('',(-53.45405286343,31.495227606461,57.4));
#9425 = CARTESIAN_POINT('',(-53.45405286343,31.809104258443,56.8));
#9426 = CARTESIAN_POINT('',(-53.45405286343,31.809104258443,57.4));
#9427 = ADVANCED_FACE('',(#9428),#9452,.F.);
#9428 = FACE_BOUND('',#9429,.F.);
#9429 = EDGE_LOOP('',(#9430,#9431,#9439,#9446));
#9430 = ORIENTED_EDGE('',*,*,#9408,.T.);
#9431 = ORIENTED_EDGE('',*,*,#9432,.T.);
#9432 = EDGE_CURVE('',#9401,#9433,#9435,.T.);
#9433 = VERTEX_POINT('',#9434);
#9434 = CARTESIAN_POINT('',(-53.41697503671,32.355543318649,56.8));
#9435 = B_SPLINE_CURVE_WITH_KNOTS('',2,(#9436,#9437,#9438),
  .UNSPECIFIED.,.F.,.F.,(3,3),(0.,1.),.PIECEWISE_BEZIER_KNOTS.);
#9436 = CARTESIAN_POINT('',(-53.45405286343,31.809104258443,56.8));
#9437 = CARTESIAN_POINT('',(-53.45405286343,32.117474302496,56.8));
#9438 = CARTESIAN_POINT('',(-53.41697503671,32.355543318649,56.8));
#9439 = ORIENTED_EDGE('',*,*,#9440,.F.);
#9440 = EDGE_CURVE('',#9441,#9433,#9443,.T.);
#9441 = VERTEX_POINT('',#9442);
#9442 = CARTESIAN_POINT('',(-53.41697503671,32.355543318649,57.4));
#9443 = B_SPLINE_CURVE_WITH_KNOTS('',1,(#9444,#9445),.UNSPECIFIED.,.F.,
  .F.,(2,2),(0.,0.6),.PIECEWISE_BEZIER_KNOTS.);
#9444 = CARTESIAN_POINT('',(-53.41697503671,32.355543318649,57.4));
#9445 = CARTESIAN_POINT('',(-53.41697503671,32.355543318649,56.8));
#9446 = ORIENTED_EDGE('',*,*,#9447,.F.);
#9447 = EDGE_CURVE('',#9409,#9441,#9448,.T.);
#9448 = B_SPLINE_CURVE_WITH_KNOTS('',2,(#9449,#9450,#9451),
  .UNSPECIFIED.,.F.,.F.,(3,3),(0.,1.),.PIECEWISE_BEZIER_KNOTS.);
#9449 = CARTESIAN_POINT('',(-53.45405286343,31.809104258443,57.4));
#9450 = CARTESIAN_POINT('',(-53.45405286343,32.117474302496,57.4));
#9451 = CARTESIAN_POINT('',(-53.41697503671,32.355543318649,57.4));
#9452 = B_SPLINE_SURFACE_WITH_KNOTS('',2,1,(
    (#9453,#9454)
    ,(#9455,#9456)
    ,(#9457,#9458
    )),.UNSPECIFIED.,.F.,.F.,.F.,(3,3),(2,2),(0.,1.),(-0.6,0.),
  .PIECEWISE_BEZIER_KNOTS.);
#9453 = CARTESIAN_POINT('',(-53.45405286343,31.809104258443,56.8));
#9454 = CARTESIAN_POINT('',(-53.45405286343,31.809104258443,57.4));
#9455 = CARTESIAN_POINT('',(-53.45405286343,32.117474302496,56.8));
#9456 = CARTESIAN_POINT('',(-53.45405286343,32.117474302496,57.4));
#9457 = CARTESIAN_POINT('',(-53.41697503671,32.355543318649,56.8));
#9458 = CARTESIAN_POINT('',(-53.41697503671,32.355543318649,57.4));
#9459 = ADVANCED_FACE('',(#9460),#9484,.F.);
#9460 = FACE_BOUND('',#9461,.F.);
#9461 = EDGE_LOOP('',(#9462,#9463,#9471,#9478));
#9462 = ORIENTED_EDGE('',*,*,#9440,.T.);
#9463 = ORIENTED_EDGE('',*,*,#9464,.T.);
#9464 = EDGE_CURVE('',#9433,#9465,#9467,.T.);
#9465 = VERTEX_POINT('',#9466);
#9466 = CARTESIAN_POINT('',(-53.30335535976,32.794787077827,56.8));
#9467 = B_SPLINE_CURVE_WITH_KNOTS('',2,(#9468,#9469,#9470),
  .UNSPECIFIED.,.F.,.F.,(3,3),(0.,1.),.PIECEWISE_BEZIER_KNOTS.);
#9468 = CARTESIAN_POINT('',(-53.41697503671,32.355543318649,56.8));
#9469 = CARTESIAN_POINT('',(-53.38008076358,32.593795888399,56.8));
#9470 = CARTESIAN_POINT('',(-53.30335535976,32.794787077827,56.8));
#9471 = ORIENTED_EDGE('',*,*,#9472,.F.);
#9472 = EDGE_CURVE('',#9473,#9465,#9475,.T.);
#9473 = VERTEX_POINT('',#9474);
#9474 = CARTESIAN_POINT('',(-53.30335535976,32.794787077827,57.4));
#9475 = B_SPLINE_CURVE_WITH_KNOTS('',1,(#9476,#9477),.UNSPECIFIED.,.F.,
  .F.,(2,2),(0.,0.6),.PIECEWISE_BEZIER_KNOTS.);
#9476 = CARTESIAN_POINT('',(-53.30335535976,32.794787077827,57.4));
#9477 = CARTESIAN_POINT('',(-53.30335535976,32.794787077827,56.8));
#9478 = ORIENTED_EDGE('',*,*,#9479,.F.);
#9479 = EDGE_CURVE('',#9441,#9473,#9480,.T.);
#9480 = B_SPLINE_CURVE_WITH_KNOTS('',2,(#9481,#9482,#9483),
  .UNSPECIFIED.,.F.,.F.,(3,3),(0.,1.),.PIECEWISE_BEZIER_KNOTS.);
#9481 = CARTESIAN_POINT('',(-53.41697503671,32.355543318649,57.4));
#9482 = CARTESIAN_POINT('',(-53.38008076358,32.593795888399,57.4));
#9483 = CARTESIAN_POINT('',(-53.30335535976,32.794787077827,57.4));
#9484 = B_SPLINE_SURFACE_WITH_KNOTS('',2,1,(
    (#9485,#9486)
    ,(#9487,#9488)
    ,(#9489,#9490
    )),.UNSPECIFIED.,.F.,.F.,.F.,(3,3),(2,2),(0.,1.),(-0.6,0.),
  .PIECEWISE_BEZIER_KNOTS.);
#9485 = CARTESIAN_POINT('',(-53.41697503671,32.355543318649,56.8));
#9486 = CARTESIAN_POINT('',(-53.41697503671,32.355543318649,57.4));
#9487 = CARTESIAN_POINT('',(-53.38008076358,32.593795888399,56.8));
#9488 = CARTESIAN_POINT('',(-53.38008076358,32.593795888399,57.4));
#9489 = CARTESIAN_POINT('',(-53.30335535976,32.794787077827,56.8));
#9490 = CARTESIAN_POINT('',(-53.30335535976,32.794787077827,57.4));
#9491 = ADVANCED_FACE('',(#9492),#9514,.F.);
#9492 = FACE_BOUND('',#9493,.F.);
#9493 = EDGE_LOOP('',(#9494,#9495,#9502,#9509));
#9494 = ORIENTED_EDGE('',*,*,#9472,.T.);
#9495 = ORIENTED_EDGE('',*,*,#9496,.T.);
#9496 = EDGE_CURVE('',#9465,#9497,#9499,.T.);
#9497 = VERTEX_POINT('',#9498);
#9498 = CARTESIAN_POINT('',(-52.48452276064,32.794787077827,56.8));
#9499 = B_SPLINE_CURVE_WITH_KNOTS('',1,(#9500,#9501),.UNSPECIFIED.,.F.,
  .F.,(2,2),(0.,0.818832599119),.PIECEWISE_BEZIER_KNOTS.);
#9500 = CARTESIAN_POINT('',(-53.30335535976,32.794787077827,56.8));
#9501 = CARTESIAN_POINT('',(-52.48452276064,32.794787077827,56.8));
#9502 = ORIENTED_EDGE('',*,*,#9503,.F.);
#9503 = EDGE_CURVE('',#9504,#9497,#9506,.T.);
#9504 = VERTEX_POINT('',#9505);
#9505 = CARTESIAN_POINT('',(-52.48452276064,32.794787077827,57.4));
#9506 = B_SPLINE_CURVE_WITH_KNOTS('',1,(#9507,#9508),.UNSPECIFIED.,.F.,
  .F.,(2,2),(0.,0.6),.PIECEWISE_BEZIER_KNOTS.);
#9507 = CARTESIAN_POINT('',(-52.48452276064,32.794787077827,57.4));
#9508 = CARTESIAN_POINT('',(-52.48452276064,32.794787077827,56.8));
#9509 = ORIENTED_EDGE('',*,*,#9510,.F.);
#9510 = EDGE_CURVE('',#9473,#9504,#9511,.T.);
#9511 = B_SPLINE_CURVE_WITH_KNOTS('',1,(#9512,#9513),.UNSPECIFIED.,.F.,
  .F.,(2,2),(0.,0.818832599119),.PIECEWISE_BEZIER_KNOTS.);
#9512 = CARTESIAN_POINT('',(-53.30335535976,32.794787077827,57.4));
#9513 = CARTESIAN_POINT('',(-52.48452276064,32.794787077827,57.4));
#9514 = B_SPLINE_SURFACE_WITH_KNOTS('',1,1,(
    (#9515,#9516)
    ,(#9517,#9518
    )),.UNSPECIFIED.,.F.,.F.,.F.,(2,2),(2,2),(0.,0.818832599119),(-0.6,
    0.),.PIECEWISE_BEZIER_KNOTS.);
#9515 = CARTESIAN_POINT('',(-53.30335535976,32.794787077827,56.8));
#9516 = CARTESIAN_POINT('',(-53.30335535976,32.794787077827,57.4));
#9517 = CARTESIAN_POINT('',(-52.48452276064,32.794787077827,56.8));
#9518 = CARTESIAN_POINT('',(-52.48452276064,32.794787077827,57.4));
#9519 = ADVANCED_FACE('',(#9520),#9544,.F.);
#9520 = FACE_BOUND('',#9521,.F.);
#9521 = EDGE_LOOP('',(#9522,#9523,#9531,#9538));
#9522 = ORIENTED_EDGE('',*,*,#9503,.T.);
#9523 = ORIENTED_EDGE('',*,*,#9524,.T.);
#9524 = EDGE_CURVE('',#9497,#9525,#9527,.T.);
#9525 = VERTEX_POINT('',#9526);
#9526 = CARTESIAN_POINT('',(-52.60328193832,32.578560939794,56.8));
#9527 = B_SPLINE_CURVE_WITH_KNOTS('',2,(#9528,#9529,#9530),
  .UNSPECIFIED.,.F.,.F.,(3,3),(0.,1.),.PIECEWISE_BEZIER_KNOTS.);
#9528 = CARTESIAN_POINT('',(-52.48452276064,32.794787077827,56.8));
#9529 = CARTESIAN_POINT('',(-52.55207048458,32.695668135095,56.8));
#9530 = CARTESIAN_POINT('',(-52.60328193832,32.578560939794,56.8));
#9531 = ORIENTED_EDGE('',*,*,#9532,.F.);
#9532 = EDGE_CURVE('',#9533,#9525,#9535,.T.);
#9533 = VERTEX_POINT('',#9534);
#9534 = CARTESIAN_POINT('',(-52.60328193832,32.578560939794,57.4));
#9535 = B_SPLINE_CURVE_WITH_KNOTS('',1,(#9536,#9537),.UNSPECIFIED.,.F.,
  .F.,(2,2),(0.,0.6),.PIECEWISE_BEZIER_KNOTS.);
#9536 = CARTESIAN_POINT('',(-52.60328193832,32.578560939794,57.4));
#9537 = CARTESIAN_POINT('',(-52.60328193832,32.578560939794,56.8));
#9538 = ORIENTED_EDGE('',*,*,#9539,.F.);
#9539 = EDGE_CURVE('',#9504,#9533,#9540,.T.);
#9540 = B_SPLINE_CURVE_WITH_KNOTS('',2,(#9541,#9542,#9543),
  .UNSPECIFIED.,.F.,.F.,(3,3),(0.,1.),.PIECEWISE_BEZIER_KNOTS.);
#9541 = CARTESIAN_POINT('',(-52.48452276064,32.794787077827,57.4));
#9542 = CARTESIAN_POINT('',(-52.55207048458,32.695668135095,57.4));
#9543 = CARTESIAN_POINT('',(-52.60328193832,32.578560939794,57.4));
#9544 = B_SPLINE_SURFACE_WITH_KNOTS('',2,1,(
    (#9545,#9546)
    ,(#9547,#9548)
    ,(#9549,#9550
    )),.UNSPECIFIED.,.F.,.F.,.F.,(3,3),(2,2),(0.,1.),(-0.6,0.),
  .PIECEWISE_BEZIER_KNOTS.);
#9545 = CARTESIAN_POINT('',(-52.48452276064,32.794787077827,56.8));
#9546 = CARTESIAN_POINT('',(-52.48452276064,32.794787077827,57.4));
#9547 = CARTESIAN_POINT('',(-52.55207048458,32.695668135095,56.8));
#9548 = CARTESIAN_POINT('',(-52.55207048458,32.695668135095,57.4));
#9549 = CARTESIAN_POINT('',(-52.60328193832,32.578560939794,56.8));
#9550 = CARTESIAN_POINT('',(-52.60328193832,32.578560939794,57.4));
#9551 = ADVANCED_FACE('',(#9552),#9576,.F.);
#9552 = FACE_BOUND('',#9553,.F.);
#9553 = EDGE_LOOP('',(#9554,#9555,#9563,#9570));
#9554 = ORIENTED_EDGE('',*,*,#9532,.T.);
#9555 = ORIENTED_EDGE('',*,*,#9556,.T.);
#9556 = EDGE_CURVE('',#9525,#9557,#9559,.T.);
#9557 = VERTEX_POINT('',#9558);
#9558 = CARTESIAN_POINT('',(-52.68845080763,32.337738619677,56.8));
#9559 = B_SPLINE_CURVE_WITH_KNOTS('',2,(#9560,#9561,#9562),
  .UNSPECIFIED.,.F.,.F.,(3,3),(0.,1.),.PIECEWISE_BEZIER_KNOTS.);
#9560 = CARTESIAN_POINT('',(-52.60328193832,32.578560939794,56.8));
#9561 = CARTESIAN_POINT('',(-52.65467694566,32.461637298091,56.8));
#9562 = CARTESIAN_POINT('',(-52.68845080763,32.337738619677,56.8));
#9563 = ORIENTED_EDGE('',*,*,#9564,.F.);
#9564 = EDGE_CURVE('',#9565,#9557,#9567,.T.);
#9565 = VERTEX_POINT('',#9566);
#9566 = CARTESIAN_POINT('',(-52.68845080763,32.337738619677,57.4));
#9567 = B_SPLINE_CURVE_WITH_KNOTS('',1,(#9568,#9569),.UNSPECIFIED.,.F.,
  .F.,(2,2),(0.,0.6),.PIECEWISE_BEZIER_KNOTS.);
#9568 = CARTESIAN_POINT('',(-52.68845080763,32.337738619677,57.4));
#9569 = CARTESIAN_POINT('',(-52.68845080763,32.337738619677,56.8));
#9570 = ORIENTED_EDGE('',*,*,#9571,.F.);
#9571 = EDGE_CURVE('',#9533,#9565,#9572,.T.);
#9572 = B_SPLINE_CURVE_WITH_KNOTS('',2,(#9573,#9574,#9575),
  .UNSPECIFIED.,.F.,.F.,(3,3),(0.,1.),.PIECEWISE_BEZIER_KNOTS.);
#9573 = CARTESIAN_POINT('',(-52.60328193832,32.578560939794,57.4));
#9574 = CARTESIAN_POINT('',(-52.65467694566,32.461637298091,57.4));
#9575 = CARTESIAN_POINT('',(-52.68845080763,32.337738619677,57.4));
#9576 = B_SPLINE_SURFACE_WITH_KNOTS('',2,1,(
    (#9577,#9578)
    ,(#9579,#9580)
    ,(#9581,#9582
    )),.UNSPECIFIED.,.F.,.F.,.F.,(3,3),(2,2),(0.,1.),(-0.6,0.),
  .PIECEWISE_BEZIER_KNOTS.);
#9577 = CARTESIAN_POINT('',(-52.60328193832,32.578560939794,56.8));
#9578 = CARTESIAN_POINT('',(-52.60328193832,32.578560939794,57.4));
#9579 = CARTESIAN_POINT('',(-52.65467694566,32.461637298091,56.8));
#9580 = CARTESIAN_POINT('',(-52.65467694566,32.461637298091,57.4));
#9581 = CARTESIAN_POINT('',(-52.68845080763,32.337738619677,56.8));
#9582 = CARTESIAN_POINT('',(-52.68845080763,32.337738619677,57.4));
#9583 = ADVANCED_FACE('',(#9584),#9608,.F.);
#9584 = FACE_BOUND('',#9585,.F.);
#9585 = EDGE_LOOP('',(#9586,#9587,#9595,#9602));
#9586 = ORIENTED_EDGE('',*,*,#9564,.T.);
#9587 = ORIENTED_EDGE('',*,*,#9588,.T.);
#9588 = EDGE_CURVE('',#9557,#9589,#9591,.T.);
#9589 = VERTEX_POINT('',#9590);
#9590 = CARTESIAN_POINT('',(-52.73837738619,32.091226138032,56.8));
#9591 = B_SPLINE_CURVE_WITH_KNOTS('',2,(#9592,#9593,#9594),
  .UNSPECIFIED.,.F.,.F.,(3,3),(0.,1.),.PIECEWISE_BEZIER_KNOTS.);
#9592 = CARTESIAN_POINT('',(-52.68845080763,32.337738619677,56.8));
#9593 = CARTESIAN_POINT('',(-52.7222246696,32.213839941263,56.8));
#9594 = CARTESIAN_POINT('',(-52.73837738619,32.091226138032,56.8));
#9595 = ORIENTED_EDGE('',*,*,#9596,.F.);
#9596 = EDGE_CURVE('',#9597,#9589,#9599,.T.);
#9597 = VERTEX_POINT('',#9598);
#9598 = CARTESIAN_POINT('',(-52.73837738619,32.091226138032,57.4));
#9599 = B_SPLINE_CURVE_WITH_KNOTS('',1,(#9600,#9601),.UNSPECIFIED.,.F.,
  .F.,(2,2),(0.,0.6),.PIECEWISE_BEZIER_KNOTS.);
#9600 = CARTESIAN_POINT('',(-52.73837738619,32.091226138032,57.4));
#9601 = CARTESIAN_POINT('',(-52.73837738619,32.091226138032,56.8));
#9602 = ORIENTED_EDGE('',*,*,#9603,.F.);
#9603 = EDGE_CURVE('',#9565,#9597,#9604,.T.);
#9604 = B_SPLINE_CURVE_WITH_KNOTS('',2,(#9605,#9606,#9607),
  .UNSPECIFIED.,.F.,.F.,(3,3),(0.,1.),.PIECEWISE_BEZIER_KNOTS.);
#9605 = CARTESIAN_POINT('',(-52.68845080763,32.337738619677,57.4));
#9606 = CARTESIAN_POINT('',(-52.7222246696,32.213839941263,57.4));
#9607 = CARTESIAN_POINT('',(-52.73837738619,32.091226138032,57.4));
#9608 = B_SPLINE_SURFACE_WITH_KNOTS('',2,1,(
    (#9609,#9610)
    ,(#9611,#9612)
    ,(#9613,#9614
    )),.UNSPECIFIED.,.F.,.F.,.F.,(3,3),(2,2),(0.,1.),(-0.6,0.),
  .PIECEWISE_BEZIER_KNOTS.);
#9609 = CARTESIAN_POINT('',(-52.68845080763,32.337738619677,56.8));
#9610 = CARTESIAN_POINT('',(-52.68845080763,32.337738619677,57.4));
#9611 = CARTESIAN_POINT('',(-52.7222246696,32.213839941263,56.8));
#9612 = CARTESIAN_POINT('',(-52.7222246696,32.213839941263,57.4));
#9613 = CARTESIAN_POINT('',(-52.73837738619,32.091226138032,56.8));
#9614 = CARTESIAN_POINT('',(-52.73837738619,32.091226138032,57.4));
#9615 = ADVANCED_FACE('',(#9616),#9640,.F.);
#9616 = FACE_BOUND('',#9617,.F.);
#9617 = EDGE_LOOP('',(#9618,#9619,#9627,#9634));
#9618 = ORIENTED_EDGE('',*,*,#9596,.T.);
#9619 = ORIENTED_EDGE('',*,*,#9620,.T.);
#9620 = EDGE_CURVE('',#9589,#9621,#9623,.T.);
#9621 = VERTEX_POINT('',#9622);
#9622 = CARTESIAN_POINT('',(-52.75471365638,31.858663729809,56.8));
#9623 = B_SPLINE_CURVE_WITH_KNOTS('',2,(#9624,#9625,#9626),
  .UNSPECIFIED.,.F.,.F.,(3,3),(0.,1.),.PIECEWISE_BEZIER_KNOTS.);
#9624 = CARTESIAN_POINT('',(-52.73837738619,32.091226138032,56.8));
#9625 = CARTESIAN_POINT('',(-52.75471365638,31.968795888399,56.8));
#9626 = CARTESIAN_POINT('',(-52.75471365638,31.858663729809,56.8));
#9627 = ORIENTED_EDGE('',*,*,#9628,.F.);
#9628 = EDGE_CURVE('',#9629,#9621,#9631,.T.);
#9629 = VERTEX_POINT('',#9630);
#9630 = CARTESIAN_POINT('',(-52.75471365638,31.858663729809,57.4));
#9631 = B_SPLINE_CURVE_WITH_KNOTS('',1,(#9632,#9633),.UNSPECIFIED.,.F.,
  .F.,(2,2),(0.,0.6),.PIECEWISE_BEZIER_KNOTS.);
#9632 = CARTESIAN_POINT('',(-52.75471365638,31.858663729809,57.4));
#9633 = CARTESIAN_POINT('',(-52.75471365638,31.858663729809,56.8));
#9634 = ORIENTED_EDGE('',*,*,#9635,.F.);
#9635 = EDGE_CURVE('',#9597,#9629,#9636,.T.);
#9636 = B_SPLINE_CURVE_WITH_KNOTS('',2,(#9637,#9638,#9639),
  .UNSPECIFIED.,.F.,.F.,(3,3),(0.,1.),.PIECEWISE_BEZIER_KNOTS.);
#9637 = CARTESIAN_POINT('',(-52.73837738619,32.091226138032,57.4));
#9638 = CARTESIAN_POINT('',(-52.75471365638,31.968795888399,57.4));
#9639 = CARTESIAN_POINT('',(-52.75471365638,31.858663729809,57.4));
#9640 = B_SPLINE_SURFACE_WITH_KNOTS('',2,1,(
    (#9641,#9642)
    ,(#9643,#9644)
    ,(#9645,#9646
    )),.UNSPECIFIED.,.F.,.F.,.F.,(3,3),(2,2),(0.,1.),(-0.6,0.),
  .PIECEWISE_BEZIER_KNOTS.);
#9641 = CARTESIAN_POINT('',(-52.73837738619,32.091226138032,56.8));
#9642 = CARTESIAN_POINT('',(-52.73837738619,32.091226138032,57.4));
#9643 = CARTESIAN_POINT('',(-52.75471365638,31.968795888399,56.8));
#9644 = CARTESIAN_POINT('',(-52.75471365638,31.968795888399,57.4));
#9645 = CARTESIAN_POINT('',(-52.75471365638,31.858663729809,56.8));
#9646 = CARTESIAN_POINT('',(-52.75471365638,31.858663729809,57.4));
#9647 = ADVANCED_FACE('',(#9648),#9672,.F.);
#9648 = FACE_BOUND('',#9649,.F.);
#9649 = EDGE_LOOP('',(#9650,#9651,#9659,#9666));
#9650 = ORIENTED_EDGE('',*,*,#9628,.T.);
#9651 = ORIENTED_EDGE('',*,*,#9652,.T.);
#9652 = EDGE_CURVE('',#9621,#9653,#9655,.T.);
#9653 = VERTEX_POINT('',#9654);
#9654 = CARTESIAN_POINT('',(-52.72571218795,31.583333333333,56.8));
#9655 = B_SPLINE_CURVE_WITH_KNOTS('',2,(#9656,#9657,#9658),
  .UNSPECIFIED.,.F.,.F.,(3,3),(0.,1.),.PIECEWISE_BEZIER_KNOTS.);
#9656 = CARTESIAN_POINT('',(-52.75471365638,31.858663729809,56.8));
#9657 = CARTESIAN_POINT('',(-52.75471365638,31.707232011747,56.8));
#9658 = CARTESIAN_POINT('',(-52.72571218795,31.583333333333,56.8));
#9659 = ORIENTED_EDGE('',*,*,#9660,.F.);
#9660 = EDGE_CURVE('',#9661,#9653,#9663,.T.);
#9661 = VERTEX_POINT('',#9662);
#9662 = CARTESIAN_POINT('',(-52.72571218795,31.583333333333,57.4));
#9663 = B_SPLINE_CURVE_WITH_KNOTS('',1,(#9664,#9665),.UNSPECIFIED.,.F.,
  .F.,(2,2),(0.,0.6),.PIECEWISE_BEZIER_KNOTS.);
#9664 = CARTESIAN_POINT('',(-52.72571218795,31.583333333333,57.4));
#9665 = CARTESIAN_POINT('',(-52.72571218795,31.583333333333,56.8));
#9666 = ORIENTED_EDGE('',*,*,#9667,.F.);
#9667 = EDGE_CURVE('',#9629,#9661,#9668,.T.);
#9668 = B_SPLINE_CURVE_WITH_KNOTS('',2,(#9669,#9670,#9671),
  .UNSPECIFIED.,.F.,.F.,(3,3),(0.,1.),.PIECEWISE_BEZIER_KNOTS.);
#9669 = CARTESIAN_POINT('',(-52.75471365638,31.858663729809,57.4));
#9670 = CARTESIAN_POINT('',(-52.75471365638,31.707232011747,57.4));
#9671 = CARTESIAN_POINT('',(-52.72571218795,31.583333333333,57.4));
#9672 = B_SPLINE_SURFACE_WITH_KNOTS('',2,1,(
    (#9673,#9674)
    ,(#9675,#9676)
    ,(#9677,#9678
    )),.UNSPECIFIED.,.F.,.F.,.F.,(3,3),(2,2),(0.,1.),(-0.6,0.),
  .PIECEWISE_BEZIER_KNOTS.);
#9673 = CARTESIAN_POINT('',(-52.75471365638,31.858663729809,56.8));
#9674 = CARTESIAN_POINT('',(-52.75471365638,31.858663729809,57.4));
#9675 = CARTESIAN_POINT('',(-52.75471365638,31.707232011747,56.8));
#9676 = CARTESIAN_POINT('',(-52.75471365638,31.707232011747,57.4));
#9677 = CARTESIAN_POINT('',(-52.72571218795,31.583333333333,56.8));
#9678 = CARTESIAN_POINT('',(-52.72571218795,31.583333333333,57.4));
#9679 = ADVANCED_FACE('',(#9680),#9704,.F.);
#9680 = FACE_BOUND('',#9681,.F.);
#9681 = EDGE_LOOP('',(#9682,#9683,#9691,#9698));
#9682 = ORIENTED_EDGE('',*,*,#9660,.T.);
#9683 = ORIENTED_EDGE('',*,*,#9684,.T.);
#9684 = EDGE_CURVE('',#9653,#9685,#9687,.T.);
#9685 = VERTEX_POINT('',#9686);
#9686 = CARTESIAN_POINT('',(-52.6442143906,31.374082232012,56.8));
#9687 = B_SPLINE_CURVE_WITH_KNOTS('',2,(#9688,#9689,#9690),
  .UNSPECIFIED.,.F.,.F.,(3,3),(0.,1.),.PIECEWISE_BEZIER_KNOTS.);
#9688 = CARTESIAN_POINT('',(-52.72571218795,31.583333333333,56.8));
#9689 = CARTESIAN_POINT('',(-52.69671071953,31.459434654919,56.8));
#9690 = CARTESIAN_POINT('',(-52.6442143906,31.374082232012,56.8));
#9691 = ORIENTED_EDGE('',*,*,#9692,.F.);
#9692 = EDGE_CURVE('',#9693,#9685,#9695,.T.);
#9693 = VERTEX_POINT('',#9694);
#9694 = CARTESIAN_POINT('',(-52.6442143906,31.374082232012,57.4));
#9695 = B_SPLINE_CURVE_WITH_KNOTS('',1,(#9696,#9697),.UNSPECIFIED.,.F.,
  .F.,(2,2),(0.,0.6),.PIECEWISE_BEZIER_KNOTS.);
#9696 = CARTESIAN_POINT('',(-52.6442143906,31.374082232012,57.4));
#9697 = CARTESIAN_POINT('',(-52.6442143906,31.374082232012,56.8));
#9698 = ORIENTED_EDGE('',*,*,#9699,.F.);
#9699 = EDGE_CURVE('',#9661,#9693,#9700,.T.);
#9700 = B_SPLINE_CURVE_WITH_KNOTS('',2,(#9701,#9702,#9703),
  .UNSPECIFIED.,.F.,.F.,(3,3),(0.,1.),.PIECEWISE_BEZIER_KNOTS.);
#9701 = CARTESIAN_POINT('',(-52.72571218795,31.583333333333,57.4));
#9702 = CARTESIAN_POINT('',(-52.69671071953,31.459434654919,57.4));
#9703 = CARTESIAN_POINT('',(-52.6442143906,31.374082232012,57.4));
#9704 = B_SPLINE_SURFACE_WITH_KNOTS('',2,1,(
    (#9705,#9706)
    ,(#9707,#9708)
    ,(#9709,#9710
    )),.UNSPECIFIED.,.F.,.F.,.F.,(3,3),(2,2),(0.,1.),(-0.6,0.),
  .PIECEWISE_BEZIER_KNOTS.);
#9705 = CARTESIAN_POINT('',(-52.72571218795,31.583333333333,56.8));
#9706 = CARTESIAN_POINT('',(-52.72571218795,31.583333333333,57.4));
#9707 = CARTESIAN_POINT('',(-52.69671071953,31.459434654919,56.8));
#9708 = CARTESIAN_POINT('',(-52.69671071953,31.459434654919,57.4));
#9709 = CARTESIAN_POINT('',(-52.6442143906,31.374082232012,56.8));
#9710 = CARTESIAN_POINT('',(-52.6442143906,31.374082232012,57.4));
#9711 = ADVANCED_FACE('',(#9712),#9736,.F.);
#9712 = FACE_BOUND('',#9713,.F.);
#9713 = EDGE_LOOP('',(#9714,#9715,#9723,#9730));
#9714 = ORIENTED_EDGE('',*,*,#9692,.T.);
#9715 = ORIENTED_EDGE('',*,*,#9716,.T.);
#9716 = EDGE_CURVE('',#9685,#9717,#9719,.T.);
#9717 = VERTEX_POINT('',#9718);
#9718 = CARTESIAN_POINT('',(-52.51848017621,31.241923641703,56.8));
#9719 = B_SPLINE_CURVE_WITH_KNOTS('',2,(#9720,#9721,#9722),
  .UNSPECIFIED.,.F.,.F.,(3,3),(0.,1.),.PIECEWISE_BEZIER_KNOTS.);
#9720 = CARTESIAN_POINT('',(-52.6442143906,31.374082232012,56.8));
#9721 = CARTESIAN_POINT('',(-52.59171806167,31.288729809104,56.8));
#9722 = CARTESIAN_POINT('',(-52.51848017621,31.241923641703,56.8));
#9723 = ORIENTED_EDGE('',*,*,#9724,.F.);
#9724 = EDGE_CURVE('',#9725,#9717,#9727,.T.);
#9725 = VERTEX_POINT('',#9726);
#9726 = CARTESIAN_POINT('',(-52.51848017621,31.241923641703,57.4));
#9727 = B_SPLINE_CURVE_WITH_KNOTS('',1,(#9728,#9729),.UNSPECIFIED.,.F.,
  .F.,(2,2),(0.,0.6),.PIECEWISE_BEZIER_KNOTS.);
#9728 = CARTESIAN_POINT('',(-52.51848017621,31.241923641703,57.4));
#9729 = CARTESIAN_POINT('',(-52.51848017621,31.241923641703,56.8));
#9730 = ORIENTED_EDGE('',*,*,#9731,.F.);
#9731 = EDGE_CURVE('',#9693,#9725,#9732,.T.);
#9732 = B_SPLINE_CURVE_WITH_KNOTS('',2,(#9733,#9734,#9735),
  .UNSPECIFIED.,.F.,.F.,(3,3),(0.,1.),.PIECEWISE_BEZIER_KNOTS.);
#9733 = CARTESIAN_POINT('',(-52.6442143906,31.374082232012,57.4));
#9734 = CARTESIAN_POINT('',(-52.59171806167,31.288729809104,57.4));
#9735 = CARTESIAN_POINT('',(-52.51848017621,31.241923641703,57.4));
#9736 = B_SPLINE_SURFACE_WITH_KNOTS('',2,1,(
    (#9737,#9738)
    ,(#9739,#9740)
    ,(#9741,#9742
    )),.UNSPECIFIED.,.F.,.F.,.F.,(3,3),(2,2),(0.,1.),(-0.6,0.),
  .PIECEWISE_BEZIER_KNOTS.);
#9737 = CARTESIAN_POINT('',(-52.6442143906,31.374082232012,56.8));
#9738 = CARTESIAN_POINT('',(-52.6442143906,31.374082232012,57.4));
#9739 = CARTESIAN_POINT('',(-52.59171806167,31.288729809104,56.8));
#9740 = CARTESIAN_POINT('',(-52.59171806167,31.288729809104,57.4));
#9741 = CARTESIAN_POINT('',(-52.51848017621,31.241923641703,56.8));
#9742 = CARTESIAN_POINT('',(-52.51848017621,31.241923641703,57.4));
#9743 = ADVANCED_FACE('',(#9744),#9768,.F.);
#9744 = FACE_BOUND('',#9745,.F.);
#9745 = EDGE_LOOP('',(#9746,#9747,#9755,#9762));
#9746 = ORIENTED_EDGE('',*,*,#9724,.T.);
#9747 = ORIENTED_EDGE('',*,*,#9748,.T.);
#9748 = EDGE_CURVE('',#9717,#9749,#9751,.T.);
#9749 = VERTEX_POINT('',#9750);
#9750 = CARTESIAN_POINT('',(-52.35419970631,31.195117474303,56.8));
#9751 = B_SPLINE_CURVE_WITH_KNOTS('',2,(#9752,#9753,#9754),
  .UNSPECIFIED.,.F.,.F.,(3,3),(0.,1.),.PIECEWISE_BEZIER_KNOTS.);
#9752 = CARTESIAN_POINT('',(-52.51848017621,31.241923641703,56.8));
#9753 = CARTESIAN_POINT('',(-52.44542584434,31.195117474303,56.8));
#9754 = CARTESIAN_POINT('',(-52.35419970631,31.195117474303,56.8));
#9755 = ORIENTED_EDGE('',*,*,#9756,.F.);
#9756 = EDGE_CURVE('',#9757,#9749,#9759,.T.);
#9757 = VERTEX_POINT('',#9758);
#9758 = CARTESIAN_POINT('',(-52.35419970631,31.195117474303,57.4));
#9759 = B_SPLINE_CURVE_WITH_KNOTS('',1,(#9760,#9761),.UNSPECIFIED.,.F.,
  .F.,(2,2),(0.,0.6),.PIECEWISE_BEZIER_KNOTS.);
#9760 = CARTESIAN_POINT('',(-52.35419970631,31.195117474303,57.4));
#9761 = CARTESIAN_POINT('',(-52.35419970631,31.195117474303,56.8));
#9762 = ORIENTED_EDGE('',*,*,#9763,.F.);
#9763 = EDGE_CURVE('',#9725,#9757,#9764,.T.);
#9764 = B_SPLINE_CURVE_WITH_KNOTS('',2,(#9765,#9766,#9767),
  .UNSPECIFIED.,.F.,.F.,(3,3),(0.,1.),.PIECEWISE_BEZIER_KNOTS.);
#9765 = CARTESIAN_POINT('',(-52.51848017621,31.241923641703,57.4));
#9766 = CARTESIAN_POINT('',(-52.44542584434,31.195117474303,57.4));
#9767 = CARTESIAN_POINT('',(-52.35419970631,31.195117474303,57.4));
#9768 = B_SPLINE_SURFACE_WITH_KNOTS('',2,1,(
    (#9769,#9770)
    ,(#9771,#9772)
    ,(#9773,#9774
    )),.UNSPECIFIED.,.F.,.F.,.F.,(3,3),(2,2),(0.,1.),(-0.6,0.),
  .PIECEWISE_BEZIER_KNOTS.);
#9769 = CARTESIAN_POINT('',(-52.51848017621,31.241923641703,56.8));
#9770 = CARTESIAN_POINT('',(-52.51848017621,31.241923641703,57.4));
#9771 = CARTESIAN_POINT('',(-52.44542584434,31.195117474303,56.8));
#9772 = CARTESIAN_POINT('',(-52.44542584434,31.195117474303,57.4));
#9773 = CARTESIAN_POINT('',(-52.35419970631,31.195117474303,56.8));
#9774 = CARTESIAN_POINT('',(-52.35419970631,31.195117474303,57.4));
#9775 = ADVANCED_FACE('',(#9776),#9800,.F.);
#9776 = FACE_BOUND('',#9777,.F.);
#9777 = EDGE_LOOP('',(#9778,#9779,#9787,#9794));
#9778 = ORIENTED_EDGE('',*,*,#9756,.T.);
#9779 = ORIENTED_EDGE('',*,*,#9780,.T.);
#9780 = EDGE_CURVE('',#9749,#9781,#9783,.T.);
#9781 = VERTEX_POINT('',#9782);
#9782 = CARTESIAN_POINT('',(-52.17633627019,31.247430249633,56.8));
#9783 = B_SPLINE_CURVE_WITH_KNOTS('',2,(#9784,#9785,#9786),
  .UNSPECIFIED.,.F.,.F.,(3,3),(0.,1.),.PIECEWISE_BEZIER_KNOTS.);
#9784 = CARTESIAN_POINT('',(-52.35419970631,31.195117474303,56.8));
#9785 = CARTESIAN_POINT('',(-52.25489720998,31.195117474303,56.8));
#9786 = CARTESIAN_POINT('',(-52.17633627019,31.247430249633,56.8));
#9787 = ORIENTED_EDGE('',*,*,#9788,.F.);
#9788 = EDGE_CURVE('',#9789,#9781,#9791,.T.);
#9789 = VERTEX_POINT('',#9790);
#9790 = CARTESIAN_POINT('',(-52.17633627019,31.247430249633,57.4));
#9791 = B_SPLINE_CURVE_WITH_KNOTS('',1,(#9792,#9793),.UNSPECIFIED.,.F.,
  .F.,(2,2),(0.,0.6),.PIECEWISE_BEZIER_KNOTS.);
#9792 = CARTESIAN_POINT('',(-52.17633627019,31.247430249633,57.4));
#9793 = CARTESIAN_POINT('',(-52.17633627019,31.247430249633,56.8));
#9794 = ORIENTED_EDGE('',*,*,#9795,.F.);
#9795 = EDGE_CURVE('',#9757,#9789,#9796,.T.);
#9796 = B_SPLINE_CURVE_WITH_KNOTS('',2,(#9797,#9798,#9799),
  .UNSPECIFIED.,.F.,.F.,(3,3),(0.,1.),.PIECEWISE_BEZIER_KNOTS.);
#9797 = CARTESIAN_POINT('',(-52.35419970631,31.195117474303,57.4));
#9798 = CARTESIAN_POINT('',(-52.25489720998,31.195117474303,57.4));
#9799 = CARTESIAN_POINT('',(-52.17633627019,31.247430249633,57.4));
#9800 = B_SPLINE_SURFACE_WITH_KNOTS('',2,1,(
    (#9801,#9802)
    ,(#9803,#9804)
    ,(#9805,#9806
    )),.UNSPECIFIED.,.F.,.F.,.F.,(3,3),(2,2),(0.,1.),(-0.6,0.),
  .PIECEWISE_BEZIER_KNOTS.);
#9801 = CARTESIAN_POINT('',(-52.35419970631,31.195117474303,56.8));
#9802 = CARTESIAN_POINT('',(-52.35419970631,31.195117474303,57.4));
#9803 = CARTESIAN_POINT('',(-52.25489720998,31.195117474303,56.8));
#9804 = CARTESIAN_POINT('',(-52.25489720998,31.195117474303,57.4));
#9805 = CARTESIAN_POINT('',(-52.17633627019,31.247430249633,56.8));
#9806 = CARTESIAN_POINT('',(-52.17633627019,31.247430249633,57.4));
#9807 = ADVANCED_FACE('',(#9808),#9832,.F.);
#9808 = FACE_BOUND('',#9809,.F.);
#9809 = EDGE_LOOP('',(#9810,#9811,#9819,#9826));
#9810 = ORIENTED_EDGE('',*,*,#9788,.T.);
#9811 = ORIENTED_EDGE('',*,*,#9812,.T.);
#9812 = EDGE_CURVE('',#9781,#9813,#9815,.T.);
#9813 = VERTEX_POINT('',#9814);
#9814 = CARTESIAN_POINT('',(-52.02747430249,31.39610866373,56.8));
#9815 = B_SPLINE_CURVE_WITH_KNOTS('',2,(#9816,#9817,#9818),
  .UNSPECIFIED.,.F.,.F.,(3,3),(0.,1.),.PIECEWISE_BEZIER_KNOTS.);
#9816 = CARTESIAN_POINT('',(-52.17633627019,31.247430249633,56.8));
#9817 = CARTESIAN_POINT('',(-52.09777533039,31.299743024963,56.8));
#9818 = CARTESIAN_POINT('',(-52.02747430249,31.39610866373,56.8));
#9819 = ORIENTED_EDGE('',*,*,#9820,.F.);
#9820 = EDGE_CURVE('',#9821,#9813,#9823,.T.);
#9821 = VERTEX_POINT('',#9822);
#9822 = CARTESIAN_POINT('',(-52.02747430249,31.39610866373,57.4));
#9823 = B_SPLINE_CURVE_WITH_KNOTS('',1,(#9824,#9825),.UNSPECIFIED.,.F.,
  .F.,(2,2),(0.,0.6),.PIECEWISE_BEZIER_KNOTS.);
#9824 = CARTESIAN_POINT('',(-52.02747430249,31.39610866373,57.4));
#9825 = CARTESIAN_POINT('',(-52.02747430249,31.39610866373,56.8));
#9826 = ORIENTED_EDGE('',*,*,#9827,.F.);
#9827 = EDGE_CURVE('',#9789,#9821,#9828,.T.);
#9828 = B_SPLINE_CURVE_WITH_KNOTS('',2,(#9829,#9830,#9831),
  .UNSPECIFIED.,.F.,.F.,(3,3),(0.,1.),.PIECEWISE_BEZIER_KNOTS.);
#9829 = CARTESIAN_POINT('',(-52.17633627019,31.247430249633,57.4));
#9830 = CARTESIAN_POINT('',(-52.09777533039,31.299743024963,57.4));
#9831 = CARTESIAN_POINT('',(-52.02747430249,31.39610866373,57.4));
#9832 = B_SPLINE_SURFACE_WITH_KNOTS('',2,1,(
    (#9833,#9834)
    ,(#9835,#9836)
    ,(#9837,#9838
    )),.UNSPECIFIED.,.F.,.F.,.F.,(3,3),(2,2),(0.,1.),(-0.6,0.),
  .PIECEWISE_BEZIER_KNOTS.);
#9833 = CARTESIAN_POINT('',(-52.17633627019,31.247430249633,56.8));
#9834 = CARTESIAN_POINT('',(-52.17633627019,31.247430249633,57.4));
#9835 = CARTESIAN_POINT('',(-52.09777533039,31.299743024963,56.8));
#9836 = CARTESIAN_POINT('',(-52.09777533039,31.299743024963,57.4));
#9837 = CARTESIAN_POINT('',(-52.02747430249,31.39610866373,56.8));
#9838 = CARTESIAN_POINT('',(-52.02747430249,31.39610866373,57.4));
#9839 = ADVANCED_FACE('',(#9840),#9864,.F.);
#9840 = FACE_BOUND('',#9841,.F.);
#9841 = EDGE_LOOP('',(#9842,#9843,#9851,#9858));
#9842 = ORIENTED_EDGE('',*,*,#9820,.T.);
#9843 = ORIENTED_EDGE('',*,*,#9844,.T.);
#9844 = EDGE_CURVE('',#9813,#9845,#9847,.T.);
#9845 = VERTEX_POINT('',#9846);
#9846 = CARTESIAN_POINT('',(-51.88962555066,31.630139500734,56.8));
#9847 = B_SPLINE_CURVE_WITH_KNOTS('',2,(#9848,#9849,#9850),
  .UNSPECIFIED.,.F.,.F.,(3,3),(0.,1.),.PIECEWISE_BEZIER_KNOTS.);
#9848 = CARTESIAN_POINT('',(-52.02747430249,31.39610866373,56.8));
#9849 = CARTESIAN_POINT('',(-51.95717327459,31.492474302496,56.8));
#9850 = CARTESIAN_POINT('',(-51.88962555066,31.630139500734,56.8));
#9851 = ORIENTED_EDGE('',*,*,#9852,.F.);
#9852 = EDGE_CURVE('',#9853,#9845,#9855,.T.);
#9853 = VERTEX_POINT('',#9854);
#9854 = CARTESIAN_POINT('',(-51.88962555066,31.630139500734,57.4));
#9855 = B_SPLINE_CURVE_WITH_KNOTS('',1,(#9856,#9857),.UNSPECIFIED.,.F.,
  .F.,(2,2),(0.,0.6),.PIECEWISE_BEZIER_KNOTS.);
#9856 = CARTESIAN_POINT('',(-51.88962555066,31.630139500734,57.4));
#9857 = CARTESIAN_POINT('',(-51.88962555066,31.630139500734,56.8));
#9858 = ORIENTED_EDGE('',*,*,#9859,.F.);
#9859 = EDGE_CURVE('',#9821,#9853,#9860,.T.);
#9860 = B_SPLINE_CURVE_WITH_KNOTS('',2,(#9861,#9862,#9863),
  .UNSPECIFIED.,.F.,.F.,(3,3),(0.,1.),.PIECEWISE_BEZIER_KNOTS.);
#9861 = CARTESIAN_POINT('',(-52.02747430249,31.39610866373,57.4));
#9862 = CARTESIAN_POINT('',(-51.95717327459,31.492474302496,57.4));
#9863 = CARTESIAN_POINT('',(-51.88962555066,31.630139500734,57.4));
#9864 = B_SPLINE_SURFACE_WITH_KNOTS('',2,1,(
    (#9865,#9866)
    ,(#9867,#9868)
    ,(#9869,#9870
    )),.UNSPECIFIED.,.F.,.F.,.F.,(3,3),(2,2),(0.,1.),(-0.6,0.),
  .PIECEWISE_BEZIER_KNOTS.);
#9865 = CARTESIAN_POINT('',(-52.02747430249,31.39610866373,56.8));
#9866 = CARTESIAN_POINT('',(-52.02747430249,31.39610866373,57.4));
#9867 = CARTESIAN_POINT('',(-51.95717327459,31.492474302496,56.8));
#9868 = CARTESIAN_POINT('',(-51.95717327459,31.492474302496,57.4));
#9869 = CARTESIAN_POINT('',(-51.88962555066,31.630139500734,56.8));
#9870 = CARTESIAN_POINT('',(-51.88962555066,31.630139500734,57.4));
#9871 = ADVANCED_FACE('',(#9872),#9896,.F.);
#9872 = FACE_BOUND('',#9873,.F.);
#9873 = EDGE_LOOP('',(#9874,#9875,#9883,#9890));
#9874 = ORIENTED_EDGE('',*,*,#9852,.T.);
#9875 = ORIENTED_EDGE('',*,*,#9876,.T.);
#9876 = EDGE_CURVE('',#9845,#9877,#9879,.T.);
#9877 = VERTEX_POINT('',#9878);
#9878 = CARTESIAN_POINT('',(-51.75049192364,31.941262848752,56.8));
#9879 = B_SPLINE_CURVE_WITH_KNOTS('',2,(#9880,#9881,#9882),
  .UNSPECIFIED.,.F.,.F.,(3,3),(0.,1.),.PIECEWISE_BEZIER_KNOTS.);
#9880 = CARTESIAN_POINT('',(-51.88962555066,31.630139500734,56.8));
#9881 = CARTESIAN_POINT('',(-51.82207782672,31.767804698972,56.8));
#9882 = CARTESIAN_POINT('',(-51.75049192364,31.941262848752,56.8));
#9883 = ORIENTED_EDGE('',*,*,#9884,.F.);
#9884 = EDGE_CURVE('',#9885,#9877,#9887,.T.);
#9885 = VERTEX_POINT('',#9886);
#9886 = CARTESIAN_POINT('',(-51.75049192364,31.941262848752,57.4));
#9887 = B_SPLINE_CURVE_WITH_KNOTS('',1,(#9888,#9889),.UNSPECIFIED.,.F.,
  .F.,(2,2),(0.,0.6),.PIECEWISE_BEZIER_KNOTS.);
#9888 = CARTESIAN_POINT('',(-51.75049192364,31.941262848752,57.4));
#9889 = CARTESIAN_POINT('',(-51.75049192364,31.941262848752,56.8));
#9890 = ORIENTED_EDGE('',*,*,#9891,.F.);
#9891 = EDGE_CURVE('',#9853,#9885,#9892,.T.);
#9892 = B_SPLINE_CURVE_WITH_KNOTS('',2,(#9893,#9894,#9895),
  .UNSPECIFIED.,.F.,.F.,(3,3),(0.,1.),.PIECEWISE_BEZIER_KNOTS.);
#9893 = CARTESIAN_POINT('',(-51.88962555066,31.630139500734,57.4));
#9894 = CARTESIAN_POINT('',(-51.82207782672,31.767804698972,57.4));
#9895 = CARTESIAN_POINT('',(-51.75049192364,31.941262848752,57.4));
#9896 = B_SPLINE_SURFACE_WITH_KNOTS('',2,1,(
    (#9897,#9898)
    ,(#9899,#9900)
    ,(#9901,#9902
    )),.UNSPECIFIED.,.F.,.F.,.F.,(3,3),(2,2),(0.,1.),(-0.6,0.),
  .PIECEWISE_BEZIER_KNOTS.);
#9897 = CARTESIAN_POINT('',(-51.88962555066,31.630139500734,56.8));
#9898 = CARTESIAN_POINT('',(-51.88962555066,31.630139500734,57.4));
#9899 = CARTESIAN_POINT('',(-51.82207782672,31.767804698972,56.8));
#9900 = CARTESIAN_POINT('',(-51.82207782672,31.767804698972,57.4));
#9901 = CARTESIAN_POINT('',(-51.75049192364,31.941262848752,56.8));
#9902 = CARTESIAN_POINT('',(-51.75049192364,31.941262848752,57.4));
#9903 = ADVANCED_FACE('',(#9904),#9928,.F.);
#9904 = FACE_BOUND('',#9905,.F.);
#9905 = EDGE_LOOP('',(#9906,#9907,#9915,#9922));
#9906 = ORIENTED_EDGE('',*,*,#9884,.T.);
#9907 = ORIENTED_EDGE('',*,*,#9908,.T.);
#9908 = EDGE_CURVE('',#9877,#9909,#9911,.T.);
#9909 = VERTEX_POINT('',#9910);
#9910 = CARTESIAN_POINT('',(-51.53958883994,32.366556534508,56.8));
#9911 = B_SPLINE_CURVE_WITH_KNOTS('',2,(#9912,#9913,#9914),
  .UNSPECIFIED.,.F.,.F.,(3,3),(0.,1.),.PIECEWISE_BEZIER_KNOTS.);
#9912 = CARTESIAN_POINT('',(-51.75049192364,31.941262848752,56.8));
#9913 = CARTESIAN_POINT('',(-51.65118942731,32.178046989721,56.8));
#9914 = CARTESIAN_POINT('',(-51.53958883994,32.366556534508,56.8));
#9915 = ORIENTED_EDGE('',*,*,#9916,.F.);
#9916 = EDGE_CURVE('',#9917,#9909,#9919,.T.);
#9917 = VERTEX_POINT('',#9918);
#9918 = CARTESIAN_POINT('',(-51.53958883994,32.366556534508,57.4));
#9919 = B_SPLINE_CURVE_WITH_KNOTS('',1,(#9920,#9921),.UNSPECIFIED.,.F.,
  .F.,(2,2),(0.,0.6),.PIECEWISE_BEZIER_KNOTS.);
#9920 = CARTESIAN_POINT('',(-51.53958883994,32.366556534508,57.4));
#9921 = CARTESIAN_POINT('',(-51.53958883994,32.366556534508,56.8));
#9922 = ORIENTED_EDGE('',*,*,#9923,.F.);
#9923 = EDGE_CURVE('',#9885,#9917,#9924,.T.);
#9924 = B_SPLINE_CURVE_WITH_KNOTS('',2,(#9925,#9926,#9927),
  .UNSPECIFIED.,.F.,.F.,(3,3),(0.,1.),.PIECEWISE_BEZIER_KNOTS.);
#9925 = CARTESIAN_POINT('',(-51.75049192364,31.941262848752,57.4));
#9926 = CARTESIAN_POINT('',(-51.65118942731,32.178046989721,57.4));
#9927 = CARTESIAN_POINT('',(-51.53958883994,32.366556534508,57.4));
#9928 = B_SPLINE_SURFACE_WITH_KNOTS('',2,1,(
    (#9929,#9930)
    ,(#9931,#9932)
    ,(#9933,#9934
    )),.UNSPECIFIED.,.F.,.F.,.F.,(3,3),(2,2),(0.,1.),(-0.6,0.),
  .PIECEWISE_BEZIER_KNOTS.);
#9929 = CARTESIAN_POINT('',(-51.75049192364,31.941262848752,56.8));
#9930 = CARTESIAN_POINT('',(-51.75049192364,31.941262848752,57.4));
#9931 = CARTESIAN_POINT('',(-51.65118942731,32.178046989721,56.8));
#9932 = CARTESIAN_POINT('',(-51.65118942731,32.178046989721,57.4));
#9933 = CARTESIAN_POINT('',(-51.53958883994,32.366556534508,56.8));
#9934 = CARTESIAN_POINT('',(-51.53958883994,32.366556534508,57.4));
#9935 = ADVANCED_FACE('',(#9936),#9960,.F.);
#9936 = FACE_BOUND('',#9937,.F.);
#9937 = EDGE_LOOP('',(#9938,#9939,#9947,#9954));
#9938 = ORIENTED_EDGE('',*,*,#9916,.T.);
#9939 = ORIENTED_EDGE('',*,*,#9940,.T.);
#9940 = EDGE_CURVE('',#9909,#9941,#9943,.T.);
#9941 = VERTEX_POINT('',#9942);
#9942 = CARTESIAN_POINT('',(-51.28738619676,32.690161527166,56.8));
#9943 = B_SPLINE_CURVE_WITH_KNOTS('',2,(#9944,#9945,#9946),
  .UNSPECIFIED.,.F.,.F.,(3,3),(0.,1.),.PIECEWISE_BEZIER_KNOTS.);
#9944 = CARTESIAN_POINT('',(-51.53958883994,32.366556534508,56.8));
#9945 = CARTESIAN_POINT('',(-51.42798825257,32.555249632893,56.8));
#9946 = CARTESIAN_POINT('',(-51.28738619676,32.690161527166,56.8));
#9947 = ORIENTED_EDGE('',*,*,#9948,.F.);
#9948 = EDGE_CURVE('',#9949,#9941,#9951,.T.);
#9949 = VERTEX_POINT('',#9950);
#9950 = CARTESIAN_POINT('',(-51.28738619676,32.690161527166,57.4));
#9951 = B_SPLINE_CURVE_WITH_KNOTS('',1,(#9952,#9953),.UNSPECIFIED.,.F.,
  .F.,(2,2),(0.,0.6),.PIECEWISE_BEZIER_KNOTS.);
#9952 = CARTESIAN_POINT('',(-51.28738619676,32.690161527166,57.4));
#9953 = CARTESIAN_POINT('',(-51.28738619676,32.690161527166,56.8));
#9954 = ORIENTED_EDGE('',*,*,#9955,.F.);
#9955 = EDGE_CURVE('',#9917,#9949,#9956,.T.);
#9956 = B_SPLINE_CURVE_WITH_KNOTS('',2,(#9957,#9958,#9959),
  .UNSPECIFIED.,.F.,.F.,(3,3),(0.,1.),.PIECEWISE_BEZIER_KNOTS.);
#9957 = CARTESIAN_POINT('',(-51.53958883994,32.366556534508,57.4));
#9958 = CARTESIAN_POINT('',(-51.42798825257,32.555249632893,57.4));
#9959 = CARTESIAN_POINT('',(-51.28738619676,32.690161527166,57.4));
#9960 = B_SPLINE_SURFACE_WITH_KNOTS('',2,1,(
    (#9961,#9962)
    ,(#9963,#9964)
    ,(#9965,#9966
    )),.UNSPECIFIED.,.F.,.F.,.F.,(3,3),(2,2),(0.,1.),(-0.6,0.),
  .PIECEWISE_BEZIER_KNOTS.);
#9961 = CARTESIAN_POINT('',(-51.53958883994,32.366556534508,56.8));
#9962 = CARTESIAN_POINT('',(-51.53958883994,32.366556534508,57.4));
#9963 = CARTESIAN_POINT('',(-51.42798825257,32.555249632893,56.8));
#9964 = CARTESIAN_POINT('',(-51.42798825257,32.555249632893,57.4));
#9965 = CARTESIAN_POINT('',(-51.28738619676,32.690161527166,56.8));
#9966 = CARTESIAN_POINT('',(-51.28738619676,32.690161527166,57.4));
#9967 = ADVANCED_FACE('',(#9968),#9992,.F.);
#9968 = FACE_BOUND('',#9969,.F.);
#9969 = EDGE_LOOP('',(#9970,#9971,#9979,#9986));
#9970 = ORIENTED_EDGE('',*,*,#9948,.T.);
#9971 = ORIENTED_EDGE('',*,*,#9972,.T.);
#9972 = EDGE_CURVE('',#9941,#9973,#9975,.T.);
#9973 = VERTEX_POINT('',#9974);
#9974 = CARTESIAN_POINT('',(-50.96616740088,32.896659324523,56.8));
#9975 = B_SPLINE_CURVE_WITH_KNOTS('',2,(#9976,#9977,#9978),
  .UNSPECIFIED.,.F.,.F.,(3,3),(0.,1.),.PIECEWISE_BEZIER_KNOTS.);
#9976 = CARTESIAN_POINT('',(-51.28738619676,32.690161527166,56.8));
#9977 = CARTESIAN_POINT('',(-51.14678414096,32.825073421439,56.8));
#9978 = CARTESIAN_POINT('',(-50.96616740088,32.896659324523,56.8));
#9979 = ORIENTED_EDGE('',*,*,#9980,.F.);
#9980 = EDGE_CURVE('',#9981,#9973,#9983,.T.);
#9981 = VERTEX_POINT('',#9982);
#9982 = CARTESIAN_POINT('',(-50.96616740088,32.896659324523,57.4));
#9983 = B_SPLINE_CURVE_WITH_KNOTS('',1,(#9984,#9985),.UNSPECIFIED.,.F.,
  .F.,(2,2),(0.,0.6),.PIECEWISE_BEZIER_KNOTS.);
#9984 = CARTESIAN_POINT('',(-50.96616740088,32.896659324523,57.4));
#9985 = CARTESIAN_POINT('',(-50.96616740088,32.896659324523,56.8));
#9986 = ORIENTED_EDGE('',*,*,#9987,.F.);
#9987 = EDGE_CURVE('',#9949,#9981,#9988,.T.);
#9988 = B_SPLINE_CURVE_WITH_KNOTS('',2,(#9989,#9990,#9991),
  .UNSPECIFIED.,.F.,.F.,(3,3),(0.,1.),.PIECEWISE_BEZIER_KNOTS.);
#9989 = CARTESIAN_POINT('',(-51.28738619676,32.690161527166,57.4));
#9990 = CARTESIAN_POINT('',(-51.14678414096,32.825073421439,57.4));
#9991 = CARTESIAN_POINT('',(-50.96616740088,32.896659324523,57.4));
#9992 = B_SPLINE_SURFACE_WITH_KNOTS('',2,1,(
    (#9993,#9994)
    ,(#9995,#9996)
    ,(#9997,#9998
    )),.UNSPECIFIED.,.F.,.F.,.F.,(3,3),(2,2),(0.,1.),(-0.6,0.),
  .PIECEWISE_BEZIER_KNOTS.);
#9993 = CARTESIAN_POINT('',(-51.28738619676,32.690161527166,56.8));
#9994 = CARTESIAN_POINT('',(-51.28738619676,32.690161527166,57.4));
#9995 = CARTESIAN_POINT('',(-51.14678414096,32.825073421439,56.8));
#9996 = CARTESIAN_POINT('',(-51.14678414096,32.825073421439,57.4));
#9997 = CARTESIAN_POINT('',(-50.96616740088,32.896659324523,56.8));
#9998 = CARTESIAN_POINT('',(-50.96616740088,32.896659324523,57.4));
#9999 = ADVANCED_FACE('',(#10000),#10024,.F.);
#10000 = FACE_BOUND('',#10001,.F.);
#10001 = EDGE_LOOP('',(#10002,#10003,#10011,#10018));
#10002 = ORIENTED_EDGE('',*,*,#9980,.T.);
#10003 = ORIENTED_EDGE('',*,*,#10004,.T.);
#10004 = EDGE_CURVE('',#9973,#10005,#10007,.T.);
#10005 = VERTEX_POINT('',#10006);
#10006 = CARTESIAN_POINT('',(-50.54582966226,32.968245227606,56.8));
#10007 = B_SPLINE_CURVE_WITH_KNOTS('',2,(#10008,#10009,#10010),
  .UNSPECIFIED.,.F.,.F.,(3,3),(0.,1.),.PIECEWISE_BEZIER_KNOTS.);
#10008 = CARTESIAN_POINT('',(-50.96616740088,32.896659324523,56.8));
#10009 = CARTESIAN_POINT('',(-50.78573421439,32.968245227606,56.8));
#10010 = CARTESIAN_POINT('',(-50.54582966226,32.968245227606,56.8));
#10011 = ORIENTED_EDGE('',*,*,#10012,.F.);
#10012 = EDGE_CURVE('',#10013,#10005,#10015,.T.);
#10013 = VERTEX_POINT('',#10014);
#10014 = CARTESIAN_POINT('',(-50.54582966226,32.968245227606,57.4));
#10015 = B_SPLINE_CURVE_WITH_KNOTS('',1,(#10016,#10017),.UNSPECIFIED.,
  .F.,.F.,(2,2),(0.,0.6),.PIECEWISE_BEZIER_KNOTS.);
#10016 = CARTESIAN_POINT('',(-50.54582966226,32.968245227606,57.4));
#10017 = CARTESIAN_POINT('',(-50.54582966226,32.968245227606,56.8));
#10018 = ORIENTED_EDGE('',*,*,#10019,.F.);
#10019 = EDGE_CURVE('',#9981,#10013,#10020,.T.);
#10020 = B_SPLINE_CURVE_WITH_KNOTS('',2,(#10021,#10022,#10023),
  .UNSPECIFIED.,.F.,.F.,(3,3),(0.,1.),.PIECEWISE_BEZIER_KNOTS.);
#10021 = CARTESIAN_POINT('',(-50.96616740088,32.896659324523,57.4));
#10022 = CARTESIAN_POINT('',(-50.78573421439,32.968245227606,57.4));
#10023 = CARTESIAN_POINT('',(-50.54582966226,32.968245227606,57.4));
#10024 = B_SPLINE_SURFACE_WITH_KNOTS('',2,1,(
    (#10025,#10026)
    ,(#10027,#10028)
    ,(#10029,#10030
    )),.UNSPECIFIED.,.F.,.F.,.F.,(3,3),(2,2),(0.,1.),(-0.6,0.),
  .PIECEWISE_BEZIER_KNOTS.);
#10025 = CARTESIAN_POINT('',(-50.96616740088,32.896659324523,56.8));
#10026 = CARTESIAN_POINT('',(-50.96616740088,32.896659324523,57.4));
#10027 = CARTESIAN_POINT('',(-50.78573421439,32.968245227606,56.8));
#10028 = CARTESIAN_POINT('',(-50.78573421439,32.968245227606,57.4));
#10029 = CARTESIAN_POINT('',(-50.54582966226,32.968245227606,56.8));
#10030 = CARTESIAN_POINT('',(-50.54582966226,32.968245227606,57.4));
#10031 = ADVANCED_FACE('',(#10032),#10056,.F.);
#10032 = FACE_BOUND('',#10033,.F.);
#10033 = EDGE_LOOP('',(#10034,#10035,#10043,#10050));
#10034 = ORIENTED_EDGE('',*,*,#10012,.T.);
#10035 = ORIENTED_EDGE('',*,*,#10036,.T.);
#10036 = EDGE_CURVE('',#10005,#10037,#10039,.T.);
#10037 = VERTEX_POINT('',#10038);
#10038 = CARTESIAN_POINT('',(-49.99039647577,32.842878120411,56.8));
#10039 = B_SPLINE_CURVE_WITH_KNOTS('',2,(#10040,#10041,#10042),
  .UNSPECIFIED.,.F.,.F.,(3,3),(0.,1.),.PIECEWISE_BEZIER_KNOTS.);
#10040 = CARTESIAN_POINT('',(-50.54582966226,32.968245227606,56.8));
#10041 = CARTESIAN_POINT('',(-50.21506607929,32.968245227606,56.8));
#10042 = CARTESIAN_POINT('',(-49.99039647577,32.842878120411,56.8));
#10043 = ORIENTED_EDGE('',*,*,#10044,.F.);
#10044 = EDGE_CURVE('',#10045,#10037,#10047,.T.);
#10045 = VERTEX_POINT('',#10046);
#10046 = CARTESIAN_POINT('',(-49.99039647577,32.842878120411,57.4));
#10047 = B_SPLINE_CURVE_WITH_KNOTS('',1,(#10048,#10049),.UNSPECIFIED.,
  .F.,.F.,(2,2),(0.,0.6),.PIECEWISE_BEZIER_KNOTS.);
#10048 = CARTESIAN_POINT('',(-49.99039647577,32.842878120411,57.4));
#10049 = CARTESIAN_POINT('',(-49.99039647577,32.842878120411,56.8));
#10050 = ORIENTED_EDGE('',*,*,#10051,.F.);
#10051 = EDGE_CURVE('',#10013,#10045,#10052,.T.);
#10052 = B_SPLINE_CURVE_WITH_KNOTS('',2,(#10053,#10054,#10055),
  .UNSPECIFIED.,.F.,.F.,(3,3),(0.,1.),.PIECEWISE_BEZIER_KNOTS.);
#10053 = CARTESIAN_POINT('',(-50.54582966226,32.968245227606,57.4));
#10054 = CARTESIAN_POINT('',(-50.21506607929,32.968245227606,57.4));
#10055 = CARTESIAN_POINT('',(-49.99039647577,32.842878120411,57.4));
#10056 = B_SPLINE_SURFACE_WITH_KNOTS('',2,1,(
    (#10057,#10058)
    ,(#10059,#10060)
    ,(#10061,#10062
    )),.UNSPECIFIED.,.F.,.F.,.F.,(3,3),(2,2),(0.,1.),(-0.6,0.),
  .PIECEWISE_BEZIER_KNOTS.);
#10057 = CARTESIAN_POINT('',(-50.54582966226,32.968245227606,56.8));
#10058 = CARTESIAN_POINT('',(-50.54582966226,32.968245227606,57.4));
#10059 = CARTESIAN_POINT('',(-50.21506607929,32.968245227606,56.8));
#10060 = CARTESIAN_POINT('',(-50.21506607929,32.968245227606,57.4));
#10061 = CARTESIAN_POINT('',(-49.99039647577,32.842878120411,56.8));
#10062 = CARTESIAN_POINT('',(-49.99039647577,32.842878120411,57.4));
#10063 = ADVANCED_FACE('',(#10064),#10088,.F.);
#10064 = FACE_BOUND('',#10065,.F.);
#10065 = EDGE_LOOP('',(#10066,#10067,#10075,#10082));
#10066 = ORIENTED_EDGE('',*,*,#10044,.T.);
#10067 = ORIENTED_EDGE('',*,*,#10068,.T.);
#10068 = EDGE_CURVE('',#10037,#10069,#10071,.T.);
#10069 = VERTEX_POINT('',#10070);
#10070 = CARTESIAN_POINT('',(-49.62640969163,32.502936857562,56.8));
#10071 = B_SPLINE_CURVE_WITH_KNOTS('',2,(#10072,#10073,#10074),
  .UNSPECIFIED.,.F.,.F.,(3,3),(0.,1.),.PIECEWISE_BEZIER_KNOTS.);
#10072 = CARTESIAN_POINT('',(-49.99039647577,32.842878120411,56.8));
#10073 = CARTESIAN_POINT('',(-49.76572687224,32.717694566814,56.8));
#10074 = CARTESIAN_POINT('',(-49.62640969163,32.502936857562,56.8));
#10075 = ORIENTED_EDGE('',*,*,#10076,.F.);
#10076 = EDGE_CURVE('',#10077,#10069,#10079,.T.);
#10077 = VERTEX_POINT('',#10078);
#10078 = CARTESIAN_POINT('',(-49.62640969163,32.502936857562,57.4));
#10079 = B_SPLINE_CURVE_WITH_KNOTS('',1,(#10080,#10081),.UNSPECIFIED.,
  .F.,.F.,(2,2),(0.,0.6),.PIECEWISE_BEZIER_KNOTS.);
#10080 = CARTESIAN_POINT('',(-49.62640969163,32.502936857562,57.4));
#10081 = CARTESIAN_POINT('',(-49.62640969163,32.502936857562,56.8));
#10082 = ORIENTED_EDGE('',*,*,#10083,.F.);
#10083 = EDGE_CURVE('',#10045,#10077,#10084,.T.);
#10084 = B_SPLINE_CURVE_WITH_KNOTS('',2,(#10085,#10086,#10087),
  .UNSPECIFIED.,.F.,.F.,(3,3),(0.,1.),.PIECEWISE_BEZIER_KNOTS.);
#10085 = CARTESIAN_POINT('',(-49.99039647577,32.842878120411,57.4));
#10086 = CARTESIAN_POINT('',(-49.76572687224,32.717694566814,57.4));
#10087 = CARTESIAN_POINT('',(-49.62640969163,32.502936857562,57.4));
#10088 = B_SPLINE_SURFACE_WITH_KNOTS('',2,1,(
    (#10089,#10090)
    ,(#10091,#10092)
    ,(#10093,#10094
    )),.UNSPECIFIED.,.F.,.F.,.F.,(3,3),(2,2),(0.,1.),(-0.6,0.),
  .PIECEWISE_BEZIER_KNOTS.);
#10089 = CARTESIAN_POINT('',(-49.99039647577,32.842878120411,56.8));
#10090 = CARTESIAN_POINT('',(-49.99039647577,32.842878120411,57.4));
#10091 = CARTESIAN_POINT('',(-49.76572687224,32.717694566814,56.8));
#10092 = CARTESIAN_POINT('',(-49.76572687224,32.717694566814,57.4));
#10093 = CARTESIAN_POINT('',(-49.62640969163,32.502936857562,56.8));
#10094 = CARTESIAN_POINT('',(-49.62640969163,32.502936857562,57.4));
#10095 = ADVANCED_FACE('',(#10096),#10120,.F.);
#10096 = FACE_BOUND('',#10097,.F.);
#10097 = EDGE_LOOP('',(#10098,#10099,#10107,#10114));
#10098 = ORIENTED_EDGE('',*,*,#10076,.T.);
#10099 = ORIENTED_EDGE('',*,*,#10100,.T.);
#10100 = EDGE_CURVE('',#10069,#10101,#10103,.T.);
#10101 = VERTEX_POINT('',#10102);
#10102 = CARTESIAN_POINT('',(-49.42670337738,32.00312041116,56.8));
#10103 = B_SPLINE_CURVE_WITH_KNOTS('',2,(#10104,#10105,#10106),
  .UNSPECIFIED.,.F.,.F.,(3,3),(0.,1.),.PIECEWISE_BEZIER_KNOTS.);
#10104 = CARTESIAN_POINT('',(-49.62640969163,32.502936857562,56.8));
#10105 = CARTESIAN_POINT('',(-49.48727606461,32.288179148311,56.8));
#10106 = CARTESIAN_POINT('',(-49.42670337738,32.00312041116,56.8));
#10107 = ORIENTED_EDGE('',*,*,#10108,.F.);
#10108 = EDGE_CURVE('',#10109,#10101,#10111,.T.);
#10109 = VERTEX_POINT('',#10110);
#10110 = CARTESIAN_POINT('',(-49.42670337738,32.00312041116,57.4));
#10111 = B_SPLINE_CURVE_WITH_KNOTS('',1,(#10112,#10113),.UNSPECIFIED.,
  .F.,.F.,(2,2),(0.,0.6),.PIECEWISE_BEZIER_KNOTS.);
#10112 = CARTESIAN_POINT('',(-49.42670337738,32.00312041116,57.4));
#10113 = CARTESIAN_POINT('',(-49.42670337738,32.00312041116,56.8));
#10114 = ORIENTED_EDGE('',*,*,#10115,.F.);
#10115 = EDGE_CURVE('',#10077,#10109,#10116,.T.);
#10116 = B_SPLINE_CURVE_WITH_KNOTS('',2,(#10117,#10118,#10119),
  .UNSPECIFIED.,.F.,.F.,(3,3),(0.,1.),.PIECEWISE_BEZIER_KNOTS.);
#10117 = CARTESIAN_POINT('',(-49.62640969163,32.502936857562,57.4));
#10118 = CARTESIAN_POINT('',(-49.48727606461,32.288179148311,57.4));
#10119 = CARTESIAN_POINT('',(-49.42670337738,32.00312041116,57.4));
#10120 = B_SPLINE_SURFACE_WITH_KNOTS('',2,1,(
    (#10121,#10122)
    ,(#10123,#10124)
    ,(#10125,#10126
    )),.UNSPECIFIED.,.F.,.F.,.F.,(3,3),(2,2),(0.,1.),(-0.6,0.),
  .PIECEWISE_BEZIER_KNOTS.);
#10121 = CARTESIAN_POINT('',(-49.62640969163,32.502936857562,56.8));
#10122 = CARTESIAN_POINT('',(-49.62640969163,32.502936857562,57.4));
#10123 = CARTESIAN_POINT('',(-49.48727606461,32.288179148311,56.8));
#10124 = CARTESIAN_POINT('',(-49.48727606461,32.288179148311,57.4));
#10125 = CARTESIAN_POINT('',(-49.42670337738,32.00312041116,56.8));
#10126 = CARTESIAN_POINT('',(-49.42670337738,32.00312041116,57.4));
#10127 = ADVANCED_FACE('',(#10128),#10152,.F.);
#10128 = FACE_BOUND('',#10129,.F.);
#10129 = EDGE_LOOP('',(#10130,#10131,#10139,#10146));
#10130 = ORIENTED_EDGE('',*,*,#10108,.T.);
#10131 = ORIENTED_EDGE('',*,*,#10132,.T.);
#10132 = EDGE_CURVE('',#10101,#10133,#10135,.T.);
#10133 = VERTEX_POINT('',#10134);
#10134 = CARTESIAN_POINT('',(-49.36594713656,31.401615271659,56.8));
#10135 = B_SPLINE_CURVE_WITH_KNOTS('',2,(#10136,#10137,#10138),
  .UNSPECIFIED.,.F.,.F.,(3,3),(0.,1.),.PIECEWISE_BEZIER_KNOTS.);
#10136 = CARTESIAN_POINT('',(-49.42670337738,32.00312041116,56.8));
#10137 = CARTESIAN_POINT('',(-49.36594713656,31.718245227606,56.8));
#10138 = CARTESIAN_POINT('',(-49.36594713656,31.401615271659,56.8));
#10139 = ORIENTED_EDGE('',*,*,#10140,.F.);
#10140 = EDGE_CURVE('',#10141,#10133,#10143,.T.);
#10141 = VERTEX_POINT('',#10142);
#10142 = CARTESIAN_POINT('',(-49.36594713656,31.401615271659,57.4));
#10143 = B_SPLINE_CURVE_WITH_KNOTS('',1,(#10144,#10145),.UNSPECIFIED.,
  .F.,.F.,(2,2),(0.,0.6),.PIECEWISE_BEZIER_KNOTS.);
#10144 = CARTESIAN_POINT('',(-49.36594713656,31.401615271659,57.4));
#10145 = CARTESIAN_POINT('',(-49.36594713656,31.401615271659,56.8));
#10146 = ORIENTED_EDGE('',*,*,#10147,.F.);
#10147 = EDGE_CURVE('',#10109,#10141,#10148,.T.);
#10148 = B_SPLINE_CURVE_WITH_KNOTS('',2,(#10149,#10150,#10151),
  .UNSPECIFIED.,.F.,.F.,(3,3),(0.,1.),.PIECEWISE_BEZIER_KNOTS.);
#10149 = CARTESIAN_POINT('',(-49.42670337738,32.00312041116,57.4));
#10150 = CARTESIAN_POINT('',(-49.36594713656,31.718245227606,57.4));
#10151 = CARTESIAN_POINT('',(-49.36594713656,31.401615271659,57.4));
#10152 = B_SPLINE_SURFACE_WITH_KNOTS('',2,1,(
    (#10153,#10154)
    ,(#10155,#10156)
    ,(#10157,#10158
    )),.UNSPECIFIED.,.F.,.F.,.F.,(3,3),(2,2),(0.,1.),(-0.6,0.),
  .PIECEWISE_BEZIER_KNOTS.);
#10153 = CARTESIAN_POINT('',(-49.42670337738,32.00312041116,56.8));
#10154 = CARTESIAN_POINT('',(-49.42670337738,32.00312041116,57.4));
#10155 = CARTESIAN_POINT('',(-49.36594713656,31.718245227606,56.8));
#10156 = CARTESIAN_POINT('',(-49.36594713656,31.718245227606,57.4));
#10157 = CARTESIAN_POINT('',(-49.36594713656,31.401615271659,56.8));
#10158 = CARTESIAN_POINT('',(-49.36594713656,31.401615271659,57.4));
#10159 = ADVANCED_FACE('',(#10160),#10184,.F.);
#10160 = FACE_BOUND('',#10161,.F.);
#10161 = EDGE_LOOP('',(#10162,#10163,#10171,#10178));
#10162 = ORIENTED_EDGE('',*,*,#10140,.T.);
#10163 = ORIENTED_EDGE('',*,*,#10164,.T.);
#10164 = EDGE_CURVE('',#10133,#10165,#10167,.T.);
#10165 = VERTEX_POINT('',#10166);
#10166 = CARTESIAN_POINT('',(-49.42101321585,30.783406754772,56.8));
#10167 = B_SPLINE_CURVE_WITH_KNOTS('',2,(#10168,#10169,#10170),
  .UNSPECIFIED.,.F.,.F.,(3,3),(0.,1.),.PIECEWISE_BEZIER_KNOTS.);
#10168 = CARTESIAN_POINT('',(-49.36594713656,31.401615271659,56.8));
#10169 = CARTESIAN_POINT('',(-49.36594713656,31.076725403818,56.8));
#10170 = CARTESIAN_POINT('',(-49.42101321585,30.783406754772,56.8));
#10171 = ORIENTED_EDGE('',*,*,#10172,.F.);
#10172 = EDGE_CURVE('',#10173,#10165,#10175,.T.);
#10173 = VERTEX_POINT('',#10174);
#10174 = CARTESIAN_POINT('',(-49.42101321585,30.783406754772,57.4));
#10175 = B_SPLINE_CURVE_WITH_KNOTS('',1,(#10176,#10177),.UNSPECIFIED.,
  .F.,.F.,(2,2),(0.,0.6),.PIECEWISE_BEZIER_KNOTS.);
#10176 = CARTESIAN_POINT('',(-49.42101321585,30.783406754772,57.4));
#10177 = CARTESIAN_POINT('',(-49.42101321585,30.783406754772,56.8));
#10178 = ORIENTED_EDGE('',*,*,#10179,.F.);
#10179 = EDGE_CURVE('',#10141,#10173,#10180,.T.);
#10180 = B_SPLINE_CURVE_WITH_KNOTS('',2,(#10181,#10182,#10183),
  .UNSPECIFIED.,.F.,.F.,(3,3),(0.,1.),.PIECEWISE_BEZIER_KNOTS.);
#10181 = CARTESIAN_POINT('',(-49.36594713656,31.401615271659,57.4));
#10182 = CARTESIAN_POINT('',(-49.36594713656,31.076725403818,57.4));
#10183 = CARTESIAN_POINT('',(-49.42101321585,30.783406754772,57.4));
#10184 = B_SPLINE_SURFACE_WITH_KNOTS('',2,1,(
    (#10185,#10186)
    ,(#10187,#10188)
    ,(#10189,#10190
    )),.UNSPECIFIED.,.F.,.F.,.F.,(3,3),(2,2),(0.,1.),(-0.6,0.),
  .PIECEWISE_BEZIER_KNOTS.);
#10185 = CARTESIAN_POINT('',(-49.36594713656,31.401615271659,56.8));
#10186 = CARTESIAN_POINT('',(-49.36594713656,31.401615271659,57.4));
#10187 = CARTESIAN_POINT('',(-49.36594713656,31.076725403818,56.8));
#10188 = CARTESIAN_POINT('',(-49.36594713656,31.076725403818,57.4));
#10189 = CARTESIAN_POINT('',(-49.42101321585,30.783406754772,56.8));
#10190 = CARTESIAN_POINT('',(-49.42101321585,30.783406754772,57.4));
#10191 = ADVANCED_FACE('',(#10192),#10208,.F.);
#10192 = FACE_BOUND('',#10193,.F.);
#10193 = EDGE_LOOP('',(#10194,#10195,#10201,#10202));
#10194 = ORIENTED_EDGE('',*,*,#10172,.T.);
#10195 = ORIENTED_EDGE('',*,*,#10196,.T.);
#10196 = EDGE_CURVE('',#10165,#8886,#10197,.T.);
#10197 = B_SPLINE_CURVE_WITH_KNOTS('',2,(#10198,#10199,#10200),
  .UNSPECIFIED.,.F.,.F.,(3,3),(0.,1.),.PIECEWISE_BEZIER_KNOTS.);
#10198 = CARTESIAN_POINT('',(-49.42101321585,30.783406754772,56.8));
#10199 = CARTESIAN_POINT('',(-49.47589574155,30.490271659325,56.8));
#10200 = CARTESIAN_POINT('',(-49.58566079295,30.275513950073,56.8));
#10201 = ORIENTED_EDGE('',*,*,#8883,.F.);
#10202 = ORIENTED_EDGE('',*,*,#10203,.F.);
#10203 = EDGE_CURVE('',#10173,#8884,#10204,.T.);
#10204 = B_SPLINE_CURVE_WITH_KNOTS('',2,(#10205,#10206,#10207),
  .UNSPECIFIED.,.F.,.F.,(3,3),(0.,1.),.PIECEWISE_BEZIER_KNOTS.);
#10205 = CARTESIAN_POINT('',(-49.42101321585,30.783406754772,57.4));
#10206 = CARTESIAN_POINT('',(-49.47589574155,30.490271659325,57.4));
#10207 = CARTESIAN_POINT('',(-49.58566079295,30.275513950073,57.4));
#10208 = B_SPLINE_SURFACE_WITH_KNOTS('',2,1,(
    (#10209,#10210)
    ,(#10211,#10212)
    ,(#10213,#10214
    )),.UNSPECIFIED.,.F.,.F.,.F.,(3,3),(2,2),(0.,1.),(-0.6,0.),
  .PIECEWISE_BEZIER_KNOTS.);
#10209 = CARTESIAN_POINT('',(-49.42101321585,30.783406754772,56.8));
#10210 = CARTESIAN_POINT('',(-49.42101321585,30.783406754772,57.4));
#10211 = CARTESIAN_POINT('',(-49.47589574155,30.490271659325,56.8));
#10212 = CARTESIAN_POINT('',(-49.47589574155,30.490271659325,57.4));
#10213 = CARTESIAN_POINT('',(-49.58566079295,30.275513950073,56.8));
#10214 = CARTESIAN_POINT('',(-49.58566079295,30.275513950073,57.4));
#10215 = ADVANCED_FACE('',(#10216),#10260,.T.);
#10216 = FACE_BOUND('',#10217,.F.);
#10217 = EDGE_LOOP('',(#10218,#10219,#10220,#10221,#10222,#10223,#10224,
    #10225,#10226,#10227,#10228,#10229,#10230,#10231,#10232,#10233,
    #10234,#10235,#10236,#10237,#10238,#10239,#10240,#10241,#10242,
    #10243,#10244,#10245,#10246,#10247,#10248,#10249,#10250,#10251,
    #10252,#10253,#10254,#10255,#10256,#10257,#10258,#10259));
#10218 = ORIENTED_EDGE('',*,*,#8906,.T.);
#10219 = ORIENTED_EDGE('',*,*,#8935,.T.);
#10220 = ORIENTED_EDGE('',*,*,#8967,.T.);
#10221 = ORIENTED_EDGE('',*,*,#8999,.T.);
#10222 = ORIENTED_EDGE('',*,*,#9031,.T.);
#10223 = ORIENTED_EDGE('',*,*,#9063,.T.);
#10224 = ORIENTED_EDGE('',*,*,#9095,.T.);
#10225 = ORIENTED_EDGE('',*,*,#9127,.T.);
#10226 = ORIENTED_EDGE('',*,*,#9159,.T.);
#10227 = ORIENTED_EDGE('',*,*,#9191,.T.);
#10228 = ORIENTED_EDGE('',*,*,#9223,.T.);
#10229 = ORIENTED_EDGE('',*,*,#9255,.T.);
#10230 = ORIENTED_EDGE('',*,*,#9287,.T.);
#10231 = ORIENTED_EDGE('',*,*,#9319,.T.);
#10232 = ORIENTED_EDGE('',*,*,#9351,.T.);
#10233 = ORIENTED_EDGE('',*,*,#9383,.T.);
#10234 = ORIENTED_EDGE('',*,*,#9415,.T.);
#10235 = ORIENTED_EDGE('',*,*,#9447,.T.);
#10236 = ORIENTED_EDGE('',*,*,#9479,.T.);
#10237 = ORIENTED_EDGE('',*,*,#9510,.T.);
#10238 = ORIENTED_EDGE('',*,*,#9539,.T.);
#10239 = ORIENTED_EDGE('',*,*,#9571,.T.);
#10240 = ORIENTED_EDGE('',*,*,#9603,.T.);
#10241 = ORIENTED_EDGE('',*,*,#9635,.T.);
#10242 = ORIENTED_EDGE('',*,*,#9667,.T.);
#10243 = ORIENTED_EDGE('',*,*,#9699,.T.);
#10244 = ORIENTED_EDGE('',*,*,#9731,.T.);
#10245 = ORIENTED_EDGE('',*,*,#9763,.T.);
#10246 = ORIENTED_EDGE('',*,*,#9795,.T.);
#10247 = ORIENTED_EDGE('',*,*,#9827,.T.);
#10248 = ORIENTED_EDGE('',*,*,#9859,.T.);
#10249 = ORIENTED_EDGE('',*,*,#9891,.T.);
#10250 = ORIENTED_EDGE('',*,*,#9923,.T.);
#10251 = ORIENTED_EDGE('',*,*,#9955,.T.);
#10252 = ORIENTED_EDGE('',*,*,#9987,.T.);
#10253 = ORIENTED_EDGE('',*,*,#10019,.T.);
#10254 = ORIENTED_EDGE('',*,*,#10051,.T.);
#10255 = ORIENTED_EDGE('',*,*,#10083,.T.);
#10256 = ORIENTED_EDGE('',*,*,#10115,.T.);
#10257 = ORIENTED_EDGE('',*,*,#10147,.T.);
#10258 = ORIENTED_EDGE('',*,*,#10179,.T.);
#10259 = ORIENTED_EDGE('',*,*,#10203,.T.);
#10260 = B_SPLINE_SURFACE_WITH_KNOTS('',1,1,(
    (#10261,#10262)
    ,(#10263,#10264
    )),.UNSPECIFIED.,.F.,.F.,.F.,(2,2),(2,2),(-1.319697909478,
    1.389553191844),(-2.01452398863,2.073581738243),
  .PIECEWISE_BEZIER_KNOTS.);
#10261 = CARTESIAN_POINT('',(-49.36594713656,30.258994126285,57.4));
#10262 = CARTESIAN_POINT('',(-53.45405286343,30.258994126285,57.4));
#10263 = CARTESIAN_POINT('',(-49.36594713656,32.968245227606,57.4));
#10264 = CARTESIAN_POINT('',(-53.45405286343,32.968245227606,57.4));
#10265 = ADVANCED_FACE('',(#10266),#10310,.F.);
#10266 = FACE_BOUND('',#10267,.T.);
#10267 = EDGE_LOOP('',(#10268,#10269,#10270,#10271,#10272,#10273,#10274,
    #10275,#10276,#10277,#10278,#10279,#10280,#10281,#10282,#10283,
    #10284,#10285,#10286,#10287,#10288,#10289,#10290,#10291,#10292,
    #10293,#10294,#10295,#10296,#10297,#10298,#10299,#10300,#10301,
    #10302,#10303,#10304,#10305,#10306,#10307,#10308,#10309));
#10268 = ORIENTED_EDGE('',*,*,#8892,.T.);
#10269 = ORIENTED_EDGE('',*,*,#8920,.T.);
#10270 = ORIENTED_EDGE('',*,*,#8952,.T.);
#10271 = ORIENTED_EDGE('',*,*,#8984,.T.);
#10272 = ORIENTED_EDGE('',*,*,#9016,.T.);
#10273 = ORIENTED_EDGE('',*,*,#9048,.T.);
#10274 = ORIENTED_EDGE('',*,*,#9080,.T.);
#10275 = ORIENTED_EDGE('',*,*,#9112,.T.);
#10276 = ORIENTED_EDGE('',*,*,#9144,.T.);
#10277 = ORIENTED_EDGE('',*,*,#9176,.T.);
#10278 = ORIENTED_EDGE('',*,*,#9208,.T.);
#10279 = ORIENTED_EDGE('',*,*,#9240,.T.);
#10280 = ORIENTED_EDGE('',*,*,#9272,.T.);
#10281 = ORIENTED_EDGE('',*,*,#9304,.T.);
#10282 = ORIENTED_EDGE('',*,*,#9336,.T.);
#10283 = ORIENTED_EDGE('',*,*,#9368,.T.);
#10284 = ORIENTED_EDGE('',*,*,#9400,.T.);
#10285 = ORIENTED_EDGE('',*,*,#9432,.T.);
#10286 = ORIENTED_EDGE('',*,*,#9464,.T.);
#10287 = ORIENTED_EDGE('',*,*,#9496,.T.);
#10288 = ORIENTED_EDGE('',*,*,#9524,.T.);
#10289 = ORIENTED_EDGE('',*,*,#9556,.T.);
#10290 = ORIENTED_EDGE('',*,*,#9588,.T.);
#10291 = ORIENTED_EDGE('',*,*,#9620,.T.);
#10292 = ORIENTED_EDGE('',*,*,#9652,.T.);
#10293 = ORIENTED_EDGE('',*,*,#9684,.T.);
#10294 = ORIENTED_EDGE('',*,*,#9716,.T.);
#10295 = ORIENTED_EDGE('',*,*,#9748,.T.);
#10296 = ORIENTED_EDGE('',*,*,#9780,.T.);
#10297 = ORIENTED_EDGE('',*,*,#9812,.T.);
#10298 = ORIENTED_EDGE('',*,*,#9844,.T.);
#10299 = ORIENTED_EDGE('',*,*,#9876,.T.);
#10300 = ORIENTED_EDGE('',*,*,#9908,.T.);
#10301 = ORIENTED_EDGE('',*,*,#9940,.T.);
#10302 = ORIENTED_EDGE('',*,*,#9972,.T.);
#10303 = ORIENTED_EDGE('',*,*,#10004,.T.);
#10304 = ORIENTED_EDGE('',*,*,#10036,.T.);
#10305 = ORIENTED_EDGE('',*,*,#10068,.T.);
#10306 = ORIENTED_EDGE('',*,*,#10100,.T.);
#10307 = ORIENTED_EDGE('',*,*,#10132,.T.);
#10308 = ORIENTED_EDGE('',*,*,#10164,.T.);
#10309 = ORIENTED_EDGE('',*,*,#10196,.T.);
#10310 = B_SPLINE_SURFACE_WITH_KNOTS('',1,1,(
    (#10311,#10312)
    ,(#10313,#10314
    )),.UNSPECIFIED.,.F.,.F.,.F.,(2,2),(2,2),(-1.319697909478,
    1.389553191844),(-2.01452398863,2.073581738243),
  .PIECEWISE_BEZIER_KNOTS.);
#10311 = CARTESIAN_POINT('',(-49.36594713656,30.258994126285,56.8));
#10312 = CARTESIAN_POINT('',(-53.45405286343,30.258994126285,56.8));
#10313 = CARTESIAN_POINT('',(-49.36594713656,32.968245227606,56.8));
#10314 = CARTESIAN_POINT('',(-53.45405286343,32.968245227606,56.8));
#10315 = MANIFOLD_SOLID_BREP('',#10316);
#10316 = CLOSED_SHELL('',(#10317,#10353,#10381,#10409,#10437,#10469,
    #10501,#10533,#10553,#10589,#10617,#10649,#10681,#10701,#10724));
#10317 = ADVANCED_FACE('',(#10318),#10348,.F.);
#10318 = FACE_BOUND('',#10319,.F.);
#10319 = EDGE_LOOP('',(#10320,#10329,#10336,#10343));
#10320 = ORIENTED_EDGE('',*,*,#10321,.T.);
#10321 = EDGE_CURVE('',#10322,#10324,#10326,.T.);
#10322 = VERTEX_POINT('',#10323);
#10323 = CARTESIAN_POINT('',(-41.85941997063,-14.04955947136,57.4));
#10324 = VERTEX_POINT('',#10325);
#10325 = CARTESIAN_POINT('',(-41.85941997063,-14.04955947136,56.8));
#10326 = B_SPLINE_CURVE_WITH_KNOTS('',1,(#10327,#10328),.UNSPECIFIED.,
  .F.,.F.,(2,2),(0.,0.6),.PIECEWISE_BEZIER_KNOTS.);
#10327 = CARTESIAN_POINT('',(-41.85941997063,-14.04955947136,57.4));
#10328 = CARTESIAN_POINT('',(-41.85941997063,-14.04955947136,56.8));
#10329 = ORIENTED_EDGE('',*,*,#10330,.T.);
#10330 = EDGE_CURVE('',#10324,#10331,#10333,.T.);
#10331 = VERTEX_POINT('',#10332);
#10332 = CARTESIAN_POINT('',(-40.50167400881,-14.04955947136,56.8));
#10333 = B_SPLINE_CURVE_WITH_KNOTS('',1,(#10334,#10335),.UNSPECIFIED.,
  .F.,.F.,(2,2),(0.,1.357745961821),.PIECEWISE_BEZIER_KNOTS.);
#10334 = CARTESIAN_POINT('',(-41.85941997063,-14.04955947136,56.8));
#10335 = CARTESIAN_POINT('',(-40.50167400881,-14.04955947136,56.8));
#10336 = ORIENTED_EDGE('',*,*,#10337,.F.);
#10337 = EDGE_CURVE('',#10338,#10331,#10340,.T.);
#10338 = VERTEX_POINT('',#10339);
#10339 = CARTESIAN_POINT('',(-40.50167400881,-14.04955947136,57.4));
#10340 = B_SPLINE_CURVE_WITH_KNOTS('',1,(#10341,#10342),.UNSPECIFIED.,
  .F.,.F.,(2,2),(0.,0.6),.PIECEWISE_BEZIER_KNOTS.);
#10341 = CARTESIAN_POINT('',(-40.50167400881,-14.04955947136,57.4));
#10342 = CARTESIAN_POINT('',(-40.50167400881,-14.04955947136,56.8));
#10343 = ORIENTED_EDGE('',*,*,#10344,.F.);
#10344 = EDGE_CURVE('',#10322,#10338,#10345,.T.);
#10345 = B_SPLINE_CURVE_WITH_KNOTS('',1,(#10346,#10347),.UNSPECIFIED.,
  .F.,.F.,(2,2),(0.,1.357745961821),.PIECEWISE_BEZIER_KNOTS.);
#10346 = CARTESIAN_POINT('',(-41.85941997063,-14.04955947136,57.4));
#10347 = CARTESIAN_POINT('',(-40.50167400881,-14.04955947136,57.4));
#10348 = B_SPLINE_SURFACE_WITH_KNOTS('',1,1,(
    (#10349,#10350)
    ,(#10351,#10352
    )),.UNSPECIFIED.,.F.,.F.,.F.,(2,2),(2,2),(0.,1.357745961821),(-0.6,
    0.),.PIECEWISE_BEZIER_KNOTS.);
#10349 = CARTESIAN_POINT('',(-41.85941997063,-14.04955947136,56.8));
#10350 = CARTESIAN_POINT('',(-41.85941997063,-14.04955947136,57.4));
#10351 = CARTESIAN_POINT('',(-40.50167400881,-14.04955947136,56.8));
#10352 = CARTESIAN_POINT('',(-40.50167400881,-14.04955947136,57.4));
#10353 = ADVANCED_FACE('',(#10354),#10376,.F.);
#10354 = FACE_BOUND('',#10355,.F.);
#10355 = EDGE_LOOP('',(#10356,#10357,#10364,#10371));
#10356 = ORIENTED_EDGE('',*,*,#10337,.T.);
#10357 = ORIENTED_EDGE('',*,*,#10358,.T.);
#10358 = EDGE_CURVE('',#10331,#10359,#10361,.T.);
#10359 = VERTEX_POINT('',#10360);
#10360 = CARTESIAN_POINT('',(-40.50167400881,-14.93887665198,56.8));
#10361 = B_SPLINE_CURVE_WITH_KNOTS('',1,(#10362,#10363),.UNSPECIFIED.,
  .F.,.F.,(2,2),(0.,0.889317180617),.PIECEWISE_BEZIER_KNOTS.);
#10362 = CARTESIAN_POINT('',(-40.50167400881,-14.04955947136,56.8));
#10363 = CARTESIAN_POINT('',(-40.50167400881,-14.93887665198,56.8));
#10364 = ORIENTED_EDGE('',*,*,#10365,.F.);
#10365 = EDGE_CURVE('',#10366,#10359,#10368,.T.);
#10366 = VERTEX_POINT('',#10367);
#10367 = CARTESIAN_POINT('',(-40.50167400881,-14.93887665198,57.4));
#10368 = B_SPLINE_CURVE_WITH_KNOTS('',1,(#10369,#10370),.UNSPECIFIED.,
  .F.,.F.,(2,2),(0.,0.6),.PIECEWISE_BEZIER_KNOTS.);
#10369 = CARTESIAN_POINT('',(-40.50167400881,-14.93887665198,57.4));
#10370 = CARTESIAN_POINT('',(-40.50167400881,-14.93887665198,56.8));
#10371 = ORIENTED_EDGE('',*,*,#10372,.F.);
#10372 = EDGE_CURVE('',#10338,#10366,#10373,.T.);
#10373 = B_SPLINE_CURVE_WITH_KNOTS('',1,(#10374,#10375),.UNSPECIFIED.,
  .F.,.F.,(2,2),(0.,0.889317180617),.PIECEWISE_BEZIER_KNOTS.);
#10374 = CARTESIAN_POINT('',(-40.50167400881,-14.04955947136,57.4));
#10375 = CARTESIAN_POINT('',(-40.50167400881,-14.93887665198,57.4));
#10376 = B_SPLINE_SURFACE_WITH_KNOTS('',1,1,(
    (#10377,#10378)
    ,(#10379,#10380
    )),.UNSPECIFIED.,.F.,.F.,.F.,(2,2),(2,2),(0.,0.889317180617),(-0.6,
    0.),.PIECEWISE_BEZIER_KNOTS.);
#10377 = CARTESIAN_POINT('',(-40.50167400881,-14.04955947136,56.8));
#10378 = CARTESIAN_POINT('',(-40.50167400881,-14.04955947136,57.4));
#10379 = CARTESIAN_POINT('',(-40.50167400881,-14.93887665198,56.8));
#10380 = CARTESIAN_POINT('',(-40.50167400881,-14.93887665198,57.4));
#10381 = ADVANCED_FACE('',(#10382),#10404,.F.);
#10382 = FACE_BOUND('',#10383,.F.);
#10383 = EDGE_LOOP('',(#10384,#10385,#10392,#10399));
#10384 = ORIENTED_EDGE('',*,*,#10365,.T.);
#10385 = ORIENTED_EDGE('',*,*,#10386,.T.);
#10386 = EDGE_CURVE('',#10359,#10387,#10389,.T.);
#10387 = VERTEX_POINT('',#10388);
#10388 = CARTESIAN_POINT('',(-44.44881057268,-14.93887665198,56.8));
#10389 = B_SPLINE_CURVE_WITH_KNOTS('',1,(#10390,#10391),.UNSPECIFIED.,
  .F.,.F.,(2,2),(0.,3.947136563877),.PIECEWISE_BEZIER_KNOTS.);
#10390 = CARTESIAN_POINT('',(-40.50167400881,-14.93887665198,56.8));
#10391 = CARTESIAN_POINT('',(-44.44881057268,-14.93887665198,56.8));
#10392 = ORIENTED_EDGE('',*,*,#10393,.F.);
#10393 = EDGE_CURVE('',#10394,#10387,#10396,.T.);
#10394 = VERTEX_POINT('',#10395);
#10395 = CARTESIAN_POINT('',(-44.44881057268,-14.93887665198,57.4));
#10396 = B_SPLINE_CURVE_WITH_KNOTS('',1,(#10397,#10398),.UNSPECIFIED.,
  .F.,.F.,(2,2),(0.,0.6),.PIECEWISE_BEZIER_KNOTS.);
#10397 = CARTESIAN_POINT('',(-44.44881057268,-14.93887665198,57.4));
#10398 = CARTESIAN_POINT('',(-44.44881057268,-14.93887665198,56.8));
#10399 = ORIENTED_EDGE('',*,*,#10400,.F.);
#10400 = EDGE_CURVE('',#10366,#10394,#10401,.T.);
#10401 = B_SPLINE_CURVE_WITH_KNOTS('',1,(#10402,#10403),.UNSPECIFIED.,
  .F.,.F.,(2,2),(0.,3.947136563877),.PIECEWISE_BEZIER_KNOTS.);
#10402 = CARTESIAN_POINT('',(-40.50167400881,-14.93887665198,57.4));
#10403 = CARTESIAN_POINT('',(-44.44881057268,-14.93887665198,57.4));
#10404 = B_SPLINE_SURFACE_WITH_KNOTS('',1,1,(
    (#10405,#10406)
    ,(#10407,#10408
    )),.UNSPECIFIED.,.F.,.F.,.F.,(2,2),(2,2),(0.,3.947136563877),(-0.6,
    0.),.PIECEWISE_BEZIER_KNOTS.);
#10405 = CARTESIAN_POINT('',(-40.50167400881,-14.93887665198,56.8));
#10406 = CARTESIAN_POINT('',(-40.50167400881,-14.93887665198,57.4));
#10407 = CARTESIAN_POINT('',(-44.44881057268,-14.93887665198,56.8));
#10408 = CARTESIAN_POINT('',(-44.44881057268,-14.93887665198,57.4));
#10409 = ADVANCED_FACE('',(#10410),#10432,.F.);
#10410 = FACE_BOUND('',#10411,.F.);
#10411 = EDGE_LOOP('',(#10412,#10413,#10420,#10427));
#10412 = ORIENTED_EDGE('',*,*,#10393,.T.);
#10413 = ORIENTED_EDGE('',*,*,#10414,.T.);
#10414 = EDGE_CURVE('',#10387,#10415,#10417,.T.);
#10415 = VERTEX_POINT('',#10416);
#10416 = CARTESIAN_POINT('',(-44.44881057268,-13.54570484581,56.8));
#10417 = B_SPLINE_CURVE_WITH_KNOTS('',1,(#10418,#10419),.UNSPECIFIED.,
  .F.,.F.,(2,2),(0.,1.393171806167),.PIECEWISE_BEZIER_KNOTS.);
#10418 = CARTESIAN_POINT('',(-44.44881057268,-14.93887665198,56.8));
#10419 = CARTESIAN_POINT('',(-44.44881057268,-13.54570484581,56.8));
#10420 = ORIENTED_EDGE('',*,*,#10421,.F.);
#10421 = EDGE_CURVE('',#10422,#10415,#10424,.T.);
#10422 = VERTEX_POINT('',#10423);
#10423 = CARTESIAN_POINT('',(-44.44881057268,-13.54570484581,57.4));
#10424 = B_SPLINE_CURVE_WITH_KNOTS('',1,(#10425,#10426),.UNSPECIFIED.,
  .F.,.F.,(2,2),(0.,0.6),.PIECEWISE_BEZIER_KNOTS.);
#10425 = CARTESIAN_POINT('',(-44.44881057268,-13.54570484581,57.4));
#10426 = CARTESIAN_POINT('',(-44.44881057268,-13.54570484581,56.8));
#10427 = ORIENTED_EDGE('',*,*,#10428,.F.);
#10428 = EDGE_CURVE('',#10394,#10422,#10429,.T.);
#10429 = B_SPLINE_CURVE_WITH_KNOTS('',1,(#10430,#10431),.UNSPECIFIED.,
  .F.,.F.,(2,2),(0.,1.393171806167),.PIECEWISE_BEZIER_KNOTS.);
#10430 = CARTESIAN_POINT('',(-44.44881057268,-14.93887665198,57.4));
#10431 = CARTESIAN_POINT('',(-44.44881057268,-13.54570484581,57.4));
#10432 = B_SPLINE_SURFACE_WITH_KNOTS('',1,1,(
    (#10433,#10434)
    ,(#10435,#10436
    )),.UNSPECIFIED.,.F.,.F.,.F.,(2,2),(2,2),(0.,1.393171806167),(-0.6,
    0.),.PIECEWISE_BEZIER_KNOTS.);
#10433 = CARTESIAN_POINT('',(-44.44881057268,-14.93887665198,56.8));
#10434 = CARTESIAN_POINT('',(-44.44881057268,-14.93887665198,57.4));
#10435 = CARTESIAN_POINT('',(-44.44881057268,-13.54570484581,56.8));
#10436 = CARTESIAN_POINT('',(-44.44881057268,-13.54570484581,57.4));
#10437 = ADVANCED_FACE('',(#10438),#10462,.F.);
#10438 = FACE_BOUND('',#10439,.F.);
#10439 = EDGE_LOOP('',(#10440,#10441,#10449,#10456));
#10440 = ORIENTED_EDGE('',*,*,#10421,.T.);
#10441 = ORIENTED_EDGE('',*,*,#10442,.T.);
#10442 = EDGE_CURVE('',#10415,#10443,#10445,.T.);
#10443 = VERTEX_POINT('',#10444);
#10444 = CARTESIAN_POINT('',(-43.19,-12.05341409691,56.8));
#10445 = B_SPLINE_CURVE_WITH_KNOTS('',2,(#10446,#10447,#10448),
  .UNSPECIFIED.,.F.,.F.,(3,3),(0.,1.),.PIECEWISE_BEZIER_KNOTS.);
#10446 = CARTESIAN_POINT('',(-44.44881057268,-13.54570484581,56.8));
#10447 = CARTESIAN_POINT('',(-44.44881057268,-12.05341409691,56.8));
#10448 = CARTESIAN_POINT('',(-43.19,-12.05341409691,56.8));
#10449 = ORIENTED_EDGE('',*,*,#10450,.F.);
#10450 = EDGE_CURVE('',#10451,#10443,#10453,.T.);
#10451 = VERTEX_POINT('',#10452);
#10452 = CARTESIAN_POINT('',(-43.19,-12.05341409691,57.4));
#10453 = B_SPLINE_CURVE_WITH_KNOTS('',1,(#10454,#10455),.UNSPECIFIED.,
  .F.,.F.,(2,2),(0.,0.6),.PIECEWISE_BEZIER_KNOTS.);
#10454 = CARTESIAN_POINT('',(-43.19,-12.05341409691,57.4));
#10455 = CARTESIAN_POINT('',(-43.19,-12.05341409691,56.8));
#10456 = ORIENTED_EDGE('',*,*,#10457,.F.);
#10457 = EDGE_CURVE('',#10422,#10451,#10458,.T.);
#10458 = B_SPLINE_CURVE_WITH_KNOTS('',2,(#10459,#10460,#10461),
  .UNSPECIFIED.,.F.,.F.,(3,3),(0.,1.),.PIECEWISE_BEZIER_KNOTS.);
#10459 = CARTESIAN_POINT('',(-44.44881057268,-13.54570484581,57.4));
#10460 = CARTESIAN_POINT('',(-44.44881057268,-12.05341409691,57.4));
#10461 = CARTESIAN_POINT('',(-43.19,-12.05341409691,57.4));
#10462 = B_SPLINE_SURFACE_WITH_KNOTS('',2,1,(
    (#10463,#10464)
    ,(#10465,#10466)
    ,(#10467,#10468
    )),.UNSPECIFIED.,.F.,.F.,.F.,(3,3),(2,2),(0.,1.),(-0.6,0.),
  .PIECEWISE_BEZIER_KNOTS.);
#10463 = CARTESIAN_POINT('',(-44.44881057268,-13.54570484581,56.8));
#10464 = CARTESIAN_POINT('',(-44.44881057268,-13.54570484581,57.4));
#10465 = CARTESIAN_POINT('',(-44.44881057268,-12.05341409691,56.8));
#10466 = CARTESIAN_POINT('',(-44.44881057268,-12.05341409691,57.4));
#10467 = CARTESIAN_POINT('',(-43.19,-12.05341409691,56.8));
#10468 = CARTESIAN_POINT('',(-43.19,-12.05341409691,57.4));
#10469 = ADVANCED_FACE('',(#10470),#10494,.F.);
#10470 = FACE_BOUND('',#10471,.F.);
#10471 = EDGE_LOOP('',(#10472,#10473,#10481,#10488));
#10472 = ORIENTED_EDGE('',*,*,#10450,.T.);
#10473 = ORIENTED_EDGE('',*,*,#10474,.T.);
#10474 = EDGE_CURVE('',#10443,#10475,#10477,.T.);
#10475 = VERTEX_POINT('',#10476);
#10476 = CARTESIAN_POINT('',(-42.22707782672,-12.48164464023,56.8));
#10477 = B_SPLINE_CURVE_WITH_KNOTS('',2,(#10478,#10479,#10480),
  .UNSPECIFIED.,.F.,.F.,(3,3),(0.,1.),.PIECEWISE_BEZIER_KNOTS.);
#10478 = CARTESIAN_POINT('',(-43.19,-12.05341409691,56.8));
#10479 = CARTESIAN_POINT('',(-42.59491923641,-12.05341409691,56.8));
#10480 = CARTESIAN_POINT('',(-42.22707782672,-12.48164464023,56.8));
#10481 = ORIENTED_EDGE('',*,*,#10482,.F.);
#10482 = EDGE_CURVE('',#10483,#10475,#10485,.T.);
#10483 = VERTEX_POINT('',#10484);
#10484 = CARTESIAN_POINT('',(-42.22707782672,-12.48164464023,57.4));
#10485 = B_SPLINE_CURVE_WITH_KNOTS('',1,(#10486,#10487),.UNSPECIFIED.,
  .F.,.F.,(2,2),(0.,0.6),.PIECEWISE_BEZIER_KNOTS.);
#10486 = CARTESIAN_POINT('',(-42.22707782672,-12.48164464023,57.4));
#10487 = CARTESIAN_POINT('',(-42.22707782672,-12.48164464023,56.8));
#10488 = ORIENTED_EDGE('',*,*,#10489,.F.);
#10489 = EDGE_CURVE('',#10451,#10483,#10490,.T.);
#10490 = B_SPLINE_CURVE_WITH_KNOTS('',2,(#10491,#10492,#10493),
  .UNSPECIFIED.,.F.,.F.,(3,3),(0.,1.),.PIECEWISE_BEZIER_KNOTS.);
#10491 = CARTESIAN_POINT('',(-43.19,-12.05341409691,57.4));
#10492 = CARTESIAN_POINT('',(-42.59491923641,-12.05341409691,57.4));
#10493 = CARTESIAN_POINT('',(-42.22707782672,-12.48164464023,57.4));
#10494 = B_SPLINE_SURFACE_WITH_KNOTS('',2,1,(
    (#10495,#10496)
    ,(#10497,#10498)
    ,(#10499,#10500
    )),.UNSPECIFIED.,.F.,.F.,.F.,(3,3),(2,2),(0.,1.),(-0.6,0.),
  .PIECEWISE_BEZIER_KNOTS.);
#10495 = CARTESIAN_POINT('',(-43.19,-12.05341409691,56.8));
#10496 = CARTESIAN_POINT('',(-43.19,-12.05341409691,57.4));
#10497 = CARTESIAN_POINT('',(-42.59491923641,-12.05341409691,56.8));
#10498 = CARTESIAN_POINT('',(-42.59491923641,-12.05341409691,57.4));
#10499 = CARTESIAN_POINT('',(-42.22707782672,-12.48164464023,56.8));
#10500 = CARTESIAN_POINT('',(-42.22707782672,-12.48164464023,57.4));
#10501 = ADVANCED_FACE('',(#10502),#10526,.F.);
#10502 = FACE_BOUND('',#10503,.F.);
#10503 = EDGE_LOOP('',(#10504,#10505,#10513,#10520));
#10504 = ORIENTED_EDGE('',*,*,#10482,.T.);
#10505 = ORIENTED_EDGE('',*,*,#10506,.T.);
#10506 = EDGE_CURVE('',#10475,#10507,#10509,.T.);
#10507 = VERTEX_POINT('',#10508);
#10508 = CARTESIAN_POINT('',(-41.85941997063,-13.62555066079,56.8));
#10509 = B_SPLINE_CURVE_WITH_KNOTS('',2,(#10510,#10511,#10512),
  .UNSPECIFIED.,.F.,.F.,(3,3),(0.,1.),.PIECEWISE_BEZIER_KNOTS.);
#10510 = CARTESIAN_POINT('',(-42.22707782672,-12.48164464023,56.8));
#10511 = CARTESIAN_POINT('',(-41.85941997063,-12.90969162995,56.8));
#10512 = CARTESIAN_POINT('',(-41.85941997063,-13.62555066079,56.8));
#10513 = ORIENTED_EDGE('',*,*,#10514,.F.);
#10514 = EDGE_CURVE('',#10515,#10507,#10517,.T.);
#10515 = VERTEX_POINT('',#10516);
#10516 = CARTESIAN_POINT('',(-41.85941997063,-13.62555066079,57.4));
#10517 = B_SPLINE_CURVE_WITH_KNOTS('',1,(#10518,#10519),.UNSPECIFIED.,
  .F.,.F.,(2,2),(0.,0.6),.PIECEWISE_BEZIER_KNOTS.);
#10518 = CARTESIAN_POINT('',(-41.85941997063,-13.62555066079,57.4));
#10519 = CARTESIAN_POINT('',(-41.85941997063,-13.62555066079,56.8));
#10520 = ORIENTED_EDGE('',*,*,#10521,.F.);
#10521 = EDGE_CURVE('',#10483,#10515,#10522,.T.);
#10522 = B_SPLINE_CURVE_WITH_KNOTS('',2,(#10523,#10524,#10525),
  .UNSPECIFIED.,.F.,.F.,(3,3),(0.,1.),.PIECEWISE_BEZIER_KNOTS.);
#10523 = CARTESIAN_POINT('',(-42.22707782672,-12.48164464023,57.4));
#10524 = CARTESIAN_POINT('',(-41.85941997063,-12.90969162995,57.4));
#10525 = CARTESIAN_POINT('',(-41.85941997063,-13.62555066079,57.4));
#10526 = B_SPLINE_SURFACE_WITH_KNOTS('',2,1,(
    (#10527,#10528)
    ,(#10529,#10530)
    ,(#10531,#10532
    )),.UNSPECIFIED.,.F.,.F.,.F.,(3,3),(2,2),(0.,1.),(-0.6,0.),
  .PIECEWISE_BEZIER_KNOTS.);
#10527 = CARTESIAN_POINT('',(-42.22707782672,-12.48164464023,56.8));
#10528 = CARTESIAN_POINT('',(-42.22707782672,-12.48164464023,57.4));
#10529 = CARTESIAN_POINT('',(-41.85941997063,-12.90969162995,56.8));
#10530 = CARTESIAN_POINT('',(-41.85941997063,-12.90969162995,57.4));
#10531 = CARTESIAN_POINT('',(-41.85941997063,-13.62555066079,56.8));
#10532 = CARTESIAN_POINT('',(-41.85941997063,-13.62555066079,57.4));
#10533 = ADVANCED_FACE('',(#10534),#10548,.F.);
#10534 = FACE_BOUND('',#10535,.F.);
#10535 = EDGE_LOOP('',(#10536,#10537,#10542,#10543));
#10536 = ORIENTED_EDGE('',*,*,#10514,.T.);
#10537 = ORIENTED_EDGE('',*,*,#10538,.T.);
#10538 = EDGE_CURVE('',#10507,#10324,#10539,.T.);
#10539 = B_SPLINE_CURVE_WITH_KNOTS('',1,(#10540,#10541),.UNSPECIFIED.,
  .F.,.F.,(2,2),(0.,0.424008810573),.PIECEWISE_BEZIER_KNOTS.);
#10540 = CARTESIAN_POINT('',(-41.85941997063,-13.62555066079,56.8));
#10541 = CARTESIAN_POINT('',(-41.85941997063,-14.04955947136,56.8));
#10542 = ORIENTED_EDGE('',*,*,#10321,.F.);
#10543 = ORIENTED_EDGE('',*,*,#10544,.F.);
#10544 = EDGE_CURVE('',#10515,#10322,#10545,.T.);
#10545 = B_SPLINE_CURVE_WITH_KNOTS('',1,(#10546,#10547),.UNSPECIFIED.,
  .F.,.F.,(2,2),(0.,0.424008810573),.PIECEWISE_BEZIER_KNOTS.);
#10546 = CARTESIAN_POINT('',(-41.85941997063,-13.62555066079,57.4));
#10547 = CARTESIAN_POINT('',(-41.85941997063,-14.04955947136,57.4));
#10548 = B_SPLINE_SURFACE_WITH_KNOTS('',1,1,(
    (#10549,#10550)
    ,(#10551,#10552
    )),.UNSPECIFIED.,.F.,.F.,.F.,(2,2),(2,2),(0.,0.424008810573),(-0.6,
    0.),.PIECEWISE_BEZIER_KNOTS.);
#10549 = CARTESIAN_POINT('',(-41.85941997063,-13.62555066079,56.8));
#10550 = CARTESIAN_POINT('',(-41.85941997063,-13.62555066079,57.4));
#10551 = CARTESIAN_POINT('',(-41.85941997063,-14.04955947136,56.8));
#10552 = CARTESIAN_POINT('',(-41.85941997063,-14.04955947136,57.4));
#10553 = ADVANCED_FACE('',(#10554),#10584,.F.);
#10554 = FACE_BOUND('',#10555,.F.);
#10555 = EDGE_LOOP('',(#10556,#10565,#10572,#10579));
#10556 = ORIENTED_EDGE('',*,*,#10557,.T.);
#10557 = EDGE_CURVE('',#10558,#10560,#10562,.T.);
#10558 = VERTEX_POINT('',#10559);
#10559 = CARTESIAN_POINT('',(-43.76599118942,-14.04955947136,57.4));
#10560 = VERTEX_POINT('',#10561);
#10561 = CARTESIAN_POINT('',(-43.76599118942,-14.04955947136,56.8));
#10562 = B_SPLINE_CURVE_WITH_KNOTS('',1,(#10563,#10564),.UNSPECIFIED.,
  .F.,.F.,(2,2),(0.,0.6),.PIECEWISE_BEZIER_KNOTS.);
#10563 = CARTESIAN_POINT('',(-43.76599118942,-14.04955947136,57.4));
#10564 = CARTESIAN_POINT('',(-43.76599118942,-14.04955947136,56.8));
#10565 = ORIENTED_EDGE('',*,*,#10566,.T.);
#10566 = EDGE_CURVE('',#10560,#10567,#10569,.T.);
#10567 = VERTEX_POINT('',#10568);
#10568 = CARTESIAN_POINT('',(-42.53397944199,-14.04955947136,56.8));
#10569 = B_SPLINE_CURVE_WITH_KNOTS('',1,(#10570,#10571),.UNSPECIFIED.,
  .F.,.F.,(2,2),(0.,1.23201174743),.PIECEWISE_BEZIER_KNOTS.);
#10570 = CARTESIAN_POINT('',(-43.76599118942,-14.04955947136,56.8));
#10571 = CARTESIAN_POINT('',(-42.53397944199,-14.04955947136,56.8));
#10572 = ORIENTED_EDGE('',*,*,#10573,.F.);
#10573 = EDGE_CURVE('',#10574,#10567,#10576,.T.);
#10574 = VERTEX_POINT('',#10575);
#10575 = CARTESIAN_POINT('',(-42.53397944199,-14.04955947136,57.4));
#10576 = B_SPLINE_CURVE_WITH_KNOTS('',1,(#10577,#10578),.UNSPECIFIED.,
  .F.,.F.,(2,2),(0.,0.6),.PIECEWISE_BEZIER_KNOTS.);
#10577 = CARTESIAN_POINT('',(-42.53397944199,-14.04955947136,57.4));
#10578 = CARTESIAN_POINT('',(-42.53397944199,-14.04955947136,56.8));
#10579 = ORIENTED_EDGE('',*,*,#10580,.F.);
#10580 = EDGE_CURVE('',#10558,#10574,#10581,.T.);
#10581 = B_SPLINE_CURVE_WITH_KNOTS('',1,(#10582,#10583),.UNSPECIFIED.,
  .F.,.F.,(2,2),(0.,1.23201174743),.PIECEWISE_BEZIER_KNOTS.);
#10582 = CARTESIAN_POINT('',(-43.76599118942,-14.04955947136,57.4));
#10583 = CARTESIAN_POINT('',(-42.53397944199,-14.04955947136,57.4));
#10584 = B_SPLINE_SURFACE_WITH_KNOTS('',1,1,(
    (#10585,#10586)
    ,(#10587,#10588
    )),.UNSPECIFIED.,.F.,.F.,.F.,(2,2),(2,2),(0.,1.23201174743),(-0.6,0.
    ),.PIECEWISE_BEZIER_KNOTS.);
#10585 = CARTESIAN_POINT('',(-43.76599118942,-14.04955947136,56.8));
#10586 = CARTESIAN_POINT('',(-43.76599118942,-14.04955947136,57.4));
#10587 = CARTESIAN_POINT('',(-42.53397944199,-14.04955947136,56.8));
#10588 = CARTESIAN_POINT('',(-42.53397944199,-14.04955947136,57.4));
#10589 = ADVANCED_FACE('',(#10590),#10612,.F.);
#10590 = FACE_BOUND('',#10591,.F.);
#10591 = EDGE_LOOP('',(#10592,#10593,#10600,#10607));
#10592 = ORIENTED_EDGE('',*,*,#10573,.T.);
#10593 = ORIENTED_EDGE('',*,*,#10594,.T.);
#10594 = EDGE_CURVE('',#10567,#10595,#10597,.T.);
#10595 = VERTEX_POINT('',#10596);
#10596 = CARTESIAN_POINT('',(-42.53397944199,-13.69988986784,56.8));
#10597 = B_SPLINE_CURVE_WITH_KNOTS('',1,(#10598,#10599),.UNSPECIFIED.,
  .F.,.F.,(2,2),(0.,0.349669603524),.PIECEWISE_BEZIER_KNOTS.);
#10598 = CARTESIAN_POINT('',(-42.53397944199,-14.04955947136,56.8));
#10599 = CARTESIAN_POINT('',(-42.53397944199,-13.69988986784,56.8));
#10600 = ORIENTED_EDGE('',*,*,#10601,.F.);
#10601 = EDGE_CURVE('',#10602,#10595,#10604,.T.);
#10602 = VERTEX_POINT('',#10603);
#10603 = CARTESIAN_POINT('',(-42.53397944199,-13.69988986784,57.4));
#10604 = B_SPLINE_CURVE_WITH_KNOTS('',1,(#10605,#10606),.UNSPECIFIED.,
  .F.,.F.,(2,2),(0.,0.6),.PIECEWISE_BEZIER_KNOTS.);
#10605 = CARTESIAN_POINT('',(-42.53397944199,-13.69988986784,57.4));
#10606 = CARTESIAN_POINT('',(-42.53397944199,-13.69988986784,56.8));
#10607 = ORIENTED_EDGE('',*,*,#10608,.F.);
#10608 = EDGE_CURVE('',#10574,#10602,#10609,.T.);
#10609 = B_SPLINE_CURVE_WITH_KNOTS('',1,(#10610,#10611),.UNSPECIFIED.,
  .F.,.F.,(2,2),(0.,0.349669603524),.PIECEWISE_BEZIER_KNOTS.);
#10610 = CARTESIAN_POINT('',(-42.53397944199,-14.04955947136,57.4));
#10611 = CARTESIAN_POINT('',(-42.53397944199,-13.69988986784,57.4));
#10612 = B_SPLINE_SURFACE_WITH_KNOTS('',1,1,(
    (#10613,#10614)
    ,(#10615,#10616
    )),.UNSPECIFIED.,.F.,.F.,.F.,(2,2),(2,2),(0.,0.349669603524),(-0.6,
    0.),.PIECEWISE_BEZIER_KNOTS.);
#10613 = CARTESIAN_POINT('',(-42.53397944199,-14.04955947136,56.8));
#10614 = CARTESIAN_POINT('',(-42.53397944199,-14.04955947136,57.4));
#10615 = CARTESIAN_POINT('',(-42.53397944199,-13.69988986784,56.8));
#10616 = CARTESIAN_POINT('',(-42.53397944199,-13.69988986784,57.4));
#10617 = ADVANCED_FACE('',(#10618),#10642,.F.);
#10618 = FACE_BOUND('',#10619,.F.);
#10619 = EDGE_LOOP('',(#10620,#10621,#10629,#10636));
#10620 = ORIENTED_EDGE('',*,*,#10601,.T.);
#10621 = ORIENTED_EDGE('',*,*,#10622,.T.);
#10622 = EDGE_CURVE('',#10595,#10623,#10625,.T.);
#10623 = VERTEX_POINT('',#10624);
#10624 = CARTESIAN_POINT('',(-43.15696035242,-12.98953744493,56.8));
#10625 = B_SPLINE_CURVE_WITH_KNOTS('',2,(#10626,#10627,#10628),
  .UNSPECIFIED.,.F.,.F.,(3,3),(0.,1.),.PIECEWISE_BEZIER_KNOTS.);
#10626 = CARTESIAN_POINT('',(-42.53397944199,-13.69988986784,56.8));
#10627 = CARTESIAN_POINT('',(-42.53397944199,-12.98953744493,56.8));
#10628 = CARTESIAN_POINT('',(-43.15696035242,-12.98953744493,56.8));
#10629 = ORIENTED_EDGE('',*,*,#10630,.F.);
#10630 = EDGE_CURVE('',#10631,#10623,#10633,.T.);
#10631 = VERTEX_POINT('',#10632);
#10632 = CARTESIAN_POINT('',(-43.15696035242,-12.98953744493,57.4));
#10633 = B_SPLINE_CURVE_WITH_KNOTS('',1,(#10634,#10635),.UNSPECIFIED.,
  .F.,.F.,(2,2),(0.,0.6),.PIECEWISE_BEZIER_KNOTS.);
#10634 = CARTESIAN_POINT('',(-43.15696035242,-12.98953744493,57.4));
#10635 = CARTESIAN_POINT('',(-43.15696035242,-12.98953744493,56.8));
#10636 = ORIENTED_EDGE('',*,*,#10637,.F.);
#10637 = EDGE_CURVE('',#10602,#10631,#10638,.T.);
#10638 = B_SPLINE_CURVE_WITH_KNOTS('',2,(#10639,#10640,#10641),
  .UNSPECIFIED.,.F.,.F.,(3,3),(0.,1.),.PIECEWISE_BEZIER_KNOTS.);
#10639 = CARTESIAN_POINT('',(-42.53397944199,-13.69988986784,57.4));
#10640 = CARTESIAN_POINT('',(-42.53397944199,-12.98953744493,57.4));
#10641 = CARTESIAN_POINT('',(-43.15696035242,-12.98953744493,57.4));
#10642 = B_SPLINE_SURFACE_WITH_KNOTS('',2,1,(
    (#10643,#10644)
    ,(#10645,#10646)
    ,(#10647,#10648
    )),.UNSPECIFIED.,.F.,.F.,.F.,(3,3),(2,2),(0.,1.),(-0.6,0.),
  .PIECEWISE_BEZIER_KNOTS.);
#10643 = CARTESIAN_POINT('',(-42.53397944199,-13.69988986784,56.8));
#10644 = CARTESIAN_POINT('',(-42.53397944199,-13.69988986784,57.4));
#10645 = CARTESIAN_POINT('',(-42.53397944199,-12.98953744493,56.8));
#10646 = CARTESIAN_POINT('',(-42.53397944199,-12.98953744493,57.4));
#10647 = CARTESIAN_POINT('',(-43.15696035242,-12.98953744493,56.8));
#10648 = CARTESIAN_POINT('',(-43.15696035242,-12.98953744493,57.4));
#10649 = ADVANCED_FACE('',(#10650),#10674,.F.);
#10650 = FACE_BOUND('',#10651,.F.);
#10651 = EDGE_LOOP('',(#10652,#10653,#10661,#10668));
#10652 = ORIENTED_EDGE('',*,*,#10630,.T.);
#10653 = ORIENTED_EDGE('',*,*,#10654,.T.);
#10654 = EDGE_CURVE('',#10623,#10655,#10657,.T.);
#10655 = VERTEX_POINT('',#10656);
#10656 = CARTESIAN_POINT('',(-43.76599118942,-13.69988986784,56.8));
#10657 = B_SPLINE_CURVE_WITH_KNOTS('',2,(#10658,#10659,#10660),
  .UNSPECIFIED.,.F.,.F.,(3,3),(0.,1.),.PIECEWISE_BEZIER_KNOTS.);
#10658 = CARTESIAN_POINT('',(-43.15696035242,-12.98953744493,56.8));
#10659 = CARTESIAN_POINT('',(-43.76599118942,-12.98953744493,56.8));
#10660 = CARTESIAN_POINT('',(-43.76599118942,-13.69988986784,56.8));
#10661 = ORIENTED_EDGE('',*,*,#10662,.F.);
#10662 = EDGE_CURVE('',#10663,#10655,#10665,.T.);
#10663 = VERTEX_POINT('',#10664);
#10664 = CARTESIAN_POINT('',(-43.76599118942,-13.69988986784,57.4));
#10665 = B_SPLINE_CURVE_WITH_KNOTS('',1,(#10666,#10667),.UNSPECIFIED.,
  .F.,.F.,(2,2),(0.,0.6),.PIECEWISE_BEZIER_KNOTS.);
#10666 = CARTESIAN_POINT('',(-43.76599118942,-13.69988986784,57.4));
#10667 = CARTESIAN_POINT('',(-43.76599118942,-13.69988986784,56.8));
#10668 = ORIENTED_EDGE('',*,*,#10669,.F.);
#10669 = EDGE_CURVE('',#10631,#10663,#10670,.T.);
#10670 = B_SPLINE_CURVE_WITH_KNOTS('',2,(#10671,#10672,#10673),
  .UNSPECIFIED.,.F.,.F.,(3,3),(0.,1.),.PIECEWISE_BEZIER_KNOTS.);
#10671 = CARTESIAN_POINT('',(-43.15696035242,-12.98953744493,57.4));
#10672 = CARTESIAN_POINT('',(-43.76599118942,-12.98953744493,57.4));
#10673 = CARTESIAN_POINT('',(-43.76599118942,-13.69988986784,57.4));
#10674 = B_SPLINE_SURFACE_WITH_KNOTS('',2,1,(
    (#10675,#10676)
    ,(#10677,#10678)
    ,(#10679,#10680
    )),.UNSPECIFIED.,.F.,.F.,.F.,(3,3),(2,2),(0.,1.),(-0.6,0.),
  .PIECEWISE_BEZIER_KNOTS.);
#10675 = CARTESIAN_POINT('',(-43.15696035242,-12.98953744493,56.8));
#10676 = CARTESIAN_POINT('',(-43.15696035242,-12.98953744493,57.4));
#10677 = CARTESIAN_POINT('',(-43.76599118942,-12.98953744493,56.8));
#10678 = CARTESIAN_POINT('',(-43.76599118942,-12.98953744493,57.4));
#10679 = CARTESIAN_POINT('',(-43.76599118942,-13.69988986784,56.8));
#10680 = CARTESIAN_POINT('',(-43.76599118942,-13.69988986784,57.4));
#10681 = ADVANCED_FACE('',(#10682),#10696,.F.);
#10682 = FACE_BOUND('',#10683,.F.);
#10683 = EDGE_LOOP('',(#10684,#10685,#10690,#10691));
#10684 = ORIENTED_EDGE('',*,*,#10662,.T.);
#10685 = ORIENTED_EDGE('',*,*,#10686,.T.);
#10686 = EDGE_CURVE('',#10655,#10560,#10687,.T.);
#10687 = B_SPLINE_CURVE_WITH_KNOTS('',1,(#10688,#10689),.UNSPECIFIED.,
  .F.,.F.,(2,2),(0.,0.349669603524),.PIECEWISE_BEZIER_KNOTS.);
#10688 = CARTESIAN_POINT('',(-43.76599118942,-13.69988986784,56.8));
#10689 = CARTESIAN_POINT('',(-43.76599118942,-14.04955947136,56.8));
#10690 = ORIENTED_EDGE('',*,*,#10557,.F.);
#10691 = ORIENTED_EDGE('',*,*,#10692,.F.);
#10692 = EDGE_CURVE('',#10663,#10558,#10693,.T.);
#10693 = B_SPLINE_CURVE_WITH_KNOTS('',1,(#10694,#10695),.UNSPECIFIED.,
  .F.,.F.,(2,2),(0.,0.349669603524),.PIECEWISE_BEZIER_KNOTS.);
#10694 = CARTESIAN_POINT('',(-43.76599118942,-13.69988986784,57.4));
#10695 = CARTESIAN_POINT('',(-43.76599118942,-14.04955947136,57.4));
#10696 = B_SPLINE_SURFACE_WITH_KNOTS('',1,1,(
    (#10697,#10698)
    ,(#10699,#10700
    )),.UNSPECIFIED.,.F.,.F.,.F.,(2,2),(2,2),(0.,0.349669603524),(-0.6,
    0.),.PIECEWISE_BEZIER_KNOTS.);
#10697 = CARTESIAN_POINT('',(-43.76599118942,-13.69988986784,56.8));
#10698 = CARTESIAN_POINT('',(-43.76599118942,-13.69988986784,57.4));
#10699 = CARTESIAN_POINT('',(-43.76599118942,-14.04955947136,56.8));
#10700 = CARTESIAN_POINT('',(-43.76599118942,-14.04955947136,57.4));
#10701 = ADVANCED_FACE('',(#10702,#10712),#10719,.T.);
#10702 = FACE_BOUND('',#10703,.F.);
#10703 = EDGE_LOOP('',(#10704,#10705,#10706,#10707,#10708,#10709,#10710,
    #10711));
#10704 = ORIENTED_EDGE('',*,*,#10344,.T.);
#10705 = ORIENTED_EDGE('',*,*,#10372,.T.);
#10706 = ORIENTED_EDGE('',*,*,#10400,.T.);
#10707 = ORIENTED_EDGE('',*,*,#10428,.T.);
#10708 = ORIENTED_EDGE('',*,*,#10457,.T.);
#10709 = ORIENTED_EDGE('',*,*,#10489,.T.);
#10710 = ORIENTED_EDGE('',*,*,#10521,.T.);
#10711 = ORIENTED_EDGE('',*,*,#10544,.T.);
#10712 = FACE_BOUND('',#10713,.F.);
#10713 = EDGE_LOOP('',(#10714,#10715,#10716,#10717,#10718));
#10714 = ORIENTED_EDGE('',*,*,#10580,.T.);
#10715 = ORIENTED_EDGE('',*,*,#10608,.T.);
#10716 = ORIENTED_EDGE('',*,*,#10637,.T.);
#10717 = ORIENTED_EDGE('',*,*,#10669,.T.);
#10718 = ORIENTED_EDGE('',*,*,#10692,.T.);
#10719 = B_SPLINE_SURFACE_WITH_KNOTS('',1,1,(
    (#10720,#10721)
    ,(#10722,#10723
    )),.UNSPECIFIED.,.F.,.F.,.F.,(2,2),(2,2),(-1.13022139448,
    1.755241160586),(-2.254896777425,1.692239786452),
  .PIECEWISE_BEZIER_KNOTS.);
#10720 = CARTESIAN_POINT('',(-40.50167400881,-14.93887665198,57.4));
#10721 = CARTESIAN_POINT('',(-44.44881057268,-14.93887665198,57.4));
#10722 = CARTESIAN_POINT('',(-40.50167400881,-12.05341409691,57.4));
#10723 = CARTESIAN_POINT('',(-44.44881057268,-12.05341409691,57.4));
#10724 = ADVANCED_FACE('',(#10725,#10735),#10742,.F.);
#10725 = FACE_BOUND('',#10726,.T.);
#10726 = EDGE_LOOP('',(#10727,#10728,#10729,#10730,#10731,#10732,#10733,
    #10734));
#10727 = ORIENTED_EDGE('',*,*,#10330,.T.);
#10728 = ORIENTED_EDGE('',*,*,#10358,.T.);
#10729 = ORIENTED_EDGE('',*,*,#10386,.T.);
#10730 = ORIENTED_EDGE('',*,*,#10414,.T.);
#10731 = ORIENTED_EDGE('',*,*,#10442,.T.);
#10732 = ORIENTED_EDGE('',*,*,#10474,.T.);
#10733 = ORIENTED_EDGE('',*,*,#10506,.T.);
#10734 = ORIENTED_EDGE('',*,*,#10538,.T.);
#10735 = FACE_BOUND('',#10736,.T.);
#10736 = EDGE_LOOP('',(#10737,#10738,#10739,#10740,#10741));
#10737 = ORIENTED_EDGE('',*,*,#10566,.T.);
#10738 = ORIENTED_EDGE('',*,*,#10594,.T.);
#10739 = ORIENTED_EDGE('',*,*,#10622,.T.);
#10740 = ORIENTED_EDGE('',*,*,#10654,.T.);
#10741 = ORIENTED_EDGE('',*,*,#10686,.T.);
#10742 = B_SPLINE_SURFACE_WITH_KNOTS('',1,1,(
    (#10743,#10744)
    ,(#10745,#10746
    )),.UNSPECIFIED.,.F.,.F.,.F.,(2,2),(2,2),(-1.13022139448,
    1.755241160586),(-2.254896777425,1.692239786452),
  .PIECEWISE_BEZIER_KNOTS.);
#10743 = CARTESIAN_POINT('',(-40.50167400881,-14.93887665198,56.8));
#10744 = CARTESIAN_POINT('',(-44.44881057268,-14.93887665198,56.8));
#10745 = CARTESIAN_POINT('',(-40.50167400881,-12.05341409691,56.8));
#10746 = CARTESIAN_POINT('',(-44.44881057268,-12.05341409691,56.8));
#10747 = MANIFOLD_SOLID_BREP('',#10748);
#10748 = CLOSED_SHELL('',(#10749,#10785,#10813,#10841,#10869,#10897,
    #10925,#10953,#10981,#11009,#11037,#11065,#11085,#11105));
#10749 = ADVANCED_FACE('',(#10750),#10780,.F.);
#10750 = FACE_BOUND('',#10751,.F.);
#10751 = EDGE_LOOP('',(#10752,#10761,#10768,#10775));
#10752 = ORIENTED_EDGE('',*,*,#10753,.T.);
#10753 = EDGE_CURVE('',#10754,#10756,#10758,.T.);
#10754 = VERTEX_POINT('',#10755);
#10755 = CARTESIAN_POINT('',(-40.50167400881,-9.105543318649,57.4));
#10756 = VERTEX_POINT('',#10757);
#10757 = CARTESIAN_POINT('',(-40.50167400881,-9.105543318649,56.8));
#10758 = B_SPLINE_CURVE_WITH_KNOTS('',1,(#10759,#10760),.UNSPECIFIED.,
  .F.,.F.,(2,2),(0.,0.6),.PIECEWISE_BEZIER_KNOTS.);
#10759 = CARTESIAN_POINT('',(-40.50167400881,-9.105543318649,57.4));
#10760 = CARTESIAN_POINT('',(-40.50167400881,-9.105543318649,56.8));
#10761 = ORIENTED_EDGE('',*,*,#10762,.T.);
#10762 = EDGE_CURVE('',#10756,#10763,#10765,.T.);
#10763 = VERTEX_POINT('',#10764);
#10764 = CARTESIAN_POINT('',(-40.50167400881,-11.47338472834,56.8));
#10765 = B_SPLINE_CURVE_WITH_KNOTS('',1,(#10766,#10767),.UNSPECIFIED.,
  .F.,.F.,(2,2),(0.,2.367841409692),.PIECEWISE_BEZIER_KNOTS.);
#10766 = CARTESIAN_POINT('',(-40.50167400881,-9.105543318649,56.8));
#10767 = CARTESIAN_POINT('',(-40.50167400881,-11.47338472834,56.8));
#10768 = ORIENTED_EDGE('',*,*,#10769,.F.);
#10769 = EDGE_CURVE('',#10770,#10763,#10772,.T.);
#10770 = VERTEX_POINT('',#10771);
#10771 = CARTESIAN_POINT('',(-40.50167400881,-11.47338472834,57.4));
#10772 = B_SPLINE_CURVE_WITH_KNOTS('',1,(#10773,#10774),.UNSPECIFIED.,
  .F.,.F.,(2,2),(0.,0.6),.PIECEWISE_BEZIER_KNOTS.);
#10773 = CARTESIAN_POINT('',(-40.50167400881,-11.47338472834,57.4));
#10774 = CARTESIAN_POINT('',(-40.50167400881,-11.47338472834,56.8));
#10775 = ORIENTED_EDGE('',*,*,#10776,.F.);
#10776 = EDGE_CURVE('',#10754,#10770,#10777,.T.);
#10777 = B_SPLINE_CURVE_WITH_KNOTS('',1,(#10778,#10779),.UNSPECIFIED.,
  .F.,.F.,(2,2),(0.,2.367841409692),.PIECEWISE_BEZIER_KNOTS.);
#10778 = CARTESIAN_POINT('',(-40.50167400881,-9.105543318649,57.4));
#10779 = CARTESIAN_POINT('',(-40.50167400881,-11.47338472834,57.4));
#10780 = B_SPLINE_SURFACE_WITH_KNOTS('',1,1,(
    (#10781,#10782)
    ,(#10783,#10784
    )),.UNSPECIFIED.,.F.,.F.,.F.,(2,2),(2,2),(0.,2.367841409692),(-0.6,
    0.),.PIECEWISE_BEZIER_KNOTS.);
#10781 = CARTESIAN_POINT('',(-40.50167400881,-9.105543318649,56.8));
#10782 = CARTESIAN_POINT('',(-40.50167400881,-9.105543318649,57.4));
#10783 = CARTESIAN_POINT('',(-40.50167400881,-11.47338472834,56.8));
#10784 = CARTESIAN_POINT('',(-40.50167400881,-11.47338472834,57.4));
#10785 = ADVANCED_FACE('',(#10786),#10808,.F.);
#10786 = FACE_BOUND('',#10787,.F.);
#10787 = EDGE_LOOP('',(#10788,#10789,#10796,#10803));
#10788 = ORIENTED_EDGE('',*,*,#10769,.T.);
#10789 = ORIENTED_EDGE('',*,*,#10790,.T.);
#10790 = EDGE_CURVE('',#10763,#10791,#10793,.T.);
#10791 = VERTEX_POINT('',#10792);
#10792 = CARTESIAN_POINT('',(-44.44881057268,-11.47338472834,56.8));
#10793 = B_SPLINE_CURVE_WITH_KNOTS('',1,(#10794,#10795),.UNSPECIFIED.,
  .F.,.F.,(2,2),(0.,3.947136563877),.PIECEWISE_BEZIER_KNOTS.);
#10794 = CARTESIAN_POINT('',(-40.50167400881,-11.47338472834,56.8));
#10795 = CARTESIAN_POINT('',(-44.44881057268,-11.47338472834,56.8));
#10796 = ORIENTED_EDGE('',*,*,#10797,.F.);
#10797 = EDGE_CURVE('',#10798,#10791,#10800,.T.);
#10798 = VERTEX_POINT('',#10799);
#10799 = CARTESIAN_POINT('',(-44.44881057268,-11.47338472834,57.4));
#10800 = B_SPLINE_CURVE_WITH_KNOTS('',1,(#10801,#10802),.UNSPECIFIED.,
  .F.,.F.,(2,2),(0.,0.6),.PIECEWISE_BEZIER_KNOTS.);
#10801 = CARTESIAN_POINT('',(-44.44881057268,-11.47338472834,57.4));
#10802 = CARTESIAN_POINT('',(-44.44881057268,-11.47338472834,56.8));
#10803 = ORIENTED_EDGE('',*,*,#10804,.F.);
#10804 = EDGE_CURVE('',#10770,#10798,#10805,.T.);
#10805 = B_SPLINE_CURVE_WITH_KNOTS('',1,(#10806,#10807),.UNSPECIFIED.,
  .F.,.F.,(2,2),(0.,3.947136563877),.PIECEWISE_BEZIER_KNOTS.);
#10806 = CARTESIAN_POINT('',(-40.50167400881,-11.47338472834,57.4));
#10807 = CARTESIAN_POINT('',(-44.44881057268,-11.47338472834,57.4));
#10808 = B_SPLINE_SURFACE_WITH_KNOTS('',1,1,(
    (#10809,#10810)
    ,(#10811,#10812
    )),.UNSPECIFIED.,.F.,.F.,.F.,(2,2),(2,2),(0.,3.947136563877),(-0.6,
    0.),.PIECEWISE_BEZIER_KNOTS.);
#10809 = CARTESIAN_POINT('',(-40.50167400881,-11.47338472834,56.8));
#10810 = CARTESIAN_POINT('',(-40.50167400881,-11.47338472834,57.4));
#10811 = CARTESIAN_POINT('',(-44.44881057268,-11.47338472834,56.8));
#10812 = CARTESIAN_POINT('',(-44.44881057268,-11.47338472834,57.4));
#10813 = ADVANCED_FACE('',(#10814),#10836,.F.);
#10814 = FACE_BOUND('',#10815,.F.);
#10815 = EDGE_LOOP('',(#10816,#10817,#10824,#10831));
#10816 = ORIENTED_EDGE('',*,*,#10797,.T.);
#10817 = ORIENTED_EDGE('',*,*,#10818,.T.);
#10818 = EDGE_CURVE('',#10791,#10819,#10821,.T.);
#10819 = VERTEX_POINT('',#10820);
#10820 = CARTESIAN_POINT('',(-44.44881057268,-9.196402349486,56.8));
#10821 = B_SPLINE_CURVE_WITH_KNOTS('',1,(#10822,#10823),.UNSPECIFIED.,
  .F.,.F.,(2,2),(0.,2.276982378855),.PIECEWISE_BEZIER_KNOTS.);
#10822 = CARTESIAN_POINT('',(-44.44881057268,-11.47338472834,56.8));
#10823 = CARTESIAN_POINT('',(-44.44881057268,-9.196402349486,56.8));
#10824 = ORIENTED_EDGE('',*,*,#10825,.F.);
#10825 = EDGE_CURVE('',#10826,#10819,#10828,.T.);
#10826 = VERTEX_POINT('',#10827);
#10827 = CARTESIAN_POINT('',(-44.44881057268,-9.196402349486,57.4));
#10828 = B_SPLINE_CURVE_WITH_KNOTS('',1,(#10829,#10830),.UNSPECIFIED.,
  .F.,.F.,(2,2),(0.,0.6),.PIECEWISE_BEZIER_KNOTS.);
#10829 = CARTESIAN_POINT('',(-44.44881057268,-9.196402349486,57.4));
#10830 = CARTESIAN_POINT('',(-44.44881057268,-9.196402349486,56.8));
#10831 = ORIENTED_EDGE('',*,*,#10832,.F.);
#10832 = EDGE_CURVE('',#10798,#10826,#10833,.T.);
#10833 = B_SPLINE_CURVE_WITH_KNOTS('',1,(#10834,#10835),.UNSPECIFIED.,
  .F.,.F.,(2,2),(0.,2.276982378855),.PIECEWISE_BEZIER_KNOTS.);
#10834 = CARTESIAN_POINT('',(-44.44881057268,-11.47338472834,57.4));
#10835 = CARTESIAN_POINT('',(-44.44881057268,-9.196402349486,57.4));
#10836 = B_SPLINE_SURFACE_WITH_KNOTS('',1,1,(
    (#10837,#10838)
    ,(#10839,#10840
    )),.UNSPECIFIED.,.F.,.F.,.F.,(2,2),(2,2),(0.,2.276982378855),(-0.6,
    0.),.PIECEWISE_BEZIER_KNOTS.);
#10837 = CARTESIAN_POINT('',(-44.44881057268,-11.47338472834,56.8));
#10838 = CARTESIAN_POINT('',(-44.44881057268,-11.47338472834,57.4));
#10839 = CARTESIAN_POINT('',(-44.44881057268,-9.196402349486,56.8));
#10840 = CARTESIAN_POINT('',(-44.44881057268,-9.196402349486,57.4));
#10841 = ADVANCED_FACE('',(#10842),#10864,.F.);
#10842 = FACE_BOUND('',#10843,.F.);
#10843 = EDGE_LOOP('',(#10844,#10845,#10852,#10859));
#10844 = ORIENTED_EDGE('',*,*,#10825,.T.);
#10845 = ORIENTED_EDGE('',*,*,#10846,.T.);
#10846 = EDGE_CURVE('',#10819,#10847,#10849,.T.);
#10847 = VERTEX_POINT('',#10848);
#10848 = CARTESIAN_POINT('',(-43.72469162995,-9.196402349486,56.8));
#10849 = B_SPLINE_CURVE_WITH_KNOTS('',1,(#10850,#10851),.UNSPECIFIED.,
  .F.,.F.,(2,2),(0.,0.724118942731),.PIECEWISE_BEZIER_KNOTS.);
#10850 = CARTESIAN_POINT('',(-44.44881057268,-9.196402349486,56.8));
#10851 = CARTESIAN_POINT('',(-43.72469162995,-9.196402349486,56.8));
#10852 = ORIENTED_EDGE('',*,*,#10853,.F.);
#10853 = EDGE_CURVE('',#10854,#10847,#10856,.T.);
#10854 = VERTEX_POINT('',#10855);
#10855 = CARTESIAN_POINT('',(-43.72469162995,-9.196402349486,57.4));
#10856 = B_SPLINE_CURVE_WITH_KNOTS('',1,(#10857,#10858),.UNSPECIFIED.,
  .F.,.F.,(2,2),(0.,0.6),.PIECEWISE_BEZIER_KNOTS.);
#10857 = CARTESIAN_POINT('',(-43.72469162995,-9.196402349486,57.4));
#10858 = CARTESIAN_POINT('',(-43.72469162995,-9.196402349486,56.8));
#10859 = ORIENTED_EDGE('',*,*,#10860,.F.);
#10860 = EDGE_CURVE('',#10826,#10854,#10861,.T.);
#10861 = B_SPLINE_CURVE_WITH_KNOTS('',1,(#10862,#10863),.UNSPECIFIED.,
  .F.,.F.,(2,2),(0.,0.724118942731),.PIECEWISE_BEZIER_KNOTS.);
#10862 = CARTESIAN_POINT('',(-44.44881057268,-9.196402349486,57.4));
#10863 = CARTESIAN_POINT('',(-43.72469162995,-9.196402349486,57.4));
#10864 = B_SPLINE_SURFACE_WITH_KNOTS('',1,1,(
    (#10865,#10866)
    ,(#10867,#10868
    )),.UNSPECIFIED.,.F.,.F.,.F.,(2,2),(2,2),(0.,0.724118942731),(-0.6,
    0.),.PIECEWISE_BEZIER_KNOTS.);
#10865 = CARTESIAN_POINT('',(-44.44881057268,-9.196402349486,56.8));
#10866 = CARTESIAN_POINT('',(-44.44881057268,-9.196402349486,57.4));
#10867 = CARTESIAN_POINT('',(-43.72469162995,-9.196402349486,56.8));
#10868 = CARTESIAN_POINT('',(-43.72469162995,-9.196402349486,57.4));
#10869 = ADVANCED_FACE('',(#10870),#10892,.F.);
#10870 = FACE_BOUND('',#10871,.F.);
#10871 = EDGE_LOOP('',(#10872,#10873,#10880,#10887));
#10872 = ORIENTED_EDGE('',*,*,#10853,.T.);
#10873 = ORIENTED_EDGE('',*,*,#10874,.T.);
#10874 = EDGE_CURVE('',#10847,#10875,#10877,.T.);
#10875 = VERTEX_POINT('',#10876);
#10876 = CARTESIAN_POINT('',(-43.72469162995,-10.58406754772,56.8));
#10877 = B_SPLINE_CURVE_WITH_KNOTS('',1,(#10878,#10879),.UNSPECIFIED.,
  .F.,.F.,(2,2),(0.,1.387665198238),.PIECEWISE_BEZIER_KNOTS.);
#10878 = CARTESIAN_POINT('',(-43.72469162995,-9.196402349486,56.8));
#10879 = CARTESIAN_POINT('',(-43.72469162995,-10.58406754772,56.8));
#10880 = ORIENTED_EDGE('',*,*,#10881,.F.);
#10881 = EDGE_CURVE('',#10882,#10875,#10884,.T.);
#10882 = VERTEX_POINT('',#10883);
#10883 = CARTESIAN_POINT('',(-43.72469162995,-10.58406754772,57.4));
#10884 = B_SPLINE_CURVE_WITH_KNOTS('',1,(#10885,#10886),.UNSPECIFIED.,
  .F.,.F.,(2,2),(0.,0.6),.PIECEWISE_BEZIER_KNOTS.);
#10885 = CARTESIAN_POINT('',(-43.72469162995,-10.58406754772,57.4));
#10886 = CARTESIAN_POINT('',(-43.72469162995,-10.58406754772,56.8));
#10887 = ORIENTED_EDGE('',*,*,#10888,.F.);
#10888 = EDGE_CURVE('',#10854,#10882,#10889,.T.);
#10889 = B_SPLINE_CURVE_WITH_KNOTS('',1,(#10890,#10891),.UNSPECIFIED.,
  .F.,.F.,(2,2),(0.,1.387665198238),.PIECEWISE_BEZIER_KNOTS.);
#10890 = CARTESIAN_POINT('',(-43.72469162995,-9.196402349486,57.4));
#10891 = CARTESIAN_POINT('',(-43.72469162995,-10.58406754772,57.4));
#10892 = B_SPLINE_SURFACE_WITH_KNOTS('',1,1,(
    (#10893,#10894)
    ,(#10895,#10896
    )),.UNSPECIFIED.,.F.,.F.,.F.,(2,2),(2,2),(0.,1.387665198238),(-0.6,
    0.),.PIECEWISE_BEZIER_KNOTS.);
#10893 = CARTESIAN_POINT('',(-43.72469162995,-9.196402349486,56.8));
#10894 = CARTESIAN_POINT('',(-43.72469162995,-9.196402349486,57.4));
#10895 = CARTESIAN_POINT('',(-43.72469162995,-10.58406754772,56.8));
#10896 = CARTESIAN_POINT('',(-43.72469162995,-10.58406754772,57.4));
#10897 = ADVANCED_FACE('',(#10898),#10920,.F.);
#10898 = FACE_BOUND('',#10899,.F.);
#10899 = EDGE_LOOP('',(#10900,#10901,#10908,#10915));
#10900 = ORIENTED_EDGE('',*,*,#10881,.T.);
#10901 = ORIENTED_EDGE('',*,*,#10902,.T.);
#10902 = EDGE_CURVE('',#10875,#10903,#10905,.T.);
#10903 = VERTEX_POINT('',#10904);
#10904 = CARTESIAN_POINT('',(-42.85116005873,-10.58406754772,56.8));
#10905 = B_SPLINE_CURVE_WITH_KNOTS('',1,(#10906,#10907),.UNSPECIFIED.,
  .F.,.F.,(2,2),(0.,0.873531571219),.PIECEWISE_BEZIER_KNOTS.);
#10906 = CARTESIAN_POINT('',(-43.72469162995,-10.58406754772,56.8));
#10907 = CARTESIAN_POINT('',(-42.85116005873,-10.58406754772,56.8));
#10908 = ORIENTED_EDGE('',*,*,#10909,.F.);
#10909 = EDGE_CURVE('',#10910,#10903,#10912,.T.);
#10910 = VERTEX_POINT('',#10911);
#10911 = CARTESIAN_POINT('',(-42.85116005873,-10.58406754772,57.4));
#10912 = B_SPLINE_CURVE_WITH_KNOTS('',1,(#10913,#10914),.UNSPECIFIED.,
  .F.,.F.,(2,2),(0.,0.6),.PIECEWISE_BEZIER_KNOTS.);
#10913 = CARTESIAN_POINT('',(-42.85116005873,-10.58406754772,57.4));
#10914 = CARTESIAN_POINT('',(-42.85116005873,-10.58406754772,56.8));
#10915 = ORIENTED_EDGE('',*,*,#10916,.F.);
#10916 = EDGE_CURVE('',#10882,#10910,#10917,.T.);
#10917 = B_SPLINE_CURVE_WITH_KNOTS('',1,(#10918,#10919),.UNSPECIFIED.,
  .F.,.F.,(2,2),(0.,0.873531571219),.PIECEWISE_BEZIER_KNOTS.);
#10918 = CARTESIAN_POINT('',(-43.72469162995,-10.58406754772,57.4));
#10919 = CARTESIAN_POINT('',(-42.85116005873,-10.58406754772,57.4));
#10920 = B_SPLINE_SURFACE_WITH_KNOTS('',1,1,(
    (#10921,#10922)
    ,(#10923,#10924
    )),.UNSPECIFIED.,.F.,.F.,.F.,(2,2),(2,2),(0.,0.873531571219),(-0.6,
    0.),.PIECEWISE_BEZIER_KNOTS.);
#10921 = CARTESIAN_POINT('',(-43.72469162995,-10.58406754772,56.8));
#10922 = CARTESIAN_POINT('',(-43.72469162995,-10.58406754772,57.4));
#10923 = CARTESIAN_POINT('',(-42.85116005873,-10.58406754772,56.8));
#10924 = CARTESIAN_POINT('',(-42.85116005873,-10.58406754772,57.4));
#10925 = ADVANCED_FACE('',(#10926),#10948,.F.);
#10926 = FACE_BOUND('',#10927,.F.);
#10927 = EDGE_LOOP('',(#10928,#10929,#10936,#10943));
#10928 = ORIENTED_EDGE('',*,*,#10909,.T.);
#10929 = ORIENTED_EDGE('',*,*,#10930,.T.);
#10930 = EDGE_CURVE('',#10903,#10931,#10933,.T.);
#10931 = VERTEX_POINT('',#10932);
#10932 = CARTESIAN_POINT('',(-42.85116005873,-9.292767988253,56.8));
#10933 = B_SPLINE_CURVE_WITH_KNOTS('',1,(#10934,#10935),.UNSPECIFIED.,
  .F.,.F.,(2,2),(0.,1.291299559471),.PIECEWISE_BEZIER_KNOTS.);
#10934 = CARTESIAN_POINT('',(-42.85116005873,-10.58406754772,56.8));
#10935 = CARTESIAN_POINT('',(-42.85116005873,-9.292767988253,56.8));
#10936 = ORIENTED_EDGE('',*,*,#10937,.F.);
#10937 = EDGE_CURVE('',#10938,#10931,#10940,.T.);
#10938 = VERTEX_POINT('',#10939);
#10939 = CARTESIAN_POINT('',(-42.85116005873,-9.292767988253,57.4));
#10940 = B_SPLINE_CURVE_WITH_KNOTS('',1,(#10941,#10942),.UNSPECIFIED.,
  .F.,.F.,(2,2),(0.,0.6),.PIECEWISE_BEZIER_KNOTS.);
#10941 = CARTESIAN_POINT('',(-42.85116005873,-9.292767988253,57.4));
#10942 = CARTESIAN_POINT('',(-42.85116005873,-9.292767988253,56.8));
#10943 = ORIENTED_EDGE('',*,*,#10944,.F.);
#10944 = EDGE_CURVE('',#10910,#10938,#10945,.T.);
#10945 = B_SPLINE_CURVE_WITH_KNOTS('',1,(#10946,#10947),.UNSPECIFIED.,
  .F.,.F.,(2,2),(0.,1.291299559471),.PIECEWISE_BEZIER_KNOTS.);
#10946 = CARTESIAN_POINT('',(-42.85116005873,-10.58406754772,57.4));
#10947 = CARTESIAN_POINT('',(-42.85116005873,-9.292767988253,57.4));
#10948 = B_SPLINE_SURFACE_WITH_KNOTS('',1,1,(
    (#10949,#10950)
    ,(#10951,#10952
    )),.UNSPECIFIED.,.F.,.F.,.F.,(2,2),(2,2),(0.,1.291299559471),(-0.6,
    0.),.PIECEWISE_BEZIER_KNOTS.);
#10949 = CARTESIAN_POINT('',(-42.85116005873,-10.58406754772,56.8));
#10950 = CARTESIAN_POINT('',(-42.85116005873,-10.58406754772,57.4));
#10951 = CARTESIAN_POINT('',(-42.85116005873,-9.292767988253,56.8));
#10952 = CARTESIAN_POINT('',(-42.85116005873,-9.292767988253,57.4));
#10953 = ADVANCED_FACE('',(#10954),#10976,.F.);
#10954 = FACE_BOUND('',#10955,.F.);
#10955 = EDGE_LOOP('',(#10956,#10957,#10964,#10971));
#10956 = ORIENTED_EDGE('',*,*,#10937,.T.);
#10957 = ORIENTED_EDGE('',*,*,#10958,.T.);
#10958 = EDGE_CURVE('',#10931,#10959,#10961,.T.);
#10959 = VERTEX_POINT('',#10960);
#10960 = CARTESIAN_POINT('',(-42.12979441997,-9.292767988253,56.8));
#10961 = B_SPLINE_CURVE_WITH_KNOTS('',1,(#10962,#10963),.UNSPECIFIED.,
  .F.,.F.,(2,2),(0.,0.721365638767),.PIECEWISE_BEZIER_KNOTS.);
#10962 = CARTESIAN_POINT('',(-42.85116005873,-9.292767988253,56.8));
#10963 = CARTESIAN_POINT('',(-42.12979441997,-9.292767988253,56.8));
#10964 = ORIENTED_EDGE('',*,*,#10965,.F.);
#10965 = EDGE_CURVE('',#10966,#10959,#10968,.T.);
#10966 = VERTEX_POINT('',#10967);
#10967 = CARTESIAN_POINT('',(-42.12979441997,-9.292767988253,57.4));
#10968 = B_SPLINE_CURVE_WITH_KNOTS('',1,(#10969,#10970),.UNSPECIFIED.,
  .F.,.F.,(2,2),(0.,0.6),.PIECEWISE_BEZIER_KNOTS.);
#10969 = CARTESIAN_POINT('',(-42.12979441997,-9.292767988253,57.4));
#10970 = CARTESIAN_POINT('',(-42.12979441997,-9.292767988253,56.8));
#10971 = ORIENTED_EDGE('',*,*,#10972,.F.);
#10972 = EDGE_CURVE('',#10938,#10966,#10973,.T.);
#10973 = B_SPLINE_CURVE_WITH_KNOTS('',1,(#10974,#10975),.UNSPECIFIED.,
  .F.,.F.,(2,2),(0.,0.721365638767),.PIECEWISE_BEZIER_KNOTS.);
#10974 = CARTESIAN_POINT('',(-42.85116005873,-9.292767988253,57.4));
#10975 = CARTESIAN_POINT('',(-42.12979441997,-9.292767988253,57.4));
#10976 = B_SPLINE_SURFACE_WITH_KNOTS('',1,1,(
    (#10977,#10978)
    ,(#10979,#10980
    )),.UNSPECIFIED.,.F.,.F.,.F.,(2,2),(2,2),(0.,0.721365638767),(-0.6,
    0.),.PIECEWISE_BEZIER_KNOTS.);
#10977 = CARTESIAN_POINT('',(-42.85116005873,-9.292767988253,56.8));
#10978 = CARTESIAN_POINT('',(-42.85116005873,-9.292767988253,57.4));
#10979 = CARTESIAN_POINT('',(-42.12979441997,-9.292767988253,56.8));
#10980 = CARTESIAN_POINT('',(-42.12979441997,-9.292767988253,57.4));
#10981 = ADVANCED_FACE('',(#10982),#11004,.F.);
#10982 = FACE_BOUND('',#10983,.F.);
#10983 = EDGE_LOOP('',(#10984,#10985,#10992,#10999));
#10984 = ORIENTED_EDGE('',*,*,#10965,.T.);
#10985 = ORIENTED_EDGE('',*,*,#10986,.T.);
#10986 = EDGE_CURVE('',#10959,#10987,#10989,.T.);
#10987 = VERTEX_POINT('',#10988);
#10988 = CARTESIAN_POINT('',(-42.12979441997,-10.58406754772,56.8));
#10989 = B_SPLINE_CURVE_WITH_KNOTS('',1,(#10990,#10991),.UNSPECIFIED.,
  .F.,.F.,(2,2),(0.,1.291299559471),.PIECEWISE_BEZIER_KNOTS.);
#10990 = CARTESIAN_POINT('',(-42.12979441997,-9.292767988253,56.8));
#10991 = CARTESIAN_POINT('',(-42.12979441997,-10.58406754772,56.8));
#10992 = ORIENTED_EDGE('',*,*,#10993,.F.);
#10993 = EDGE_CURVE('',#10994,#10987,#10996,.T.);
#10994 = VERTEX_POINT('',#10995);
#10995 = CARTESIAN_POINT('',(-42.12979441997,-10.58406754772,57.4));
#10996 = B_SPLINE_CURVE_WITH_KNOTS('',1,(#10997,#10998),.UNSPECIFIED.,
  .F.,.F.,(2,2),(0.,0.6),.PIECEWISE_BEZIER_KNOTS.);
#10997 = CARTESIAN_POINT('',(-42.12979441997,-10.58406754772,57.4));
#10998 = CARTESIAN_POINT('',(-42.12979441997,-10.58406754772,56.8));
#10999 = ORIENTED_EDGE('',*,*,#11000,.F.);
#11000 = EDGE_CURVE('',#10966,#10994,#11001,.T.);
#11001 = B_SPLINE_CURVE_WITH_KNOTS('',1,(#11002,#11003),.UNSPECIFIED.,
  .F.,.F.,(2,2),(0.,1.291299559471),.PIECEWISE_BEZIER_KNOTS.);
#11002 = CARTESIAN_POINT('',(-42.12979441997,-9.292767988253,57.4));
#11003 = CARTESIAN_POINT('',(-42.12979441997,-10.58406754772,57.4));
#11004 = B_SPLINE_SURFACE_WITH_KNOTS('',1,1,(
    (#11005,#11006)
    ,(#11007,#11008
    )),.UNSPECIFIED.,.F.,.F.,.F.,(2,2),(2,2),(0.,1.291299559471),(-0.6,
    0.),.PIECEWISE_BEZIER_KNOTS.);
#11005 = CARTESIAN_POINT('',(-42.12979441997,-9.292767988253,56.8));
#11006 = CARTESIAN_POINT('',(-42.12979441997,-9.292767988253,57.4));
#11007 = CARTESIAN_POINT('',(-42.12979441997,-10.58406754772,56.8));
#11008 = CARTESIAN_POINT('',(-42.12979441997,-10.58406754772,57.4));
#11009 = ADVANCED_FACE('',(#11010),#11032,.F.);
#11010 = FACE_BOUND('',#11011,.F.);
#11011 = EDGE_LOOP('',(#11012,#11013,#11020,#11027));
#11012 = ORIENTED_EDGE('',*,*,#10993,.T.);
#11013 = ORIENTED_EDGE('',*,*,#11014,.T.);
#11014 = EDGE_CURVE('',#10987,#11015,#11017,.T.);
#11015 = VERTEX_POINT('',#11016);
#11016 = CARTESIAN_POINT('',(-41.22303964757,-10.58406754772,56.8));
#11017 = B_SPLINE_CURVE_WITH_KNOTS('',1,(#11018,#11019),.UNSPECIFIED.,
  .F.,.F.,(2,2),(0.,0.906754772394),.PIECEWISE_BEZIER_KNOTS.);
#11018 = CARTESIAN_POINT('',(-42.12979441997,-10.58406754772,56.8));
#11019 = CARTESIAN_POINT('',(-41.22303964757,-10.58406754772,56.8));
#11020 = ORIENTED_EDGE('',*,*,#11021,.F.);
#11021 = EDGE_CURVE('',#11022,#11015,#11024,.T.);
#11022 = VERTEX_POINT('',#11023);
#11023 = CARTESIAN_POINT('',(-41.22303964757,-10.58406754772,57.4));
#11024 = B_SPLINE_CURVE_WITH_KNOTS('',1,(#11025,#11026),.UNSPECIFIED.,
  .F.,.F.,(2,2),(0.,0.6),.PIECEWISE_BEZIER_KNOTS.);
#11025 = CARTESIAN_POINT('',(-41.22303964757,-10.58406754772,57.4));
#11026 = CARTESIAN_POINT('',(-41.22303964757,-10.58406754772,56.8));
#11027 = ORIENTED_EDGE('',*,*,#11028,.F.);
#11028 = EDGE_CURVE('',#10994,#11022,#11029,.T.);
#11029 = B_SPLINE_CURVE_WITH_KNOTS('',1,(#11030,#11031),.UNSPECIFIED.,
  .F.,.F.,(2,2),(0.,0.906754772394),.PIECEWISE_BEZIER_KNOTS.);
#11030 = CARTESIAN_POINT('',(-42.12979441997,-10.58406754772,57.4));
#11031 = CARTESIAN_POINT('',(-41.22303964757,-10.58406754772,57.4));
#11032 = B_SPLINE_SURFACE_WITH_KNOTS('',1,1,(
    (#11033,#11034)
    ,(#11035,#11036
    )),.UNSPECIFIED.,.F.,.F.,.F.,(2,2),(2,2),(0.,0.906754772394),(-0.6,
    0.),.PIECEWISE_BEZIER_KNOTS.);
#11033 = CARTESIAN_POINT('',(-42.12979441997,-10.58406754772,56.8));
#11034 = CARTESIAN_POINT('',(-42.12979441997,-10.58406754772,57.4));
#11035 = CARTESIAN_POINT('',(-41.22303964757,-10.58406754772,56.8));
#11036 = CARTESIAN_POINT('',(-41.22303964757,-10.58406754772,57.4));
#11037 = ADVANCED_FACE('',(#11038),#11060,.F.);
#11038 = FACE_BOUND('',#11039,.F.);
#11039 = EDGE_LOOP('',(#11040,#11041,#11048,#11055));
#11040 = ORIENTED_EDGE('',*,*,#11021,.T.);
#11041 = ORIENTED_EDGE('',*,*,#11042,.T.);
#11042 = EDGE_CURVE('',#11015,#11043,#11045,.T.);
#11043 = VERTEX_POINT('',#11044);
#11044 = CARTESIAN_POINT('',(-41.22303964757,-9.105543318649,56.8));
#11045 = B_SPLINE_CURVE_WITH_KNOTS('',1,(#11046,#11047),.UNSPECIFIED.,
  .F.,.F.,(2,2),(0.,1.478524229075),.PIECEWISE_BEZIER_KNOTS.);
#11046 = CARTESIAN_POINT('',(-41.22303964757,-10.58406754772,56.8));
#11047 = CARTESIAN_POINT('',(-41.22303964757,-9.105543318649,56.8));
#11048 = ORIENTED_EDGE('',*,*,#11049,.F.);
#11049 = EDGE_CURVE('',#11050,#11043,#11052,.T.);
#11050 = VERTEX_POINT('',#11051);
#11051 = CARTESIAN_POINT('',(-41.22303964757,-9.105543318649,57.4));
#11052 = B_SPLINE_CURVE_WITH_KNOTS('',1,(#11053,#11054),.UNSPECIFIED.,
  .F.,.F.,(2,2),(0.,0.6),.PIECEWISE_BEZIER_KNOTS.);
#11053 = CARTESIAN_POINT('',(-41.22303964757,-9.105543318649,57.4));
#11054 = CARTESIAN_POINT('',(-41.22303964757,-9.105543318649,56.8));
#11055 = ORIENTED_EDGE('',*,*,#11056,.F.);
#11056 = EDGE_CURVE('',#11022,#11050,#11057,.T.);
#11057 = B_SPLINE_CURVE_WITH_KNOTS('',1,(#11058,#11059),.UNSPECIFIED.,
  .F.,.F.,(2,2),(0.,1.478524229075),.PIECEWISE_BEZIER_KNOTS.);
#11058 = CARTESIAN_POINT('',(-41.22303964757,-10.58406754772,57.4));
#11059 = CARTESIAN_POINT('',(-41.22303964757,-9.105543318649,57.4));
#11060 = B_SPLINE_SURFACE_WITH_KNOTS('',1,1,(
    (#11061,#11062)
    ,(#11063,#11064
    )),.UNSPECIFIED.,.F.,.F.,.F.,(2,2),(2,2),(0.,1.478524229075),(-0.6,
    0.),.PIECEWISE_BEZIER_KNOTS.);
#11061 = CARTESIAN_POINT('',(-41.22303964757,-10.58406754772,56.8));
#11062 = CARTESIAN_POINT('',(-41.22303964757,-10.58406754772,57.4));
#11063 = CARTESIAN_POINT('',(-41.22303964757,-9.105543318649,56.8));
#11064 = CARTESIAN_POINT('',(-41.22303964757,-9.105543318649,57.4));
#11065 = ADVANCED_FACE('',(#11066),#11080,.F.);
#11066 = FACE_BOUND('',#11067,.F.);
#11067 = EDGE_LOOP('',(#11068,#11069,#11074,#11075));
#11068 = ORIENTED_EDGE('',*,*,#11049,.T.);
#11069 = ORIENTED_EDGE('',*,*,#11070,.T.);
#11070 = EDGE_CURVE('',#11043,#10756,#11071,.T.);
#11071 = B_SPLINE_CURVE_WITH_KNOTS('',1,(#11072,#11073),.UNSPECIFIED.,
  .F.,.F.,(2,2),(0.,0.721365638767),.PIECEWISE_BEZIER_KNOTS.);
#11072 = CARTESIAN_POINT('',(-41.22303964757,-9.105543318649,56.8));
#11073 = CARTESIAN_POINT('',(-40.50167400881,-9.105543318649,56.8));
#11074 = ORIENTED_EDGE('',*,*,#10753,.F.);
#11075 = ORIENTED_EDGE('',*,*,#11076,.F.);
#11076 = EDGE_CURVE('',#11050,#10754,#11077,.T.);
#11077 = B_SPLINE_CURVE_WITH_KNOTS('',1,(#11078,#11079),.UNSPECIFIED.,
  .F.,.F.,(2,2),(0.,0.721365638767),.PIECEWISE_BEZIER_KNOTS.);
#11078 = CARTESIAN_POINT('',(-41.22303964757,-9.105543318649,57.4));
#11079 = CARTESIAN_POINT('',(-40.50167400881,-9.105543318649,57.4));
#11080 = B_SPLINE_SURFACE_WITH_KNOTS('',1,1,(
    (#11081,#11082)
    ,(#11083,#11084
    )),.UNSPECIFIED.,.F.,.F.,.F.,(2,2),(2,2),(0.,0.721365638767),(-0.6,
    0.),.PIECEWISE_BEZIER_KNOTS.);
#11081 = CARTESIAN_POINT('',(-41.22303964757,-9.105543318649,56.8));
#11082 = CARTESIAN_POINT('',(-41.22303964757,-9.105543318649,57.4));
#11083 = CARTESIAN_POINT('',(-40.50167400881,-9.105543318649,56.8));
#11084 = CARTESIAN_POINT('',(-40.50167400881,-9.105543318649,57.4));
#11085 = ADVANCED_FACE('',(#11086),#11100,.T.);
#11086 = FACE_BOUND('',#11087,.F.);
#11087 = EDGE_LOOP('',(#11088,#11089,#11090,#11091,#11092,#11093,#11094,
    #11095,#11096,#11097,#11098,#11099));
#11088 = ORIENTED_EDGE('',*,*,#10776,.T.);
#11089 = ORIENTED_EDGE('',*,*,#10804,.T.);
#11090 = ORIENTED_EDGE('',*,*,#10832,.T.);
#11091 = ORIENTED_EDGE('',*,*,#10860,.T.);
#11092 = ORIENTED_EDGE('',*,*,#10888,.T.);
#11093 = ORIENTED_EDGE('',*,*,#10916,.T.);
#11094 = ORIENTED_EDGE('',*,*,#10944,.T.);
#11095 = ORIENTED_EDGE('',*,*,#10972,.T.);
#11096 = ORIENTED_EDGE('',*,*,#11000,.T.);
#11097 = ORIENTED_EDGE('',*,*,#11028,.T.);
#11098 = ORIENTED_EDGE('',*,*,#11056,.T.);
#11099 = ORIENTED_EDGE('',*,*,#11076,.T.);
#11100 = B_SPLINE_SURFACE_WITH_KNOTS('',1,1,(
    (#11101,#11102)
    ,(#11103,#11104
    )),.UNSPECIFIED.,.F.,.F.,.F.,(2,2),(2,2),(-1.13842106303,
    1.229420346662),(-1.959249460544,1.987887103333),
  .PIECEWISE_BEZIER_KNOTS.);
#11101 = CARTESIAN_POINT('',(-40.50167400881,-11.47338472834,57.4));
#11102 = CARTESIAN_POINT('',(-44.44881057268,-11.47338472834,57.4));
#11103 = CARTESIAN_POINT('',(-40.50167400881,-9.105543318649,57.4));
#11104 = CARTESIAN_POINT('',(-44.44881057268,-9.105543318649,57.4));
#11105 = ADVANCED_FACE('',(#11106),#11120,.F.);
#11106 = FACE_BOUND('',#11107,.T.);
#11107 = EDGE_LOOP('',(#11108,#11109,#11110,#11111,#11112,#11113,#11114,
    #11115,#11116,#11117,#11118,#11119));
#11108 = ORIENTED_EDGE('',*,*,#10762,.T.);
#11109 = ORIENTED_EDGE('',*,*,#10790,.T.);
#11110 = ORIENTED_EDGE('',*,*,#10818,.T.);
#11111 = ORIENTED_EDGE('',*,*,#10846,.T.);
#11112 = ORIENTED_EDGE('',*,*,#10874,.T.);
#11113 = ORIENTED_EDGE('',*,*,#10902,.T.);
#11114 = ORIENTED_EDGE('',*,*,#10930,.T.);
#11115 = ORIENTED_EDGE('',*,*,#10958,.T.);
#11116 = ORIENTED_EDGE('',*,*,#10986,.T.);
#11117 = ORIENTED_EDGE('',*,*,#11014,.T.);
#11118 = ORIENTED_EDGE('',*,*,#11042,.T.);
#11119 = ORIENTED_EDGE('',*,*,#11070,.T.);
#11120 = B_SPLINE_SURFACE_WITH_KNOTS('',1,1,(
    (#11121,#11122)
    ,(#11123,#11124
    )),.UNSPECIFIED.,.F.,.F.,.F.,(2,2),(2,2),(-1.13842106303,
    1.229420346662),(-1.959249460544,1.987887103333),
  .PIECEWISE_BEZIER_KNOTS.);
#11121 = CARTESIAN_POINT('',(-40.50167400881,-11.47338472834,56.8));
#11122 = CARTESIAN_POINT('',(-44.44881057268,-11.47338472834,56.8));
#11123 = CARTESIAN_POINT('',(-40.50167400881,-9.105543318649,56.8));
#11124 = CARTESIAN_POINT('',(-44.44881057268,-9.105543318649,56.8));
#11125 = MANIFOLD_SOLID_BREP('',#11126);
#11126 = CLOSED_SHELL('',(#11127,#11163,#11191,#11219,#11247,#11275,
    #11303,#11331,#11351,#11367));
#11127 = ADVANCED_FACE('',(#11128),#11158,.F.);
#11128 = FACE_BOUND('',#11129,.F.);
#11129 = EDGE_LOOP('',(#11130,#11139,#11146,#11153));
#11130 = ORIENTED_EDGE('',*,*,#11131,.T.);
#11131 = EDGE_CURVE('',#11132,#11134,#11136,.T.);
#11132 = VERTEX_POINT('',#11133);
#11133 = CARTESIAN_POINT('',(-43.72469162995,-5.658223201175,57.4));
#11134 = VERTEX_POINT('',#11135);
#11135 = CARTESIAN_POINT('',(-43.72469162995,-5.658223201175,56.8));
#11136 = B_SPLINE_CURVE_WITH_KNOTS('',1,(#11137,#11138),.UNSPECIFIED.,
  .F.,.F.,(2,2),(0.,0.6),.PIECEWISE_BEZIER_KNOTS.);
#11137 = CARTESIAN_POINT('',(-43.72469162995,-5.658223201175,57.4));
#11138 = CARTESIAN_POINT('',(-43.72469162995,-5.658223201175,56.8));
#11139 = ORIENTED_EDGE('',*,*,#11140,.T.);
#11140 = EDGE_CURVE('',#11134,#11141,#11143,.T.);
#11141 = VERTEX_POINT('',#11142);
#11142 = CARTESIAN_POINT('',(-43.72469162995,-6.784324522761,56.8));
#11143 = B_SPLINE_CURVE_WITH_KNOTS('',1,(#11144,#11145),.UNSPECIFIED.,
  .F.,.F.,(2,2),(0.,1.126101321586),.PIECEWISE_BEZIER_KNOTS.);
#11144 = CARTESIAN_POINT('',(-43.72469162995,-5.658223201175,56.8));
#11145 = CARTESIAN_POINT('',(-43.72469162995,-6.784324522761,56.8));
#11146 = ORIENTED_EDGE('',*,*,#11147,.F.);
#11147 = EDGE_CURVE('',#11148,#11141,#11150,.T.);
#11148 = VERTEX_POINT('',#11149);
#11149 = CARTESIAN_POINT('',(-43.72469162995,-6.784324522761,57.4));
#11150 = B_SPLINE_CURVE_WITH_KNOTS('',1,(#11151,#11152),.UNSPECIFIED.,
  .F.,.F.,(2,2),(0.,0.6),.PIECEWISE_BEZIER_KNOTS.);
#11151 = CARTESIAN_POINT('',(-43.72469162995,-6.784324522761,57.4));
#11152 = CARTESIAN_POINT('',(-43.72469162995,-6.784324522761,56.8));
#11153 = ORIENTED_EDGE('',*,*,#11154,.F.);
#11154 = EDGE_CURVE('',#11132,#11148,#11155,.T.);
#11155 = B_SPLINE_CURVE_WITH_KNOTS('',1,(#11156,#11157),.UNSPECIFIED.,
  .F.,.F.,(2,2),(0.,1.126101321586),.PIECEWISE_BEZIER_KNOTS.);
#11156 = CARTESIAN_POINT('',(-43.72469162995,-5.658223201175,57.4));
#11157 = CARTESIAN_POINT('',(-43.72469162995,-6.784324522761,57.4));
#11158 = B_SPLINE_SURFACE_WITH_KNOTS('',1,1,(
    (#11159,#11160)
    ,(#11161,#11162
    )),.UNSPECIFIED.,.F.,.F.,.F.,(2,2),(2,2),(0.,1.126101321586),(-0.6,
    0.),.PIECEWISE_BEZIER_KNOTS.);
#11159 = CARTESIAN_POINT('',(-43.72469162995,-5.658223201175,56.8));
#11160 = CARTESIAN_POINT('',(-43.72469162995,-5.658223201175,57.4));
#11161 = CARTESIAN_POINT('',(-43.72469162995,-6.784324522761,56.8));
#11162 = CARTESIAN_POINT('',(-43.72469162995,-6.784324522761,57.4));
#11163 = ADVANCED_FACE('',(#11164),#11186,.F.);
#11164 = FACE_BOUND('',#11165,.F.);
#11165 = EDGE_LOOP('',(#11166,#11167,#11174,#11181));
#11166 = ORIENTED_EDGE('',*,*,#11147,.T.);
#11167 = ORIENTED_EDGE('',*,*,#11168,.T.);
#11168 = EDGE_CURVE('',#11141,#11169,#11171,.T.);
#11169 = VERTEX_POINT('',#11170);
#11170 = CARTESIAN_POINT('',(-40.50167400881,-6.784324522761,56.8));
#11171 = B_SPLINE_CURVE_WITH_KNOTS('',1,(#11172,#11173),.UNSPECIFIED.,
  .F.,.F.,(2,2),(0.,3.223017621145),.PIECEWISE_BEZIER_KNOTS.);
#11172 = CARTESIAN_POINT('',(-43.72469162995,-6.784324522761,56.8));
#11173 = CARTESIAN_POINT('',(-40.50167400881,-6.784324522761,56.8));
#11174 = ORIENTED_EDGE('',*,*,#11175,.F.);
#11175 = EDGE_CURVE('',#11176,#11169,#11178,.T.);
#11176 = VERTEX_POINT('',#11177);
#11177 = CARTESIAN_POINT('',(-40.50167400881,-6.784324522761,57.4));
#11178 = B_SPLINE_CURVE_WITH_KNOTS('',1,(#11179,#11180),.UNSPECIFIED.,
  .F.,.F.,(2,2),(0.,0.6),.PIECEWISE_BEZIER_KNOTS.);
#11179 = CARTESIAN_POINT('',(-40.50167400881,-6.784324522761,57.4));
#11180 = CARTESIAN_POINT('',(-40.50167400881,-6.784324522761,56.8));
#11181 = ORIENTED_EDGE('',*,*,#11182,.F.);
#11182 = EDGE_CURVE('',#11148,#11176,#11183,.T.);
#11183 = B_SPLINE_CURVE_WITH_KNOTS('',1,(#11184,#11185),.UNSPECIFIED.,
  .F.,.F.,(2,2),(0.,3.223017621145),.PIECEWISE_BEZIER_KNOTS.);
#11184 = CARTESIAN_POINT('',(-43.72469162995,-6.784324522761,57.4));
#11185 = CARTESIAN_POINT('',(-40.50167400881,-6.784324522761,57.4));
#11186 = B_SPLINE_SURFACE_WITH_KNOTS('',1,1,(
    (#11187,#11188)
    ,(#11189,#11190
    )),.UNSPECIFIED.,.F.,.F.,.F.,(2,2),(2,2),(0.,3.223017621145),(-0.6,
    0.),.PIECEWISE_BEZIER_KNOTS.);
#11187 = CARTESIAN_POINT('',(-43.72469162995,-6.784324522761,56.8));
#11188 = CARTESIAN_POINT('',(-43.72469162995,-6.784324522761,57.4));
#11189 = CARTESIAN_POINT('',(-40.50167400881,-6.784324522761,56.8));
#11190 = CARTESIAN_POINT('',(-40.50167400881,-6.784324522761,57.4));
#11191 = ADVANCED_FACE('',(#11192),#11214,.F.);
#11192 = FACE_BOUND('',#11193,.F.);
#11193 = EDGE_LOOP('',(#11194,#11195,#11202,#11209));
#11194 = ORIENTED_EDGE('',*,*,#11175,.T.);
#11195 = ORIENTED_EDGE('',*,*,#11196,.T.);
#11196 = EDGE_CURVE('',#11169,#11197,#11199,.T.);
#11197 = VERTEX_POINT('',#11198);
#11198 = CARTESIAN_POINT('',(-40.50167400881,-7.676395007342,56.8));
#11199 = B_SPLINE_CURVE_WITH_KNOTS('',1,(#11200,#11201),.UNSPECIFIED.,
  .F.,.F.,(2,2),(0.,0.892070484581),.PIECEWISE_BEZIER_KNOTS.);
#11200 = CARTESIAN_POINT('',(-40.50167400881,-6.784324522761,56.8));
#11201 = CARTESIAN_POINT('',(-40.50167400881,-7.676395007342,56.8));
#11202 = ORIENTED_EDGE('',*,*,#11203,.F.);
#11203 = EDGE_CURVE('',#11204,#11197,#11206,.T.);
#11204 = VERTEX_POINT('',#11205);
#11205 = CARTESIAN_POINT('',(-40.50167400881,-7.676395007342,57.4));
#11206 = B_SPLINE_CURVE_WITH_KNOTS('',1,(#11207,#11208),.UNSPECIFIED.,
  .F.,.F.,(2,2),(0.,0.6),.PIECEWISE_BEZIER_KNOTS.);
#11207 = CARTESIAN_POINT('',(-40.50167400881,-7.676395007342,57.4));
#11208 = CARTESIAN_POINT('',(-40.50167400881,-7.676395007342,56.8));
#11209 = ORIENTED_EDGE('',*,*,#11210,.F.);
#11210 = EDGE_CURVE('',#11176,#11204,#11211,.T.);
#11211 = B_SPLINE_CURVE_WITH_KNOTS('',1,(#11212,#11213),.UNSPECIFIED.,
  .F.,.F.,(2,2),(0.,0.892070484581),.PIECEWISE_BEZIER_KNOTS.);
#11212 = CARTESIAN_POINT('',(-40.50167400881,-6.784324522761,57.4));
#11213 = CARTESIAN_POINT('',(-40.50167400881,-7.676395007342,57.4));
#11214 = B_SPLINE_SURFACE_WITH_KNOTS('',1,1,(
    (#11215,#11216)
    ,(#11217,#11218
    )),.UNSPECIFIED.,.F.,.F.,.F.,(2,2),(2,2),(0.,0.892070484581),(-0.6,
    0.),.PIECEWISE_BEZIER_KNOTS.);
#11215 = CARTESIAN_POINT('',(-40.50167400881,-6.784324522761,56.8));
#11216 = CARTESIAN_POINT('',(-40.50167400881,-6.784324522761,57.4));
#11217 = CARTESIAN_POINT('',(-40.50167400881,-7.676395007342,56.8));
#11218 = CARTESIAN_POINT('',(-40.50167400881,-7.676395007342,57.4));
#11219 = ADVANCED_FACE('',(#11220),#11242,.F.);
#11220 = FACE_BOUND('',#11221,.F.);
#11221 = EDGE_LOOP('',(#11222,#11223,#11230,#11237));
#11222 = ORIENTED_EDGE('',*,*,#11203,.T.);
#11223 = ORIENTED_EDGE('',*,*,#11224,.T.);
#11224 = EDGE_CURVE('',#11197,#11225,#11227,.T.);
#11225 = VERTEX_POINT('',#11226);
#11226 = CARTESIAN_POINT('',(-43.72469162995,-7.676395007342,56.8));
#11227 = B_SPLINE_CURVE_WITH_KNOTS('',1,(#11228,#11229),.UNSPECIFIED.,
  .F.,.F.,(2,2),(0.,3.223017621145),.PIECEWISE_BEZIER_KNOTS.);
#11228 = CARTESIAN_POINT('',(-40.50167400881,-7.676395007342,56.8));
#11229 = CARTESIAN_POINT('',(-43.72469162995,-7.676395007342,56.8));
#11230 = ORIENTED_EDGE('',*,*,#11231,.F.);
#11231 = EDGE_CURVE('',#11232,#11225,#11234,.T.);
#11232 = VERTEX_POINT('',#11233);
#11233 = CARTESIAN_POINT('',(-43.72469162995,-7.676395007342,57.4));
#11234 = B_SPLINE_CURVE_WITH_KNOTS('',1,(#11235,#11236),.UNSPECIFIED.,
  .F.,.F.,(2,2),(0.,0.6),.PIECEWISE_BEZIER_KNOTS.);
#11235 = CARTESIAN_POINT('',(-43.72469162995,-7.676395007342,57.4));
#11236 = CARTESIAN_POINT('',(-43.72469162995,-7.676395007342,56.8));
#11237 = ORIENTED_EDGE('',*,*,#11238,.F.);
#11238 = EDGE_CURVE('',#11204,#11232,#11239,.T.);
#11239 = B_SPLINE_CURVE_WITH_KNOTS('',1,(#11240,#11241),.UNSPECIFIED.,
  .F.,.F.,(2,2),(0.,3.223017621145),.PIECEWISE_BEZIER_KNOTS.);
#11240 = CARTESIAN_POINT('',(-40.50167400881,-7.676395007342,57.4));
#11241 = CARTESIAN_POINT('',(-43.72469162995,-7.676395007342,57.4));
#11242 = B_SPLINE_SURFACE_WITH_KNOTS('',1,1,(
    (#11243,#11244)
    ,(#11245,#11246
    )),.UNSPECIFIED.,.F.,.F.,.F.,(2,2),(2,2),(0.,3.223017621145),(-0.6,
    0.),.PIECEWISE_BEZIER_KNOTS.);
#11243 = CARTESIAN_POINT('',(-40.50167400881,-7.676395007342,56.8));
#11244 = CARTESIAN_POINT('',(-40.50167400881,-7.676395007342,57.4));
#11245 = CARTESIAN_POINT('',(-43.72469162995,-7.676395007342,56.8));
#11246 = CARTESIAN_POINT('',(-43.72469162995,-7.676395007342,57.4));
#11247 = ADVANCED_FACE('',(#11248),#11270,.F.);
#11248 = FACE_BOUND('',#11249,.F.);
#11249 = EDGE_LOOP('',(#11250,#11251,#11258,#11265));
#11250 = ORIENTED_EDGE('',*,*,#11231,.T.);
#11251 = ORIENTED_EDGE('',*,*,#11252,.T.);
#11252 = EDGE_CURVE('',#11225,#11253,#11255,.T.);
#11253 = VERTEX_POINT('',#11254);
#11254 = CARTESIAN_POINT('',(-43.72469162995,-8.796989720999,56.8));
#11255 = B_SPLINE_CURVE_WITH_KNOTS('',1,(#11256,#11257),.UNSPECIFIED.,
  .F.,.F.,(2,2),(0.,1.120594713656),.PIECEWISE_BEZIER_KNOTS.);
#11256 = CARTESIAN_POINT('',(-43.72469162995,-7.676395007342,56.8));
#11257 = CARTESIAN_POINT('',(-43.72469162995,-8.796989720999,56.8));
#11258 = ORIENTED_EDGE('',*,*,#11259,.F.);
#11259 = EDGE_CURVE('',#11260,#11253,#11262,.T.);
#11260 = VERTEX_POINT('',#11261);
#11261 = CARTESIAN_POINT('',(-43.72469162995,-8.796989720999,57.4));
#11262 = B_SPLINE_CURVE_WITH_KNOTS('',1,(#11263,#11264),.UNSPECIFIED.,
  .F.,.F.,(2,2),(0.,0.6),.PIECEWISE_BEZIER_KNOTS.);
#11263 = CARTESIAN_POINT('',(-43.72469162995,-8.796989720999,57.4));
#11264 = CARTESIAN_POINT('',(-43.72469162995,-8.796989720999,56.8));
#11265 = ORIENTED_EDGE('',*,*,#11266,.F.);
#11266 = EDGE_CURVE('',#11232,#11260,#11267,.T.);
#11267 = B_SPLINE_CURVE_WITH_KNOTS('',1,(#11268,#11269),.UNSPECIFIED.,
  .F.,.F.,(2,2),(0.,1.120594713656),.PIECEWISE_BEZIER_KNOTS.);
#11268 = CARTESIAN_POINT('',(-43.72469162995,-7.676395007342,57.4));
#11269 = CARTESIAN_POINT('',(-43.72469162995,-8.796989720999,57.4));
#11270 = B_SPLINE_SURFACE_WITH_KNOTS('',1,1,(
    (#11271,#11272)
    ,(#11273,#11274
    )),.UNSPECIFIED.,.F.,.F.,.F.,(2,2),(2,2),(0.,1.120594713656),(-0.6,
    0.),.PIECEWISE_BEZIER_KNOTS.);
#11271 = CARTESIAN_POINT('',(-43.72469162995,-7.676395007342,56.8));
#11272 = CARTESIAN_POINT('',(-43.72469162995,-7.676395007342,57.4));
#11273 = CARTESIAN_POINT('',(-43.72469162995,-8.796989720999,56.8));
#11274 = CARTESIAN_POINT('',(-43.72469162995,-8.796989720999,57.4));
#11275 = ADVANCED_FACE('',(#11276),#11298,.F.);
#11276 = FACE_BOUND('',#11277,.F.);
#11277 = EDGE_LOOP('',(#11278,#11279,#11286,#11293));
#11278 = ORIENTED_EDGE('',*,*,#11259,.T.);
#11279 = ORIENTED_EDGE('',*,*,#11280,.T.);
#11280 = EDGE_CURVE('',#11253,#11281,#11283,.T.);
#11281 = VERTEX_POINT('',#11282);
#11282 = CARTESIAN_POINT('',(-44.44881057268,-8.796989720999,56.8));
#11283 = B_SPLINE_CURVE_WITH_KNOTS('',1,(#11284,#11285),.UNSPECIFIED.,
  .F.,.F.,(2,2),(0.,0.724118942731),.PIECEWISE_BEZIER_KNOTS.);
#11284 = CARTESIAN_POINT('',(-43.72469162995,-8.796989720999,56.8));
#11285 = CARTESIAN_POINT('',(-44.44881057268,-8.796989720999,56.8));
#11286 = ORIENTED_EDGE('',*,*,#11287,.F.);
#11287 = EDGE_CURVE('',#11288,#11281,#11290,.T.);
#11288 = VERTEX_POINT('',#11289);
#11289 = CARTESIAN_POINT('',(-44.44881057268,-8.796989720999,57.4));
#11290 = B_SPLINE_CURVE_WITH_KNOTS('',1,(#11291,#11292),.UNSPECIFIED.,
  .F.,.F.,(2,2),(0.,0.6),.PIECEWISE_BEZIER_KNOTS.);
#11291 = CARTESIAN_POINT('',(-44.44881057268,-8.796989720999,57.4));
#11292 = CARTESIAN_POINT('',(-44.44881057268,-8.796989720999,56.8));
#11293 = ORIENTED_EDGE('',*,*,#11294,.F.);
#11294 = EDGE_CURVE('',#11260,#11288,#11295,.T.);
#11295 = B_SPLINE_CURVE_WITH_KNOTS('',1,(#11296,#11297),.UNSPECIFIED.,
  .F.,.F.,(2,2),(0.,0.724118942731),.PIECEWISE_BEZIER_KNOTS.);
#11296 = CARTESIAN_POINT('',(-43.72469162995,-8.796989720999,57.4));
#11297 = CARTESIAN_POINT('',(-44.44881057268,-8.796989720999,57.4));
#11298 = B_SPLINE_SURFACE_WITH_KNOTS('',1,1,(
    (#11299,#11300)
    ,(#11301,#11302
    )),.UNSPECIFIED.,.F.,.F.,.F.,(2,2),(2,2),(0.,0.724118942731),(-0.6,
    0.),.PIECEWISE_BEZIER_KNOTS.);
#11299 = CARTESIAN_POINT('',(-43.72469162995,-8.796989720999,56.8));
#11300 = CARTESIAN_POINT('',(-43.72469162995,-8.796989720999,57.4));
#11301 = CARTESIAN_POINT('',(-44.44881057268,-8.796989720999,56.8));
#11302 = CARTESIAN_POINT('',(-44.44881057268,-8.796989720999,57.4));
#11303 = ADVANCED_FACE('',(#11304),#11326,.F.);
#11304 = FACE_BOUND('',#11305,.F.);
#11305 = EDGE_LOOP('',(#11306,#11307,#11314,#11321));
#11306 = ORIENTED_EDGE('',*,*,#11287,.T.);
#11307 = ORIENTED_EDGE('',*,*,#11308,.T.);
#11308 = EDGE_CURVE('',#11281,#11309,#11311,.T.);
#11309 = VERTEX_POINT('',#11310);
#11310 = CARTESIAN_POINT('',(-44.44881057268,-5.658223201175,56.8));
#11311 = B_SPLINE_CURVE_WITH_KNOTS('',1,(#11312,#11313),.UNSPECIFIED.,
  .F.,.F.,(2,2),(0.,3.138766519824),.PIECEWISE_BEZIER_KNOTS.);
#11312 = CARTESIAN_POINT('',(-44.44881057268,-8.796989720999,56.8));
#11313 = CARTESIAN_POINT('',(-44.44881057268,-5.658223201175,56.8));
#11314 = ORIENTED_EDGE('',*,*,#11315,.F.);
#11315 = EDGE_CURVE('',#11316,#11309,#11318,.T.);
#11316 = VERTEX_POINT('',#11317);
#11317 = CARTESIAN_POINT('',(-44.44881057268,-5.658223201175,57.4));
#11318 = B_SPLINE_CURVE_WITH_KNOTS('',1,(#11319,#11320),.UNSPECIFIED.,
  .F.,.F.,(2,2),(0.,0.6),.PIECEWISE_BEZIER_KNOTS.);
#11319 = CARTESIAN_POINT('',(-44.44881057268,-5.658223201175,57.4));
#11320 = CARTESIAN_POINT('',(-44.44881057268,-5.658223201175,56.8));
#11321 = ORIENTED_EDGE('',*,*,#11322,.F.);
#11322 = EDGE_CURVE('',#11288,#11316,#11323,.T.);
#11323 = B_SPLINE_CURVE_WITH_KNOTS('',1,(#11324,#11325),.UNSPECIFIED.,
  .F.,.F.,(2,2),(0.,3.138766519824),.PIECEWISE_BEZIER_KNOTS.);
#11324 = CARTESIAN_POINT('',(-44.44881057268,-8.796989720999,57.4));
#11325 = CARTESIAN_POINT('',(-44.44881057268,-5.658223201175,57.4));
#11326 = B_SPLINE_SURFACE_WITH_KNOTS('',1,1,(
    (#11327,#11328)
    ,(#11329,#11330
    )),.UNSPECIFIED.,.F.,.F.,.F.,(2,2),(2,2),(0.,3.138766519824),(-0.6,
    0.),.PIECEWISE_BEZIER_KNOTS.);
#11327 = CARTESIAN_POINT('',(-44.44881057268,-8.796989720999,56.8));
#11328 = CARTESIAN_POINT('',(-44.44881057268,-8.796989720999,57.4));
#11329 = CARTESIAN_POINT('',(-44.44881057268,-5.658223201175,56.8));
#11330 = CARTESIAN_POINT('',(-44.44881057268,-5.658223201175,57.4));
#11331 = ADVANCED_FACE('',(#11332),#11346,.F.);
#11332 = FACE_BOUND('',#11333,.F.);
#11333 = EDGE_LOOP('',(#11334,#11335,#11340,#11341));
#11334 = ORIENTED_EDGE('',*,*,#11315,.T.);
#11335 = ORIENTED_EDGE('',*,*,#11336,.T.);
#11336 = EDGE_CURVE('',#11309,#11134,#11337,.T.);
#11337 = B_SPLINE_CURVE_WITH_KNOTS('',1,(#11338,#11339),.UNSPECIFIED.,
  .F.,.F.,(2,2),(0.,0.724118942731),.PIECEWISE_BEZIER_KNOTS.);
#11338 = CARTESIAN_POINT('',(-44.44881057268,-5.658223201175,56.8));
#11339 = CARTESIAN_POINT('',(-43.72469162995,-5.658223201175,56.8));
#11340 = ORIENTED_EDGE('',*,*,#11131,.F.);
#11341 = ORIENTED_EDGE('',*,*,#11342,.F.);
#11342 = EDGE_CURVE('',#11316,#11132,#11343,.T.);
#11343 = B_SPLINE_CURVE_WITH_KNOTS('',1,(#11344,#11345),.UNSPECIFIED.,
  .F.,.F.,(2,2),(0.,0.724118942731),.PIECEWISE_BEZIER_KNOTS.);
#11344 = CARTESIAN_POINT('',(-44.44881057268,-5.658223201175,57.4));
#11345 = CARTESIAN_POINT('',(-43.72469162995,-5.658223201175,57.4));
#11346 = B_SPLINE_SURFACE_WITH_KNOTS('',1,1,(
    (#11347,#11348)
    ,(#11349,#11350
    )),.UNSPECIFIED.,.F.,.F.,.F.,(2,2),(2,2),(0.,0.724118942731),(-0.6,
    0.),.PIECEWISE_BEZIER_KNOTS.);
#11347 = CARTESIAN_POINT('',(-44.44881057268,-5.658223201175,56.8));
#11348 = CARTESIAN_POINT('',(-44.44881057268,-5.658223201175,57.4));
#11349 = CARTESIAN_POINT('',(-43.72469162995,-5.658223201175,56.8));
#11350 = CARTESIAN_POINT('',(-43.72469162995,-5.658223201175,57.4));
#11351 = ADVANCED_FACE('',(#11352),#11362,.T.);
#11352 = FACE_BOUND('',#11353,.F.);
#11353 = EDGE_LOOP('',(#11354,#11355,#11356,#11357,#11358,#11359,#11360,
    #11361));
#11354 = ORIENTED_EDGE('',*,*,#11154,.T.);
#11355 = ORIENTED_EDGE('',*,*,#11182,.T.);
#11356 = ORIENTED_EDGE('',*,*,#11210,.T.);
#11357 = ORIENTED_EDGE('',*,*,#11238,.T.);
#11358 = ORIENTED_EDGE('',*,*,#11266,.T.);
#11359 = ORIENTED_EDGE('',*,*,#11294,.T.);
#11360 = ORIENTED_EDGE('',*,*,#11322,.T.);
#11361 = ORIENTED_EDGE('',*,*,#11342,.T.);
#11362 = B_SPLINE_SURFACE_WITH_KNOTS('',1,1,(
    (#11363,#11364)
    ,(#11365,#11366
    )),.UNSPECIFIED.,.F.,.F.,.F.,(2,2),(2,2),(-1.5681309217,
    1.570635598123),(-2.484522272235,1.462614291642),
  .PIECEWISE_BEZIER_KNOTS.);
#11363 = CARTESIAN_POINT('',(-40.50167400881,-8.796989720999,57.4));
#11364 = CARTESIAN_POINT('',(-44.44881057268,-8.796989720999,57.4));
#11365 = CARTESIAN_POINT('',(-40.50167400881,-5.658223201175,57.4));
#11366 = CARTESIAN_POINT('',(-44.44881057268,-5.658223201175,57.4));
#11367 = ADVANCED_FACE('',(#11368),#11378,.F.);
#11368 = FACE_BOUND('',#11369,.T.);
#11369 = EDGE_LOOP('',(#11370,#11371,#11372,#11373,#11374,#11375,#11376,
    #11377));
#11370 = ORIENTED_EDGE('',*,*,#11140,.T.);
#11371 = ORIENTED_EDGE('',*,*,#11168,.T.);
#11372 = ORIENTED_EDGE('',*,*,#11196,.T.);
#11373 = ORIENTED_EDGE('',*,*,#11224,.T.);
#11374 = ORIENTED_EDGE('',*,*,#11252,.T.);
#11375 = ORIENTED_EDGE('',*,*,#11280,.T.);
#11376 = ORIENTED_EDGE('',*,*,#11308,.T.);
#11377 = ORIENTED_EDGE('',*,*,#11336,.T.);
#11378 = B_SPLINE_SURFACE_WITH_KNOTS('',1,1,(
    (#11379,#11380)
    ,(#11381,#11382
    )),.UNSPECIFIED.,.F.,.F.,.F.,(2,2),(2,2),(-1.5681309217,
    1.570635598123),(-2.484522272235,1.462614291642),
  .PIECEWISE_BEZIER_KNOTS.);
#11379 = CARTESIAN_POINT('',(-40.50167400881,-8.796989720999,56.8));
#11380 = CARTESIAN_POINT('',(-44.44881057268,-8.796989720999,56.8));
#11381 = CARTESIAN_POINT('',(-40.50167400881,-5.658223201175,56.8));
#11382 = CARTESIAN_POINT('',(-44.44881057268,-5.658223201175,56.8));
#11383 = MANIFOLD_SOLID_BREP('',#11384);
#11384 = CLOSED_SHELL('',(#11385,#11421,#11449,#11481,#11513,#11545,
    #11577,#11605,#11633,#11661,#11689,#11717,#11749,#11781,#11813,
    #11845,#11877,#11905,#11937,#11969,#12001,#12033,#12053,#12089,
    #12117,#12149,#12181,#12213,#12233,#12271));
#11385 = ADVANCED_FACE('',(#11386),#11416,.F.);
#11386 = FACE_BOUND('',#11387,.F.);
#11387 = EDGE_LOOP('',(#11388,#11397,#11404,#11411));
#11388 = ORIENTED_EDGE('',*,*,#11389,.T.);
#11389 = EDGE_CURVE('',#11390,#11392,#11394,.T.);
#11390 = VERTEX_POINT('',#11391);
#11391 = CARTESIAN_POINT('',(-40.50167400881,-1.817547723935,57.4));
#11392 = VERTEX_POINT('',#11393);
#11393 = CARTESIAN_POINT('',(-40.50167400881,-1.817547723935,56.8));
#11394 = B_SPLINE_CURVE_WITH_KNOTS('',1,(#11395,#11396),.UNSPECIFIED.,
  .F.,.F.,(2,2),(0.,0.6),.PIECEWISE_BEZIER_KNOTS.);
#11395 = CARTESIAN_POINT('',(-40.50167400881,-1.817547723935,57.4));
#11396 = CARTESIAN_POINT('',(-40.50167400881,-1.817547723935,56.8));
#11397 = ORIENTED_EDGE('',*,*,#11398,.T.);
#11398 = EDGE_CURVE('',#11392,#11399,#11401,.T.);
#11399 = VERTEX_POINT('',#11400);
#11400 = CARTESIAN_POINT('',(-40.50167400881,-2.83902349486,56.8));
#11401 = B_SPLINE_CURVE_WITH_KNOTS('',1,(#11402,#11403),.UNSPECIFIED.,
  .F.,.F.,(2,2),(0.,1.021475770925),.PIECEWISE_BEZIER_KNOTS.);
#11402 = CARTESIAN_POINT('',(-40.50167400881,-1.817547723935,56.8));
#11403 = CARTESIAN_POINT('',(-40.50167400881,-2.83902349486,56.8));
#11404 = ORIENTED_EDGE('',*,*,#11405,.F.);
#11405 = EDGE_CURVE('',#11406,#11399,#11408,.T.);
#11406 = VERTEX_POINT('',#11407);
#11407 = CARTESIAN_POINT('',(-40.50167400881,-2.83902349486,57.4));
#11408 = B_SPLINE_CURVE_WITH_KNOTS('',1,(#11409,#11410),.UNSPECIFIED.,
  .F.,.F.,(2,2),(0.,0.6),.PIECEWISE_BEZIER_KNOTS.);
#11409 = CARTESIAN_POINT('',(-40.50167400881,-2.83902349486,57.4));
#11410 = CARTESIAN_POINT('',(-40.50167400881,-2.83902349486,56.8));
#11411 = ORIENTED_EDGE('',*,*,#11412,.F.);
#11412 = EDGE_CURVE('',#11390,#11406,#11413,.T.);
#11413 = B_SPLINE_CURVE_WITH_KNOTS('',1,(#11414,#11415),.UNSPECIFIED.,
  .F.,.F.,(2,2),(0.,1.021475770925),.PIECEWISE_BEZIER_KNOTS.);
#11414 = CARTESIAN_POINT('',(-40.50167400881,-1.817547723935,57.4));
#11415 = CARTESIAN_POINT('',(-40.50167400881,-2.83902349486,57.4));
#11416 = B_SPLINE_SURFACE_WITH_KNOTS('',1,1,(
    (#11417,#11418)
    ,(#11419,#11420
    )),.UNSPECIFIED.,.F.,.F.,.F.,(2,2),(2,2),(0.,1.021475770925),(-0.6,
    0.),.PIECEWISE_BEZIER_KNOTS.);
#11417 = CARTESIAN_POINT('',(-40.50167400881,-1.817547723935,56.8));
#11418 = CARTESIAN_POINT('',(-40.50167400881,-1.817547723935,57.4));
#11419 = CARTESIAN_POINT('',(-40.50167400881,-2.83902349486,56.8));
#11420 = CARTESIAN_POINT('',(-40.50167400881,-2.83902349486,57.4));
#11421 = ADVANCED_FACE('',(#11422),#11444,.F.);
#11422 = FACE_BOUND('',#11423,.F.);
#11423 = EDGE_LOOP('',(#11424,#11425,#11432,#11439));
#11424 = ORIENTED_EDGE('',*,*,#11405,.T.);
#11425 = ORIENTED_EDGE('',*,*,#11426,.T.);
#11426 = EDGE_CURVE('',#11399,#11427,#11429,.T.);
#11427 = VERTEX_POINT('',#11428);
#11428 = CARTESIAN_POINT('',(-41.52021292217,-3.453010279001,56.8));
#11429 = B_SPLINE_CURVE_WITH_KNOTS('',1,(#11430,#11431),.UNSPECIFIED.,
  .F.,.F.,(2,2),(0.,1.189286041764),.PIECEWISE_BEZIER_KNOTS.);
#11430 = CARTESIAN_POINT('',(-40.50167400881,-2.83902349486,56.8));
#11431 = CARTESIAN_POINT('',(-41.52021292217,-3.453010279001,56.8));
#11432 = ORIENTED_EDGE('',*,*,#11433,.F.);
#11433 = EDGE_CURVE('',#11434,#11427,#11436,.T.);
#11434 = VERTEX_POINT('',#11435);
#11435 = CARTESIAN_POINT('',(-41.52021292217,-3.453010279001,57.4));
#11436 = B_SPLINE_CURVE_WITH_KNOTS('',1,(#11437,#11438),.UNSPECIFIED.,
  .F.,.F.,(2,2),(0.,0.6),.PIECEWISE_BEZIER_KNOTS.);
#11437 = CARTESIAN_POINT('',(-41.52021292217,-3.453010279001,57.4));
#11438 = CARTESIAN_POINT('',(-41.52021292217,-3.453010279001,56.8));
#11439 = ORIENTED_EDGE('',*,*,#11440,.F.);
#11440 = EDGE_CURVE('',#11406,#11434,#11441,.T.);
#11441 = B_SPLINE_CURVE_WITH_KNOTS('',1,(#11442,#11443),.UNSPECIFIED.,
  .F.,.F.,(2,2),(0.,1.189286041764),.PIECEWISE_BEZIER_KNOTS.);
#11442 = CARTESIAN_POINT('',(-40.50167400881,-2.83902349486,57.4));
#11443 = CARTESIAN_POINT('',(-41.52021292217,-3.453010279001,57.4));
#11444 = B_SPLINE_SURFACE_WITH_KNOTS('',1,1,(
    (#11445,#11446)
    ,(#11447,#11448
    )),.UNSPECIFIED.,.F.,.F.,.F.,(2,2),(2,2),(0.,1.189286041764),(-0.6,
    0.),.PIECEWISE_BEZIER_KNOTS.);
#11445 = CARTESIAN_POINT('',(-40.50167400881,-2.83902349486,56.8));
#11446 = CARTESIAN_POINT('',(-40.50167400881,-2.83902349486,57.4));
#11447 = CARTESIAN_POINT('',(-41.52021292217,-3.453010279001,56.8));
#11448 = CARTESIAN_POINT('',(-41.52021292217,-3.453010279001,57.4));
#11449 = ADVANCED_FACE('',(#11450),#11474,.F.);
#11450 = FACE_BOUND('',#11451,.F.);
#11451 = EDGE_LOOP('',(#11452,#11453,#11461,#11468));
#11452 = ORIENTED_EDGE('',*,*,#11433,.T.);
#11453 = ORIENTED_EDGE('',*,*,#11454,.T.);
#11454 = EDGE_CURVE('',#11427,#11455,#11457,.T.);
#11455 = VERTEX_POINT('',#11456);
#11456 = CARTESIAN_POINT('',(-41.72726138032,-3.58516886931,56.8));
#11457 = B_SPLINE_CURVE_WITH_KNOTS('',2,(#11458,#11459,#11460),
  .UNSPECIFIED.,.F.,.F.,(3,3),(0.,1.),.PIECEWISE_BEZIER_KNOTS.);
#11458 = CARTESIAN_POINT('',(-41.52021292217,-3.453010279001,56.8));
#11459 = CARTESIAN_POINT('',(-41.63621879588,-3.52184287812,56.8));
#11460 = CARTESIAN_POINT('',(-41.72726138032,-3.58516886931,56.8));
#11461 = ORIENTED_EDGE('',*,*,#11462,.F.);
#11462 = EDGE_CURVE('',#11463,#11455,#11465,.T.);
#11463 = VERTEX_POINT('',#11464);
#11464 = CARTESIAN_POINT('',(-41.72726138032,-3.58516886931,57.4));
#11465 = B_SPLINE_CURVE_WITH_KNOTS('',1,(#11466,#11467),.UNSPECIFIED.,
  .F.,.F.,(2,2),(0.,0.6),.PIECEWISE_BEZIER_KNOTS.);
#11466 = CARTESIAN_POINT('',(-41.72726138032,-3.58516886931,57.4));
#11467 = CARTESIAN_POINT('',(-41.72726138032,-3.58516886931,56.8));
#11468 = ORIENTED_EDGE('',*,*,#11469,.F.);
#11469 = EDGE_CURVE('',#11434,#11463,#11470,.T.);
#11470 = B_SPLINE_CURVE_WITH_KNOTS('',2,(#11471,#11472,#11473),
  .UNSPECIFIED.,.F.,.F.,(3,3),(0.,1.),.PIECEWISE_BEZIER_KNOTS.);
#11471 = CARTESIAN_POINT('',(-41.52021292217,-3.453010279001,57.4));
#11472 = CARTESIAN_POINT('',(-41.63621879588,-3.52184287812,57.4));
#11473 = CARTESIAN_POINT('',(-41.72726138032,-3.58516886931,57.4));
#11474 = B_SPLINE_SURFACE_WITH_KNOTS('',2,1,(
    (#11475,#11476)
    ,(#11477,#11478)
    ,(#11479,#11480
    )),.UNSPECIFIED.,.F.,.F.,.F.,(3,3),(2,2),(0.,1.),(-0.6,0.),
  .PIECEWISE_BEZIER_KNOTS.);
#11475 = CARTESIAN_POINT('',(-41.52021292217,-3.453010279001,56.8));
#11476 = CARTESIAN_POINT('',(-41.52021292217,-3.453010279001,57.4));
#11477 = CARTESIAN_POINT('',(-41.63621879588,-3.52184287812,56.8));
#11478 = CARTESIAN_POINT('',(-41.63621879588,-3.52184287812,57.4));
#11479 = CARTESIAN_POINT('',(-41.72726138032,-3.58516886931,56.8));
#11480 = CARTESIAN_POINT('',(-41.72726138032,-3.58516886931,57.4));
#11481 = ADVANCED_FACE('',(#11482),#11506,.F.);
#11482 = FACE_BOUND('',#11483,.F.);
#11483 = EDGE_LOOP('',(#11484,#11485,#11493,#11500));
#11484 = ORIENTED_EDGE('',*,*,#11462,.T.);
#11485 = ORIENTED_EDGE('',*,*,#11486,.T.);
#11486 = EDGE_CURVE('',#11455,#11487,#11489,.T.);
#11487 = VERTEX_POINT('',#11488);
#11488 = CARTESIAN_POINT('',(-41.88309838472,-3.71328928047,56.8));
#11489 = B_SPLINE_CURVE_WITH_KNOTS('',2,(#11490,#11491,#11492),
  .UNSPECIFIED.,.F.,.F.,(3,3),(0.,1.),.PIECEWISE_BEZIER_KNOTS.);
#11490 = CARTESIAN_POINT('',(-41.72726138032,-3.58516886931,56.8));
#11491 = CARTESIAN_POINT('',(-41.81830396475,-3.648494860499,56.8));
#11492 = CARTESIAN_POINT('',(-41.88309838472,-3.71328928047,56.8));
#11493 = ORIENTED_EDGE('',*,*,#11494,.F.);
#11494 = EDGE_CURVE('',#11495,#11487,#11497,.T.);
#11495 = VERTEX_POINT('',#11496);
#11496 = CARTESIAN_POINT('',(-41.88309838472,-3.71328928047,57.4));
#11497 = B_SPLINE_CURVE_WITH_KNOTS('',1,(#11498,#11499),.UNSPECIFIED.,
  .F.,.F.,(2,2),(0.,0.6),.PIECEWISE_BEZIER_KNOTS.);
#11498 = CARTESIAN_POINT('',(-41.88309838472,-3.71328928047,57.4));
#11499 = CARTESIAN_POINT('',(-41.88309838472,-3.71328928047,56.8));
#11500 = ORIENTED_EDGE('',*,*,#11501,.F.);
#11501 = EDGE_CURVE('',#11463,#11495,#11502,.T.);
#11502 = B_SPLINE_CURVE_WITH_KNOTS('',2,(#11503,#11504,#11505),
  .UNSPECIFIED.,.F.,.F.,(3,3),(0.,1.),.PIECEWISE_BEZIER_KNOTS.);
#11503 = CARTESIAN_POINT('',(-41.72726138032,-3.58516886931,57.4));
#11504 = CARTESIAN_POINT('',(-41.81830396475,-3.648494860499,57.4));
#11505 = CARTESIAN_POINT('',(-41.88309838472,-3.71328928047,57.4));
#11506 = B_SPLINE_SURFACE_WITH_KNOTS('',2,1,(
    (#11507,#11508)
    ,(#11509,#11510)
    ,(#11511,#11512
    )),.UNSPECIFIED.,.F.,.F.,.F.,(3,3),(2,2),(0.,1.),(-0.6,0.),
  .PIECEWISE_BEZIER_KNOTS.);
#11507 = CARTESIAN_POINT('',(-41.72726138032,-3.58516886931,56.8));
#11508 = CARTESIAN_POINT('',(-41.72726138032,-3.58516886931,57.4));
#11509 = CARTESIAN_POINT('',(-41.81830396475,-3.648494860499,56.8));
#11510 = CARTESIAN_POINT('',(-41.81830396475,-3.648494860499,57.4));
#11511 = CARTESIAN_POINT('',(-41.88309838472,-3.71328928047,56.8));
#11512 = CARTESIAN_POINT('',(-41.88309838472,-3.71328928047,57.4));
#11513 = ADVANCED_FACE('',(#11514),#11538,.F.);
#11514 = FACE_BOUND('',#11515,.F.);
#11515 = EDGE_LOOP('',(#11516,#11517,#11525,#11532));
#11516 = ORIENTED_EDGE('',*,*,#11494,.T.);
#11517 = ORIENTED_EDGE('',*,*,#11518,.T.);
#11518 = EDGE_CURVE('',#11487,#11519,#11521,.T.);
#11519 = VERTEX_POINT('',#11520);
#11520 = CARTESIAN_POINT('',(-41.98258443465,-3.848201174743,56.8));
#11521 = B_SPLINE_CURVE_WITH_KNOTS('',2,(#11522,#11523,#11524),
  .UNSPECIFIED.,.F.,.F.,(3,3),(0.,1.),.PIECEWISE_BEZIER_KNOTS.);
#11522 = CARTESIAN_POINT('',(-41.88309838472,-3.71328928047,56.8));
#11523 = CARTESIAN_POINT('',(-41.94807635829,-3.777900146843,56.8));
#11524 = CARTESIAN_POINT('',(-41.98258443465,-3.848201174743,56.8));
#11525 = ORIENTED_EDGE('',*,*,#11526,.F.);
#11526 = EDGE_CURVE('',#11527,#11519,#11529,.T.);
#11527 = VERTEX_POINT('',#11528);
#11528 = CARTESIAN_POINT('',(-41.98258443465,-3.848201174743,57.4));
#11529 = B_SPLINE_CURVE_WITH_KNOTS('',1,(#11530,#11531),.UNSPECIFIED.,
  .F.,.F.,(2,2),(0.,0.6),.PIECEWISE_BEZIER_KNOTS.);
#11530 = CARTESIAN_POINT('',(-41.98258443465,-3.848201174743,57.4));
#11531 = CARTESIAN_POINT('',(-41.98258443465,-3.848201174743,56.8));
#11532 = ORIENTED_EDGE('',*,*,#11533,.F.);
#11533 = EDGE_CURVE('',#11495,#11527,#11534,.T.);
#11534 = B_SPLINE_CURVE_WITH_KNOTS('',2,(#11535,#11536,#11537),
  .UNSPECIFIED.,.F.,.F.,(3,3),(0.,1.),.PIECEWISE_BEZIER_KNOTS.);
#11535 = CARTESIAN_POINT('',(-41.88309838472,-3.71328928047,57.4));
#11536 = CARTESIAN_POINT('',(-41.94807635829,-3.777900146843,57.4));
#11537 = CARTESIAN_POINT('',(-41.98258443465,-3.848201174743,57.4));
#11538 = B_SPLINE_SURFACE_WITH_KNOTS('',2,1,(
    (#11539,#11540)
    ,(#11541,#11542)
    ,(#11543,#11544
    )),.UNSPECIFIED.,.F.,.F.,.F.,(3,3),(2,2),(0.,1.),(-0.6,0.),
  .PIECEWISE_BEZIER_KNOTS.);
#11539 = CARTESIAN_POINT('',(-41.88309838472,-3.71328928047,56.8));
#11540 = CARTESIAN_POINT('',(-41.88309838472,-3.71328928047,57.4));
#11541 = CARTESIAN_POINT('',(-41.94807635829,-3.777900146843,56.8));
#11542 = CARTESIAN_POINT('',(-41.94807635829,-3.777900146843,57.4));
#11543 = CARTESIAN_POINT('',(-41.98258443465,-3.848201174743,56.8));
#11544 = CARTESIAN_POINT('',(-41.98258443465,-3.848201174743,57.4));
#11545 = ADVANCED_FACE('',(#11546),#11570,.F.);
#11546 = FACE_BOUND('',#11547,.F.);
#11547 = EDGE_LOOP('',(#11548,#11549,#11557,#11564));
#11548 = ORIENTED_EDGE('',*,*,#11526,.T.);
#11549 = ORIENTED_EDGE('',*,*,#11550,.T.);
#11550 = EDGE_CURVE('',#11519,#11551,#11553,.T.);
#11551 = VERTEX_POINT('',#11552);
#11552 = CARTESIAN_POINT('',(-42.01709251101,-4.000917767988,56.8));
#11553 = B_SPLINE_CURVE_WITH_KNOTS('',2,(#11554,#11555,#11556),
  .UNSPECIFIED.,.F.,.F.,(3,3),(0.,1.),.PIECEWISE_BEZIER_KNOTS.);
#11554 = CARTESIAN_POINT('',(-41.98258443465,-3.848201174743,56.8));
#11555 = CARTESIAN_POINT('',(-42.01709251101,-3.918318649046,56.8));
#11556 = CARTESIAN_POINT('',(-42.01709251101,-4.000917767988,56.8));
#11557 = ORIENTED_EDGE('',*,*,#11558,.F.);
#11558 = EDGE_CURVE('',#11559,#11551,#11561,.T.);
#11559 = VERTEX_POINT('',#11560);
#11560 = CARTESIAN_POINT('',(-42.01709251101,-4.000917767988,57.4));
#11561 = B_SPLINE_CURVE_WITH_KNOTS('',1,(#11562,#11563),.UNSPECIFIED.,
  .F.,.F.,(2,2),(0.,0.6),.PIECEWISE_BEZIER_KNOTS.);
#11562 = CARTESIAN_POINT('',(-42.01709251101,-4.000917767988,57.4));
#11563 = CARTESIAN_POINT('',(-42.01709251101,-4.000917767988,56.8));
#11564 = ORIENTED_EDGE('',*,*,#11565,.F.);
#11565 = EDGE_CURVE('',#11527,#11559,#11566,.T.);
#11566 = B_SPLINE_CURVE_WITH_KNOTS('',2,(#11567,#11568,#11569),
  .UNSPECIFIED.,.F.,.F.,(3,3),(0.,1.),.PIECEWISE_BEZIER_KNOTS.);
#11567 = CARTESIAN_POINT('',(-41.98258443465,-3.848201174743,57.4));
#11568 = CARTESIAN_POINT('',(-42.01709251101,-3.918318649046,57.4));
#11569 = CARTESIAN_POINT('',(-42.01709251101,-4.000917767988,57.4));
#11570 = B_SPLINE_SURFACE_WITH_KNOTS('',2,1,(
    (#11571,#11572)
    ,(#11573,#11574)
    ,(#11575,#11576
    )),.UNSPECIFIED.,.F.,.F.,.F.,(3,3),(2,2),(0.,1.),(-0.6,0.),
  .PIECEWISE_BEZIER_KNOTS.);
#11571 = CARTESIAN_POINT('',(-41.98258443465,-3.848201174743,56.8));
#11572 = CARTESIAN_POINT('',(-41.98258443465,-3.848201174743,57.4));
#11573 = CARTESIAN_POINT('',(-42.01709251101,-3.918318649046,56.8));
#11574 = CARTESIAN_POINT('',(-42.01709251101,-3.918318649046,57.4));
#11575 = CARTESIAN_POINT('',(-42.01709251101,-4.000917767988,56.8));
#11576 = CARTESIAN_POINT('',(-42.01709251101,-4.000917767988,57.4));
#11577 = ADVANCED_FACE('',(#11578),#11600,.F.);
#11578 = FACE_BOUND('',#11579,.F.);
#11579 = EDGE_LOOP('',(#11580,#11581,#11588,#11595));
#11580 = ORIENTED_EDGE('',*,*,#11558,.T.);
#11581 = ORIENTED_EDGE('',*,*,#11582,.T.);
#11582 = EDGE_CURVE('',#11551,#11583,#11585,.T.);
#11583 = VERTEX_POINT('',#11584);
#11584 = CARTESIAN_POINT('',(-42.01709251101,-4.240455212922,56.8));
#11585 = B_SPLINE_CURVE_WITH_KNOTS('',1,(#11586,#11587),.UNSPECIFIED.,
  .F.,.F.,(2,2),(0.,0.239537444934),.PIECEWISE_BEZIER_KNOTS.);
#11586 = CARTESIAN_POINT('',(-42.01709251101,-4.000917767988,56.8));
#11587 = CARTESIAN_POINT('',(-42.01709251101,-4.240455212922,56.8));
#11588 = ORIENTED_EDGE('',*,*,#11589,.F.);
#11589 = EDGE_CURVE('',#11590,#11583,#11592,.T.);
#11590 = VERTEX_POINT('',#11591);
#11591 = CARTESIAN_POINT('',(-42.01709251101,-4.240455212922,57.4));
#11592 = B_SPLINE_CURVE_WITH_KNOTS('',1,(#11593,#11594),.UNSPECIFIED.,
  .F.,.F.,(2,2),(0.,0.6),.PIECEWISE_BEZIER_KNOTS.);
#11593 = CARTESIAN_POINT('',(-42.01709251101,-4.240455212922,57.4));
#11594 = CARTESIAN_POINT('',(-42.01709251101,-4.240455212922,56.8));
#11595 = ORIENTED_EDGE('',*,*,#11596,.F.);
#11596 = EDGE_CURVE('',#11559,#11590,#11597,.T.);
#11597 = B_SPLINE_CURVE_WITH_KNOTS('',1,(#11598,#11599),.UNSPECIFIED.,
  .F.,.F.,(2,2),(0.,0.239537444934),.PIECEWISE_BEZIER_KNOTS.);
#11598 = CARTESIAN_POINT('',(-42.01709251101,-4.000917767988,57.4));
#11599 = CARTESIAN_POINT('',(-42.01709251101,-4.240455212922,57.4));
#11600 = B_SPLINE_SURFACE_WITH_KNOTS('',1,1,(
    (#11601,#11602)
    ,(#11603,#11604
    )),.UNSPECIFIED.,.F.,.F.,.F.,(2,2),(2,2),(0.,0.239537444934),(-0.6,
    0.),.PIECEWISE_BEZIER_KNOTS.);
#11601 = CARTESIAN_POINT('',(-42.01709251101,-4.000917767988,56.8));
#11602 = CARTESIAN_POINT('',(-42.01709251101,-4.000917767988,57.4));
#11603 = CARTESIAN_POINT('',(-42.01709251101,-4.240455212922,56.8));
#11604 = CARTESIAN_POINT('',(-42.01709251101,-4.240455212922,57.4));
#11605 = ADVANCED_FACE('',(#11606),#11628,.F.);
#11606 = FACE_BOUND('',#11607,.F.);
#11607 = EDGE_LOOP('',(#11608,#11609,#11616,#11623));
#11608 = ORIENTED_EDGE('',*,*,#11589,.T.);
#11609 = ORIENTED_EDGE('',*,*,#11610,.T.);
#11610 = EDGE_CURVE('',#11583,#11611,#11613,.T.);
#11611 = VERTEX_POINT('',#11612);
#11612 = CARTESIAN_POINT('',(-40.50167400881,-4.240455212922,56.8));
#11613 = B_SPLINE_CURVE_WITH_KNOTS('',1,(#11614,#11615),.UNSPECIFIED.,
  .F.,.F.,(2,2),(0.,1.515418502203),.PIECEWISE_BEZIER_KNOTS.);
#11614 = CARTESIAN_POINT('',(-42.01709251101,-4.240455212922,56.8));
#11615 = CARTESIAN_POINT('',(-40.50167400881,-4.240455212922,56.8));
#11616 = ORIENTED_EDGE('',*,*,#11617,.F.);
#11617 = EDGE_CURVE('',#11618,#11611,#11620,.T.);
#11618 = VERTEX_POINT('',#11619);
#11619 = CARTESIAN_POINT('',(-40.50167400881,-4.240455212922,57.4));
#11620 = B_SPLINE_CURVE_WITH_KNOTS('',1,(#11621,#11622),.UNSPECIFIED.,
  .F.,.F.,(2,2),(0.,0.6),.PIECEWISE_BEZIER_KNOTS.);
#11621 = CARTESIAN_POINT('',(-40.50167400881,-4.240455212922,57.4));
#11622 = CARTESIAN_POINT('',(-40.50167400881,-4.240455212922,56.8));
#11623 = ORIENTED_EDGE('',*,*,#11624,.F.);
#11624 = EDGE_CURVE('',#11590,#11618,#11625,.T.);
#11625 = B_SPLINE_CURVE_WITH_KNOTS('',1,(#11626,#11627),.UNSPECIFIED.,
  .F.,.F.,(2,2),(0.,1.515418502203),.PIECEWISE_BEZIER_KNOTS.);
#11626 = CARTESIAN_POINT('',(-42.01709251101,-4.240455212922,57.4));
#11627 = CARTESIAN_POINT('',(-40.50167400881,-4.240455212922,57.4));
#11628 = B_SPLINE_SURFACE_WITH_KNOTS('',1,1,(
    (#11629,#11630)
    ,(#11631,#11632
    )),.UNSPECIFIED.,.F.,.F.,.F.,(2,2),(2,2),(0.,1.515418502203),(-0.6,
    0.),.PIECEWISE_BEZIER_KNOTS.);
#11629 = CARTESIAN_POINT('',(-42.01709251101,-4.240455212922,56.8));
#11630 = CARTESIAN_POINT('',(-42.01709251101,-4.240455212922,57.4));
#11631 = CARTESIAN_POINT('',(-40.50167400881,-4.240455212922,56.8));
#11632 = CARTESIAN_POINT('',(-40.50167400881,-4.240455212922,57.4));
#11633 = ADVANCED_FACE('',(#11634),#11656,.F.);
#11634 = FACE_BOUND('',#11635,.F.);
#11635 = EDGE_LOOP('',(#11636,#11637,#11644,#11651));
#11636 = ORIENTED_EDGE('',*,*,#11617,.T.);
#11637 = ORIENTED_EDGE('',*,*,#11638,.T.);
#11638 = EDGE_CURVE('',#11611,#11639,#11641,.T.);
#11639 = VERTEX_POINT('',#11640);
#11640 = CARTESIAN_POINT('',(-40.50167400881,-5.129772393539,56.8));
#11641 = B_SPLINE_CURVE_WITH_KNOTS('',1,(#11642,#11643),.UNSPECIFIED.,
  .F.,.F.,(2,2),(0.,0.889317180617),.PIECEWISE_BEZIER_KNOTS.);
#11642 = CARTESIAN_POINT('',(-40.50167400881,-4.240455212922,56.8));
#11643 = CARTESIAN_POINT('',(-40.50167400881,-5.129772393539,56.8));
#11644 = ORIENTED_EDGE('',*,*,#11645,.F.);
#11645 = EDGE_CURVE('',#11646,#11639,#11648,.T.);
#11646 = VERTEX_POINT('',#11647);
#11647 = CARTESIAN_POINT('',(-40.50167400881,-5.129772393539,57.4));
#11648 = B_SPLINE_CURVE_WITH_KNOTS('',1,(#11649,#11650),.UNSPECIFIED.,
  .F.,.F.,(2,2),(0.,0.6),.PIECEWISE_BEZIER_KNOTS.);
#11649 = CARTESIAN_POINT('',(-40.50167400881,-5.129772393539,57.4));
#11650 = CARTESIAN_POINT('',(-40.50167400881,-5.129772393539,56.8));
#11651 = ORIENTED_EDGE('',*,*,#11652,.F.);
#11652 = EDGE_CURVE('',#11618,#11646,#11653,.T.);
#11653 = B_SPLINE_CURVE_WITH_KNOTS('',1,(#11654,#11655),.UNSPECIFIED.,
  .F.,.F.,(2,2),(0.,0.889317180617),.PIECEWISE_BEZIER_KNOTS.);
#11654 = CARTESIAN_POINT('',(-40.50167400881,-4.240455212922,57.4));
#11655 = CARTESIAN_POINT('',(-40.50167400881,-5.129772393539,57.4));
#11656 = B_SPLINE_SURFACE_WITH_KNOTS('',1,1,(
    (#11657,#11658)
    ,(#11659,#11660
    )),.UNSPECIFIED.,.F.,.F.,.F.,(2,2),(2,2),(0.,0.889317180617),(-0.6,
    0.),.PIECEWISE_BEZIER_KNOTS.);
#11657 = CARTESIAN_POINT('',(-40.50167400881,-4.240455212922,56.8));
#11658 = CARTESIAN_POINT('',(-40.50167400881,-4.240455212922,57.4));
#11659 = CARTESIAN_POINT('',(-40.50167400881,-5.129772393539,56.8));
#11660 = CARTESIAN_POINT('',(-40.50167400881,-5.129772393539,57.4));
#11661 = ADVANCED_FACE('',(#11662),#11684,.F.);
#11662 = FACE_BOUND('',#11663,.F.);
#11663 = EDGE_LOOP('',(#11664,#11665,#11672,#11679));
#11664 = ORIENTED_EDGE('',*,*,#11645,.T.);
#11665 = ORIENTED_EDGE('',*,*,#11666,.T.);
#11666 = EDGE_CURVE('',#11639,#11667,#11669,.T.);
#11667 = VERTEX_POINT('',#11668);
#11668 = CARTESIAN_POINT('',(-44.44881057268,-5.129772393539,56.8));
#11669 = B_SPLINE_CURVE_WITH_KNOTS('',1,(#11670,#11671),.UNSPECIFIED.,
  .F.,.F.,(2,2),(0.,3.947136563877),.PIECEWISE_BEZIER_KNOTS.);
#11670 = CARTESIAN_POINT('',(-40.50167400881,-5.129772393539,56.8));
#11671 = CARTESIAN_POINT('',(-44.44881057268,-5.129772393539,56.8));
#11672 = ORIENTED_EDGE('',*,*,#11673,.F.);
#11673 = EDGE_CURVE('',#11674,#11667,#11676,.T.);
#11674 = VERTEX_POINT('',#11675);
#11675 = CARTESIAN_POINT('',(-44.44881057268,-5.129772393539,57.4));
#11676 = B_SPLINE_CURVE_WITH_KNOTS('',1,(#11677,#11678),.UNSPECIFIED.,
  .F.,.F.,(2,2),(0.,0.6),.PIECEWISE_BEZIER_KNOTS.);
#11677 = CARTESIAN_POINT('',(-44.44881057268,-5.129772393539,57.4));
#11678 = CARTESIAN_POINT('',(-44.44881057268,-5.129772393539,56.8));
#11679 = ORIENTED_EDGE('',*,*,#11680,.F.);
#11680 = EDGE_CURVE('',#11646,#11674,#11681,.T.);
#11681 = B_SPLINE_CURVE_WITH_KNOTS('',1,(#11682,#11683),.UNSPECIFIED.,
  .F.,.F.,(2,2),(0.,3.947136563877),.PIECEWISE_BEZIER_KNOTS.);
#11682 = CARTESIAN_POINT('',(-40.50167400881,-5.129772393539,57.4));
#11683 = CARTESIAN_POINT('',(-44.44881057268,-5.129772393539,57.4));
#11684 = B_SPLINE_SURFACE_WITH_KNOTS('',1,1,(
    (#11685,#11686)
    ,(#11687,#11688
    )),.UNSPECIFIED.,.F.,.F.,.F.,(2,2),(2,2),(0.,3.947136563877),(-0.6,
    0.),.PIECEWISE_BEZIER_KNOTS.);
#11685 = CARTESIAN_POINT('',(-40.50167400881,-5.129772393539,56.8));
#11686 = CARTESIAN_POINT('',(-40.50167400881,-5.129772393539,57.4));
#11687 = CARTESIAN_POINT('',(-44.44881057268,-5.129772393539,56.8));
#11688 = CARTESIAN_POINT('',(-44.44881057268,-5.129772393539,57.4));
#11689 = ADVANCED_FACE('',(#11690),#11712,.F.);
#11690 = FACE_BOUND('',#11691,.F.);
#11691 = EDGE_LOOP('',(#11692,#11693,#11700,#11707));
#11692 = ORIENTED_EDGE('',*,*,#11673,.T.);
#11693 = ORIENTED_EDGE('',*,*,#11694,.T.);
#11694 = EDGE_CURVE('',#11667,#11695,#11697,.T.);
#11695 = VERTEX_POINT('',#11696);
#11696 = CARTESIAN_POINT('',(-44.44881057268,-3.720080763583,56.8));
#11697 = B_SPLINE_CURVE_WITH_KNOTS('',1,(#11698,#11699),.UNSPECIFIED.,
  .F.,.F.,(2,2),(0.,1.409691629956),.PIECEWISE_BEZIER_KNOTS.);
#11698 = CARTESIAN_POINT('',(-44.44881057268,-5.129772393539,56.8));
#11699 = CARTESIAN_POINT('',(-44.44881057268,-3.720080763583,56.8));
#11700 = ORIENTED_EDGE('',*,*,#11701,.F.);
#11701 = EDGE_CURVE('',#11702,#11695,#11704,.T.);
#11702 = VERTEX_POINT('',#11703);
#11703 = CARTESIAN_POINT('',(-44.44881057268,-3.720080763583,57.4));
#11704 = B_SPLINE_CURVE_WITH_KNOTS('',1,(#11705,#11706),.UNSPECIFIED.,
  .F.,.F.,(2,2),(0.,0.6),.PIECEWISE_BEZIER_KNOTS.);
#11705 = CARTESIAN_POINT('',(-44.44881057268,-3.720080763583,57.4));
#11706 = CARTESIAN_POINT('',(-44.44881057268,-3.720080763583,56.8));
#11707 = ORIENTED_EDGE('',*,*,#11708,.F.);
#11708 = EDGE_CURVE('',#11674,#11702,#11709,.T.);
#11709 = B_SPLINE_CURVE_WITH_KNOTS('',1,(#11710,#11711),.UNSPECIFIED.,
  .F.,.F.,(2,2),(0.,1.409691629956),.PIECEWISE_BEZIER_KNOTS.);
#11710 = CARTESIAN_POINT('',(-44.44881057268,-5.129772393539,57.4));
#11711 = CARTESIAN_POINT('',(-44.44881057268,-3.720080763583,57.4));
#11712 = B_SPLINE_SURFACE_WITH_KNOTS('',1,1,(
    (#11713,#11714)
    ,(#11715,#11716
    )),.UNSPECIFIED.,.F.,.F.,.F.,(2,2),(2,2),(0.,1.409691629956),(-0.6,
    0.),.PIECEWISE_BEZIER_KNOTS.);
#11713 = CARTESIAN_POINT('',(-44.44881057268,-5.129772393539,56.8));
#11714 = CARTESIAN_POINT('',(-44.44881057268,-5.129772393539,57.4));
#11715 = CARTESIAN_POINT('',(-44.44881057268,-3.720080763583,56.8));
#11716 = CARTESIAN_POINT('',(-44.44881057268,-3.720080763583,57.4));
#11717 = ADVANCED_FACE('',(#11718),#11742,.F.);
#11718 = FACE_BOUND('',#11719,.F.);
#11719 = EDGE_LOOP('',(#11720,#11721,#11729,#11736));
#11720 = ORIENTED_EDGE('',*,*,#11701,.T.);
#11721 = ORIENTED_EDGE('',*,*,#11722,.T.);
#11722 = EDGE_CURVE('',#11695,#11723,#11725,.T.);
#11723 = VERTEX_POINT('',#11724);
#11724 = CARTESIAN_POINT('',(-43.3772246696,-2.282856093979,56.8));
#11725 = B_SPLINE_CURVE_WITH_KNOTS('',2,(#11726,#11727,#11728),
  .UNSPECIFIED.,.F.,.F.,(3,3),(0.,1.),.PIECEWISE_BEZIER_KNOTS.);
#11726 = CARTESIAN_POINT('',(-44.44881057268,-3.720080763583,56.8));
#11727 = CARTESIAN_POINT('',(-44.44881057268,-2.282856093979,56.8));
#11728 = CARTESIAN_POINT('',(-43.3772246696,-2.282856093979,56.8));
#11729 = ORIENTED_EDGE('',*,*,#11730,.F.);
#11730 = EDGE_CURVE('',#11731,#11723,#11733,.T.);
#11731 = VERTEX_POINT('',#11732);
#11732 = CARTESIAN_POINT('',(-43.3772246696,-2.282856093979,57.4));
#11733 = B_SPLINE_CURVE_WITH_KNOTS('',1,(#11734,#11735),.UNSPECIFIED.,
  .F.,.F.,(2,2),(0.,0.6),.PIECEWISE_BEZIER_KNOTS.);
#11734 = CARTESIAN_POINT('',(-43.3772246696,-2.282856093979,57.4));
#11735 = CARTESIAN_POINT('',(-43.3772246696,-2.282856093979,56.8));
#11736 = ORIENTED_EDGE('',*,*,#11737,.F.);
#11737 = EDGE_CURVE('',#11702,#11731,#11738,.T.);
#11738 = B_SPLINE_CURVE_WITH_KNOTS('',2,(#11739,#11740,#11741),
  .UNSPECIFIED.,.F.,.F.,(3,3),(0.,1.),.PIECEWISE_BEZIER_KNOTS.);
#11739 = CARTESIAN_POINT('',(-44.44881057268,-3.720080763583,57.4));
#11740 = CARTESIAN_POINT('',(-44.44881057268,-2.282856093979,57.4));
#11741 = CARTESIAN_POINT('',(-43.3772246696,-2.282856093979,57.4));
#11742 = B_SPLINE_SURFACE_WITH_KNOTS('',2,1,(
    (#11743,#11744)
    ,(#11745,#11746)
    ,(#11747,#11748
    )),.UNSPECIFIED.,.F.,.F.,.F.,(3,3),(2,2),(0.,1.),(-0.6,0.),
  .PIECEWISE_BEZIER_KNOTS.);
#11743 = CARTESIAN_POINT('',(-44.44881057268,-3.720080763583,56.8));
#11744 = CARTESIAN_POINT('',(-44.44881057268,-3.720080763583,57.4));
#11745 = CARTESIAN_POINT('',(-44.44881057268,-2.282856093979,56.8));
#11746 = CARTESIAN_POINT('',(-44.44881057268,-2.282856093979,57.4));
#11747 = CARTESIAN_POINT('',(-43.3772246696,-2.282856093979,56.8));
#11748 = CARTESIAN_POINT('',(-43.3772246696,-2.282856093979,57.4));
#11749 = ADVANCED_FACE('',(#11750),#11774,.F.);
#11750 = FACE_BOUND('',#11751,.F.);
#11751 = EDGE_LOOP('',(#11752,#11753,#11761,#11768));
#11752 = ORIENTED_EDGE('',*,*,#11730,.T.);
#11753 = ORIENTED_EDGE('',*,*,#11754,.T.);
#11754 = EDGE_CURVE('',#11723,#11755,#11757,.T.);
#11755 = VERTEX_POINT('',#11756);
#11756 = CARTESIAN_POINT('',(-42.99653450807,-2.346182085169,56.8));
#11757 = B_SPLINE_CURVE_WITH_KNOTS('',2,(#11758,#11759,#11760),
  .UNSPECIFIED.,.F.,.F.,(3,3),(0.,1.),.PIECEWISE_BEZIER_KNOTS.);
#11758 = CARTESIAN_POINT('',(-43.3772246696,-2.282856093979,56.8));
#11759 = CARTESIAN_POINT('',(-43.17109397944,-2.282856093979,56.8));
#11760 = CARTESIAN_POINT('',(-42.99653450807,-2.346182085169,56.8));
#11761 = ORIENTED_EDGE('',*,*,#11762,.F.);
#11762 = EDGE_CURVE('',#11763,#11755,#11765,.T.);
#11763 = VERTEX_POINT('',#11764);
#11764 = CARTESIAN_POINT('',(-42.99653450807,-2.346182085169,57.4));
#11765 = B_SPLINE_CURVE_WITH_KNOTS('',1,(#11766,#11767),.UNSPECIFIED.,
  .F.,.F.,(2,2),(0.,0.6),.PIECEWISE_BEZIER_KNOTS.);
#11766 = CARTESIAN_POINT('',(-42.99653450807,-2.346182085169,57.4));
#11767 = CARTESIAN_POINT('',(-42.99653450807,-2.346182085169,56.8));
#11768 = ORIENTED_EDGE('',*,*,#11769,.F.);
#11769 = EDGE_CURVE('',#11731,#11763,#11770,.T.);
#11770 = B_SPLINE_CURVE_WITH_KNOTS('',2,(#11771,#11772,#11773),
  .UNSPECIFIED.,.F.,.F.,(3,3),(0.,1.),.PIECEWISE_BEZIER_KNOTS.);
#11771 = CARTESIAN_POINT('',(-43.3772246696,-2.282856093979,57.4));
#11772 = CARTESIAN_POINT('',(-43.17109397944,-2.282856093979,57.4));
#11773 = CARTESIAN_POINT('',(-42.99653450807,-2.346182085169,57.4));
#11774 = B_SPLINE_SURFACE_WITH_KNOTS('',2,1,(
    (#11775,#11776)
    ,(#11777,#11778)
    ,(#11779,#11780
    )),.UNSPECIFIED.,.F.,.F.,.F.,(3,3),(2,2),(0.,1.),(-0.6,0.),
  .PIECEWISE_BEZIER_KNOTS.);
#11775 = CARTESIAN_POINT('',(-43.3772246696,-2.282856093979,56.8));
#11776 = CARTESIAN_POINT('',(-43.3772246696,-2.282856093979,57.4));
#11777 = CARTESIAN_POINT('',(-43.17109397944,-2.282856093979,56.8));
#11778 = CARTESIAN_POINT('',(-43.17109397944,-2.282856093979,57.4));
#11779 = CARTESIAN_POINT('',(-42.99653450807,-2.346182085169,56.8));
#11780 = CARTESIAN_POINT('',(-42.99653450807,-2.346182085169,57.4));
#11781 = ADVANCED_FACE('',(#11782),#11806,.F.);
#11782 = FACE_BOUND('',#11783,.F.);
#11783 = EDGE_LOOP('',(#11784,#11785,#11793,#11800));
#11784 = ORIENTED_EDGE('',*,*,#11762,.T.);
#11785 = ORIENTED_EDGE('',*,*,#11786,.T.);
#11786 = EDGE_CURVE('',#11755,#11787,#11789,.T.);
#11787 = VERTEX_POINT('',#11788);
#11788 = CARTESIAN_POINT('',(-42.6819236417,-2.525146842878,56.8));
#11789 = B_SPLINE_CURVE_WITH_KNOTS('',2,(#11790,#11791,#11792),
  .UNSPECIFIED.,.F.,.F.,(3,3),(0.,1.),.PIECEWISE_BEZIER_KNOTS.);
#11790 = CARTESIAN_POINT('',(-42.99653450807,-2.346182085169,56.8));
#11791 = CARTESIAN_POINT('',(-42.8221585903,-2.409508076358,56.8));
#11792 = CARTESIAN_POINT('',(-42.6819236417,-2.525146842878,56.8));
#11793 = ORIENTED_EDGE('',*,*,#11794,.F.);
#11794 = EDGE_CURVE('',#11795,#11787,#11797,.T.);
#11795 = VERTEX_POINT('',#11796);
#11796 = CARTESIAN_POINT('',(-42.6819236417,-2.525146842878,57.4));
#11797 = B_SPLINE_CURVE_WITH_KNOTS('',1,(#11798,#11799),.UNSPECIFIED.,
  .F.,.F.,(2,2),(0.,0.6),.PIECEWISE_BEZIER_KNOTS.);
#11798 = CARTESIAN_POINT('',(-42.6819236417,-2.525146842878,57.4));
#11799 = CARTESIAN_POINT('',(-42.6819236417,-2.525146842878,56.8));
#11800 = ORIENTED_EDGE('',*,*,#11801,.F.);
#11801 = EDGE_CURVE('',#11763,#11795,#11802,.T.);
#11802 = B_SPLINE_CURVE_WITH_KNOTS('',2,(#11803,#11804,#11805),
  .UNSPECIFIED.,.F.,.F.,(3,3),(0.,1.),.PIECEWISE_BEZIER_KNOTS.);
#11803 = CARTESIAN_POINT('',(-42.99653450807,-2.346182085169,57.4));
#11804 = CARTESIAN_POINT('',(-42.8221585903,-2.409508076358,57.4));
#11805 = CARTESIAN_POINT('',(-42.6819236417,-2.525146842878,57.4));
#11806 = B_SPLINE_SURFACE_WITH_KNOTS('',2,1,(
    (#11807,#11808)
    ,(#11809,#11810)
    ,(#11811,#11812
    )),.UNSPECIFIED.,.F.,.F.,.F.,(3,3),(2,2),(0.,1.),(-0.6,0.),
  .PIECEWISE_BEZIER_KNOTS.);
#11807 = CARTESIAN_POINT('',(-42.99653450807,-2.346182085169,56.8));
#11808 = CARTESIAN_POINT('',(-42.99653450807,-2.346182085169,57.4));
#11809 = CARTESIAN_POINT('',(-42.8221585903,-2.409508076358,56.8));
#11810 = CARTESIAN_POINT('',(-42.8221585903,-2.409508076358,57.4));
#11811 = CARTESIAN_POINT('',(-42.6819236417,-2.525146842878,56.8));
#11812 = CARTESIAN_POINT('',(-42.6819236417,-2.525146842878,57.4));
#11813 = ADVANCED_FACE('',(#11814),#11838,.F.);
#11814 = FACE_BOUND('',#11815,.F.);
#11815 = EDGE_LOOP('',(#11816,#11817,#11825,#11832));
#11816 = ORIENTED_EDGE('',*,*,#11794,.T.);
#11817 = ORIENTED_EDGE('',*,*,#11818,.T.);
#11818 = EDGE_CURVE('',#11787,#11819,#11821,.T.);
#11819 = VERTEX_POINT('',#11820);
#11820 = CARTESIAN_POINT('',(-42.44018355359,-2.8046989721,56.8));
#11821 = B_SPLINE_CURVE_WITH_KNOTS('',2,(#11822,#11823,#11824),
  .UNSPECIFIED.,.F.,.F.,(3,3),(0.,1.),.PIECEWISE_BEZIER_KNOTS.);
#11822 = CARTESIAN_POINT('',(-42.6819236417,-2.525146842878,56.8));
#11823 = CARTESIAN_POINT('',(-42.54187224669,-2.640785609398,56.8));
#11824 = CARTESIAN_POINT('',(-42.44018355359,-2.8046989721,56.8));
#11825 = ORIENTED_EDGE('',*,*,#11826,.F.);
#11826 = EDGE_CURVE('',#11827,#11819,#11829,.T.);
#11827 = VERTEX_POINT('',#11828);
#11828 = CARTESIAN_POINT('',(-42.44018355359,-2.8046989721,57.4));
#11829 = B_SPLINE_CURVE_WITH_KNOTS('',1,(#11830,#11831),.UNSPECIFIED.,
  .F.,.F.,(2,2),(0.,0.6),.PIECEWISE_BEZIER_KNOTS.);
#11830 = CARTESIAN_POINT('',(-42.44018355359,-2.8046989721,57.4));
#11831 = CARTESIAN_POINT('',(-42.44018355359,-2.8046989721,56.8));
#11832 = ORIENTED_EDGE('',*,*,#11833,.F.);
#11833 = EDGE_CURVE('',#11795,#11827,#11834,.T.);
#11834 = B_SPLINE_CURVE_WITH_KNOTS('',2,(#11835,#11836,#11837),
  .UNSPECIFIED.,.F.,.F.,(3,3),(0.,1.),.PIECEWISE_BEZIER_KNOTS.);
#11835 = CARTESIAN_POINT('',(-42.6819236417,-2.525146842878,57.4));
#11836 = CARTESIAN_POINT('',(-42.54187224669,-2.640785609398,57.4));
#11837 = CARTESIAN_POINT('',(-42.44018355359,-2.8046989721,57.4));
#11838 = B_SPLINE_SURFACE_WITH_KNOTS('',2,1,(
    (#11839,#11840)
    ,(#11841,#11842)
    ,(#11843,#11844
    )),.UNSPECIFIED.,.F.,.F.,.F.,(3,3),(2,2),(0.,1.),(-0.6,0.),
  .PIECEWISE_BEZIER_KNOTS.);
#11839 = CARTESIAN_POINT('',(-42.6819236417,-2.525146842878,56.8));
#11840 = CARTESIAN_POINT('',(-42.6819236417,-2.525146842878,57.4));
#11841 = CARTESIAN_POINT('',(-42.54187224669,-2.640785609398,56.8));
#11842 = CARTESIAN_POINT('',(-42.54187224669,-2.640785609398,57.4));
#11843 = CARTESIAN_POINT('',(-42.44018355359,-2.8046989721,56.8));
#11844 = CARTESIAN_POINT('',(-42.44018355359,-2.8046989721,57.4));
#11845 = ADVANCED_FACE('',(#11846),#11870,.F.);
#11846 = FACE_BOUND('',#11847,.F.);
#11847 = EDGE_LOOP('',(#11848,#11849,#11857,#11864));
#11848 = ORIENTED_EDGE('',*,*,#11826,.T.);
#11849 = ORIENTED_EDGE('',*,*,#11850,.T.);
#11850 = EDGE_CURVE('',#11819,#11851,#11853,.T.);
#11851 = VERTEX_POINT('',#11852);
#11852 = CARTESIAN_POINT('',(-42.28085903083,-3.169419970631,56.8));
#11853 = B_SPLINE_CURVE_WITH_KNOTS('',2,(#11854,#11855,#11856),
  .UNSPECIFIED.,.F.,.F.,(3,3),(0.,1.),.PIECEWISE_BEZIER_KNOTS.);
#11854 = CARTESIAN_POINT('',(-42.44018355359,-2.8046989721,56.8));
#11855 = CARTESIAN_POINT('',(-42.33849486049,-2.968428781204,56.8));
#11856 = CARTESIAN_POINT('',(-42.28085903083,-3.169419970631,56.8));
#11857 = ORIENTED_EDGE('',*,*,#11858,.F.);
#11858 = EDGE_CURVE('',#11859,#11851,#11861,.T.);
#11859 = VERTEX_POINT('',#11860);
#11860 = CARTESIAN_POINT('',(-42.28085903083,-3.169419970631,57.4));
#11861 = B_SPLINE_CURVE_WITH_KNOTS('',1,(#11862,#11863),.UNSPECIFIED.,
  .F.,.F.,(2,2),(0.,0.6),.PIECEWISE_BEZIER_KNOTS.);
#11862 = CARTESIAN_POINT('',(-42.28085903083,-3.169419970631,57.4));
#11863 = CARTESIAN_POINT('',(-42.28085903083,-3.169419970631,56.8));
#11864 = ORIENTED_EDGE('',*,*,#11865,.F.);
#11865 = EDGE_CURVE('',#11827,#11859,#11866,.T.);
#11866 = B_SPLINE_CURVE_WITH_KNOTS('',2,(#11867,#11868,#11869),
  .UNSPECIFIED.,.F.,.F.,(3,3),(0.,1.),.PIECEWISE_BEZIER_KNOTS.);
#11867 = CARTESIAN_POINT('',(-42.44018355359,-2.8046989721,57.4));
#11868 = CARTESIAN_POINT('',(-42.33849486049,-2.968428781204,57.4));
#11869 = CARTESIAN_POINT('',(-42.28085903083,-3.169419970631,57.4));
#11870 = B_SPLINE_SURFACE_WITH_KNOTS('',2,1,(
    (#11871,#11872)
    ,(#11873,#11874)
    ,(#11875,#11876
    )),.UNSPECIFIED.,.F.,.F.,.F.,(3,3),(2,2),(0.,1.),(-0.6,0.),
  .PIECEWISE_BEZIER_KNOTS.);
#11871 = CARTESIAN_POINT('',(-42.44018355359,-2.8046989721,56.8));
#11872 = CARTESIAN_POINT('',(-42.44018355359,-2.8046989721,57.4));
#11873 = CARTESIAN_POINT('',(-42.33849486049,-2.968428781204,56.8));
#11874 = CARTESIAN_POINT('',(-42.33849486049,-2.968428781204,57.4));
#11875 = CARTESIAN_POINT('',(-42.28085903083,-3.169419970631,56.8));
#11876 = CARTESIAN_POINT('',(-42.28085903083,-3.169419970631,57.4));
#11877 = ADVANCED_FACE('',(#11878),#11900,.F.);
#11878 = FACE_BOUND('',#11879,.F.);
#11879 = EDGE_LOOP('',(#11880,#11881,#11888,#11895));
#11880 = ORIENTED_EDGE('',*,*,#11858,.T.);
#11881 = ORIENTED_EDGE('',*,*,#11882,.T.);
#11882 = EDGE_CURVE('',#11851,#11883,#11885,.T.);
#11883 = VERTEX_POINT('',#11884);
#11884 = CARTESIAN_POINT('',(-42.26984581497,-3.169419970631,56.8));
#11885 = B_SPLINE_CURVE_WITH_KNOTS('',1,(#11886,#11887),.UNSPECIFIED.,
  .F.,.F.,(2,2),(0.,1.101321585903E-02),.PIECEWISE_BEZIER_KNOTS.);
#11886 = CARTESIAN_POINT('',(-42.28085903083,-3.169419970631,56.8));
#11887 = CARTESIAN_POINT('',(-42.26984581497,-3.169419970631,56.8));
#11888 = ORIENTED_EDGE('',*,*,#11889,.F.);
#11889 = EDGE_CURVE('',#11890,#11883,#11892,.T.);
#11890 = VERTEX_POINT('',#11891);
#11891 = CARTESIAN_POINT('',(-42.26984581497,-3.169419970631,57.4));
#11892 = B_SPLINE_CURVE_WITH_KNOTS('',1,(#11893,#11894),.UNSPECIFIED.,
  .F.,.F.,(2,2),(0.,0.6),.PIECEWISE_BEZIER_KNOTS.);
#11893 = CARTESIAN_POINT('',(-42.26984581497,-3.169419970631,57.4));
#11894 = CARTESIAN_POINT('',(-42.26984581497,-3.169419970631,56.8));
#11895 = ORIENTED_EDGE('',*,*,#11896,.F.);
#11896 = EDGE_CURVE('',#11859,#11890,#11897,.T.);
#11897 = B_SPLINE_CURVE_WITH_KNOTS('',1,(#11898,#11899),.UNSPECIFIED.,
  .F.,.F.,(2,2),(0.,1.101321585903E-02),.PIECEWISE_BEZIER_KNOTS.);
#11898 = CARTESIAN_POINT('',(-42.28085903083,-3.169419970631,57.4));
#11899 = CARTESIAN_POINT('',(-42.26984581497,-3.169419970631,57.4));
#11900 = B_SPLINE_SURFACE_WITH_KNOTS('',1,1,(
    (#11901,#11902)
    ,(#11903,#11904
    )),.UNSPECIFIED.,.F.,.F.,.F.,(2,2),(2,2),(0.,1.101321585903E-02),(
    -0.6,0.),.PIECEWISE_BEZIER_KNOTS.);
#11901 = CARTESIAN_POINT('',(-42.28085903083,-3.169419970631,56.8));
#11902 = CARTESIAN_POINT('',(-42.28085903083,-3.169419970631,57.4));
#11903 = CARTESIAN_POINT('',(-42.26984581497,-3.169419970631,56.8));
#11904 = CARTESIAN_POINT('',(-42.26984581497,-3.169419970631,57.4));
#11905 = ADVANCED_FACE('',(#11906),#11930,.F.);
#11906 = FACE_BOUND('',#11907,.F.);
#11907 = EDGE_LOOP('',(#11908,#11909,#11917,#11924));
#11908 = ORIENTED_EDGE('',*,*,#11889,.T.);
#11909 = ORIENTED_EDGE('',*,*,#11910,.T.);
#11910 = EDGE_CURVE('',#11883,#11911,#11913,.T.);
#11911 = VERTEX_POINT('',#11912);
#11912 = CARTESIAN_POINT('',(-42.18008810572,-2.998715124816,56.8));
#11913 = B_SPLINE_CURVE_WITH_KNOTS('',2,(#11914,#11915,#11916),
  .UNSPECIFIED.,.F.,.F.,(3,3),(0.,1.),.PIECEWISE_BEZIER_KNOTS.);
#11914 = CARTESIAN_POINT('',(-42.26984581497,-3.169419970631,56.8));
#11915 = CARTESIAN_POINT('',(-42.24231277533,-3.081314243759,56.8));
#11916 = CARTESIAN_POINT('',(-42.18008810572,-2.998715124816,56.8));
#11917 = ORIENTED_EDGE('',*,*,#11918,.F.);
#11918 = EDGE_CURVE('',#11919,#11911,#11921,.T.);
#11919 = VERTEX_POINT('',#11920);
#11920 = CARTESIAN_POINT('',(-42.18008810572,-2.998715124816,57.4));
#11921 = B_SPLINE_CURVE_WITH_KNOTS('',1,(#11922,#11923),.UNSPECIFIED.,
  .F.,.F.,(2,2),(0.,0.6),.PIECEWISE_BEZIER_KNOTS.);
#11922 = CARTESIAN_POINT('',(-42.18008810572,-2.998715124816,57.4));
#11923 = CARTESIAN_POINT('',(-42.18008810572,-2.998715124816,56.8));
#11924 = ORIENTED_EDGE('',*,*,#11925,.F.);
#11925 = EDGE_CURVE('',#11890,#11919,#11926,.T.);
#11926 = B_SPLINE_CURVE_WITH_KNOTS('',2,(#11927,#11928,#11929),
  .UNSPECIFIED.,.F.,.F.,(3,3),(0.,1.),.PIECEWISE_BEZIER_KNOTS.);
#11927 = CARTESIAN_POINT('',(-42.26984581497,-3.169419970631,57.4));
#11928 = CARTESIAN_POINT('',(-42.24231277533,-3.081314243759,57.4));
#11929 = CARTESIAN_POINT('',(-42.18008810572,-2.998715124816,57.4));
#11930 = B_SPLINE_SURFACE_WITH_KNOTS('',2,1,(
    (#11931,#11932)
    ,(#11933,#11934)
    ,(#11935,#11936
    )),.UNSPECIFIED.,.F.,.F.,.F.,(3,3),(2,2),(0.,1.),(-0.6,0.),
  .PIECEWISE_BEZIER_KNOTS.);
#11931 = CARTESIAN_POINT('',(-42.26984581497,-3.169419970631,56.8));
#11932 = CARTESIAN_POINT('',(-42.26984581497,-3.169419970631,57.4));
#11933 = CARTESIAN_POINT('',(-42.24231277533,-3.081314243759,56.8));
#11934 = CARTESIAN_POINT('',(-42.24231277533,-3.081314243759,57.4));
#11935 = CARTESIAN_POINT('',(-42.18008810572,-2.998715124816,56.8));
#11936 = CARTESIAN_POINT('',(-42.18008810572,-2.998715124816,57.4));
#11937 = ADVANCED_FACE('',(#11938),#11962,.F.);
#11938 = FACE_BOUND('',#11939,.F.);
#11939 = EDGE_LOOP('',(#11940,#11941,#11949,#11956));
#11940 = ORIENTED_EDGE('',*,*,#11918,.T.);
#11941 = ORIENTED_EDGE('',*,*,#11942,.T.);
#11942 = EDGE_CURVE('',#11911,#11943,#11945,.T.);
#11943 = VERTEX_POINT('',#11944);
#11944 = CARTESIAN_POINT('',(-42.03526431718,-2.83902349486,56.8));
#11945 = B_SPLINE_CURVE_WITH_KNOTS('',2,(#11946,#11947,#11948),
  .UNSPECIFIED.,.F.,.F.,(3,3),(0.,1.),.PIECEWISE_BEZIER_KNOTS.);
#11946 = CARTESIAN_POINT('',(-42.18008810572,-2.998715124816,56.8));
#11947 = CARTESIAN_POINT('',(-42.11804698972,-2.916116005874,56.8));
#11948 = CARTESIAN_POINT('',(-42.03526431718,-2.83902349486,56.8));
#11949 = ORIENTED_EDGE('',*,*,#11950,.F.);
#11950 = EDGE_CURVE('',#11951,#11943,#11953,.T.);
#11951 = VERTEX_POINT('',#11952);
#11952 = CARTESIAN_POINT('',(-42.03526431718,-2.83902349486,57.4));
#11953 = B_SPLINE_CURVE_WITH_KNOTS('',1,(#11954,#11955),.UNSPECIFIED.,
  .F.,.F.,(2,2),(0.,0.6),.PIECEWISE_BEZIER_KNOTS.);
#11954 = CARTESIAN_POINT('',(-42.03526431718,-2.83902349486,57.4));
#11955 = CARTESIAN_POINT('',(-42.03526431718,-2.83902349486,56.8));
#11956 = ORIENTED_EDGE('',*,*,#11957,.F.);
#11957 = EDGE_CURVE('',#11919,#11951,#11958,.T.);
#11958 = B_SPLINE_CURVE_WITH_KNOTS('',2,(#11959,#11960,#11961),
  .UNSPECIFIED.,.F.,.F.,(3,3),(0.,1.),.PIECEWISE_BEZIER_KNOTS.);
#11959 = CARTESIAN_POINT('',(-42.18008810572,-2.998715124816,57.4));
#11960 = CARTESIAN_POINT('',(-42.11804698972,-2.916116005874,57.4));
#11961 = CARTESIAN_POINT('',(-42.03526431718,-2.83902349486,57.4));
#11962 = B_SPLINE_SURFACE_WITH_KNOTS('',2,1,(
    (#11963,#11964)
    ,(#11965,#11966)
    ,(#11967,#11968
    )),.UNSPECIFIED.,.F.,.F.,.F.,(3,3),(2,2),(0.,1.),(-0.6,0.),
  .PIECEWISE_BEZIER_KNOTS.);
#11963 = CARTESIAN_POINT('',(-42.18008810572,-2.998715124816,56.8));
#11964 = CARTESIAN_POINT('',(-42.18008810572,-2.998715124816,57.4));
#11965 = CARTESIAN_POINT('',(-42.11804698972,-2.916116005874,56.8));
#11966 = CARTESIAN_POINT('',(-42.11804698972,-2.916116005874,57.4));
#11967 = CARTESIAN_POINT('',(-42.03526431718,-2.83902349486,56.8));
#11968 = CARTESIAN_POINT('',(-42.03526431718,-2.83902349486,57.4));
#11969 = ADVANCED_FACE('',(#11970),#11994,.F.);
#11970 = FACE_BOUND('',#11971,.F.);
#11971 = EDGE_LOOP('',(#11972,#11973,#11981,#11988));
#11972 = ORIENTED_EDGE('',*,*,#11950,.T.);
#11973 = ORIENTED_EDGE('',*,*,#11974,.T.);
#11974 = EDGE_CURVE('',#11943,#11975,#11977,.T.);
#11975 = VERTEX_POINT('',#11976);
#11976 = CARTESIAN_POINT('',(-41.85740088105,-2.691813509545,56.8));
#11977 = B_SPLINE_CURVE_WITH_KNOTS('',2,(#11978,#11979,#11980),
  .UNSPECIFIED.,.F.,.F.,(3,3),(0.,1.),.PIECEWISE_BEZIER_KNOTS.);
#11978 = CARTESIAN_POINT('',(-42.03526431718,-2.83902349486,56.8));
#11979 = CARTESIAN_POINT('',(-41.95266519823,-2.761930983847,56.8));
#11980 = CARTESIAN_POINT('',(-41.85740088105,-2.691813509545,56.8));
#11981 = ORIENTED_EDGE('',*,*,#11982,.F.);
#11982 = EDGE_CURVE('',#11983,#11975,#11985,.T.);
#11983 = VERTEX_POINT('',#11984);
#11984 = CARTESIAN_POINT('',(-41.85740088105,-2.691813509545,57.4));
#11985 = B_SPLINE_CURVE_WITH_KNOTS('',1,(#11986,#11987),.UNSPECIFIED.,
  .F.,.F.,(2,2),(0.,0.6),.PIECEWISE_BEZIER_KNOTS.);
#11986 = CARTESIAN_POINT('',(-41.85740088105,-2.691813509545,57.4));
#11987 = CARTESIAN_POINT('',(-41.85740088105,-2.691813509545,56.8));
#11988 = ORIENTED_EDGE('',*,*,#11989,.F.);
#11989 = EDGE_CURVE('',#11951,#11983,#11990,.T.);
#11990 = B_SPLINE_CURVE_WITH_KNOTS('',2,(#11991,#11992,#11993),
  .UNSPECIFIED.,.F.,.F.,(3,3),(0.,1.),.PIECEWISE_BEZIER_KNOTS.);
#11991 = CARTESIAN_POINT('',(-42.03526431718,-2.83902349486,57.4));
#11992 = CARTESIAN_POINT('',(-41.95266519823,-2.761930983847,57.4));
#11993 = CARTESIAN_POINT('',(-41.85740088105,-2.691813509545,57.4));
#11994 = B_SPLINE_SURFACE_WITH_KNOTS('',2,1,(
    (#11995,#11996)
    ,(#11997,#11998)
    ,(#11999,#12000
    )),.UNSPECIFIED.,.F.,.F.,.F.,(3,3),(2,2),(0.,1.),(-0.6,0.),
  .PIECEWISE_BEZIER_KNOTS.);
#11995 = CARTESIAN_POINT('',(-42.03526431718,-2.83902349486,56.8));
#11996 = CARTESIAN_POINT('',(-42.03526431718,-2.83902349486,57.4));
#11997 = CARTESIAN_POINT('',(-41.95266519823,-2.761930983847,56.8));
#11998 = CARTESIAN_POINT('',(-41.95266519823,-2.761930983847,57.4));
#11999 = CARTESIAN_POINT('',(-41.85740088105,-2.691813509545,56.8));
#12000 = CARTESIAN_POINT('',(-41.85740088105,-2.691813509545,57.4));
#12001 = ADVANCED_FACE('',(#12002),#12026,.F.);
#12002 = FACE_BOUND('',#12003,.F.);
#12003 = EDGE_LOOP('',(#12004,#12005,#12013,#12020));
#12004 = ORIENTED_EDGE('',*,*,#11982,.T.);
#12005 = ORIENTED_EDGE('',*,*,#12006,.T.);
#12006 = EDGE_CURVE('',#11975,#12007,#12009,.T.);
#12007 = VERTEX_POINT('',#12008);
#12008 = CARTESIAN_POINT('',(-41.67127753304,-2.563693098385,56.8));
#12009 = B_SPLINE_CURVE_WITH_KNOTS('',2,(#12010,#12011,#12012),
  .UNSPECIFIED.,.F.,.F.,(3,3),(0.,1.),.PIECEWISE_BEZIER_KNOTS.);
#12010 = CARTESIAN_POINT('',(-41.85740088105,-2.691813509545,56.8));
#12011 = CARTESIAN_POINT('',(-41.76232011747,-2.621512481645,56.8));
#12012 = CARTESIAN_POINT('',(-41.67127753304,-2.563693098385,56.8));
#12013 = ORIENTED_EDGE('',*,*,#12014,.F.);
#12014 = EDGE_CURVE('',#12015,#12007,#12017,.T.);
#12015 = VERTEX_POINT('',#12016);
#12016 = CARTESIAN_POINT('',(-41.67127753304,-2.563693098385,57.4));
#12017 = B_SPLINE_CURVE_WITH_KNOTS('',1,(#12018,#12019),.UNSPECIFIED.,
  .F.,.F.,(2,2),(0.,0.6),.PIECEWISE_BEZIER_KNOTS.);
#12018 = CARTESIAN_POINT('',(-41.67127753304,-2.563693098385,57.4));
#12019 = CARTESIAN_POINT('',(-41.67127753304,-2.563693098385,56.8));
#12020 = ORIENTED_EDGE('',*,*,#12021,.F.);
#12021 = EDGE_CURVE('',#11983,#12015,#12022,.T.);
#12022 = B_SPLINE_CURVE_WITH_KNOTS('',2,(#12023,#12024,#12025),
  .UNSPECIFIED.,.F.,.F.,(3,3),(0.,1.),.PIECEWISE_BEZIER_KNOTS.);
#12023 = CARTESIAN_POINT('',(-41.85740088105,-2.691813509545,57.4));
#12024 = CARTESIAN_POINT('',(-41.76232011747,-2.621512481645,57.4));
#12025 = CARTESIAN_POINT('',(-41.67127753304,-2.563693098385,57.4));
#12026 = B_SPLINE_SURFACE_WITH_KNOTS('',2,1,(
    (#12027,#12028)
    ,(#12029,#12030)
    ,(#12031,#12032
    )),.UNSPECIFIED.,.F.,.F.,.F.,(3,3),(2,2),(0.,1.),(-0.6,0.),
  .PIECEWISE_BEZIER_KNOTS.);
#12027 = CARTESIAN_POINT('',(-41.85740088105,-2.691813509545,56.8));
#12028 = CARTESIAN_POINT('',(-41.85740088105,-2.691813509545,57.4));
#12029 = CARTESIAN_POINT('',(-41.76232011747,-2.621512481645,56.8));
#12030 = CARTESIAN_POINT('',(-41.76232011747,-2.621512481645,57.4));
#12031 = CARTESIAN_POINT('',(-41.67127753304,-2.563693098385,56.8));
#12032 = CARTESIAN_POINT('',(-41.67127753304,-2.563693098385,57.4));
#12033 = ADVANCED_FACE('',(#12034),#12048,.F.);
#12034 = FACE_BOUND('',#12035,.F.);
#12035 = EDGE_LOOP('',(#12036,#12037,#12042,#12043));
#12036 = ORIENTED_EDGE('',*,*,#12014,.T.);
#12037 = ORIENTED_EDGE('',*,*,#12038,.T.);
#12038 = EDGE_CURVE('',#12007,#11392,#12039,.T.);
#12039 = B_SPLINE_CURVE_WITH_KNOTS('',1,(#12040,#12041),.UNSPECIFIED.,
  .F.,.F.,(2,2),(0.,1.38733749452),.PIECEWISE_BEZIER_KNOTS.);
#12040 = CARTESIAN_POINT('',(-41.67127753304,-2.563693098385,56.8));
#12041 = CARTESIAN_POINT('',(-40.50167400881,-1.817547723935,56.8));
#12042 = ORIENTED_EDGE('',*,*,#11389,.F.);
#12043 = ORIENTED_EDGE('',*,*,#12044,.F.);
#12044 = EDGE_CURVE('',#12015,#11390,#12045,.T.);
#12045 = B_SPLINE_CURVE_WITH_KNOTS('',1,(#12046,#12047),.UNSPECIFIED.,
  .F.,.F.,(2,2),(0.,1.38733749452),.PIECEWISE_BEZIER_KNOTS.);
#12046 = CARTESIAN_POINT('',(-41.67127753304,-2.563693098385,57.4));
#12047 = CARTESIAN_POINT('',(-40.50167400881,-1.817547723935,57.4));
#12048 = B_SPLINE_SURFACE_WITH_KNOTS('',1,1,(
    (#12049,#12050)
    ,(#12051,#12052
    )),.UNSPECIFIED.,.F.,.F.,.F.,(2,2),(2,2),(0.,1.38733749452),(-0.6,0.
    ),.PIECEWISE_BEZIER_KNOTS.);
#12049 = CARTESIAN_POINT('',(-41.67127753304,-2.563693098385,56.8));
#12050 = CARTESIAN_POINT('',(-41.67127753304,-2.563693098385,57.4));
#12051 = CARTESIAN_POINT('',(-40.50167400881,-1.817547723935,56.8));
#12052 = CARTESIAN_POINT('',(-40.50167400881,-1.817547723935,57.4));
#12053 = ADVANCED_FACE('',(#12054),#12084,.F.);
#12054 = FACE_BOUND('',#12055,.F.);
#12055 = EDGE_LOOP('',(#12056,#12065,#12072,#12079));
#12056 = ORIENTED_EDGE('',*,*,#12057,.T.);
#12057 = EDGE_CURVE('',#12058,#12060,#12062,.T.);
#12058 = VERTEX_POINT('',#12059);
#12059 = CARTESIAN_POINT('',(-43.78251101321,-4.240455212922,57.4));
#12060 = VERTEX_POINT('',#12061);
#12061 = CARTESIAN_POINT('',(-43.78251101321,-4.240455212922,56.8));
#12062 = B_SPLINE_CURVE_WITH_KNOTS('',1,(#12063,#12064),.UNSPECIFIED.,
  .F.,.F.,(2,2),(0.,0.6),.PIECEWISE_BEZIER_KNOTS.);
#12063 = CARTESIAN_POINT('',(-43.78251101321,-4.240455212922,57.4));
#12064 = CARTESIAN_POINT('',(-43.78251101321,-4.240455212922,56.8));
#12065 = ORIENTED_EDGE('',*,*,#12066,.T.);
#12066 = EDGE_CURVE('',#12060,#12067,#12069,.T.);
#12067 = VERTEX_POINT('',#12068);
#12068 = CARTESIAN_POINT('',(-42.68889867841,-4.240455212922,56.8));
#12069 = B_SPLINE_CURVE_WITH_KNOTS('',1,(#12070,#12071),.UNSPECIFIED.,
  .F.,.F.,(2,2),(0.,1.093612334802),.PIECEWISE_BEZIER_KNOTS.);
#12070 = CARTESIAN_POINT('',(-43.78251101321,-4.240455212922,56.8));
#12071 = CARTESIAN_POINT('',(-42.68889867841,-4.240455212922,56.8));
#12072 = ORIENTED_EDGE('',*,*,#12073,.F.);
#12073 = EDGE_CURVE('',#12074,#12067,#12076,.T.);
#12074 = VERTEX_POINT('',#12075);
#12075 = CARTESIAN_POINT('',(-42.68889867841,-4.240455212922,57.4));
#12076 = B_SPLINE_CURVE_WITH_KNOTS('',1,(#12077,#12078),.UNSPECIFIED.,
  .F.,.F.,(2,2),(0.,0.6),.PIECEWISE_BEZIER_KNOTS.);
#12077 = CARTESIAN_POINT('',(-42.68889867841,-4.240455212922,57.4));
#12078 = CARTESIAN_POINT('',(-42.68889867841,-4.240455212922,56.8));
#12079 = ORIENTED_EDGE('',*,*,#12080,.F.);
#12080 = EDGE_CURVE('',#12058,#12074,#12081,.T.);
#12081 = B_SPLINE_CURVE_WITH_KNOTS('',1,(#12082,#12083),.UNSPECIFIED.,
  .F.,.F.,(2,2),(0.,1.093612334802),.PIECEWISE_BEZIER_KNOTS.);
#12082 = CARTESIAN_POINT('',(-43.78251101321,-4.240455212922,57.4));
#12083 = CARTESIAN_POINT('',(-42.68889867841,-4.240455212922,57.4));
#12084 = B_SPLINE_SURFACE_WITH_KNOTS('',1,1,(
    (#12085,#12086)
    ,(#12087,#12088
    )),.UNSPECIFIED.,.F.,.F.,.F.,(2,2),(2,2),(0.,1.093612334802),(-0.6,
    0.),.PIECEWISE_BEZIER_KNOTS.);
#12085 = CARTESIAN_POINT('',(-43.78251101321,-4.240455212922,56.8));
#12086 = CARTESIAN_POINT('',(-43.78251101321,-4.240455212922,57.4));
#12087 = CARTESIAN_POINT('',(-42.68889867841,-4.240455212922,56.8));
#12088 = CARTESIAN_POINT('',(-42.68889867841,-4.240455212922,57.4));
#12089 = ADVANCED_FACE('',(#12090),#12112,.F.);
#12090 = FACE_BOUND('',#12091,.F.);
#12091 = EDGE_LOOP('',(#12092,#12093,#12100,#12107));
#12092 = ORIENTED_EDGE('',*,*,#12073,.T.);
#12093 = ORIENTED_EDGE('',*,*,#12094,.T.);
#12094 = EDGE_CURVE('',#12067,#12095,#12097,.T.);
#12095 = VERTEX_POINT('',#12096);
#12096 = CARTESIAN_POINT('',(-42.68889867841,-3.854992657856,56.8));
#12097 = B_SPLINE_CURVE_WITH_KNOTS('',1,(#12098,#12099),.UNSPECIFIED.,
  .F.,.F.,(2,2),(0.,0.385462555066),.PIECEWISE_BEZIER_KNOTS.);
#12098 = CARTESIAN_POINT('',(-42.68889867841,-4.240455212922,56.8));
#12099 = CARTESIAN_POINT('',(-42.68889867841,-3.854992657856,56.8));
#12100 = ORIENTED_EDGE('',*,*,#12101,.F.);
#12101 = EDGE_CURVE('',#12102,#12095,#12104,.T.);
#12102 = VERTEX_POINT('',#12103);
#12103 = CARTESIAN_POINT('',(-42.68889867841,-3.854992657856,57.4));
#12104 = B_SPLINE_CURVE_WITH_KNOTS('',1,(#12105,#12106),.UNSPECIFIED.,
  .F.,.F.,(2,2),(0.,0.6),.PIECEWISE_BEZIER_KNOTS.);
#12105 = CARTESIAN_POINT('',(-42.68889867841,-3.854992657856,57.4));
#12106 = CARTESIAN_POINT('',(-42.68889867841,-3.854992657856,56.8));
#12107 = ORIENTED_EDGE('',*,*,#12108,.F.);
#12108 = EDGE_CURVE('',#12074,#12102,#12109,.T.);
#12109 = B_SPLINE_CURVE_WITH_KNOTS('',1,(#12110,#12111),.UNSPECIFIED.,
  .F.,.F.,(2,2),(0.,0.385462555066),.PIECEWISE_BEZIER_KNOTS.);
#12110 = CARTESIAN_POINT('',(-42.68889867841,-4.240455212922,57.4));
#12111 = CARTESIAN_POINT('',(-42.68889867841,-3.854992657856,57.4));
#12112 = B_SPLINE_SURFACE_WITH_KNOTS('',1,1,(
    (#12113,#12114)
    ,(#12115,#12116
    )),.UNSPECIFIED.,.F.,.F.,.F.,(2,2),(2,2),(0.,0.385462555066),(-0.6,
    0.),.PIECEWISE_BEZIER_KNOTS.);
#12113 = CARTESIAN_POINT('',(-42.68889867841,-4.240455212922,56.8));
#12114 = CARTESIAN_POINT('',(-42.68889867841,-4.240455212922,57.4));
#12115 = CARTESIAN_POINT('',(-42.68889867841,-3.854992657856,56.8));
#12116 = CARTESIAN_POINT('',(-42.68889867841,-3.854992657856,57.4));
#12117 = ADVANCED_FACE('',(#12118),#12142,.F.);
#12118 = FACE_BOUND('',#12119,.F.);
#12119 = EDGE_LOOP('',(#12120,#12121,#12129,#12136));
#12120 = ORIENTED_EDGE('',*,*,#12101,.T.);
#12121 = ORIENTED_EDGE('',*,*,#12122,.T.);
#12122 = EDGE_CURVE('',#12095,#12123,#12125,.T.);
#12123 = VERTEX_POINT('',#12124);
#12124 = CARTESIAN_POINT('',(-42.8533627019,-3.395190895742,56.8));
#12125 = B_SPLINE_CURVE_WITH_KNOTS('',2,(#12126,#12127,#12128),
  .UNSPECIFIED.,.F.,.F.,(3,3),(0.,1.),.PIECEWISE_BEZIER_KNOTS.);
#12126 = CARTESIAN_POINT('',(-42.68889867841,-3.854992657856,56.8));
#12127 = CARTESIAN_POINT('',(-42.68889867841,-3.568649045521,56.8));
#12128 = CARTESIAN_POINT('',(-42.8533627019,-3.395190895742,56.8));
#12129 = ORIENTED_EDGE('',*,*,#12130,.F.);
#12130 = EDGE_CURVE('',#12131,#12123,#12133,.T.);
#12131 = VERTEX_POINT('',#12132);
#12132 = CARTESIAN_POINT('',(-42.8533627019,-3.395190895742,57.4));
#12133 = B_SPLINE_CURVE_WITH_KNOTS('',1,(#12134,#12135),.UNSPECIFIED.,
  .F.,.F.,(2,2),(0.,0.6),.PIECEWISE_BEZIER_KNOTS.);
#12134 = CARTESIAN_POINT('',(-42.8533627019,-3.395190895742,57.4));
#12135 = CARTESIAN_POINT('',(-42.8533627019,-3.395190895742,56.8));
#12136 = ORIENTED_EDGE('',*,*,#12137,.F.);
#12137 = EDGE_CURVE('',#12102,#12131,#12138,.T.);
#12138 = B_SPLINE_CURVE_WITH_KNOTS('',2,(#12139,#12140,#12141),
  .UNSPECIFIED.,.F.,.F.,(3,3),(0.,1.),.PIECEWISE_BEZIER_KNOTS.);
#12139 = CARTESIAN_POINT('',(-42.68889867841,-3.854992657856,57.4));
#12140 = CARTESIAN_POINT('',(-42.68889867841,-3.568649045521,57.4));
#12141 = CARTESIAN_POINT('',(-42.8533627019,-3.395190895742,57.4));
#12142 = B_SPLINE_SURFACE_WITH_KNOTS('',2,1,(
    (#12143,#12144)
    ,(#12145,#12146)
    ,(#12147,#12148
    )),.UNSPECIFIED.,.F.,.F.,.F.,(3,3),(2,2),(0.,1.),(-0.6,0.),
  .PIECEWISE_BEZIER_KNOTS.);
#12143 = CARTESIAN_POINT('',(-42.68889867841,-3.854992657856,56.8));
#12144 = CARTESIAN_POINT('',(-42.68889867841,-3.854992657856,57.4));
#12145 = CARTESIAN_POINT('',(-42.68889867841,-3.568649045521,56.8));
#12146 = CARTESIAN_POINT('',(-42.68889867841,-3.568649045521,57.4));
#12147 = CARTESIAN_POINT('',(-42.8533627019,-3.395190895742,56.8));
#12148 = CARTESIAN_POINT('',(-42.8533627019,-3.395190895742,57.4));
#12149 = ADVANCED_FACE('',(#12150),#12174,.F.);
#12150 = FACE_BOUND('',#12151,.F.);
#12151 = EDGE_LOOP('',(#12152,#12153,#12161,#12168));
#12152 = ORIENTED_EDGE('',*,*,#12130,.T.);
#12153 = ORIENTED_EDGE('',*,*,#12154,.T.);
#12154 = EDGE_CURVE('',#12123,#12155,#12157,.T.);
#12155 = VERTEX_POINT('',#12156);
#12156 = CARTESIAN_POINT('',(-43.26727606461,-3.218979441997,56.8));
#12157 = B_SPLINE_CURVE_WITH_KNOTS('',2,(#12158,#12159,#12160),
  .UNSPECIFIED.,.F.,.F.,(3,3),(0.,1.),.PIECEWISE_BEZIER_KNOTS.);
#12158 = CARTESIAN_POINT('',(-42.8533627019,-3.395190895742,56.8));
#12159 = CARTESIAN_POINT('',(-43.02058002936,-3.218979441997,56.8));
#12160 = CARTESIAN_POINT('',(-43.26727606461,-3.218979441997,56.8));
#12161 = ORIENTED_EDGE('',*,*,#12162,.F.);
#12162 = EDGE_CURVE('',#12163,#12155,#12165,.T.);
#12163 = VERTEX_POINT('',#12164);
#12164 = CARTESIAN_POINT('',(-43.26727606461,-3.218979441997,57.4));
#12165 = B_SPLINE_CURVE_WITH_KNOTS('',1,(#12166,#12167),.UNSPECIFIED.,
  .F.,.F.,(2,2),(0.,0.6),.PIECEWISE_BEZIER_KNOTS.);
#12166 = CARTESIAN_POINT('',(-43.26727606461,-3.218979441997,57.4));
#12167 = CARTESIAN_POINT('',(-43.26727606461,-3.218979441997,56.8));
#12168 = ORIENTED_EDGE('',*,*,#12169,.F.);
#12169 = EDGE_CURVE('',#12131,#12163,#12170,.T.);
#12170 = B_SPLINE_CURVE_WITH_KNOTS('',2,(#12171,#12172,#12173),
  .UNSPECIFIED.,.F.,.F.,(3,3),(0.,1.),.PIECEWISE_BEZIER_KNOTS.);
#12171 = CARTESIAN_POINT('',(-42.8533627019,-3.395190895742,57.4));
#12172 = CARTESIAN_POINT('',(-43.02058002936,-3.218979441997,57.4));
#12173 = CARTESIAN_POINT('',(-43.26727606461,-3.218979441997,57.4));
#12174 = B_SPLINE_SURFACE_WITH_KNOTS('',2,1,(
    (#12175,#12176)
    ,(#12177,#12178)
    ,(#12179,#12180
    )),.UNSPECIFIED.,.F.,.F.,.F.,(3,3),(2,2),(0.,1.),(-0.6,0.),
  .PIECEWISE_BEZIER_KNOTS.);
#12175 = CARTESIAN_POINT('',(-42.8533627019,-3.395190895742,56.8));
#12176 = CARTESIAN_POINT('',(-42.8533627019,-3.395190895742,57.4));
#12177 = CARTESIAN_POINT('',(-43.02058002936,-3.218979441997,56.8));
#12178 = CARTESIAN_POINT('',(-43.02058002936,-3.218979441997,57.4));
#12179 = CARTESIAN_POINT('',(-43.26727606461,-3.218979441997,56.8));
#12180 = CARTESIAN_POINT('',(-43.26727606461,-3.218979441997,57.4));
#12181 = ADVANCED_FACE('',(#12182),#12206,.F.);
#12182 = FACE_BOUND('',#12183,.F.);
#12183 = EDGE_LOOP('',(#12184,#12185,#12193,#12200));
#12184 = ORIENTED_EDGE('',*,*,#12162,.T.);
#12185 = ORIENTED_EDGE('',*,*,#12186,.T.);
#12186 = EDGE_CURVE('',#12155,#12187,#12189,.T.);
#12187 = VERTEX_POINT('',#12188);
#12188 = CARTESIAN_POINT('',(-43.78251101321,-3.838472834068,56.8));
#12189 = B_SPLINE_CURVE_WITH_KNOTS('',2,(#12190,#12191,#12192),
  .UNSPECIFIED.,.F.,.F.,(3,3),(0.,1.),.PIECEWISE_BEZIER_KNOTS.);
#12190 = CARTESIAN_POINT('',(-43.26727606461,-3.218979441997,56.8));
#12191 = CARTESIAN_POINT('',(-43.78251101321,-3.218979441997,56.8));
#12192 = CARTESIAN_POINT('',(-43.78251101321,-3.838472834068,56.8));
#12193 = ORIENTED_EDGE('',*,*,#12194,.F.);
#12194 = EDGE_CURVE('',#12195,#12187,#12197,.T.);
#12195 = VERTEX_POINT('',#12196);
#12196 = CARTESIAN_POINT('',(-43.78251101321,-3.838472834068,57.4));
#12197 = B_SPLINE_CURVE_WITH_KNOTS('',1,(#12198,#12199),.UNSPECIFIED.,
  .F.,.F.,(2,2),(0.,0.6),.PIECEWISE_BEZIER_KNOTS.);
#12198 = CARTESIAN_POINT('',(-43.78251101321,-3.838472834068,57.4));
#12199 = CARTESIAN_POINT('',(-43.78251101321,-3.838472834068,56.8));
#12200 = ORIENTED_EDGE('',*,*,#12201,.F.);
#12201 = EDGE_CURVE('',#12163,#12195,#12202,.T.);
#12202 = B_SPLINE_CURVE_WITH_KNOTS('',2,(#12203,#12204,#12205),
  .UNSPECIFIED.,.F.,.F.,(3,3),(0.,1.),.PIECEWISE_BEZIER_KNOTS.);
#12203 = CARTESIAN_POINT('',(-43.26727606461,-3.218979441997,57.4));
#12204 = CARTESIAN_POINT('',(-43.78251101321,-3.218979441997,57.4));
#12205 = CARTESIAN_POINT('',(-43.78251101321,-3.838472834068,57.4));
#12206 = B_SPLINE_SURFACE_WITH_KNOTS('',2,1,(
    (#12207,#12208)
    ,(#12209,#12210)
    ,(#12211,#12212
    )),.UNSPECIFIED.,.F.,.F.,.F.,(3,3),(2,2),(0.,1.),(-0.6,0.),
  .PIECEWISE_BEZIER_KNOTS.);
#12207 = CARTESIAN_POINT('',(-43.26727606461,-3.218979441997,56.8));
#12208 = CARTESIAN_POINT('',(-43.26727606461,-3.218979441997,57.4));
#12209 = CARTESIAN_POINT('',(-43.78251101321,-3.218979441997,56.8));
#12210 = CARTESIAN_POINT('',(-43.78251101321,-3.218979441997,57.4));
#12211 = CARTESIAN_POINT('',(-43.78251101321,-3.838472834068,56.8));
#12212 = CARTESIAN_POINT('',(-43.78251101321,-3.838472834068,57.4));
#12213 = ADVANCED_FACE('',(#12214),#12228,.F.);
#12214 = FACE_BOUND('',#12215,.F.);
#12215 = EDGE_LOOP('',(#12216,#12217,#12222,#12223));
#12216 = ORIENTED_EDGE('',*,*,#12194,.T.);
#12217 = ORIENTED_EDGE('',*,*,#12218,.T.);
#12218 = EDGE_CURVE('',#12187,#12060,#12219,.T.);
#12219 = B_SPLINE_CURVE_WITH_KNOTS('',1,(#12220,#12221),.UNSPECIFIED.,
  .F.,.F.,(2,2),(0.,0.401982378855),.PIECEWISE_BEZIER_KNOTS.);
#12220 = CARTESIAN_POINT('',(-43.78251101321,-3.838472834068,56.8));
#12221 = CARTESIAN_POINT('',(-43.78251101321,-4.240455212922,56.8));
#12222 = ORIENTED_EDGE('',*,*,#12057,.F.);
#12223 = ORIENTED_EDGE('',*,*,#12224,.F.);
#12224 = EDGE_CURVE('',#12195,#12058,#12225,.T.);
#12225 = B_SPLINE_CURVE_WITH_KNOTS('',1,(#12226,#12227),.UNSPECIFIED.,
  .F.,.F.,(2,2),(0.,0.401982378855),.PIECEWISE_BEZIER_KNOTS.);
#12226 = CARTESIAN_POINT('',(-43.78251101321,-3.838472834068,57.4));
#12227 = CARTESIAN_POINT('',(-43.78251101321,-4.240455212922,57.4));
#12228 = B_SPLINE_SURFACE_WITH_KNOTS('',1,1,(
    (#12229,#12230)
    ,(#12231,#12232
    )),.UNSPECIFIED.,.F.,.F.,.F.,(2,2),(2,2),(0.,0.401982378855),(-0.6,
    0.),.PIECEWISE_BEZIER_KNOTS.);
#12229 = CARTESIAN_POINT('',(-43.78251101321,-3.838472834068,56.8));
#12230 = CARTESIAN_POINT('',(-43.78251101321,-3.838472834068,57.4));
#12231 = CARTESIAN_POINT('',(-43.78251101321,-4.240455212922,56.8));
#12232 = CARTESIAN_POINT('',(-43.78251101321,-4.240455212922,57.4));
#12233 = ADVANCED_FACE('',(#12234,#12258),#12266,.T.);
#12234 = FACE_BOUND('',#12235,.F.);
#12235 = EDGE_LOOP('',(#12236,#12237,#12238,#12239,#12240,#12241,#12242,
    #12243,#12244,#12245,#12246,#12247,#12248,#12249,#12250,#12251,
    #12252,#12253,#12254,#12255,#12256,#12257));
#12236 = ORIENTED_EDGE('',*,*,#11412,.T.);
#12237 = ORIENTED_EDGE('',*,*,#11440,.T.);
#12238 = ORIENTED_EDGE('',*,*,#11469,.T.);
#12239 = ORIENTED_EDGE('',*,*,#11501,.T.);
#12240 = ORIENTED_EDGE('',*,*,#11533,.T.);
#12241 = ORIENTED_EDGE('',*,*,#11565,.T.);
#12242 = ORIENTED_EDGE('',*,*,#11596,.T.);
#12243 = ORIENTED_EDGE('',*,*,#11624,.T.);
#12244 = ORIENTED_EDGE('',*,*,#11652,.T.);
#12245 = ORIENTED_EDGE('',*,*,#11680,.T.);
#12246 = ORIENTED_EDGE('',*,*,#11708,.T.);
#12247 = ORIENTED_EDGE('',*,*,#11737,.T.);
#12248 = ORIENTED_EDGE('',*,*,#11769,.T.);
#12249 = ORIENTED_EDGE('',*,*,#11801,.T.);
#12250 = ORIENTED_EDGE('',*,*,#11833,.T.);
#12251 = ORIENTED_EDGE('',*,*,#11865,.T.);
#12252 = ORIENTED_EDGE('',*,*,#11896,.T.);
#12253 = ORIENTED_EDGE('',*,*,#11925,.T.);
#12254 = ORIENTED_EDGE('',*,*,#11957,.T.);
#12255 = ORIENTED_EDGE('',*,*,#11989,.T.);
#12256 = ORIENTED_EDGE('',*,*,#12021,.T.);
#12257 = ORIENTED_EDGE('',*,*,#12044,.T.);
#12258 = FACE_BOUND('',#12259,.F.);
#12259 = EDGE_LOOP('',(#12260,#12261,#12262,#12263,#12264,#12265));
#12260 = ORIENTED_EDGE('',*,*,#12080,.T.);
#12261 = ORIENTED_EDGE('',*,*,#12108,.T.);
#12262 = ORIENTED_EDGE('',*,*,#12137,.T.);
#12263 = ORIENTED_EDGE('',*,*,#12169,.T.);
#12264 = ORIENTED_EDGE('',*,*,#12201,.T.);
#12265 = ORIENTED_EDGE('',*,*,#12224,.T.);
#12266 = B_SPLINE_SURFACE_WITH_KNOTS('',1,1,(
    (#12267,#12268)
    ,(#12269,#12270
    )),.UNSPECIFIED.,.F.,.F.,.F.,(2,2),(2,2),(-1.399304936856,
    1.912919732748),(-1.919833240437,2.02730332344),
  .PIECEWISE_BEZIER_KNOTS.);
#12267 = CARTESIAN_POINT('',(-40.50167400881,-5.129772393539,57.4));
#12268 = CARTESIAN_POINT('',(-44.44881057268,-5.129772393539,57.4));
#12269 = CARTESIAN_POINT('',(-40.50167400881,-1.817547723935,57.4));
#12270 = CARTESIAN_POINT('',(-44.44881057268,-1.817547723935,57.4));
#12271 = ADVANCED_FACE('',(#12272,#12296),#12304,.F.);
#12272 = FACE_BOUND('',#12273,.T.);
#12273 = EDGE_LOOP('',(#12274,#12275,#12276,#12277,#12278,#12279,#12280,
    #12281,#12282,#12283,#12284,#12285,#12286,#12287,#12288,#12289,
    #12290,#12291,#12292,#12293,#12294,#12295));
#12274 = ORIENTED_EDGE('',*,*,#11398,.T.);
#12275 = ORIENTED_EDGE('',*,*,#11426,.T.);
#12276 = ORIENTED_EDGE('',*,*,#11454,.T.);
#12277 = ORIENTED_EDGE('',*,*,#11486,.T.);
#12278 = ORIENTED_EDGE('',*,*,#11518,.T.);
#12279 = ORIENTED_EDGE('',*,*,#11550,.T.);
#12280 = ORIENTED_EDGE('',*,*,#11582,.T.);
#12281 = ORIENTED_EDGE('',*,*,#11610,.T.);
#12282 = ORIENTED_EDGE('',*,*,#11638,.T.);
#12283 = ORIENTED_EDGE('',*,*,#11666,.T.);
#12284 = ORIENTED_EDGE('',*,*,#11694,.T.);
#12285 = ORIENTED_EDGE('',*,*,#11722,.T.);
#12286 = ORIENTED_EDGE('',*,*,#11754,.T.);
#12287 = ORIENTED_EDGE('',*,*,#11786,.T.);
#12288 = ORIENTED_EDGE('',*,*,#11818,.T.);
#12289 = ORIENTED_EDGE('',*,*,#11850,.T.);
#12290 = ORIENTED_EDGE('',*,*,#11882,.T.);
#12291 = ORIENTED_EDGE('',*,*,#11910,.T.);
#12292 = ORIENTED_EDGE('',*,*,#11942,.T.);
#12293 = ORIENTED_EDGE('',*,*,#11974,.T.);
#12294 = ORIENTED_EDGE('',*,*,#12006,.T.);
#12295 = ORIENTED_EDGE('',*,*,#12038,.T.);
#12296 = FACE_BOUND('',#12297,.T.);
#12297 = EDGE_LOOP('',(#12298,#12299,#12300,#12301,#12302,#12303));
#12298 = ORIENTED_EDGE('',*,*,#12066,.T.);
#12299 = ORIENTED_EDGE('',*,*,#12094,.T.);
#12300 = ORIENTED_EDGE('',*,*,#12122,.T.);
#12301 = ORIENTED_EDGE('',*,*,#12154,.T.);
#12302 = ORIENTED_EDGE('',*,*,#12186,.T.);
#12303 = ORIENTED_EDGE('',*,*,#12218,.T.);
#12304 = B_SPLINE_SURFACE_WITH_KNOTS('',1,1,(
    (#12305,#12306)
    ,(#12307,#12308
    )),.UNSPECIFIED.,.F.,.F.,.F.,(2,2),(2,2),(-1.399304936856,
    1.912919732748),(-1.919833240437,2.02730332344),
  .PIECEWISE_BEZIER_KNOTS.);
#12305 = CARTESIAN_POINT('',(-40.50167400881,-5.129772393539,56.8));
#12306 = CARTESIAN_POINT('',(-44.44881057268,-5.129772393539,56.8));
#12307 = CARTESIAN_POINT('',(-40.50167400881,-1.817547723935,56.8));
#12308 = CARTESIAN_POINT('',(-44.44881057268,-1.817547723935,56.8));
#12309 = MANIFOLD_SOLID_BREP('',#12310);
#12310 = CLOSED_SHELL('',(#12311,#12347,#12375,#12403,#12423,#12435));
#12311 = ADVANCED_FACE('',(#12312),#12342,.F.);
#12312 = FACE_BOUND('',#12313,.F.);
#12313 = EDGE_LOOP('',(#12314,#12323,#12330,#12337));
#12314 = ORIENTED_EDGE('',*,*,#12315,.T.);
#12315 = EDGE_CURVE('',#12316,#12318,#12320,.T.);
#12316 = VERTEX_POINT('',#12317);
#12317 = CARTESIAN_POINT('',(-40.50167400881,-0.563509544787,57.4));
#12318 = VERTEX_POINT('',#12319);
#12319 = CARTESIAN_POINT('',(-40.50167400881,-0.563509544787,56.8));
#12320 = B_SPLINE_CURVE_WITH_KNOTS('',1,(#12321,#12322),.UNSPECIFIED.,
  .F.,.F.,(2,2),(0.,0.6),.PIECEWISE_BEZIER_KNOTS.);
#12321 = CARTESIAN_POINT('',(-40.50167400881,-0.563509544787,57.4));
#12322 = CARTESIAN_POINT('',(-40.50167400881,-0.563509544787,56.8));
#12323 = ORIENTED_EDGE('',*,*,#12324,.T.);
#12324 = EDGE_CURVE('',#12318,#12325,#12327,.T.);
#12325 = VERTEX_POINT('',#12326);
#12326 = CARTESIAN_POINT('',(-40.50167400881,-1.452826725404,56.8));
#12327 = B_SPLINE_CURVE_WITH_KNOTS('',1,(#12328,#12329),.UNSPECIFIED.,
  .F.,.F.,(2,2),(0.,0.889317180617),.PIECEWISE_BEZIER_KNOTS.);
#12328 = CARTESIAN_POINT('',(-40.50167400881,-0.563509544787,56.8));
#12329 = CARTESIAN_POINT('',(-40.50167400881,-1.452826725404,56.8));
#12330 = ORIENTED_EDGE('',*,*,#12331,.F.);
#12331 = EDGE_CURVE('',#12332,#12325,#12334,.T.);
#12332 = VERTEX_POINT('',#12333);
#12333 = CARTESIAN_POINT('',(-40.50167400881,-1.452826725404,57.4));
#12334 = B_SPLINE_CURVE_WITH_KNOTS('',1,(#12335,#12336),.UNSPECIFIED.,
  .F.,.F.,(2,2),(0.,0.6),.PIECEWISE_BEZIER_KNOTS.);
#12335 = CARTESIAN_POINT('',(-40.50167400881,-1.452826725404,57.4));
#12336 = CARTESIAN_POINT('',(-40.50167400881,-1.452826725404,56.8));
#12337 = ORIENTED_EDGE('',*,*,#12338,.F.);
#12338 = EDGE_CURVE('',#12316,#12332,#12339,.T.);
#12339 = B_SPLINE_CURVE_WITH_KNOTS('',1,(#12340,#12341),.UNSPECIFIED.,
  .F.,.F.,(2,2),(0.,0.889317180617),.PIECEWISE_BEZIER_KNOTS.);
#12340 = CARTESIAN_POINT('',(-40.50167400881,-0.563509544787,57.4));
#12341 = CARTESIAN_POINT('',(-40.50167400881,-1.452826725404,57.4));
#12342 = B_SPLINE_SURFACE_WITH_KNOTS('',1,1,(
    (#12343,#12344)
    ,(#12345,#12346
    )),.UNSPECIFIED.,.F.,.F.,.F.,(2,2),(2,2),(0.,0.889317180617),(-0.6,
    0.),.PIECEWISE_BEZIER_KNOTS.);
#12343 = CARTESIAN_POINT('',(-40.50167400881,-0.563509544787,56.8));
#12344 = CARTESIAN_POINT('',(-40.50167400881,-0.563509544787,57.4));
#12345 = CARTESIAN_POINT('',(-40.50167400881,-1.452826725404,56.8));
#12346 = CARTESIAN_POINT('',(-40.50167400881,-1.452826725404,57.4));
#12347 = ADVANCED_FACE('',(#12348),#12370,.F.);
#12348 = FACE_BOUND('',#12349,.F.);
#12349 = EDGE_LOOP('',(#12350,#12351,#12358,#12365));
#12350 = ORIENTED_EDGE('',*,*,#12331,.T.);
#12351 = ORIENTED_EDGE('',*,*,#12352,.T.);
#12352 = EDGE_CURVE('',#12325,#12353,#12355,.T.);
#12353 = VERTEX_POINT('',#12354);
#12354 = CARTESIAN_POINT('',(-44.44881057268,-1.452826725404,56.8));
#12355 = B_SPLINE_CURVE_WITH_KNOTS('',1,(#12356,#12357),.UNSPECIFIED.,
  .F.,.F.,(2,2),(0.,3.947136563877),.PIECEWISE_BEZIER_KNOTS.);
#12356 = CARTESIAN_POINT('',(-40.50167400881,-1.452826725404,56.8));
#12357 = CARTESIAN_POINT('',(-44.44881057268,-1.452826725404,56.8));
#12358 = ORIENTED_EDGE('',*,*,#12359,.F.);
#12359 = EDGE_CURVE('',#12360,#12353,#12362,.T.);
#12360 = VERTEX_POINT('',#12361);
#12361 = CARTESIAN_POINT('',(-44.44881057268,-1.452826725404,57.4));
#12362 = B_SPLINE_CURVE_WITH_KNOTS('',1,(#12363,#12364),.UNSPECIFIED.,
  .F.,.F.,(2,2),(0.,0.6),.PIECEWISE_BEZIER_KNOTS.);
#12363 = CARTESIAN_POINT('',(-44.44881057268,-1.452826725404,57.4));
#12364 = CARTESIAN_POINT('',(-44.44881057268,-1.452826725404,56.8));
#12365 = ORIENTED_EDGE('',*,*,#12366,.F.);
#12366 = EDGE_CURVE('',#12332,#12360,#12367,.T.);
#12367 = B_SPLINE_CURVE_WITH_KNOTS('',1,(#12368,#12369),.UNSPECIFIED.,
  .F.,.F.,(2,2),(0.,3.947136563877),.PIECEWISE_BEZIER_KNOTS.);
#12368 = CARTESIAN_POINT('',(-40.50167400881,-1.452826725404,57.4));
#12369 = CARTESIAN_POINT('',(-44.44881057268,-1.452826725404,57.4));
#12370 = B_SPLINE_SURFACE_WITH_KNOTS('',1,1,(
    (#12371,#12372)
    ,(#12373,#12374
    )),.UNSPECIFIED.,.F.,.F.,.F.,(2,2),(2,2),(0.,3.947136563877),(-0.6,
    0.),.PIECEWISE_BEZIER_KNOTS.);
#12371 = CARTESIAN_POINT('',(-40.50167400881,-1.452826725404,56.8));
#12372 = CARTESIAN_POINT('',(-40.50167400881,-1.452826725404,57.4));
#12373 = CARTESIAN_POINT('',(-44.44881057268,-1.452826725404,56.8));
#12374 = CARTESIAN_POINT('',(-44.44881057268,-1.452826725404,57.4));
#12375 = ADVANCED_FACE('',(#12376),#12398,.F.);
#12376 = FACE_BOUND('',#12377,.F.);
#12377 = EDGE_LOOP('',(#12378,#12379,#12386,#12393));
#12378 = ORIENTED_EDGE('',*,*,#12359,.T.);
#12379 = ORIENTED_EDGE('',*,*,#12380,.T.);
#12380 = EDGE_CURVE('',#12353,#12381,#12383,.T.);
#12381 = VERTEX_POINT('',#12382);
#12382 = CARTESIAN_POINT('',(-44.44881057268,-0.563509544787,56.8));
#12383 = B_SPLINE_CURVE_WITH_KNOTS('',1,(#12384,#12385),.UNSPECIFIED.,
  .F.,.F.,(2,2),(0.,0.889317180617),.PIECEWISE_BEZIER_KNOTS.);
#12384 = CARTESIAN_POINT('',(-44.44881057268,-1.452826725404,56.8));
#12385 = CARTESIAN_POINT('',(-44.44881057268,-0.563509544787,56.8));
#12386 = ORIENTED_EDGE('',*,*,#12387,.F.);
#12387 = EDGE_CURVE('',#12388,#12381,#12390,.T.);
#12388 = VERTEX_POINT('',#12389);
#12389 = CARTESIAN_POINT('',(-44.44881057268,-0.563509544787,57.4));
#12390 = B_SPLINE_CURVE_WITH_KNOTS('',1,(#12391,#12392),.UNSPECIFIED.,
  .F.,.F.,(2,2),(0.,0.6),.PIECEWISE_BEZIER_KNOTS.);
#12391 = CARTESIAN_POINT('',(-44.44881057268,-0.563509544787,57.4));
#12392 = CARTESIAN_POINT('',(-44.44881057268,-0.563509544787,56.8));
#12393 = ORIENTED_EDGE('',*,*,#12394,.F.);
#12394 = EDGE_CURVE('',#12360,#12388,#12395,.T.);
#12395 = B_SPLINE_CURVE_WITH_KNOTS('',1,(#12396,#12397),.UNSPECIFIED.,
  .F.,.F.,(2,2),(0.,0.889317180617),.PIECEWISE_BEZIER_KNOTS.);
#12396 = CARTESIAN_POINT('',(-44.44881057268,-1.452826725404,57.4));
#12397 = CARTESIAN_POINT('',(-44.44881057268,-0.563509544787,57.4));
#12398 = B_SPLINE_SURFACE_WITH_KNOTS('',1,1,(
    (#12399,#12400)
    ,(#12401,#12402
    )),.UNSPECIFIED.,.F.,.F.,.F.,(2,2),(2,2),(0.,0.889317180617),(-0.6,
    0.),.PIECEWISE_BEZIER_KNOTS.);
#12399 = CARTESIAN_POINT('',(-44.44881057268,-1.452826725404,56.8));
#12400 = CARTESIAN_POINT('',(-44.44881057268,-1.452826725404,57.4));
#12401 = CARTESIAN_POINT('',(-44.44881057268,-0.563509544787,56.8));
#12402 = CARTESIAN_POINT('',(-44.44881057268,-0.563509544787,57.4));
#12403 = ADVANCED_FACE('',(#12404),#12418,.F.);
#12404 = FACE_BOUND('',#12405,.F.);
#12405 = EDGE_LOOP('',(#12406,#12407,#12412,#12413));
#12406 = ORIENTED_EDGE('',*,*,#12387,.T.);
#12407 = ORIENTED_EDGE('',*,*,#12408,.T.);
#12408 = EDGE_CURVE('',#12381,#12318,#12409,.T.);
#12409 = B_SPLINE_CURVE_WITH_KNOTS('',1,(#12410,#12411),.UNSPECIFIED.,
  .F.,.F.,(2,2),(0.,3.947136563877),.PIECEWISE_BEZIER_KNOTS.);
#12410 = CARTESIAN_POINT('',(-44.44881057268,-0.563509544787,56.8));
#12411 = CARTESIAN_POINT('',(-40.50167400881,-0.563509544787,56.8));
#12412 = ORIENTED_EDGE('',*,*,#12315,.F.);
#12413 = ORIENTED_EDGE('',*,*,#12414,.F.);
#12414 = EDGE_CURVE('',#12388,#12316,#12415,.T.);
#12415 = B_SPLINE_CURVE_WITH_KNOTS('',1,(#12416,#12417),.UNSPECIFIED.,
  .F.,.F.,(2,2),(0.,3.947136563877),.PIECEWISE_BEZIER_KNOTS.);
#12416 = CARTESIAN_POINT('',(-44.44881057268,-0.563509544787,57.4));
#12417 = CARTESIAN_POINT('',(-40.50167400881,-0.563509544787,57.4));
#12418 = B_SPLINE_SURFACE_WITH_KNOTS('',1,1,(
    (#12419,#12420)
    ,(#12421,#12422
    )),.UNSPECIFIED.,.F.,.F.,.F.,(2,2),(2,2),(0.,3.947136563877),(-0.6,
    0.),.PIECEWISE_BEZIER_KNOTS.);
#12419 = CARTESIAN_POINT('',(-44.44881057268,-0.563509544787,56.8));
#12420 = CARTESIAN_POINT('',(-44.44881057268,-0.563509544787,57.4));
#12421 = CARTESIAN_POINT('',(-40.50167400881,-0.563509544787,56.8));
#12422 = CARTESIAN_POINT('',(-40.50167400881,-0.563509544787,57.4));
#12423 = ADVANCED_FACE('',(#12424),#12430,.T.);
#12424 = FACE_BOUND('',#12425,.F.);
#12425 = EDGE_LOOP('',(#12426,#12427,#12428,#12429));
#12426 = ORIENTED_EDGE('',*,*,#12338,.T.);
#12427 = ORIENTED_EDGE('',*,*,#12366,.T.);
#12428 = ORIENTED_EDGE('',*,*,#12394,.T.);
#12429 = ORIENTED_EDGE('',*,*,#12414,.T.);
#12430 = B_SPLINE_SURFACE_WITH_KNOTS('',1,1,(
    (#12431,#12432)
    ,(#12433,#12434
    )),.UNSPECIFIED.,.F.,.F.,.F.,(2,2),(2,2),(-0.444658590308,
    0.444658590308),(-1.973568281938,1.973568281938),
  .PIECEWISE_BEZIER_KNOTS.);
#12431 = CARTESIAN_POINT('',(-40.50167400881,-1.452826725404,57.4));
#12432 = CARTESIAN_POINT('',(-44.44881057268,-1.452826725404,57.4));
#12433 = CARTESIAN_POINT('',(-40.50167400881,-0.563509544787,57.4));
#12434 = CARTESIAN_POINT('',(-44.44881057268,-0.563509544787,57.4));
#12435 = ADVANCED_FACE('',(#12436),#12442,.F.);
#12436 = FACE_BOUND('',#12437,.T.);
#12437 = EDGE_LOOP('',(#12438,#12439,#12440,#12441));
#12438 = ORIENTED_EDGE('',*,*,#12324,.T.);
#12439 = ORIENTED_EDGE('',*,*,#12352,.T.);
#12440 = ORIENTED_EDGE('',*,*,#12380,.T.);
#12441 = ORIENTED_EDGE('',*,*,#12408,.T.);
#12442 = B_SPLINE_SURFACE_WITH_KNOTS('',1,1,(
    (#12443,#12444)
    ,(#12445,#12446
    )),.UNSPECIFIED.,.F.,.F.,.F.,(2,2),(2,2),(-0.444658590308,
    0.444658590308),(-1.973568281938,1.973568281938),
  .PIECEWISE_BEZIER_KNOTS.);
#12443 = CARTESIAN_POINT('',(-40.50167400881,-1.452826725404,56.8));
#12444 = CARTESIAN_POINT('',(-44.44881057268,-1.452826725404,56.8));
#12445 = CARTESIAN_POINT('',(-40.50167400881,-0.563509544787,56.8));
#12446 = CARTESIAN_POINT('',(-44.44881057268,-0.563509544787,56.8));
#12447 = MANIFOLD_SOLID_BREP('',#12448);
#12448 = CLOSED_SHELL('',(#12449,#12485,#12513,#12541,#12569,#12597,
    #12625,#12653,#12673,#12689));
#12449 = ADVANCED_FACE('',(#12450),#12480,.F.);
#12450 = FACE_BOUND('',#12451,.F.);
#12451 = EDGE_LOOP('',(#12452,#12461,#12468,#12475));
#12452 = ORIENTED_EDGE('',*,*,#12453,.T.);
#12453 = EDGE_CURVE('',#12454,#12456,#12458,.T.);
#12454 = VERTEX_POINT('',#12455);
#12455 = CARTESIAN_POINT('',(-43.72469162995,3.105359765051,57.4));
#12456 = VERTEX_POINT('',#12457);
#12457 = CARTESIAN_POINT('',(-43.72469162995,3.105359765051,56.8));
#12458 = B_SPLINE_CURVE_WITH_KNOTS('',1,(#12459,#12460),.UNSPECIFIED.,
  .F.,.F.,(2,2),(0.,0.6),.PIECEWISE_BEZIER_KNOTS.);
#12459 = CARTESIAN_POINT('',(-43.72469162995,3.105359765051,57.4));
#12460 = CARTESIAN_POINT('',(-43.72469162995,3.105359765051,56.8));
#12461 = ORIENTED_EDGE('',*,*,#12462,.T.);
#12462 = EDGE_CURVE('',#12456,#12463,#12465,.T.);
#12463 = VERTEX_POINT('',#12464);
#12464 = CARTESIAN_POINT('',(-43.72469162995,1.979258443465,56.8));
#12465 = B_SPLINE_CURVE_WITH_KNOTS('',1,(#12466,#12467),.UNSPECIFIED.,
  .F.,.F.,(2,2),(0.,1.126101321586),.PIECEWISE_BEZIER_KNOTS.);
#12466 = CARTESIAN_POINT('',(-43.72469162995,3.105359765051,56.8));
#12467 = CARTESIAN_POINT('',(-43.72469162995,1.979258443465,56.8));
#12468 = ORIENTED_EDGE('',*,*,#12469,.F.);
#12469 = EDGE_CURVE('',#12470,#12463,#12472,.T.);
#12470 = VERTEX_POINT('',#12471);
#12471 = CARTESIAN_POINT('',(-43.72469162995,1.979258443465,57.4));
#12472 = B_SPLINE_CURVE_WITH_KNOTS('',1,(#12473,#12474),.UNSPECIFIED.,
  .F.,.F.,(2,2),(0.,0.6),.PIECEWISE_BEZIER_KNOTS.);
#12473 = CARTESIAN_POINT('',(-43.72469162995,1.979258443465,57.4));
#12474 = CARTESIAN_POINT('',(-43.72469162995,1.979258443465,56.8));
#12475 = ORIENTED_EDGE('',*,*,#12476,.F.);
#12476 = EDGE_CURVE('',#12454,#12470,#12477,.T.);
#12477 = B_SPLINE_CURVE_WITH_KNOTS('',1,(#12478,#12479),.UNSPECIFIED.,
  .F.,.F.,(2,2),(0.,1.126101321586),.PIECEWISE_BEZIER_KNOTS.);
#12478 = CARTESIAN_POINT('',(-43.72469162995,3.105359765051,57.4));
#12479 = CARTESIAN_POINT('',(-43.72469162995,1.979258443465,57.4));
#12480 = B_SPLINE_SURFACE_WITH_KNOTS('',1,1,(
    (#12481,#12482)
    ,(#12483,#12484
    )),.UNSPECIFIED.,.F.,.F.,.F.,(2,2),(2,2),(0.,1.126101321586),(-0.6,
    0.),.PIECEWISE_BEZIER_KNOTS.);
#12481 = CARTESIAN_POINT('',(-43.72469162995,3.105359765051,56.8));
#12482 = CARTESIAN_POINT('',(-43.72469162995,3.105359765051,57.4));
#12483 = CARTESIAN_POINT('',(-43.72469162995,1.979258443465,56.8));
#12484 = CARTESIAN_POINT('',(-43.72469162995,1.979258443465,57.4));
#12485 = ADVANCED_FACE('',(#12486),#12508,.F.);
#12486 = FACE_BOUND('',#12487,.F.);
#12487 = EDGE_LOOP('',(#12488,#12489,#12496,#12503));
#12488 = ORIENTED_EDGE('',*,*,#12469,.T.);
#12489 = ORIENTED_EDGE('',*,*,#12490,.T.);
#12490 = EDGE_CURVE('',#12463,#12491,#12493,.T.);
#12491 = VERTEX_POINT('',#12492);
#12492 = CARTESIAN_POINT('',(-40.50167400881,1.979258443465,56.8));
#12493 = B_SPLINE_CURVE_WITH_KNOTS('',1,(#12494,#12495),.UNSPECIFIED.,
  .F.,.F.,(2,2),(0.,3.223017621145),.PIECEWISE_BEZIER_KNOTS.);
#12494 = CARTESIAN_POINT('',(-43.72469162995,1.979258443465,56.8));
#12495 = CARTESIAN_POINT('',(-40.50167400881,1.979258443465,56.8));
#12496 = ORIENTED_EDGE('',*,*,#12497,.F.);
#12497 = EDGE_CURVE('',#12498,#12491,#12500,.T.);
#12498 = VERTEX_POINT('',#12499);
#12499 = CARTESIAN_POINT('',(-40.50167400881,1.979258443465,57.4));
#12500 = B_SPLINE_CURVE_WITH_KNOTS('',1,(#12501,#12502),.UNSPECIFIED.,
  .F.,.F.,(2,2),(0.,0.6),.PIECEWISE_BEZIER_KNOTS.);
#12501 = CARTESIAN_POINT('',(-40.50167400881,1.979258443465,57.4));
#12502 = CARTESIAN_POINT('',(-40.50167400881,1.979258443465,56.8));
#12503 = ORIENTED_EDGE('',*,*,#12504,.F.);
#12504 = EDGE_CURVE('',#12470,#12498,#12505,.T.);
#12505 = B_SPLINE_CURVE_WITH_KNOTS('',1,(#12506,#12507),.UNSPECIFIED.,
  .F.,.F.,(2,2),(0.,3.223017621145),.PIECEWISE_BEZIER_KNOTS.);
#12506 = CARTESIAN_POINT('',(-43.72469162995,1.979258443465,57.4));
#12507 = CARTESIAN_POINT('',(-40.50167400881,1.979258443465,57.4));
#12508 = B_SPLINE_SURFACE_WITH_KNOTS('',1,1,(
    (#12509,#12510)
    ,(#12511,#12512
    )),.UNSPECIFIED.,.F.,.F.,.F.,(2,2),(2,2),(0.,3.223017621145),(-0.6,
    0.),.PIECEWISE_BEZIER_KNOTS.);
#12509 = CARTESIAN_POINT('',(-43.72469162995,1.979258443465,56.8));
#12510 = CARTESIAN_POINT('',(-43.72469162995,1.979258443465,57.4));
#12511 = CARTESIAN_POINT('',(-40.50167400881,1.979258443465,56.8));
#12512 = CARTESIAN_POINT('',(-40.50167400881,1.979258443465,57.4));
#12513 = ADVANCED_FACE('',(#12514),#12536,.F.);
#12514 = FACE_BOUND('',#12515,.F.);
#12515 = EDGE_LOOP('',(#12516,#12517,#12524,#12531));
#12516 = ORIENTED_EDGE('',*,*,#12497,.T.);
#12517 = ORIENTED_EDGE('',*,*,#12518,.T.);
#12518 = EDGE_CURVE('',#12491,#12519,#12521,.T.);
#12519 = VERTEX_POINT('',#12520);
#12520 = CARTESIAN_POINT('',(-40.50167400881,1.087187958884,56.8));
#12521 = B_SPLINE_CURVE_WITH_KNOTS('',1,(#12522,#12523),.UNSPECIFIED.,
  .F.,.F.,(2,2),(0.,0.892070484581),.PIECEWISE_BEZIER_KNOTS.);
#12522 = CARTESIAN_POINT('',(-40.50167400881,1.979258443465,56.8));
#12523 = CARTESIAN_POINT('',(-40.50167400881,1.087187958884,56.8));
#12524 = ORIENTED_EDGE('',*,*,#12525,.F.);
#12525 = EDGE_CURVE('',#12526,#12519,#12528,.T.);
#12526 = VERTEX_POINT('',#12527);
#12527 = CARTESIAN_POINT('',(-40.50167400881,1.087187958884,57.4));
#12528 = B_SPLINE_CURVE_WITH_KNOTS('',1,(#12529,#12530),.UNSPECIFIED.,
  .F.,.F.,(2,2),(0.,0.6),.PIECEWISE_BEZIER_KNOTS.);
#12529 = CARTESIAN_POINT('',(-40.50167400881,1.087187958884,57.4));
#12530 = CARTESIAN_POINT('',(-40.50167400881,1.087187958884,56.8));
#12531 = ORIENTED_EDGE('',*,*,#12532,.F.);
#12532 = EDGE_CURVE('',#12498,#12526,#12533,.T.);
#12533 = B_SPLINE_CURVE_WITH_KNOTS('',1,(#12534,#12535),.UNSPECIFIED.,
  .F.,.F.,(2,2),(0.,0.892070484581),.PIECEWISE_BEZIER_KNOTS.);
#12534 = CARTESIAN_POINT('',(-40.50167400881,1.979258443465,57.4));
#12535 = CARTESIAN_POINT('',(-40.50167400881,1.087187958884,57.4));
#12536 = B_SPLINE_SURFACE_WITH_KNOTS('',1,1,(
    (#12537,#12538)
    ,(#12539,#12540
    )),.UNSPECIFIED.,.F.,.F.,.F.,(2,2),(2,2),(0.,0.892070484581),(-0.6,
    0.),.PIECEWISE_BEZIER_KNOTS.);
#12537 = CARTESIAN_POINT('',(-40.50167400881,1.979258443465,56.8));
#12538 = CARTESIAN_POINT('',(-40.50167400881,1.979258443465,57.4));
#12539 = CARTESIAN_POINT('',(-40.50167400881,1.087187958884,56.8));
#12540 = CARTESIAN_POINT('',(-40.50167400881,1.087187958884,57.4));
#12541 = ADVANCED_FACE('',(#12542),#12564,.F.);
#12542 = FACE_BOUND('',#12543,.F.);
#12543 = EDGE_LOOP('',(#12544,#12545,#12552,#12559));
#12544 = ORIENTED_EDGE('',*,*,#12525,.T.);
#12545 = ORIENTED_EDGE('',*,*,#12546,.T.);
#12546 = EDGE_CURVE('',#12519,#12547,#12549,.T.);
#12547 = VERTEX_POINT('',#12548);
#12548 = CARTESIAN_POINT('',(-43.72469162995,1.087187958884,56.8));
#12549 = B_SPLINE_CURVE_WITH_KNOTS('',1,(#12550,#12551),.UNSPECIFIED.,
  .F.,.F.,(2,2),(0.,3.223017621145),.PIECEWISE_BEZIER_KNOTS.);
#12550 = CARTESIAN_POINT('',(-40.50167400881,1.087187958884,56.8));
#12551 = CARTESIAN_POINT('',(-43.72469162995,1.087187958884,56.8));
#12552 = ORIENTED_EDGE('',*,*,#12553,.F.);
#12553 = EDGE_CURVE('',#12554,#12547,#12556,.T.);
#12554 = VERTEX_POINT('',#12555);
#12555 = CARTESIAN_POINT('',(-43.72469162995,1.087187958884,57.4));
#12556 = B_SPLINE_CURVE_WITH_KNOTS('',1,(#12557,#12558),.UNSPECIFIED.,
  .F.,.F.,(2,2),(0.,0.6),.PIECEWISE_BEZIER_KNOTS.);
#12557 = CARTESIAN_POINT('',(-43.72469162995,1.087187958884,57.4));
#12558 = CARTESIAN_POINT('',(-43.72469162995,1.087187958884,56.8));
#12559 = ORIENTED_EDGE('',*,*,#12560,.F.);
#12560 = EDGE_CURVE('',#12526,#12554,#12561,.T.);
#12561 = B_SPLINE_CURVE_WITH_KNOTS('',1,(#12562,#12563),.UNSPECIFIED.,
  .F.,.F.,(2,2),(0.,3.223017621145),.PIECEWISE_BEZIER_KNOTS.);
#12562 = CARTESIAN_POINT('',(-40.50167400881,1.087187958884,57.4));
#12563 = CARTESIAN_POINT('',(-43.72469162995,1.087187958884,57.4));
#12564 = B_SPLINE_SURFACE_WITH_KNOTS('',1,1,(
    (#12565,#12566)
    ,(#12567,#12568
    )),.UNSPECIFIED.,.F.,.F.,.F.,(2,2),(2,2),(0.,3.223017621145),(-0.6,
    0.),.PIECEWISE_BEZIER_KNOTS.);
#12565 = CARTESIAN_POINT('',(-40.50167400881,1.087187958884,56.8));
#12566 = CARTESIAN_POINT('',(-40.50167400881,1.087187958884,57.4));
#12567 = CARTESIAN_POINT('',(-43.72469162995,1.087187958884,56.8));
#12568 = CARTESIAN_POINT('',(-43.72469162995,1.087187958884,57.4));
#12569 = ADVANCED_FACE('',(#12570),#12592,.F.);
#12570 = FACE_BOUND('',#12571,.F.);
#12571 = EDGE_LOOP('',(#12572,#12573,#12580,#12587));
#12572 = ORIENTED_EDGE('',*,*,#12553,.T.);
#12573 = ORIENTED_EDGE('',*,*,#12574,.T.);
#12574 = EDGE_CURVE('',#12547,#12575,#12577,.T.);
#12575 = VERTEX_POINT('',#12576);
#12576 = CARTESIAN_POINT('',(-43.72469162995,-3.340675477239E-02,56.8));
#12577 = B_SPLINE_CURVE_WITH_KNOTS('',1,(#12578,#12579),.UNSPECIFIED.,
  .F.,.F.,(2,2),(0.,1.120594713656),.PIECEWISE_BEZIER_KNOTS.);
#12578 = CARTESIAN_POINT('',(-43.72469162995,1.087187958884,56.8));
#12579 = CARTESIAN_POINT('',(-43.72469162995,-3.340675477239E-02,56.8));
#12580 = ORIENTED_EDGE('',*,*,#12581,.F.);
#12581 = EDGE_CURVE('',#12582,#12575,#12584,.T.);
#12582 = VERTEX_POINT('',#12583);
#12583 = CARTESIAN_POINT('',(-43.72469162995,-3.340675477239E-02,57.4));
#12584 = B_SPLINE_CURVE_WITH_KNOTS('',1,(#12585,#12586),.UNSPECIFIED.,
  .F.,.F.,(2,2),(0.,0.6),.PIECEWISE_BEZIER_KNOTS.);
#12585 = CARTESIAN_POINT('',(-43.72469162995,-3.340675477239E-02,57.4));
#12586 = CARTESIAN_POINT('',(-43.72469162995,-3.340675477239E-02,56.8));
#12587 = ORIENTED_EDGE('',*,*,#12588,.F.);
#12588 = EDGE_CURVE('',#12554,#12582,#12589,.T.);
#12589 = B_SPLINE_CURVE_WITH_KNOTS('',1,(#12590,#12591),.UNSPECIFIED.,
  .F.,.F.,(2,2),(0.,1.120594713656),.PIECEWISE_BEZIER_KNOTS.);
#12590 = CARTESIAN_POINT('',(-43.72469162995,1.087187958884,57.4));
#12591 = CARTESIAN_POINT('',(-43.72469162995,-3.340675477239E-02,57.4));
#12592 = B_SPLINE_SURFACE_WITH_KNOTS('',1,1,(
    (#12593,#12594)
    ,(#12595,#12596
    )),.UNSPECIFIED.,.F.,.F.,.F.,(2,2),(2,2),(0.,1.120594713656),(-0.6,
    0.),.PIECEWISE_BEZIER_KNOTS.);
#12593 = CARTESIAN_POINT('',(-43.72469162995,1.087187958884,56.8));
#12594 = CARTESIAN_POINT('',(-43.72469162995,1.087187958884,57.4));
#12595 = CARTESIAN_POINT('',(-43.72469162995,-3.340675477239E-02,56.8));
#12596 = CARTESIAN_POINT('',(-43.72469162995,-3.340675477239E-02,57.4));
#12597 = ADVANCED_FACE('',(#12598),#12620,.F.);
#12598 = FACE_BOUND('',#12599,.F.);
#12599 = EDGE_LOOP('',(#12600,#12601,#12608,#12615));
#12600 = ORIENTED_EDGE('',*,*,#12581,.T.);
#12601 = ORIENTED_EDGE('',*,*,#12602,.T.);
#12602 = EDGE_CURVE('',#12575,#12603,#12605,.T.);
#12603 = VERTEX_POINT('',#12604);
#12604 = CARTESIAN_POINT('',(-44.44881057268,-3.340675477239E-02,56.8));
#12605 = B_SPLINE_CURVE_WITH_KNOTS('',1,(#12606,#12607),.UNSPECIFIED.,
  .F.,.F.,(2,2),(0.,0.724118942731),.PIECEWISE_BEZIER_KNOTS.);
#12606 = CARTESIAN_POINT('',(-43.72469162995,-3.340675477239E-02,56.8));
#12607 = CARTESIAN_POINT('',(-44.44881057268,-3.340675477239E-02,56.8));
#12608 = ORIENTED_EDGE('',*,*,#12609,.F.);
#12609 = EDGE_CURVE('',#12610,#12603,#12612,.T.);
#12610 = VERTEX_POINT('',#12611);
#12611 = CARTESIAN_POINT('',(-44.44881057268,-3.340675477239E-02,57.4));
#12612 = B_SPLINE_CURVE_WITH_KNOTS('',1,(#12613,#12614),.UNSPECIFIED.,
  .F.,.F.,(2,2),(0.,0.6),.PIECEWISE_BEZIER_KNOTS.);
#12613 = CARTESIAN_POINT('',(-44.44881057268,-3.340675477239E-02,57.4));
#12614 = CARTESIAN_POINT('',(-44.44881057268,-3.340675477239E-02,56.8));
#12615 = ORIENTED_EDGE('',*,*,#12616,.F.);
#12616 = EDGE_CURVE('',#12582,#12610,#12617,.T.);
#12617 = B_SPLINE_CURVE_WITH_KNOTS('',1,(#12618,#12619),.UNSPECIFIED.,
  .F.,.F.,(2,2),(0.,0.724118942731),.PIECEWISE_BEZIER_KNOTS.);
#12618 = CARTESIAN_POINT('',(-43.72469162995,-3.340675477239E-02,57.4));
#12619 = CARTESIAN_POINT('',(-44.44881057268,-3.340675477239E-02,57.4));
#12620 = B_SPLINE_SURFACE_WITH_KNOTS('',1,1,(
    (#12621,#12622)
    ,(#12623,#12624
    )),.UNSPECIFIED.,.F.,.F.,.F.,(2,2),(2,2),(0.,0.724118942731),(-0.6,
    0.),.PIECEWISE_BEZIER_KNOTS.);
#12621 = CARTESIAN_POINT('',(-43.72469162995,-3.340675477239E-02,56.8));
#12622 = CARTESIAN_POINT('',(-43.72469162995,-3.340675477239E-02,57.4));
#12623 = CARTESIAN_POINT('',(-44.44881057268,-3.340675477239E-02,56.8));
#12624 = CARTESIAN_POINT('',(-44.44881057268,-3.340675477239E-02,57.4));
#12625 = ADVANCED_FACE('',(#12626),#12648,.F.);
#12626 = FACE_BOUND('',#12627,.F.);
#12627 = EDGE_LOOP('',(#12628,#12629,#12636,#12643));
#12628 = ORIENTED_EDGE('',*,*,#12609,.T.);
#12629 = ORIENTED_EDGE('',*,*,#12630,.T.);
#12630 = EDGE_CURVE('',#12603,#12631,#12633,.T.);
#12631 = VERTEX_POINT('',#12632);
#12632 = CARTESIAN_POINT('',(-44.44881057268,3.105359765051,56.8));
#12633 = B_SPLINE_CURVE_WITH_KNOTS('',1,(#12634,#12635),.UNSPECIFIED.,
  .F.,.F.,(2,2),(0.,3.138766519824),.PIECEWISE_BEZIER_KNOTS.);
#12634 = CARTESIAN_POINT('',(-44.44881057268,-3.340675477239E-02,56.8));
#12635 = CARTESIAN_POINT('',(-44.44881057268,3.105359765051,56.8));
#12636 = ORIENTED_EDGE('',*,*,#12637,.F.);
#12637 = EDGE_CURVE('',#12638,#12631,#12640,.T.);
#12638 = VERTEX_POINT('',#12639);
#12639 = CARTESIAN_POINT('',(-44.44881057268,3.105359765051,57.4));
#12640 = B_SPLINE_CURVE_WITH_KNOTS('',1,(#12641,#12642),.UNSPECIFIED.,
  .F.,.F.,(2,2),(0.,0.6),.PIECEWISE_BEZIER_KNOTS.);
#12641 = CARTESIAN_POINT('',(-44.44881057268,3.105359765051,57.4));
#12642 = CARTESIAN_POINT('',(-44.44881057268,3.105359765051,56.8));
#12643 = ORIENTED_EDGE('',*,*,#12644,.F.);
#12644 = EDGE_CURVE('',#12610,#12638,#12645,.T.);
#12645 = B_SPLINE_CURVE_WITH_KNOTS('',1,(#12646,#12647),.UNSPECIFIED.,
  .F.,.F.,(2,2),(0.,3.138766519824),.PIECEWISE_BEZIER_KNOTS.);
#12646 = CARTESIAN_POINT('',(-44.44881057268,-3.340675477239E-02,57.4));
#12647 = CARTESIAN_POINT('',(-44.44881057268,3.105359765051,57.4));
#12648 = B_SPLINE_SURFACE_WITH_KNOTS('',1,1,(
    (#12649,#12650)
    ,(#12651,#12652
    )),.UNSPECIFIED.,.F.,.F.,.F.,(2,2),(2,2),(0.,3.138766519824),(-0.6,
    0.),.PIECEWISE_BEZIER_KNOTS.);
#12649 = CARTESIAN_POINT('',(-44.44881057268,-3.340675477239E-02,56.8));
#12650 = CARTESIAN_POINT('',(-44.44881057268,-3.340675477239E-02,57.4));
#12651 = CARTESIAN_POINT('',(-44.44881057268,3.105359765051,56.8));
#12652 = CARTESIAN_POINT('',(-44.44881057268,3.105359765051,57.4));
#12653 = ADVANCED_FACE('',(#12654),#12668,.F.);
#12654 = FACE_BOUND('',#12655,.F.);
#12655 = EDGE_LOOP('',(#12656,#12657,#12662,#12663));
#12656 = ORIENTED_EDGE('',*,*,#12637,.T.);
#12657 = ORIENTED_EDGE('',*,*,#12658,.T.);
#12658 = EDGE_CURVE('',#12631,#12456,#12659,.T.);
#12659 = B_SPLINE_CURVE_WITH_KNOTS('',1,(#12660,#12661),.UNSPECIFIED.,
  .F.,.F.,(2,2),(0.,0.724118942731),.PIECEWISE_BEZIER_KNOTS.);
#12660 = CARTESIAN_POINT('',(-44.44881057268,3.105359765051,56.8));
#12661 = CARTESIAN_POINT('',(-43.72469162995,3.105359765051,56.8));
#12662 = ORIENTED_EDGE('',*,*,#12453,.F.);
#12663 = ORIENTED_EDGE('',*,*,#12664,.F.);
#12664 = EDGE_CURVE('',#12638,#12454,#12665,.T.);
#12665 = B_SPLINE_CURVE_WITH_KNOTS('',1,(#12666,#12667),.UNSPECIFIED.,
  .F.,.F.,(2,2),(0.,0.724118942731),.PIECEWISE_BEZIER_KNOTS.);
#12666 = CARTESIAN_POINT('',(-44.44881057268,3.105359765051,57.4));
#12667 = CARTESIAN_POINT('',(-43.72469162995,3.105359765051,57.4));
#12668 = B_SPLINE_SURFACE_WITH_KNOTS('',1,1,(
    (#12669,#12670)
    ,(#12671,#12672
    )),.UNSPECIFIED.,.F.,.F.,.F.,(2,2),(2,2),(0.,0.724118942731),(-0.6,
    0.),.PIECEWISE_BEZIER_KNOTS.);
#12669 = CARTESIAN_POINT('',(-44.44881057268,3.105359765051,56.8));
#12670 = CARTESIAN_POINT('',(-44.44881057268,3.105359765051,57.4));
#12671 = CARTESIAN_POINT('',(-43.72469162995,3.105359765051,56.8));
#12672 = CARTESIAN_POINT('',(-43.72469162995,3.105359765051,57.4));
#12673 = ADVANCED_FACE('',(#12674),#12684,.T.);
#12674 = FACE_BOUND('',#12675,.F.);
#12675 = EDGE_LOOP('',(#12676,#12677,#12678,#12679,#12680,#12681,#12682,
    #12683));
#12676 = ORIENTED_EDGE('',*,*,#12476,.T.);
#12677 = ORIENTED_EDGE('',*,*,#12504,.T.);
#12678 = ORIENTED_EDGE('',*,*,#12532,.T.);
#12679 = ORIENTED_EDGE('',*,*,#12560,.T.);
#12680 = ORIENTED_EDGE('',*,*,#12588,.T.);
#12681 = ORIENTED_EDGE('',*,*,#12616,.T.);
#12682 = ORIENTED_EDGE('',*,*,#12644,.T.);
#12683 = ORIENTED_EDGE('',*,*,#12664,.T.);
#12684 = B_SPLINE_SURFACE_WITH_KNOTS('',1,1,(
    (#12685,#12686)
    ,(#12687,#12688
    )),.UNSPECIFIED.,.F.,.F.,.F.,(2,2),(2,2),(-1.5681309217,
    1.570635598123),(-2.484522272235,1.462614291642),
  .PIECEWISE_BEZIER_KNOTS.);
#12685 = CARTESIAN_POINT('',(-40.50167400881,-3.340675477239E-02,57.4));
#12686 = CARTESIAN_POINT('',(-44.44881057268,-3.340675477239E-02,57.4));
#12687 = CARTESIAN_POINT('',(-40.50167400881,3.105359765051,57.4));
#12688 = CARTESIAN_POINT('',(-44.44881057268,3.105359765051,57.4));
#12689 = ADVANCED_FACE('',(#12690),#12700,.F.);
#12690 = FACE_BOUND('',#12691,.T.);
#12691 = EDGE_LOOP('',(#12692,#12693,#12694,#12695,#12696,#12697,#12698,
    #12699));
#12692 = ORIENTED_EDGE('',*,*,#12462,.T.);
#12693 = ORIENTED_EDGE('',*,*,#12490,.T.);
#12694 = ORIENTED_EDGE('',*,*,#12518,.T.);
#12695 = ORIENTED_EDGE('',*,*,#12546,.T.);
#12696 = ORIENTED_EDGE('',*,*,#12574,.T.);
#12697 = ORIENTED_EDGE('',*,*,#12602,.T.);
#12698 = ORIENTED_EDGE('',*,*,#12630,.T.);
#12699 = ORIENTED_EDGE('',*,*,#12658,.T.);
#12700 = B_SPLINE_SURFACE_WITH_KNOTS('',1,1,(
    (#12701,#12702)
    ,(#12703,#12704
    )),.UNSPECIFIED.,.F.,.F.,.F.,(2,2),(2,2),(-1.5681309217,
    1.570635598123),(-2.484522272235,1.462614291642),
  .PIECEWISE_BEZIER_KNOTS.);
#12701 = CARTESIAN_POINT('',(-40.50167400881,-3.340675477239E-02,56.8));
#12702 = CARTESIAN_POINT('',(-44.44881057268,-3.340675477239E-02,56.8));
#12703 = CARTESIAN_POINT('',(-40.50167400881,3.105359765051,56.8));
#12704 = CARTESIAN_POINT('',(-44.44881057268,3.105359765051,56.8));
#12705 = MANIFOLD_SOLID_BREP('',#12706);
#12706 = CLOSED_SHELL('',(#12707,#12747,#12779,#12807,#12835,#12863,
    #12895,#12927,#12955,#12983,#13003,#13021));
#12707 = ADVANCED_FACE('',(#12708),#12740,.F.);
#12708 = FACE_BOUND('',#12709,.F.);
#12709 = EDGE_LOOP('',(#12710,#12719,#12727,#12734));
#12710 = ORIENTED_EDGE('',*,*,#12711,.T.);
#12711 = EDGE_CURVE('',#12712,#12714,#12716,.T.);
#12712 = VERTEX_POINT('',#12713);
#12713 = CARTESIAN_POINT('',(-42.21000734214,6.852422907489,57.4));
#12714 = VERTEX_POINT('',#12715);
#12715 = CARTESIAN_POINT('',(-42.21000734214,6.852422907489,56.8));
#12716 = B_SPLINE_CURVE_WITH_KNOTS('',1,(#12717,#12718),.UNSPECIFIED.,
  .F.,.F.,(2,2),(0.,0.6),.PIECEWISE_BEZIER_KNOTS.);
#12717 = CARTESIAN_POINT('',(-42.21000734214,6.852422907489,57.4));
#12718 = CARTESIAN_POINT('',(-42.21000734214,6.852422907489,56.8));
#12719 = ORIENTED_EDGE('',*,*,#12720,.T.);
#12720 = EDGE_CURVE('',#12714,#12721,#12723,.T.);
#12721 = VERTEX_POINT('',#12722);
#12722 = CARTESIAN_POINT('',(-40.43118942731,5.194933920705,56.8));
#12723 = B_SPLINE_CURVE_WITH_KNOTS('',2,(#12724,#12725,#12726),
  .UNSPECIFIED.,.F.,.F.,(3,3),(0.,1.),.PIECEWISE_BEZIER_KNOTS.);
#12724 = CARTESIAN_POINT('',(-42.21000734214,6.852422907489,56.8));
#12725 = CARTESIAN_POINT('',(-40.43118942731,6.852422907489,56.8));
#12726 = CARTESIAN_POINT('',(-40.43118942731,5.194933920705,56.8));
#12727 = ORIENTED_EDGE('',*,*,#12728,.F.);
#12728 = EDGE_CURVE('',#12729,#12721,#12731,.T.);
#12729 = VERTEX_POINT('',#12730);
#12730 = CARTESIAN_POINT('',(-40.43118942731,5.194933920705,57.4));
#12731 = B_SPLINE_CURVE_WITH_KNOTS('',1,(#12732,#12733),.UNSPECIFIED.,
  .F.,.F.,(2,2),(0.,0.6),.PIECEWISE_BEZIER_KNOTS.);
#12732 = CARTESIAN_POINT('',(-40.43118942731,5.194933920705,57.4));
#12733 = CARTESIAN_POINT('',(-40.43118942731,5.194933920705,56.8));
#12734 = ORIENTED_EDGE('',*,*,#12735,.F.);
#12735 = EDGE_CURVE('',#12712,#12729,#12736,.T.);
#12736 = B_SPLINE_CURVE_WITH_KNOTS('',2,(#12737,#12738,#12739),
  .UNSPECIFIED.,.F.,.F.,(3,3),(0.,1.),.PIECEWISE_BEZIER_KNOTS.);
#12737 = CARTESIAN_POINT('',(-42.21000734214,6.852422907489,57.4));
#12738 = CARTESIAN_POINT('',(-40.43118942731,6.852422907489,57.4));
#12739 = CARTESIAN_POINT('',(-40.43118942731,5.194933920705,57.4));
#12740 = B_SPLINE_SURFACE_WITH_KNOTS('',2,1,(
    (#12741,#12742)
    ,(#12743,#12744)
    ,(#12745,#12746
    )),.UNSPECIFIED.,.F.,.F.,.F.,(3,3),(2,2),(0.,1.),(-0.6,0.),
  .PIECEWISE_BEZIER_KNOTS.);
#12741 = CARTESIAN_POINT('',(-42.21000734214,6.852422907489,56.8));
#12742 = CARTESIAN_POINT('',(-42.21000734214,6.852422907489,57.4));
#12743 = CARTESIAN_POINT('',(-40.43118942731,6.852422907489,56.8));
#12744 = CARTESIAN_POINT('',(-40.43118942731,6.852422907489,57.4));
#12745 = CARTESIAN_POINT('',(-40.43118942731,5.194933920705,56.8));
#12746 = CARTESIAN_POINT('',(-40.43118942731,5.194933920705,57.4));
#12747 = ADVANCED_FACE('',(#12748),#12772,.F.);
#12748 = FACE_BOUND('',#12749,.F.);
#12749 = EDGE_LOOP('',(#12750,#12751,#12759,#12766));
#12750 = ORIENTED_EDGE('',*,*,#12728,.T.);
#12751 = ORIENTED_EDGE('',*,*,#12752,.T.);
#12752 = EDGE_CURVE('',#12721,#12753,#12755,.T.);
#12753 = VERTEX_POINT('',#12754);
#12754 = CARTESIAN_POINT('',(-42.16870778267,3.587004405286,56.8));
#12755 = B_SPLINE_CURVE_WITH_KNOTS('',2,(#12756,#12757,#12758),
  .UNSPECIFIED.,.F.,.F.,(3,3),(0.,1.),.PIECEWISE_BEZIER_KNOTS.);
#12756 = CARTESIAN_POINT('',(-40.43118942731,5.194933920705,56.8));
#12757 = CARTESIAN_POINT('',(-40.43118942731,3.587004405286,56.8));
#12758 = CARTESIAN_POINT('',(-42.16870778267,3.587004405286,56.8));
#12759 = ORIENTED_EDGE('',*,*,#12760,.F.);
#12760 = EDGE_CURVE('',#12761,#12753,#12763,.T.);
#12761 = VERTEX_POINT('',#12762);
#12762 = CARTESIAN_POINT('',(-42.16870778267,3.587004405286,57.4));
#12763 = B_SPLINE_CURVE_WITH_KNOTS('',1,(#12764,#12765),.UNSPECIFIED.,
  .F.,.F.,(2,2),(0.,0.6),.PIECEWISE_BEZIER_KNOTS.);
#12764 = CARTESIAN_POINT('',(-42.16870778267,3.587004405286,57.4));
#12765 = CARTESIAN_POINT('',(-42.16870778267,3.587004405286,56.8));
#12766 = ORIENTED_EDGE('',*,*,#12767,.F.);
#12767 = EDGE_CURVE('',#12729,#12761,#12768,.T.);
#12768 = B_SPLINE_CURVE_WITH_KNOTS('',2,(#12769,#12770,#12771),
  .UNSPECIFIED.,.F.,.F.,(3,3),(0.,1.),.PIECEWISE_BEZIER_KNOTS.);
#12769 = CARTESIAN_POINT('',(-40.43118942731,5.194933920705,57.4));
#12770 = CARTESIAN_POINT('',(-40.43118942731,3.587004405286,57.4));
#12771 = CARTESIAN_POINT('',(-42.16870778267,3.587004405286,57.4));
#12772 = B_SPLINE_SURFACE_WITH_KNOTS('',2,1,(
    (#12773,#12774)
    ,(#12775,#12776)
    ,(#12777,#12778
    )),.UNSPECIFIED.,.F.,.F.,.F.,(3,3),(2,2),(0.,1.),(-0.6,0.),
  .PIECEWISE_BEZIER_KNOTS.);
#12773 = CARTESIAN_POINT('',(-40.43118942731,5.194933920705,56.8));
#12774 = CARTESIAN_POINT('',(-40.43118942731,5.194933920705,57.4));
#12775 = CARTESIAN_POINT('',(-40.43118942731,3.587004405286,56.8));
#12776 = CARTESIAN_POINT('',(-40.43118942731,3.587004405286,57.4));
#12777 = CARTESIAN_POINT('',(-42.16870778267,3.587004405286,56.8));
#12778 = CARTESIAN_POINT('',(-42.16870778267,3.587004405286,57.4));
#12779 = ADVANCED_FACE('',(#12780),#12802,.F.);
#12780 = FACE_BOUND('',#12781,.F.);
#12781 = EDGE_LOOP('',(#12782,#12783,#12790,#12797));
#12782 = ORIENTED_EDGE('',*,*,#12760,.T.);
#12783 = ORIENTED_EDGE('',*,*,#12784,.T.);
#12784 = EDGE_CURVE('',#12753,#12785,#12787,.T.);
#12785 = VERTEX_POINT('',#12786);
#12786 = CARTESIAN_POINT('',(-44.44881057268,3.587004405286,56.8));
#12787 = B_SPLINE_CURVE_WITH_KNOTS('',1,(#12788,#12789),.UNSPECIFIED.,
  .F.,.F.,(2,2),(0.,2.280102790015),.PIECEWISE_BEZIER_KNOTS.);
#12788 = CARTESIAN_POINT('',(-42.16870778267,3.587004405286,56.8));
#12789 = CARTESIAN_POINT('',(-44.44881057268,3.587004405286,56.8));
#12790 = ORIENTED_EDGE('',*,*,#12791,.F.);
#12791 = EDGE_CURVE('',#12792,#12785,#12794,.T.);
#12792 = VERTEX_POINT('',#12793);
#12793 = CARTESIAN_POINT('',(-44.44881057268,3.587004405286,57.4));
#12794 = B_SPLINE_CURVE_WITH_KNOTS('',1,(#12795,#12796),.UNSPECIFIED.,
  .F.,.F.,(2,2),(0.,0.6),.PIECEWISE_BEZIER_KNOTS.);
#12795 = CARTESIAN_POINT('',(-44.44881057268,3.587004405286,57.4));
#12796 = CARTESIAN_POINT('',(-44.44881057268,3.587004405286,56.8));
#12797 = ORIENTED_EDGE('',*,*,#12798,.F.);
#12798 = EDGE_CURVE('',#12761,#12792,#12799,.T.);
#12799 = B_SPLINE_CURVE_WITH_KNOTS('',1,(#12800,#12801),.UNSPECIFIED.,
  .F.,.F.,(2,2),(0.,2.280102790015),.PIECEWISE_BEZIER_KNOTS.);
#12800 = CARTESIAN_POINT('',(-42.16870778267,3.587004405286,57.4));
#12801 = CARTESIAN_POINT('',(-44.44881057268,3.587004405286,57.4));
#12802 = B_SPLINE_SURFACE_WITH_KNOTS('',1,1,(
    (#12803,#12804)
    ,(#12805,#12806
    )),.UNSPECIFIED.,.F.,.F.,.F.,(2,2),(2,2),(0.,2.280102790015),(-0.6,
    0.),.PIECEWISE_BEZIER_KNOTS.);
#12803 = CARTESIAN_POINT('',(-42.16870778267,3.587004405286,56.8));
#12804 = CARTESIAN_POINT('',(-42.16870778267,3.587004405286,57.4));
#12805 = CARTESIAN_POINT('',(-44.44881057268,3.587004405286,56.8));
#12806 = CARTESIAN_POINT('',(-44.44881057268,3.587004405286,57.4));
#12807 = ADVANCED_FACE('',(#12808),#12830,.F.);
#12808 = FACE_BOUND('',#12809,.F.);
#12809 = EDGE_LOOP('',(#12810,#12811,#12818,#12825));
#12810 = ORIENTED_EDGE('',*,*,#12791,.T.);
#12811 = ORIENTED_EDGE('',*,*,#12812,.T.);
#12812 = EDGE_CURVE('',#12785,#12813,#12815,.T.);
#12813 = VERTEX_POINT('',#12814);
#12814 = CARTESIAN_POINT('',(-44.44881057268,4.479074889868,56.8));
#12815 = B_SPLINE_CURVE_WITH_KNOTS('',1,(#12816,#12817),.UNSPECIFIED.,
  .F.,.F.,(2,2),(0.,0.892070484581),.PIECEWISE_BEZIER_KNOTS.);
#12816 = CARTESIAN_POINT('',(-44.44881057268,3.587004405286,56.8));
#12817 = CARTESIAN_POINT('',(-44.44881057268,4.479074889868,56.8));
#12818 = ORIENTED_EDGE('',*,*,#12819,.F.);
#12819 = EDGE_CURVE('',#12820,#12813,#12822,.T.);
#12820 = VERTEX_POINT('',#12821);
#12821 = CARTESIAN_POINT('',(-44.44881057268,4.479074889868,57.4));
#12822 = B_SPLINE_CURVE_WITH_KNOTS('',1,(#12823,#12824),.UNSPECIFIED.,
  .F.,.F.,(2,2),(0.,0.6),.PIECEWISE_BEZIER_KNOTS.);
#12823 = CARTESIAN_POINT('',(-44.44881057268,4.479074889868,57.4));
#12824 = CARTESIAN_POINT('',(-44.44881057268,4.479074889868,56.8));
#12825 = ORIENTED_EDGE('',*,*,#12826,.F.);
#12826 = EDGE_CURVE('',#12792,#12820,#12827,.T.);
#12827 = B_SPLINE_CURVE_WITH_KNOTS('',1,(#12828,#12829),.UNSPECIFIED.,
  .F.,.F.,(2,2),(0.,0.892070484581),.PIECEWISE_BEZIER_KNOTS.);
#12828 = CARTESIAN_POINT('',(-44.44881057268,3.587004405286,57.4));
#12829 = CARTESIAN_POINT('',(-44.44881057268,4.479074889868,57.4));
#12830 = B_SPLINE_SURFACE_WITH_KNOTS('',1,1,(
    (#12831,#12832)
    ,(#12833,#12834
    )),.UNSPECIFIED.,.F.,.F.,.F.,(2,2),(2,2),(0.,0.892070484581),(-0.6,
    0.),.PIECEWISE_BEZIER_KNOTS.);
#12831 = CARTESIAN_POINT('',(-44.44881057268,3.587004405286,56.8));
#12832 = CARTESIAN_POINT('',(-44.44881057268,3.587004405286,57.4));
#12833 = CARTESIAN_POINT('',(-44.44881057268,4.479074889868,56.8));
#12834 = CARTESIAN_POINT('',(-44.44881057268,4.479074889868,57.4));
#12835 = ADVANCED_FACE('',(#12836),#12858,.F.);
#12836 = FACE_BOUND('',#12837,.F.);
#12837 = EDGE_LOOP('',(#12838,#12839,#12846,#12853));
#12838 = ORIENTED_EDGE('',*,*,#12819,.T.);
#12839 = ORIENTED_EDGE('',*,*,#12840,.T.);
#12840 = EDGE_CURVE('',#12813,#12841,#12843,.T.);
#12841 = VERTEX_POINT('',#12842);
#12842 = CARTESIAN_POINT('',(-42.15769456681,4.479074889868,56.8));
#12843 = B_SPLINE_CURVE_WITH_KNOTS('',1,(#12844,#12845),.UNSPECIFIED.,
  .F.,.F.,(2,2),(0.,2.291116005874),.PIECEWISE_BEZIER_KNOTS.);
#12844 = CARTESIAN_POINT('',(-44.44881057268,4.479074889868,56.8));
#12845 = CARTESIAN_POINT('',(-42.15769456681,4.479074889868,56.8));
#12846 = ORIENTED_EDGE('',*,*,#12847,.F.);
#12847 = EDGE_CURVE('',#12848,#12841,#12850,.T.);
#12848 = VERTEX_POINT('',#12849);
#12849 = CARTESIAN_POINT('',(-42.15769456681,4.479074889868,57.4));
#12850 = B_SPLINE_CURVE_WITH_KNOTS('',1,(#12851,#12852),.UNSPECIFIED.,
  .F.,.F.,(2,2),(0.,0.6),.PIECEWISE_BEZIER_KNOTS.);
#12851 = CARTESIAN_POINT('',(-42.15769456681,4.479074889868,57.4));
#12852 = CARTESIAN_POINT('',(-42.15769456681,4.479074889868,56.8));
#12853 = ORIENTED_EDGE('',*,*,#12854,.F.);
#12854 = EDGE_CURVE('',#12820,#12848,#12855,.T.);
#12855 = B_SPLINE_CURVE_WITH_KNOTS('',1,(#12856,#12857),.UNSPECIFIED.,
  .F.,.F.,(2,2),(0.,2.291116005874),.PIECEWISE_BEZIER_KNOTS.);
#12856 = CARTESIAN_POINT('',(-44.44881057268,4.479074889868,57.4));
#12857 = CARTESIAN_POINT('',(-42.15769456681,4.479074889868,57.4));
#12858 = B_SPLINE_SURFACE_WITH_KNOTS('',1,1,(
    (#12859,#12860)
    ,(#12861,#12862
    )),.UNSPECIFIED.,.F.,.F.,.F.,(2,2),(2,2),(0.,2.291116005874),(-0.6,
    0.),.PIECEWISE_BEZIER_KNOTS.);
#12859 = CARTESIAN_POINT('',(-44.44881057268,4.479074889868,56.8));
#12860 = CARTESIAN_POINT('',(-44.44881057268,4.479074889868,57.4));
#12861 = CARTESIAN_POINT('',(-42.15769456681,4.479074889868,56.8));
#12862 = CARTESIAN_POINT('',(-42.15769456681,4.479074889868,57.4));
#12863 = ADVANCED_FACE('',(#12864),#12888,.F.);
#12864 = FACE_BOUND('',#12865,.F.);
#12865 = EDGE_LOOP('',(#12866,#12867,#12875,#12882));
#12866 = ORIENTED_EDGE('',*,*,#12847,.T.);
#12867 = ORIENTED_EDGE('',*,*,#12868,.T.);
#12868 = EDGE_CURVE('',#12841,#12869,#12871,.T.);
#12869 = VERTEX_POINT('',#12870);
#12870 = CARTESIAN_POINT('',(-41.19936123348,5.227973568282,56.8));
#12871 = B_SPLINE_CURVE_WITH_KNOTS('',2,(#12872,#12873,#12874),
  .UNSPECIFIED.,.F.,.F.,(3,3),(0.,1.),.PIECEWISE_BEZIER_KNOTS.);
#12872 = CARTESIAN_POINT('',(-42.15769456681,4.479074889868,56.8));
#12873 = CARTESIAN_POINT('',(-41.19936123348,4.479074889868,56.8));
#12874 = CARTESIAN_POINT('',(-41.19936123348,5.227973568282,56.8));
#12875 = ORIENTED_EDGE('',*,*,#12876,.F.);
#12876 = EDGE_CURVE('',#12877,#12869,#12879,.T.);
#12877 = VERTEX_POINT('',#12878);
#12878 = CARTESIAN_POINT('',(-41.19936123348,5.227973568282,57.4));
#12879 = B_SPLINE_CURVE_WITH_KNOTS('',1,(#12880,#12881),.UNSPECIFIED.,
  .F.,.F.,(2,2),(0.,0.6),.PIECEWISE_BEZIER_KNOTS.);
#12880 = CARTESIAN_POINT('',(-41.19936123348,5.227973568282,57.4));
#12881 = CARTESIAN_POINT('',(-41.19936123348,5.227973568282,56.8));
#12882 = ORIENTED_EDGE('',*,*,#12883,.F.);
#12883 = EDGE_CURVE('',#12848,#12877,#12884,.T.);
#12884 = B_SPLINE_CURVE_WITH_KNOTS('',2,(#12885,#12886,#12887),
  .UNSPECIFIED.,.F.,.F.,(3,3),(0.,1.),.PIECEWISE_BEZIER_KNOTS.);
#12885 = CARTESIAN_POINT('',(-42.15769456681,4.479074889868,57.4));
#12886 = CARTESIAN_POINT('',(-41.19936123348,4.479074889868,57.4));
#12887 = CARTESIAN_POINT('',(-41.19936123348,5.227973568282,57.4));
#12888 = B_SPLINE_SURFACE_WITH_KNOTS('',2,1,(
    (#12889,#12890)
    ,(#12891,#12892)
    ,(#12893,#12894
    )),.UNSPECIFIED.,.F.,.F.,.F.,(3,3),(2,2),(0.,1.),(-0.6,0.),
  .PIECEWISE_BEZIER_KNOTS.);
#12889 = CARTESIAN_POINT('',(-42.15769456681,4.479074889868,56.8));
#12890 = CARTESIAN_POINT('',(-42.15769456681,4.479074889868,57.4));
#12891 = CARTESIAN_POINT('',(-41.19936123348,4.479074889868,56.8));
#12892 = CARTESIAN_POINT('',(-41.19936123348,4.479074889868,57.4));
#12893 = CARTESIAN_POINT('',(-41.19936123348,5.227973568282,56.8));
#12894 = CARTESIAN_POINT('',(-41.19936123348,5.227973568282,57.4));
#12895 = ADVANCED_FACE('',(#12896),#12920,.F.);
#12896 = FACE_BOUND('',#12897,.F.);
#12897 = EDGE_LOOP('',(#12898,#12899,#12907,#12914));
#12898 = ORIENTED_EDGE('',*,*,#12876,.T.);
#12899 = ORIENTED_EDGE('',*,*,#12900,.T.);
#12900 = EDGE_CURVE('',#12869,#12901,#12903,.T.);
#12901 = VERTEX_POINT('',#12902);
#12902 = CARTESIAN_POINT('',(-42.12465491923,5.963105726872,56.8));
#12903 = B_SPLINE_CURVE_WITH_KNOTS('',2,(#12904,#12905,#12906),
  .UNSPECIFIED.,.F.,.F.,(3,3),(0.,1.),.PIECEWISE_BEZIER_KNOTS.);
#12904 = CARTESIAN_POINT('',(-41.19936123348,5.227973568282,56.8));
#12905 = CARTESIAN_POINT('',(-41.19936123348,5.963105726872,56.8));
#12906 = CARTESIAN_POINT('',(-42.12465491923,5.963105726872,56.8));
#12907 = ORIENTED_EDGE('',*,*,#12908,.F.);
#12908 = EDGE_CURVE('',#12909,#12901,#12911,.T.);
#12909 = VERTEX_POINT('',#12910);
#12910 = CARTESIAN_POINT('',(-42.12465491923,5.963105726872,57.4));
#12911 = B_SPLINE_CURVE_WITH_KNOTS('',1,(#12912,#12913),.UNSPECIFIED.,
  .F.,.F.,(2,2),(0.,0.6),.PIECEWISE_BEZIER_KNOTS.);
#12912 = CARTESIAN_POINT('',(-42.12465491923,5.963105726872,57.4));
#12913 = CARTESIAN_POINT('',(-42.12465491923,5.963105726872,56.8));
#12914 = ORIENTED_EDGE('',*,*,#12915,.F.);
#12915 = EDGE_CURVE('',#12877,#12909,#12916,.T.);
#12916 = B_SPLINE_CURVE_WITH_KNOTS('',2,(#12917,#12918,#12919),
  .UNSPECIFIED.,.F.,.F.,(3,3),(0.,1.),.PIECEWISE_BEZIER_KNOTS.);
#12917 = CARTESIAN_POINT('',(-41.19936123348,5.227973568282,57.4));
#12918 = CARTESIAN_POINT('',(-41.19936123348,5.963105726872,57.4));
#12919 = CARTESIAN_POINT('',(-42.12465491923,5.963105726872,57.4));
#12920 = B_SPLINE_SURFACE_WITH_KNOTS('',2,1,(
    (#12921,#12922)
    ,(#12923,#12924)
    ,(#12925,#12926
    )),.UNSPECIFIED.,.F.,.F.,.F.,(3,3),(2,2),(0.,1.),(-0.6,0.),
  .PIECEWISE_BEZIER_KNOTS.);
#12921 = CARTESIAN_POINT('',(-41.19936123348,5.227973568282,56.8));
#12922 = CARTESIAN_POINT('',(-41.19936123348,5.227973568282,57.4));
#12923 = CARTESIAN_POINT('',(-41.19936123348,5.963105726872,56.8));
#12924 = CARTESIAN_POINT('',(-41.19936123348,5.963105726872,57.4));
#12925 = CARTESIAN_POINT('',(-42.12465491923,5.963105726872,56.8));
#12926 = CARTESIAN_POINT('',(-42.12465491923,5.963105726872,57.4));
#12927 = ADVANCED_FACE('',(#12928),#12950,.F.);
#12928 = FACE_BOUND('',#12929,.F.);
#12929 = EDGE_LOOP('',(#12930,#12931,#12938,#12945));
#12930 = ORIENTED_EDGE('',*,*,#12908,.T.);
#12931 = ORIENTED_EDGE('',*,*,#12932,.T.);
#12932 = EDGE_CURVE('',#12901,#12933,#12935,.T.);
#12933 = VERTEX_POINT('',#12934);
#12934 = CARTESIAN_POINT('',(-44.44881057268,5.963105726872,56.8));
#12935 = B_SPLINE_CURVE_WITH_KNOTS('',1,(#12936,#12937),.UNSPECIFIED.,
  .F.,.F.,(2,2),(0.,2.324155653451),.PIECEWISE_BEZIER_KNOTS.);
#12936 = CARTESIAN_POINT('',(-42.12465491923,5.963105726872,56.8));
#12937 = CARTESIAN_POINT('',(-44.44881057268,5.963105726872,56.8));
#12938 = ORIENTED_EDGE('',*,*,#12939,.F.);
#12939 = EDGE_CURVE('',#12940,#12933,#12942,.T.);
#12940 = VERTEX_POINT('',#12941);
#12941 = CARTESIAN_POINT('',(-44.44881057268,5.963105726872,57.4));
#12942 = B_SPLINE_CURVE_WITH_KNOTS('',1,(#12943,#12944),.UNSPECIFIED.,
  .F.,.F.,(2,2),(0.,0.6),.PIECEWISE_BEZIER_KNOTS.);
#12943 = CARTESIAN_POINT('',(-44.44881057268,5.963105726872,57.4));
#12944 = CARTESIAN_POINT('',(-44.44881057268,5.963105726872,56.8));
#12945 = ORIENTED_EDGE('',*,*,#12946,.F.);
#12946 = EDGE_CURVE('',#12909,#12940,#12947,.T.);
#12947 = B_SPLINE_CURVE_WITH_KNOTS('',1,(#12948,#12949),.UNSPECIFIED.,
  .F.,.F.,(2,2),(0.,2.324155653451),.PIECEWISE_BEZIER_KNOTS.);
#12948 = CARTESIAN_POINT('',(-42.12465491923,5.963105726872,57.4));
#12949 = CARTESIAN_POINT('',(-44.44881057268,5.963105726872,57.4));
#12950 = B_SPLINE_SURFACE_WITH_KNOTS('',1,1,(
    (#12951,#12952)
    ,(#12953,#12954
    )),.UNSPECIFIED.,.F.,.F.,.F.,(2,2),(2,2),(0.,2.324155653451),(-0.6,
    0.),.PIECEWISE_BEZIER_KNOTS.);
#12951 = CARTESIAN_POINT('',(-42.12465491923,5.963105726872,56.8));
#12952 = CARTESIAN_POINT('',(-42.12465491923,5.963105726872,57.4));
#12953 = CARTESIAN_POINT('',(-44.44881057268,5.963105726872,56.8));
#12954 = CARTESIAN_POINT('',(-44.44881057268,5.963105726872,57.4));
#12955 = ADVANCED_FACE('',(#12956),#12978,.F.);
#12956 = FACE_BOUND('',#12957,.F.);
#12957 = EDGE_LOOP('',(#12958,#12959,#12966,#12973));
#12958 = ORIENTED_EDGE('',*,*,#12939,.T.);
#12959 = ORIENTED_EDGE('',*,*,#12960,.T.);
#12960 = EDGE_CURVE('',#12933,#12961,#12963,.T.);
#12961 = VERTEX_POINT('',#12962);
#12962 = CARTESIAN_POINT('',(-44.44881057268,6.852422907489,56.8));
#12963 = B_SPLINE_CURVE_WITH_KNOTS('',1,(#12964,#12965),.UNSPECIFIED.,
  .F.,.F.,(2,2),(0.,0.889317180617),.PIECEWISE_BEZIER_KNOTS.);
#12964 = CARTESIAN_POINT('',(-44.44881057268,5.963105726872,56.8));
#12965 = CARTESIAN_POINT('',(-44.44881057268,6.852422907489,56.8));
#12966 = ORIENTED_EDGE('',*,*,#12967,.F.);
#12967 = EDGE_CURVE('',#12968,#12961,#12970,.T.);
#12968 = VERTEX_POINT('',#12969);
#12969 = CARTESIAN_POINT('',(-44.44881057268,6.852422907489,57.4));
#12970 = B_SPLINE_CURVE_WITH_KNOTS('',1,(#12971,#12972),.UNSPECIFIED.,
  .F.,.F.,(2,2),(0.,0.6),.PIECEWISE_BEZIER_KNOTS.);
#12971 = CARTESIAN_POINT('',(-44.44881057268,6.852422907489,57.4));
#12972 = CARTESIAN_POINT('',(-44.44881057268,6.852422907489,56.8));
#12973 = ORIENTED_EDGE('',*,*,#12974,.F.);
#12974 = EDGE_CURVE('',#12940,#12968,#12975,.T.);
#12975 = B_SPLINE_CURVE_WITH_KNOTS('',1,(#12976,#12977),.UNSPECIFIED.,
  .F.,.F.,(2,2),(0.,0.889317180617),.PIECEWISE_BEZIER_KNOTS.);
#12976 = CARTESIAN_POINT('',(-44.44881057268,5.963105726872,57.4));
#12977 = CARTESIAN_POINT('',(-44.44881057268,6.852422907489,57.4));
#12978 = B_SPLINE_SURFACE_WITH_KNOTS('',1,1,(
    (#12979,#12980)
    ,(#12981,#12982
    )),.UNSPECIFIED.,.F.,.F.,.F.,(2,2),(2,2),(0.,0.889317180617),(-0.6,
    0.),.PIECEWISE_BEZIER_KNOTS.);
#12979 = CARTESIAN_POINT('',(-44.44881057268,5.963105726872,56.8));
#12980 = CARTESIAN_POINT('',(-44.44881057268,5.963105726872,57.4));
#12981 = CARTESIAN_POINT('',(-44.44881057268,6.852422907489,56.8));
#12982 = CARTESIAN_POINT('',(-44.44881057268,6.852422907489,57.4));
#12983 = ADVANCED_FACE('',(#12984),#12998,.F.);
#12984 = FACE_BOUND('',#12985,.F.);
#12985 = EDGE_LOOP('',(#12986,#12987,#12992,#12993));
#12986 = ORIENTED_EDGE('',*,*,#12967,.T.);
#12987 = ORIENTED_EDGE('',*,*,#12988,.T.);
#12988 = EDGE_CURVE('',#12961,#12714,#12989,.T.);
#12989 = B_SPLINE_CURVE_WITH_KNOTS('',1,(#12990,#12991),.UNSPECIFIED.,
  .F.,.F.,(2,2),(0.,2.238803230543),.PIECEWISE_BEZIER_KNOTS.);
#12990 = CARTESIAN_POINT('',(-44.44881057268,6.852422907489,56.8));
#12991 = CARTESIAN_POINT('',(-42.21000734214,6.852422907489,56.8));
#12992 = ORIENTED_EDGE('',*,*,#12711,.F.);
#12993 = ORIENTED_EDGE('',*,*,#12994,.F.);
#12994 = EDGE_CURVE('',#12968,#12712,#12995,.T.);
#12995 = B_SPLINE_CURVE_WITH_KNOTS('',1,(#12996,#12997),.UNSPECIFIED.,
  .F.,.F.,(2,2),(0.,2.238803230543),.PIECEWISE_BEZIER_KNOTS.);
#12996 = CARTESIAN_POINT('',(-44.44881057268,6.852422907489,57.4));
#12997 = CARTESIAN_POINT('',(-42.21000734214,6.852422907489,57.4));
#12998 = B_SPLINE_SURFACE_WITH_KNOTS('',1,1,(
    (#12999,#13000)
    ,(#13001,#13002
    )),.UNSPECIFIED.,.F.,.F.,.F.,(2,2),(2,2),(0.,2.238803230543),(-0.6,
    0.),.PIECEWISE_BEZIER_KNOTS.);
#12999 = CARTESIAN_POINT('',(-44.44881057268,6.852422907489,56.8));
#13000 = CARTESIAN_POINT('',(-44.44881057268,6.852422907489,57.4));
#13001 = CARTESIAN_POINT('',(-42.21000734214,6.852422907489,56.8));
#13002 = CARTESIAN_POINT('',(-42.21000734214,6.852422907489,57.4));
#13003 = ADVANCED_FACE('',(#13004),#13016,.T.);
#13004 = FACE_BOUND('',#13005,.F.);
#13005 = EDGE_LOOP('',(#13006,#13007,#13008,#13009,#13010,#13011,#13012,
    #13013,#13014,#13015));
#13006 = ORIENTED_EDGE('',*,*,#12735,.T.);
#13007 = ORIENTED_EDGE('',*,*,#12767,.T.);
#13008 = ORIENTED_EDGE('',*,*,#12798,.T.);
#13009 = ORIENTED_EDGE('',*,*,#12826,.T.);
#13010 = ORIENTED_EDGE('',*,*,#12854,.T.);
#13011 = ORIENTED_EDGE('',*,*,#12883,.T.);
#13012 = ORIENTED_EDGE('',*,*,#12915,.T.);
#13013 = ORIENTED_EDGE('',*,*,#12946,.T.);
#13014 = ORIENTED_EDGE('',*,*,#12974,.T.);
#13015 = ORIENTED_EDGE('',*,*,#12994,.T.);
#13016 = B_SPLINE_SURFACE_WITH_KNOTS('',1,1,(
    (#13017,#13018)
    ,(#13019,#13020
    )),.UNSPECIFIED.,.F.,.F.,.F.,(2,2),(2,2),(-1.631340641635,
    1.634077860568),(-2.115439936138,1.902181209237),
  .PIECEWISE_BEZIER_KNOTS.);
#13017 = CARTESIAN_POINT('',(-40.43118942731,3.587004405286,57.4));
#13018 = CARTESIAN_POINT('',(-44.44881057268,3.587004405286,57.4));
#13019 = CARTESIAN_POINT('',(-40.43118942731,6.852422907489,57.4));
#13020 = CARTESIAN_POINT('',(-44.44881057268,6.852422907489,57.4));
#13021 = ADVANCED_FACE('',(#13022),#13034,.F.);
#13022 = FACE_BOUND('',#13023,.T.);
#13023 = EDGE_LOOP('',(#13024,#13025,#13026,#13027,#13028,#13029,#13030,
    #13031,#13032,#13033));
#13024 = ORIENTED_EDGE('',*,*,#12720,.T.);
#13025 = ORIENTED_EDGE('',*,*,#12752,.T.);
#13026 = ORIENTED_EDGE('',*,*,#12784,.T.);
#13027 = ORIENTED_EDGE('',*,*,#12812,.T.);
#13028 = ORIENTED_EDGE('',*,*,#12840,.T.);
#13029 = ORIENTED_EDGE('',*,*,#12868,.T.);
#13030 = ORIENTED_EDGE('',*,*,#12900,.T.);
#13031 = ORIENTED_EDGE('',*,*,#12932,.T.);
#13032 = ORIENTED_EDGE('',*,*,#12960,.T.);
#13033 = ORIENTED_EDGE('',*,*,#12988,.T.);
#13034 = B_SPLINE_SURFACE_WITH_KNOTS('',1,1,(
    (#13035,#13036)
    ,(#13037,#13038
    )),.UNSPECIFIED.,.F.,.F.,.F.,(2,2),(2,2),(-1.631340641635,
    1.634077860568),(-2.115439936138,1.902181209237),
  .PIECEWISE_BEZIER_KNOTS.);
#13035 = CARTESIAN_POINT('',(-40.43118942731,3.587004405286,56.8));
#13036 = CARTESIAN_POINT('',(-44.44881057268,3.587004405286,56.8));
#13037 = CARTESIAN_POINT('',(-40.43118942731,6.852422907489,56.8));
#13038 = CARTESIAN_POINT('',(-44.44881057268,6.852422907489,56.8));
#13039 = MANIFOLD_SOLID_BREP('',#13040);
#13040 = CLOSED_SHELL('',(#13041,#13077,#13105,#13137,#13169,#13201,
    #13233,#13261,#13289,#13317,#13345,#13373,#13405,#13437,#13469,
    #13501,#13533,#13561,#13593,#13625,#13657,#13689,#13709,#13745,
    #13773,#13805,#13837,#13869,#13889,#13927));
#13041 = ADVANCED_FACE('',(#13042),#13072,.F.);
#13042 = FACE_BOUND('',#13043,.F.);
#13043 = EDGE_LOOP('',(#13044,#13053,#13060,#13067));
#13044 = ORIENTED_EDGE('',*,*,#13045,.T.);
#13045 = EDGE_CURVE('',#13046,#13048,#13050,.T.);
#13046 = VERTEX_POINT('',#13047);
#13047 = CARTESIAN_POINT('',(-40.50167400881,11.022393538913,57.4));
#13048 = VERTEX_POINT('',#13049);
#13049 = CARTESIAN_POINT('',(-40.50167400881,11.022393538913,56.8));
#13050 = B_SPLINE_CURVE_WITH_KNOTS('',1,(#13051,#13052),.UNSPECIFIED.,
  .F.,.F.,(2,2),(0.,0.6),.PIECEWISE_BEZIER_KNOTS.);
#13051 = CARTESIAN_POINT('',(-40.50167400881,11.022393538913,57.4));
#13052 = CARTESIAN_POINT('',(-40.50167400881,11.022393538913,56.8));
#13053 = ORIENTED_EDGE('',*,*,#13054,.T.);
#13054 = EDGE_CURVE('',#13048,#13055,#13057,.T.);
#13055 = VERTEX_POINT('',#13056);
#13056 = CARTESIAN_POINT('',(-40.50167400881,10.000917767988,56.8));
#13057 = B_SPLINE_CURVE_WITH_KNOTS('',1,(#13058,#13059),.UNSPECIFIED.,
  .F.,.F.,(2,2),(0.,1.021475770925),.PIECEWISE_BEZIER_KNOTS.);
#13058 = CARTESIAN_POINT('',(-40.50167400881,11.022393538913,56.8));
#13059 = CARTESIAN_POINT('',(-40.50167400881,10.000917767988,56.8));
#13060 = ORIENTED_EDGE('',*,*,#13061,.F.);
#13061 = EDGE_CURVE('',#13062,#13055,#13064,.T.);
#13062 = VERTEX_POINT('',#13063);
#13063 = CARTESIAN_POINT('',(-40.50167400881,10.000917767988,57.4));
#13064 = B_SPLINE_CURVE_WITH_KNOTS('',1,(#13065,#13066),.UNSPECIFIED.,
  .F.,.F.,(2,2),(0.,0.6),.PIECEWISE_BEZIER_KNOTS.);
#13065 = CARTESIAN_POINT('',(-40.50167400881,10.000917767988,57.4));
#13066 = CARTESIAN_POINT('',(-40.50167400881,10.000917767988,56.8));
#13067 = ORIENTED_EDGE('',*,*,#13068,.F.);
#13068 = EDGE_CURVE('',#13046,#13062,#13069,.T.);
#13069 = B_SPLINE_CURVE_WITH_KNOTS('',1,(#13070,#13071),.UNSPECIFIED.,
  .F.,.F.,(2,2),(0.,1.021475770925),.PIECEWISE_BEZIER_KNOTS.);
#13070 = CARTESIAN_POINT('',(-40.50167400881,11.022393538913,57.4));
#13071 = CARTESIAN_POINT('',(-40.50167400881,10.000917767988,57.4));
#13072 = B_SPLINE_SURFACE_WITH_KNOTS('',1,1,(
    (#13073,#13074)
    ,(#13075,#13076
    )),.UNSPECIFIED.,.F.,.F.,.F.,(2,2),(2,2),(0.,1.021475770925),(-0.6,
    0.),.PIECEWISE_BEZIER_KNOTS.);
#13073 = CARTESIAN_POINT('',(-40.50167400881,11.022393538913,56.8));
#13074 = CARTESIAN_POINT('',(-40.50167400881,11.022393538913,57.4));
#13075 = CARTESIAN_POINT('',(-40.50167400881,10.000917767988,56.8));
#13076 = CARTESIAN_POINT('',(-40.50167400881,10.000917767988,57.4));
#13077 = ADVANCED_FACE('',(#13078),#13100,.F.);
#13078 = FACE_BOUND('',#13079,.F.);
#13079 = EDGE_LOOP('',(#13080,#13081,#13088,#13095));
#13080 = ORIENTED_EDGE('',*,*,#13061,.T.);
#13081 = ORIENTED_EDGE('',*,*,#13082,.T.);
#13082 = EDGE_CURVE('',#13055,#13083,#13085,.T.);
#13083 = VERTEX_POINT('',#13084);
#13084 = CARTESIAN_POINT('',(-41.52021292217,9.386930983847,56.8));
#13085 = B_SPLINE_CURVE_WITH_KNOTS('',1,(#13086,#13087),.UNSPECIFIED.,
  .F.,.F.,(2,2),(0.,1.189286041764),.PIECEWISE_BEZIER_KNOTS.);
#13086 = CARTESIAN_POINT('',(-40.50167400881,10.000917767988,56.8));
#13087 = CARTESIAN_POINT('',(-41.52021292217,9.386930983847,56.8));
#13088 = ORIENTED_EDGE('',*,*,#13089,.F.);
#13089 = EDGE_CURVE('',#13090,#13083,#13092,.T.);
#13090 = VERTEX_POINT('',#13091);
#13091 = CARTESIAN_POINT('',(-41.52021292217,9.386930983847,57.4));
#13092 = B_SPLINE_CURVE_WITH_KNOTS('',1,(#13093,#13094),.UNSPECIFIED.,
  .F.,.F.,(2,2),(0.,0.6),.PIECEWISE_BEZIER_KNOTS.);
#13093 = CARTESIAN_POINT('',(-41.52021292217,9.386930983847,57.4));
#13094 = CARTESIAN_POINT('',(-41.52021292217,9.386930983847,56.8));
#13095 = ORIENTED_EDGE('',*,*,#13096,.F.);
#13096 = EDGE_CURVE('',#13062,#13090,#13097,.T.);
#13097 = B_SPLINE_CURVE_WITH_KNOTS('',1,(#13098,#13099),.UNSPECIFIED.,
  .F.,.F.,(2,2),(0.,1.189286041764),.PIECEWISE_BEZIER_KNOTS.);
#13098 = CARTESIAN_POINT('',(-40.50167400881,10.000917767988,57.4));
#13099 = CARTESIAN_POINT('',(-41.52021292217,9.386930983847,57.4));
#13100 = B_SPLINE_SURFACE_WITH_KNOTS('',1,1,(
    (#13101,#13102)
    ,(#13103,#13104
    )),.UNSPECIFIED.,.F.,.F.,.F.,(2,2),(2,2),(0.,1.189286041764),(-0.6,
    0.),.PIECEWISE_BEZIER_KNOTS.);
#13101 = CARTESIAN_POINT('',(-40.50167400881,10.000917767988,56.8));
#13102 = CARTESIAN_POINT('',(-40.50167400881,10.000917767988,57.4));
#13103 = CARTESIAN_POINT('',(-41.52021292217,9.386930983847,56.8));
#13104 = CARTESIAN_POINT('',(-41.52021292217,9.386930983847,57.4));
#13105 = ADVANCED_FACE('',(#13106),#13130,.F.);
#13106 = FACE_BOUND('',#13107,.F.);
#13107 = EDGE_LOOP('',(#13108,#13109,#13117,#13124));
#13108 = ORIENTED_EDGE('',*,*,#13089,.T.);
#13109 = ORIENTED_EDGE('',*,*,#13110,.T.);
#13110 = EDGE_CURVE('',#13083,#13111,#13113,.T.);
#13111 = VERTEX_POINT('',#13112);
#13112 = CARTESIAN_POINT('',(-41.72726138032,9.254772393539,56.8));
#13113 = B_SPLINE_CURVE_WITH_KNOTS('',2,(#13114,#13115,#13116),
  .UNSPECIFIED.,.F.,.F.,(3,3),(0.,1.),.PIECEWISE_BEZIER_KNOTS.);
#13114 = CARTESIAN_POINT('',(-41.52021292217,9.386930983847,56.8));
#13115 = CARTESIAN_POINT('',(-41.63621879588,9.318098384728,56.8));
#13116 = CARTESIAN_POINT('',(-41.72726138032,9.254772393539,56.8));
#13117 = ORIENTED_EDGE('',*,*,#13118,.F.);
#13118 = EDGE_CURVE('',#13119,#13111,#13121,.T.);
#13119 = VERTEX_POINT('',#13120);
#13120 = CARTESIAN_POINT('',(-41.72726138032,9.254772393539,57.4));
#13121 = B_SPLINE_CURVE_WITH_KNOTS('',1,(#13122,#13123),.UNSPECIFIED.,
  .F.,.F.,(2,2),(0.,0.6),.PIECEWISE_BEZIER_KNOTS.);
#13122 = CARTESIAN_POINT('',(-41.72726138032,9.254772393539,57.4));
#13123 = CARTESIAN_POINT('',(-41.72726138032,9.254772393539,56.8));
#13124 = ORIENTED_EDGE('',*,*,#13125,.F.);
#13125 = EDGE_CURVE('',#13090,#13119,#13126,.T.);
#13126 = B_SPLINE_CURVE_WITH_KNOTS('',2,(#13127,#13128,#13129),
  .UNSPECIFIED.,.F.,.F.,(3,3),(0.,1.),.PIECEWISE_BEZIER_KNOTS.);
#13127 = CARTESIAN_POINT('',(-41.52021292217,9.386930983847,57.4));
#13128 = CARTESIAN_POINT('',(-41.63621879588,9.318098384728,57.4));
#13129 = CARTESIAN_POINT('',(-41.72726138032,9.254772393539,57.4));
#13130 = B_SPLINE_SURFACE_WITH_KNOTS('',2,1,(
    (#13131,#13132)
    ,(#13133,#13134)
    ,(#13135,#13136
    )),.UNSPECIFIED.,.F.,.F.,.F.,(3,3),(2,2),(0.,1.),(-0.6,0.),
  .PIECEWISE_BEZIER_KNOTS.);
#13131 = CARTESIAN_POINT('',(-41.52021292217,9.386930983847,56.8));
#13132 = CARTESIAN_POINT('',(-41.52021292217,9.386930983847,57.4));
#13133 = CARTESIAN_POINT('',(-41.63621879588,9.318098384728,56.8));
#13134 = CARTESIAN_POINT('',(-41.63621879588,9.318098384728,57.4));
#13135 = CARTESIAN_POINT('',(-41.72726138032,9.254772393539,56.8));
#13136 = CARTESIAN_POINT('',(-41.72726138032,9.254772393539,57.4));
#13137 = ADVANCED_FACE('',(#13138),#13162,.F.);
#13138 = FACE_BOUND('',#13139,.F.);
#13139 = EDGE_LOOP('',(#13140,#13141,#13149,#13156));
#13140 = ORIENTED_EDGE('',*,*,#13118,.T.);
#13141 = ORIENTED_EDGE('',*,*,#13142,.T.);
#13142 = EDGE_CURVE('',#13111,#13143,#13145,.T.);
#13143 = VERTEX_POINT('',#13144);
#13144 = CARTESIAN_POINT('',(-41.88309838472,9.126651982379,56.8));
#13145 = B_SPLINE_CURVE_WITH_KNOTS('',2,(#13146,#13147,#13148),
  .UNSPECIFIED.,.F.,.F.,(3,3),(0.,1.),.PIECEWISE_BEZIER_KNOTS.);
#13146 = CARTESIAN_POINT('',(-41.72726138032,9.254772393539,56.8));
#13147 = CARTESIAN_POINT('',(-41.81830396475,9.191446402349,56.8));
#13148 = CARTESIAN_POINT('',(-41.88309838472,9.126651982379,56.8));
#13149 = ORIENTED_EDGE('',*,*,#13150,.F.);
#13150 = EDGE_CURVE('',#13151,#13143,#13153,.T.);
#13151 = VERTEX_POINT('',#13152);
#13152 = CARTESIAN_POINT('',(-41.88309838472,9.126651982379,57.4));
#13153 = B_SPLINE_CURVE_WITH_KNOTS('',1,(#13154,#13155),.UNSPECIFIED.,
  .F.,.F.,(2,2),(0.,0.6),.PIECEWISE_BEZIER_KNOTS.);
#13154 = CARTESIAN_POINT('',(-41.88309838472,9.126651982379,57.4));
#13155 = CARTESIAN_POINT('',(-41.88309838472,9.126651982379,56.8));
#13156 = ORIENTED_EDGE('',*,*,#13157,.F.);
#13157 = EDGE_CURVE('',#13119,#13151,#13158,.T.);
#13158 = B_SPLINE_CURVE_WITH_KNOTS('',2,(#13159,#13160,#13161),
  .UNSPECIFIED.,.F.,.F.,(3,3),(0.,1.),.PIECEWISE_BEZIER_KNOTS.);
#13159 = CARTESIAN_POINT('',(-41.72726138032,9.254772393539,57.4));
#13160 = CARTESIAN_POINT('',(-41.81830396475,9.191446402349,57.4));
#13161 = CARTESIAN_POINT('',(-41.88309838472,9.126651982379,57.4));
#13162 = B_SPLINE_SURFACE_WITH_KNOTS('',2,1,(
    (#13163,#13164)
    ,(#13165,#13166)
    ,(#13167,#13168
    )),.UNSPECIFIED.,.F.,.F.,.F.,(3,3),(2,2),(0.,1.),(-0.6,0.),
  .PIECEWISE_BEZIER_KNOTS.);
#13163 = CARTESIAN_POINT('',(-41.72726138032,9.254772393539,56.8));
#13164 = CARTESIAN_POINT('',(-41.72726138032,9.254772393539,57.4));
#13165 = CARTESIAN_POINT('',(-41.81830396475,9.191446402349,56.8));
#13166 = CARTESIAN_POINT('',(-41.81830396475,9.191446402349,57.4));
#13167 = CARTESIAN_POINT('',(-41.88309838472,9.126651982379,56.8));
#13168 = CARTESIAN_POINT('',(-41.88309838472,9.126651982379,57.4));
#13169 = ADVANCED_FACE('',(#13170),#13194,.F.);
#13170 = FACE_BOUND('',#13171,.F.);
#13171 = EDGE_LOOP('',(#13172,#13173,#13181,#13188));
#13172 = ORIENTED_EDGE('',*,*,#13150,.T.);
#13173 = ORIENTED_EDGE('',*,*,#13174,.T.);
#13174 = EDGE_CURVE('',#13143,#13175,#13177,.T.);
#13175 = VERTEX_POINT('',#13176);
#13176 = CARTESIAN_POINT('',(-41.98258443465,8.991740088106,56.8));
#13177 = B_SPLINE_CURVE_WITH_KNOTS('',2,(#13178,#13179,#13180),
  .UNSPECIFIED.,.F.,.F.,(3,3),(0.,1.),.PIECEWISE_BEZIER_KNOTS.);
#13178 = CARTESIAN_POINT('',(-41.88309838472,9.126651982379,56.8));
#13179 = CARTESIAN_POINT('',(-41.94807635829,9.062041116006,56.8));
#13180 = CARTESIAN_POINT('',(-41.98258443465,8.991740088106,56.8));
#13181 = ORIENTED_EDGE('',*,*,#13182,.F.);
#13182 = EDGE_CURVE('',#13183,#13175,#13185,.T.);
#13183 = VERTEX_POINT('',#13184);
#13184 = CARTESIAN_POINT('',(-41.98258443465,8.991740088106,57.4));
#13185 = B_SPLINE_CURVE_WITH_KNOTS('',1,(#13186,#13187),.UNSPECIFIED.,
  .F.,.F.,(2,2),(0.,0.6),.PIECEWISE_BEZIER_KNOTS.);
#13186 = CARTESIAN_POINT('',(-41.98258443465,8.991740088106,57.4));
#13187 = CARTESIAN_POINT('',(-41.98258443465,8.991740088106,56.8));
#13188 = ORIENTED_EDGE('',*,*,#13189,.F.);
#13189 = EDGE_CURVE('',#13151,#13183,#13190,.T.);
#13190 = B_SPLINE_CURVE_WITH_KNOTS('',2,(#13191,#13192,#13193),
  .UNSPECIFIED.,.F.,.F.,(3,3),(0.,1.),.PIECEWISE_BEZIER_KNOTS.);
#13191 = CARTESIAN_POINT('',(-41.88309838472,9.126651982379,57.4));
#13192 = CARTESIAN_POINT('',(-41.94807635829,9.062041116006,57.4));
#13193 = CARTESIAN_POINT('',(-41.98258443465,8.991740088106,57.4));
#13194 = B_SPLINE_SURFACE_WITH_KNOTS('',2,1,(
    (#13195,#13196)
    ,(#13197,#13198)
    ,(#13199,#13200
    )),.UNSPECIFIED.,.F.,.F.,.F.,(3,3),(2,2),(0.,1.),(-0.6,0.),
  .PIECEWISE_BEZIER_KNOTS.);
#13195 = CARTESIAN_POINT('',(-41.88309838472,9.126651982379,56.8));
#13196 = CARTESIAN_POINT('',(-41.88309838472,9.126651982379,57.4));
#13197 = CARTESIAN_POINT('',(-41.94807635829,9.062041116006,56.8));
#13198 = CARTESIAN_POINT('',(-41.94807635829,9.062041116006,57.4));
#13199 = CARTESIAN_POINT('',(-41.98258443465,8.991740088106,56.8));
#13200 = CARTESIAN_POINT('',(-41.98258443465,8.991740088106,57.4));
#13201 = ADVANCED_FACE('',(#13202),#13226,.F.);
#13202 = FACE_BOUND('',#13203,.F.);
#13203 = EDGE_LOOP('',(#13204,#13205,#13213,#13220));
#13204 = ORIENTED_EDGE('',*,*,#13182,.T.);
#13205 = ORIENTED_EDGE('',*,*,#13206,.T.);
#13206 = EDGE_CURVE('',#13175,#13207,#13209,.T.);
#13207 = VERTEX_POINT('',#13208);
#13208 = CARTESIAN_POINT('',(-42.01709251101,8.83902349486,56.8));
#13209 = B_SPLINE_CURVE_WITH_KNOTS('',2,(#13210,#13211,#13212),
  .UNSPECIFIED.,.F.,.F.,(3,3),(0.,1.),.PIECEWISE_BEZIER_KNOTS.);
#13210 = CARTESIAN_POINT('',(-41.98258443465,8.991740088106,56.8));
#13211 = CARTESIAN_POINT('',(-42.01709251101,8.921622613803,56.8));
#13212 = CARTESIAN_POINT('',(-42.01709251101,8.83902349486,56.8));
#13213 = ORIENTED_EDGE('',*,*,#13214,.F.);
#13214 = EDGE_CURVE('',#13215,#13207,#13217,.T.);
#13215 = VERTEX_POINT('',#13216);
#13216 = CARTESIAN_POINT('',(-42.01709251101,8.83902349486,57.4));
#13217 = B_SPLINE_CURVE_WITH_KNOTS('',1,(#13218,#13219),.UNSPECIFIED.,
  .F.,.F.,(2,2),(0.,0.6),.PIECEWISE_BEZIER_KNOTS.);
#13218 = CARTESIAN_POINT('',(-42.01709251101,8.83902349486,57.4));
#13219 = CARTESIAN_POINT('',(-42.01709251101,8.83902349486,56.8));
#13220 = ORIENTED_EDGE('',*,*,#13221,.F.);
#13221 = EDGE_CURVE('',#13183,#13215,#13222,.T.);
#13222 = B_SPLINE_CURVE_WITH_KNOTS('',2,(#13223,#13224,#13225),
  .UNSPECIFIED.,.F.,.F.,(3,3),(0.,1.),.PIECEWISE_BEZIER_KNOTS.);
#13223 = CARTESIAN_POINT('',(-41.98258443465,8.991740088106,57.4));
#13224 = CARTESIAN_POINT('',(-42.01709251101,8.921622613803,57.4));
#13225 = CARTESIAN_POINT('',(-42.01709251101,8.83902349486,57.4));
#13226 = B_SPLINE_SURFACE_WITH_KNOTS('',2,1,(
    (#13227,#13228)
    ,(#13229,#13230)
    ,(#13231,#13232
    )),.UNSPECIFIED.,.F.,.F.,.F.,(3,3),(2,2),(0.,1.),(-0.6,0.),
  .PIECEWISE_BEZIER_KNOTS.);
#13227 = CARTESIAN_POINT('',(-41.98258443465,8.991740088106,56.8));
#13228 = CARTESIAN_POINT('',(-41.98258443465,8.991740088106,57.4));
#13229 = CARTESIAN_POINT('',(-42.01709251101,8.921622613803,56.8));
#13230 = CARTESIAN_POINT('',(-42.01709251101,8.921622613803,57.4));
#13231 = CARTESIAN_POINT('',(-42.01709251101,8.83902349486,56.8));
#13232 = CARTESIAN_POINT('',(-42.01709251101,8.83902349486,57.4));
#13233 = ADVANCED_FACE('',(#13234),#13256,.F.);
#13234 = FACE_BOUND('',#13235,.F.);
#13235 = EDGE_LOOP('',(#13236,#13237,#13244,#13251));
#13236 = ORIENTED_EDGE('',*,*,#13214,.T.);
#13237 = ORIENTED_EDGE('',*,*,#13238,.T.);
#13238 = EDGE_CURVE('',#13207,#13239,#13241,.T.);
#13239 = VERTEX_POINT('',#13240);
#13240 = CARTESIAN_POINT('',(-42.01709251101,8.599486049927,56.8));
#13241 = B_SPLINE_CURVE_WITH_KNOTS('',1,(#13242,#13243),.UNSPECIFIED.,
  .F.,.F.,(2,2),(0.,0.239537444934),.PIECEWISE_BEZIER_KNOTS.);
#13242 = CARTESIAN_POINT('',(-42.01709251101,8.83902349486,56.8));
#13243 = CARTESIAN_POINT('',(-42.01709251101,8.599486049927,56.8));
#13244 = ORIENTED_EDGE('',*,*,#13245,.F.);
#13245 = EDGE_CURVE('',#13246,#13239,#13248,.T.);
#13246 = VERTEX_POINT('',#13247);
#13247 = CARTESIAN_POINT('',(-42.01709251101,8.599486049927,57.4));
#13248 = B_SPLINE_CURVE_WITH_KNOTS('',1,(#13249,#13250),.UNSPECIFIED.,
  .F.,.F.,(2,2),(0.,0.6),.PIECEWISE_BEZIER_KNOTS.);
#13249 = CARTESIAN_POINT('',(-42.01709251101,8.599486049927,57.4));
#13250 = CARTESIAN_POINT('',(-42.01709251101,8.599486049927,56.8));
#13251 = ORIENTED_EDGE('',*,*,#13252,.F.);
#13252 = EDGE_CURVE('',#13215,#13246,#13253,.T.);
#13253 = B_SPLINE_CURVE_WITH_KNOTS('',1,(#13254,#13255),.UNSPECIFIED.,
  .F.,.F.,(2,2),(0.,0.239537444934),.PIECEWISE_BEZIER_KNOTS.);
#13254 = CARTESIAN_POINT('',(-42.01709251101,8.83902349486,57.4));
#13255 = CARTESIAN_POINT('',(-42.01709251101,8.599486049927,57.4));
#13256 = B_SPLINE_SURFACE_WITH_KNOTS('',1,1,(
    (#13257,#13258)
    ,(#13259,#13260
    )),.UNSPECIFIED.,.F.,.F.,.F.,(2,2),(2,2),(0.,0.239537444934),(-0.6,
    0.),.PIECEWISE_BEZIER_KNOTS.);
#13257 = CARTESIAN_POINT('',(-42.01709251101,8.83902349486,56.8));
#13258 = CARTESIAN_POINT('',(-42.01709251101,8.83902349486,57.4));
#13259 = CARTESIAN_POINT('',(-42.01709251101,8.599486049927,56.8));
#13260 = CARTESIAN_POINT('',(-42.01709251101,8.599486049927,57.4));
#13261 = ADVANCED_FACE('',(#13262),#13284,.F.);
#13262 = FACE_BOUND('',#13263,.F.);
#13263 = EDGE_LOOP('',(#13264,#13265,#13272,#13279));
#13264 = ORIENTED_EDGE('',*,*,#13245,.T.);
#13265 = ORIENTED_EDGE('',*,*,#13266,.T.);
#13266 = EDGE_CURVE('',#13239,#13267,#13269,.T.);
#13267 = VERTEX_POINT('',#13268);
#13268 = CARTESIAN_POINT('',(-40.50167400881,8.599486049927,56.8));
#13269 = B_SPLINE_CURVE_WITH_KNOTS('',1,(#13270,#13271),.UNSPECIFIED.,
  .F.,.F.,(2,2),(0.,1.515418502203),.PIECEWISE_BEZIER_KNOTS.);
#13270 = CARTESIAN_POINT('',(-42.01709251101,8.599486049927,56.8));
#13271 = CARTESIAN_POINT('',(-40.50167400881,8.599486049927,56.8));
#13272 = ORIENTED_EDGE('',*,*,#13273,.F.);
#13273 = EDGE_CURVE('',#13274,#13267,#13276,.T.);
#13274 = VERTEX_POINT('',#13275);
#13275 = CARTESIAN_POINT('',(-40.50167400881,8.599486049927,57.4));
#13276 = B_SPLINE_CURVE_WITH_KNOTS('',1,(#13277,#13278),.UNSPECIFIED.,
  .F.,.F.,(2,2),(0.,0.6),.PIECEWISE_BEZIER_KNOTS.);
#13277 = CARTESIAN_POINT('',(-40.50167400881,8.599486049927,57.4));
#13278 = CARTESIAN_POINT('',(-40.50167400881,8.599486049927,56.8));
#13279 = ORIENTED_EDGE('',*,*,#13280,.F.);
#13280 = EDGE_CURVE('',#13246,#13274,#13281,.T.);
#13281 = B_SPLINE_CURVE_WITH_KNOTS('',1,(#13282,#13283),.UNSPECIFIED.,
  .F.,.F.,(2,2),(0.,1.515418502203),.PIECEWISE_BEZIER_KNOTS.);
#13282 = CARTESIAN_POINT('',(-42.01709251101,8.599486049927,57.4));
#13283 = CARTESIAN_POINT('',(-40.50167400881,8.599486049927,57.4));
#13284 = B_SPLINE_SURFACE_WITH_KNOTS('',1,1,(
    (#13285,#13286)
    ,(#13287,#13288
    )),.UNSPECIFIED.,.F.,.F.,.F.,(2,2),(2,2),(0.,1.515418502203),(-0.6,
    0.),.PIECEWISE_BEZIER_KNOTS.);
#13285 = CARTESIAN_POINT('',(-42.01709251101,8.599486049927,56.8));
#13286 = CARTESIAN_POINT('',(-42.01709251101,8.599486049927,57.4));
#13287 = CARTESIAN_POINT('',(-40.50167400881,8.599486049927,56.8));
#13288 = CARTESIAN_POINT('',(-40.50167400881,8.599486049927,57.4));
#13289 = ADVANCED_FACE('',(#13290),#13312,.F.);
#13290 = FACE_BOUND('',#13291,.F.);
#13291 = EDGE_LOOP('',(#13292,#13293,#13300,#13307));
#13292 = ORIENTED_EDGE('',*,*,#13273,.T.);
#13293 = ORIENTED_EDGE('',*,*,#13294,.T.);
#13294 = EDGE_CURVE('',#13267,#13295,#13297,.T.);
#13295 = VERTEX_POINT('',#13296);
#13296 = CARTESIAN_POINT('',(-40.50167400881,7.71016886931,56.8));
#13297 = B_SPLINE_CURVE_WITH_KNOTS('',1,(#13298,#13299),.UNSPECIFIED.,
  .F.,.F.,(2,2),(0.,0.889317180617),.PIECEWISE_BEZIER_KNOTS.);
#13298 = CARTESIAN_POINT('',(-40.50167400881,8.599486049927,56.8));
#13299 = CARTESIAN_POINT('',(-40.50167400881,7.71016886931,56.8));
#13300 = ORIENTED_EDGE('',*,*,#13301,.F.);
#13301 = EDGE_CURVE('',#13302,#13295,#13304,.T.);
#13302 = VERTEX_POINT('',#13303);
#13303 = CARTESIAN_POINT('',(-40.50167400881,7.71016886931,57.4));
#13304 = B_SPLINE_CURVE_WITH_KNOTS('',1,(#13305,#13306),.UNSPECIFIED.,
  .F.,.F.,(2,2),(0.,0.6),.PIECEWISE_BEZIER_KNOTS.);
#13305 = CARTESIAN_POINT('',(-40.50167400881,7.71016886931,57.4));
#13306 = CARTESIAN_POINT('',(-40.50167400881,7.71016886931,56.8));
#13307 = ORIENTED_EDGE('',*,*,#13308,.F.);
#13308 = EDGE_CURVE('',#13274,#13302,#13309,.T.);
#13309 = B_SPLINE_CURVE_WITH_KNOTS('',1,(#13310,#13311),.UNSPECIFIED.,
  .F.,.F.,(2,2),(0.,0.889317180617),.PIECEWISE_BEZIER_KNOTS.);
#13310 = CARTESIAN_POINT('',(-40.50167400881,8.599486049927,57.4));
#13311 = CARTESIAN_POINT('',(-40.50167400881,7.71016886931,57.4));
#13312 = B_SPLINE_SURFACE_WITH_KNOTS('',1,1,(
    (#13313,#13314)
    ,(#13315,#13316
    )),.UNSPECIFIED.,.F.,.F.,.F.,(2,2),(2,2),(0.,0.889317180617),(-0.6,
    0.),.PIECEWISE_BEZIER_KNOTS.);
#13313 = CARTESIAN_POINT('',(-40.50167400881,8.599486049927,56.8));
#13314 = CARTESIAN_POINT('',(-40.50167400881,8.599486049927,57.4));
#13315 = CARTESIAN_POINT('',(-40.50167400881,7.71016886931,56.8));
#13316 = CARTESIAN_POINT('',(-40.50167400881,7.71016886931,57.4));
#13317 = ADVANCED_FACE('',(#13318),#13340,.F.);
#13318 = FACE_BOUND('',#13319,.F.);
#13319 = EDGE_LOOP('',(#13320,#13321,#13328,#13335));
#13320 = ORIENTED_EDGE('',*,*,#13301,.T.);
#13321 = ORIENTED_EDGE('',*,*,#13322,.T.);
#13322 = EDGE_CURVE('',#13295,#13323,#13325,.T.);
#13323 = VERTEX_POINT('',#13324);
#13324 = CARTESIAN_POINT('',(-44.44881057268,7.71016886931,56.8));
#13325 = B_SPLINE_CURVE_WITH_KNOTS('',1,(#13326,#13327),.UNSPECIFIED.,
  .F.,.F.,(2,2),(0.,3.947136563877),.PIECEWISE_BEZIER_KNOTS.);
#13326 = CARTESIAN_POINT('',(-40.50167400881,7.71016886931,56.8));
#13327 = CARTESIAN_POINT('',(-44.44881057268,7.71016886931,56.8));
#13328 = ORIENTED_EDGE('',*,*,#13329,.F.);
#13329 = EDGE_CURVE('',#13330,#13323,#13332,.T.);
#13330 = VERTEX_POINT('',#13331);
#13331 = CARTESIAN_POINT('',(-44.44881057268,7.71016886931,57.4));
#13332 = B_SPLINE_CURVE_WITH_KNOTS('',1,(#13333,#13334),.UNSPECIFIED.,
  .F.,.F.,(2,2),(0.,0.6),.PIECEWISE_BEZIER_KNOTS.);
#13333 = CARTESIAN_POINT('',(-44.44881057268,7.71016886931,57.4));
#13334 = CARTESIAN_POINT('',(-44.44881057268,7.71016886931,56.8));
#13335 = ORIENTED_EDGE('',*,*,#13336,.F.);
#13336 = EDGE_CURVE('',#13302,#13330,#13337,.T.);
#13337 = B_SPLINE_CURVE_WITH_KNOTS('',1,(#13338,#13339),.UNSPECIFIED.,
  .F.,.F.,(2,2),(0.,3.947136563877),.PIECEWISE_BEZIER_KNOTS.);
#13338 = CARTESIAN_POINT('',(-40.50167400881,7.71016886931,57.4));
#13339 = CARTESIAN_POINT('',(-44.44881057268,7.71016886931,57.4));
#13340 = B_SPLINE_SURFACE_WITH_KNOTS('',1,1,(
    (#13341,#13342)
    ,(#13343,#13344
    )),.UNSPECIFIED.,.F.,.F.,.F.,(2,2),(2,2),(0.,3.947136563877),(-0.6,
    0.),.PIECEWISE_BEZIER_KNOTS.);
#13341 = CARTESIAN_POINT('',(-40.50167400881,7.71016886931,56.8));
#13342 = CARTESIAN_POINT('',(-40.50167400881,7.71016886931,57.4));
#13343 = CARTESIAN_POINT('',(-44.44881057268,7.71016886931,56.8));
#13344 = CARTESIAN_POINT('',(-44.44881057268,7.71016886931,57.4));
#13345 = ADVANCED_FACE('',(#13346),#13368,.F.);
#13346 = FACE_BOUND('',#13347,.F.);
#13347 = EDGE_LOOP('',(#13348,#13349,#13356,#13363));
#13348 = ORIENTED_EDGE('',*,*,#13329,.T.);
#13349 = ORIENTED_EDGE('',*,*,#13350,.T.);
#13350 = EDGE_CURVE('',#13323,#13351,#13353,.T.);
#13351 = VERTEX_POINT('',#13352);
#13352 = CARTESIAN_POINT('',(-44.44881057268,9.119860499266,56.8));
#13353 = B_SPLINE_CURVE_WITH_KNOTS('',1,(#13354,#13355),.UNSPECIFIED.,
  .F.,.F.,(2,2),(0.,1.409691629956),.PIECEWISE_BEZIER_KNOTS.);
#13354 = CARTESIAN_POINT('',(-44.44881057268,7.71016886931,56.8));
#13355 = CARTESIAN_POINT('',(-44.44881057268,9.119860499266,56.8));
#13356 = ORIENTED_EDGE('',*,*,#13357,.F.);
#13357 = EDGE_CURVE('',#13358,#13351,#13360,.T.);
#13358 = VERTEX_POINT('',#13359);
#13359 = CARTESIAN_POINT('',(-44.44881057268,9.119860499266,57.4));
#13360 = B_SPLINE_CURVE_WITH_KNOTS('',1,(#13361,#13362),.UNSPECIFIED.,
  .F.,.F.,(2,2),(0.,0.6),.PIECEWISE_BEZIER_KNOTS.);
#13361 = CARTESIAN_POINT('',(-44.44881057268,9.119860499266,57.4));
#13362 = CARTESIAN_POINT('',(-44.44881057268,9.119860499266,56.8));
#13363 = ORIENTED_EDGE('',*,*,#13364,.F.);
#13364 = EDGE_CURVE('',#13330,#13358,#13365,.T.);
#13365 = B_SPLINE_CURVE_WITH_KNOTS('',1,(#13366,#13367),.UNSPECIFIED.,
  .F.,.F.,(2,2),(0.,1.409691629956),.PIECEWISE_BEZIER_KNOTS.);
#13366 = CARTESIAN_POINT('',(-44.44881057268,7.71016886931,57.4));
#13367 = CARTESIAN_POINT('',(-44.44881057268,9.119860499266,57.4));
#13368 = B_SPLINE_SURFACE_WITH_KNOTS('',1,1,(
    (#13369,#13370)
    ,(#13371,#13372
    )),.UNSPECIFIED.,.F.,.F.,.F.,(2,2),(2,2),(0.,1.409691629956),(-0.6,
    0.),.PIECEWISE_BEZIER_KNOTS.);
#13369 = CARTESIAN_POINT('',(-44.44881057268,7.71016886931,56.8));
#13370 = CARTESIAN_POINT('',(-44.44881057268,7.71016886931,57.4));
#13371 = CARTESIAN_POINT('',(-44.44881057268,9.119860499266,56.8));
#13372 = CARTESIAN_POINT('',(-44.44881057268,9.119860499266,57.4));
#13373 = ADVANCED_FACE('',(#13374),#13398,.F.);
#13374 = FACE_BOUND('',#13375,.F.);
#13375 = EDGE_LOOP('',(#13376,#13377,#13385,#13392));
#13376 = ORIENTED_EDGE('',*,*,#13357,.T.);
#13377 = ORIENTED_EDGE('',*,*,#13378,.T.);
#13378 = EDGE_CURVE('',#13351,#13379,#13381,.T.);
#13379 = VERTEX_POINT('',#13380);
#13380 = CARTESIAN_POINT('',(-43.3772246696,10.557085168869,56.8));
#13381 = B_SPLINE_CURVE_WITH_KNOTS('',2,(#13382,#13383,#13384),
  .UNSPECIFIED.,.F.,.F.,(3,3),(0.,1.),.PIECEWISE_BEZIER_KNOTS.);
#13382 = CARTESIAN_POINT('',(-44.44881057268,9.119860499266,56.8));
#13383 = CARTESIAN_POINT('',(-44.44881057268,10.557085168869,56.8));
#13384 = CARTESIAN_POINT('',(-43.3772246696,10.557085168869,56.8));
#13385 = ORIENTED_EDGE('',*,*,#13386,.F.);
#13386 = EDGE_CURVE('',#13387,#13379,#13389,.T.);
#13387 = VERTEX_POINT('',#13388);
#13388 = CARTESIAN_POINT('',(-43.3772246696,10.557085168869,57.4));
#13389 = B_SPLINE_CURVE_WITH_KNOTS('',1,(#13390,#13391),.UNSPECIFIED.,
  .F.,.F.,(2,2),(0.,0.6),.PIECEWISE_BEZIER_KNOTS.);
#13390 = CARTESIAN_POINT('',(-43.3772246696,10.557085168869,57.4));
#13391 = CARTESIAN_POINT('',(-43.3772246696,10.557085168869,56.8));
#13392 = ORIENTED_EDGE('',*,*,#13393,.F.);
#13393 = EDGE_CURVE('',#13358,#13387,#13394,.T.);
#13394 = B_SPLINE_CURVE_WITH_KNOTS('',2,(#13395,#13396,#13397),
  .UNSPECIFIED.,.F.,.F.,(3,3),(0.,1.),.PIECEWISE_BEZIER_KNOTS.);
#13395 = CARTESIAN_POINT('',(-44.44881057268,9.119860499266,57.4));
#13396 = CARTESIAN_POINT('',(-44.44881057268,10.557085168869,57.4));
#13397 = CARTESIAN_POINT('',(-43.3772246696,10.557085168869,57.4));
#13398 = B_SPLINE_SURFACE_WITH_KNOTS('',2,1,(
    (#13399,#13400)
    ,(#13401,#13402)
    ,(#13403,#13404
    )),.UNSPECIFIED.,.F.,.F.,.F.,(3,3),(2,2),(0.,1.),(-0.6,0.),
  .PIECEWISE_BEZIER_KNOTS.);
#13399 = CARTESIAN_POINT('',(-44.44881057268,9.119860499266,56.8));
#13400 = CARTESIAN_POINT('',(-44.44881057268,9.119860499266,57.4));
#13401 = CARTESIAN_POINT('',(-44.44881057268,10.557085168869,56.8));
#13402 = CARTESIAN_POINT('',(-44.44881057268,10.557085168869,57.4));
#13403 = CARTESIAN_POINT('',(-43.3772246696,10.557085168869,56.8));
#13404 = CARTESIAN_POINT('',(-43.3772246696,10.557085168869,57.4));
#13405 = ADVANCED_FACE('',(#13406),#13430,.F.);
#13406 = FACE_BOUND('',#13407,.F.);
#13407 = EDGE_LOOP('',(#13408,#13409,#13417,#13424));
#13408 = ORIENTED_EDGE('',*,*,#13386,.T.);
#13409 = ORIENTED_EDGE('',*,*,#13410,.T.);
#13410 = EDGE_CURVE('',#13379,#13411,#13413,.T.);
#13411 = VERTEX_POINT('',#13412);
#13412 = CARTESIAN_POINT('',(-42.99653450807,10.49375917768,56.8));
#13413 = B_SPLINE_CURVE_WITH_KNOTS('',2,(#13414,#13415,#13416),
  .UNSPECIFIED.,.F.,.F.,(3,3),(0.,1.),.PIECEWISE_BEZIER_KNOTS.);
#13414 = CARTESIAN_POINT('',(-43.3772246696,10.557085168869,56.8));
#13415 = CARTESIAN_POINT('',(-43.17109397944,10.557085168869,56.8));
#13416 = CARTESIAN_POINT('',(-42.99653450807,10.49375917768,56.8));
#13417 = ORIENTED_EDGE('',*,*,#13418,.F.);
#13418 = EDGE_CURVE('',#13419,#13411,#13421,.T.);
#13419 = VERTEX_POINT('',#13420);
#13420 = CARTESIAN_POINT('',(-42.99653450807,10.49375917768,57.4));
#13421 = B_SPLINE_CURVE_WITH_KNOTS('',1,(#13422,#13423),.UNSPECIFIED.,
  .F.,.F.,(2,2),(0.,0.6),.PIECEWISE_BEZIER_KNOTS.);
#13422 = CARTESIAN_POINT('',(-42.99653450807,10.49375917768,57.4));
#13423 = CARTESIAN_POINT('',(-42.99653450807,10.49375917768,56.8));
#13424 = ORIENTED_EDGE('',*,*,#13425,.F.);
#13425 = EDGE_CURVE('',#13387,#13419,#13426,.T.);
#13426 = B_SPLINE_CURVE_WITH_KNOTS('',2,(#13427,#13428,#13429),
  .UNSPECIFIED.,.F.,.F.,(3,3),(0.,1.),.PIECEWISE_BEZIER_KNOTS.);
#13427 = CARTESIAN_POINT('',(-43.3772246696,10.557085168869,57.4));
#13428 = CARTESIAN_POINT('',(-43.17109397944,10.557085168869,57.4));
#13429 = CARTESIAN_POINT('',(-42.99653450807,10.49375917768,57.4));
#13430 = B_SPLINE_SURFACE_WITH_KNOTS('',2,1,(
    (#13431,#13432)
    ,(#13433,#13434)
    ,(#13435,#13436
    )),.UNSPECIFIED.,.F.,.F.,.F.,(3,3),(2,2),(0.,1.),(-0.6,0.),
  .PIECEWISE_BEZIER_KNOTS.);
#13431 = CARTESIAN_POINT('',(-43.3772246696,10.557085168869,56.8));
#13432 = CARTESIAN_POINT('',(-43.3772246696,10.557085168869,57.4));
#13433 = CARTESIAN_POINT('',(-43.17109397944,10.557085168869,56.8));
#13434 = CARTESIAN_POINT('',(-43.17109397944,10.557085168869,57.4));
#13435 = CARTESIAN_POINT('',(-42.99653450807,10.49375917768,56.8));
#13436 = CARTESIAN_POINT('',(-42.99653450807,10.49375917768,57.4));
#13437 = ADVANCED_FACE('',(#13438),#13462,.F.);
#13438 = FACE_BOUND('',#13439,.F.);
#13439 = EDGE_LOOP('',(#13440,#13441,#13449,#13456));
#13440 = ORIENTED_EDGE('',*,*,#13418,.T.);
#13441 = ORIENTED_EDGE('',*,*,#13442,.T.);
#13442 = EDGE_CURVE('',#13411,#13443,#13445,.T.);
#13443 = VERTEX_POINT('',#13444);
#13444 = CARTESIAN_POINT('',(-42.6819236417,10.314794419971,56.8));
#13445 = B_SPLINE_CURVE_WITH_KNOTS('',2,(#13446,#13447,#13448),
  .UNSPECIFIED.,.F.,.F.,(3,3),(0.,1.),.PIECEWISE_BEZIER_KNOTS.);
#13446 = CARTESIAN_POINT('',(-42.99653450807,10.49375917768,56.8));
#13447 = CARTESIAN_POINT('',(-42.8221585903,10.43043318649,56.8));
#13448 = CARTESIAN_POINT('',(-42.6819236417,10.314794419971,56.8));
#13449 = ORIENTED_EDGE('',*,*,#13450,.F.);
#13450 = EDGE_CURVE('',#13451,#13443,#13453,.T.);
#13451 = VERTEX_POINT('',#13452);
#13452 = CARTESIAN_POINT('',(-42.6819236417,10.314794419971,57.4));
#13453 = B_SPLINE_CURVE_WITH_KNOTS('',1,(#13454,#13455),.UNSPECIFIED.,
  .F.,.F.,(2,2),(0.,0.6),.PIECEWISE_BEZIER_KNOTS.);
#13454 = CARTESIAN_POINT('',(-42.6819236417,10.314794419971,57.4));
#13455 = CARTESIAN_POINT('',(-42.6819236417,10.314794419971,56.8));
#13456 = ORIENTED_EDGE('',*,*,#13457,.F.);
#13457 = EDGE_CURVE('',#13419,#13451,#13458,.T.);
#13458 = B_SPLINE_CURVE_WITH_KNOTS('',2,(#13459,#13460,#13461),
  .UNSPECIFIED.,.F.,.F.,(3,3),(0.,1.),.PIECEWISE_BEZIER_KNOTS.);
#13459 = CARTESIAN_POINT('',(-42.99653450807,10.49375917768,57.4));
#13460 = CARTESIAN_POINT('',(-42.8221585903,10.43043318649,57.4));
#13461 = CARTESIAN_POINT('',(-42.6819236417,10.314794419971,57.4));
#13462 = B_SPLINE_SURFACE_WITH_KNOTS('',2,1,(
    (#13463,#13464)
    ,(#13465,#13466)
    ,(#13467,#13468
    )),.UNSPECIFIED.,.F.,.F.,.F.,(3,3),(2,2),(0.,1.),(-0.6,0.),
  .PIECEWISE_BEZIER_KNOTS.);
#13463 = CARTESIAN_POINT('',(-42.99653450807,10.49375917768,56.8));
#13464 = CARTESIAN_POINT('',(-42.99653450807,10.49375917768,57.4));
#13465 = CARTESIAN_POINT('',(-42.8221585903,10.43043318649,56.8));
#13466 = CARTESIAN_POINT('',(-42.8221585903,10.43043318649,57.4));
#13467 = CARTESIAN_POINT('',(-42.6819236417,10.314794419971,56.8));
#13468 = CARTESIAN_POINT('',(-42.6819236417,10.314794419971,57.4));
#13469 = ADVANCED_FACE('',(#13470),#13494,.F.);
#13470 = FACE_BOUND('',#13471,.F.);
#13471 = EDGE_LOOP('',(#13472,#13473,#13481,#13488));
#13472 = ORIENTED_EDGE('',*,*,#13450,.T.);
#13473 = ORIENTED_EDGE('',*,*,#13474,.T.);
#13474 = EDGE_CURVE('',#13443,#13475,#13477,.T.);
#13475 = VERTEX_POINT('',#13476);
#13476 = CARTESIAN_POINT('',(-42.44018355359,10.035242290749,56.8));
#13477 = B_SPLINE_CURVE_WITH_KNOTS('',2,(#13478,#13479,#13480),
  .UNSPECIFIED.,.F.,.F.,(3,3),(0.,1.),.PIECEWISE_BEZIER_KNOTS.);
#13478 = CARTESIAN_POINT('',(-42.6819236417,10.314794419971,56.8));
#13479 = CARTESIAN_POINT('',(-42.54187224669,10.199155653451,56.8));
#13480 = CARTESIAN_POINT('',(-42.44018355359,10.035242290749,56.8));
#13481 = ORIENTED_EDGE('',*,*,#13482,.F.);
#13482 = EDGE_CURVE('',#13483,#13475,#13485,.T.);
#13483 = VERTEX_POINT('',#13484);
#13484 = CARTESIAN_POINT('',(-42.44018355359,10.035242290749,57.4));
#13485 = B_SPLINE_CURVE_WITH_KNOTS('',1,(#13486,#13487),.UNSPECIFIED.,
  .F.,.F.,(2,2),(0.,0.6),.PIECEWISE_BEZIER_KNOTS.);
#13486 = CARTESIAN_POINT('',(-42.44018355359,10.035242290749,57.4));
#13487 = CARTESIAN_POINT('',(-42.44018355359,10.035242290749,56.8));
#13488 = ORIENTED_EDGE('',*,*,#13489,.F.);
#13489 = EDGE_CURVE('',#13451,#13483,#13490,.T.);
#13490 = B_SPLINE_CURVE_WITH_KNOTS('',2,(#13491,#13492,#13493),
  .UNSPECIFIED.,.F.,.F.,(3,3),(0.,1.),.PIECEWISE_BEZIER_KNOTS.);
#13491 = CARTESIAN_POINT('',(-42.6819236417,10.314794419971,57.4));
#13492 = CARTESIAN_POINT('',(-42.54187224669,10.199155653451,57.4));
#13493 = CARTESIAN_POINT('',(-42.44018355359,10.035242290749,57.4));
#13494 = B_SPLINE_SURFACE_WITH_KNOTS('',2,1,(
    (#13495,#13496)
    ,(#13497,#13498)
    ,(#13499,#13500
    )),.UNSPECIFIED.,.F.,.F.,.F.,(3,3),(2,2),(0.,1.),(-0.6,0.),
  .PIECEWISE_BEZIER_KNOTS.);
#13495 = CARTESIAN_POINT('',(-42.6819236417,10.314794419971,56.8));
#13496 = CARTESIAN_POINT('',(-42.6819236417,10.314794419971,57.4));
#13497 = CARTESIAN_POINT('',(-42.54187224669,10.199155653451,56.8));
#13498 = CARTESIAN_POINT('',(-42.54187224669,10.199155653451,57.4));
#13499 = CARTESIAN_POINT('',(-42.44018355359,10.035242290749,56.8));
#13500 = CARTESIAN_POINT('',(-42.44018355359,10.035242290749,57.4));
#13501 = ADVANCED_FACE('',(#13502),#13526,.F.);
#13502 = FACE_BOUND('',#13503,.F.);
#13503 = EDGE_LOOP('',(#13504,#13505,#13513,#13520));
#13504 = ORIENTED_EDGE('',*,*,#13482,.T.);
#13505 = ORIENTED_EDGE('',*,*,#13506,.T.);
#13506 = EDGE_CURVE('',#13475,#13507,#13509,.T.);
#13507 = VERTEX_POINT('',#13508);
#13508 = CARTESIAN_POINT('',(-42.28085903083,9.670521292217,56.8));
#13509 = B_SPLINE_CURVE_WITH_KNOTS('',2,(#13510,#13511,#13512),
  .UNSPECIFIED.,.F.,.F.,(3,3),(0.,1.),.PIECEWISE_BEZIER_KNOTS.);
#13510 = CARTESIAN_POINT('',(-42.44018355359,10.035242290749,56.8));
#13511 = CARTESIAN_POINT('',(-42.33849486049,9.871512481645,56.8));
#13512 = CARTESIAN_POINT('',(-42.28085903083,9.670521292217,56.8));
#13513 = ORIENTED_EDGE('',*,*,#13514,.F.);
#13514 = EDGE_CURVE('',#13515,#13507,#13517,.T.);
#13515 = VERTEX_POINT('',#13516);
#13516 = CARTESIAN_POINT('',(-42.28085903083,9.670521292217,57.4));
#13517 = B_SPLINE_CURVE_WITH_KNOTS('',1,(#13518,#13519),.UNSPECIFIED.,
  .F.,.F.,(2,2),(0.,0.6),.PIECEWISE_BEZIER_KNOTS.);
#13518 = CARTESIAN_POINT('',(-42.28085903083,9.670521292217,57.4));
#13519 = CARTESIAN_POINT('',(-42.28085903083,9.670521292217,56.8));
#13520 = ORIENTED_EDGE('',*,*,#13521,.F.);
#13521 = EDGE_CURVE('',#13483,#13515,#13522,.T.);
#13522 = B_SPLINE_CURVE_WITH_KNOTS('',2,(#13523,#13524,#13525),
  .UNSPECIFIED.,.F.,.F.,(3,3),(0.,1.),.PIECEWISE_BEZIER_KNOTS.);
#13523 = CARTESIAN_POINT('',(-42.44018355359,10.035242290749,57.4));
#13524 = CARTESIAN_POINT('',(-42.33849486049,9.871512481645,57.4));
#13525 = CARTESIAN_POINT('',(-42.28085903083,9.670521292217,57.4));
#13526 = B_SPLINE_SURFACE_WITH_KNOTS('',2,1,(
    (#13527,#13528)
    ,(#13529,#13530)
    ,(#13531,#13532
    )),.UNSPECIFIED.,.F.,.F.,.F.,(3,3),(2,2),(0.,1.),(-0.6,0.),
  .PIECEWISE_BEZIER_KNOTS.);
#13527 = CARTESIAN_POINT('',(-42.44018355359,10.035242290749,56.8));
#13528 = CARTESIAN_POINT('',(-42.44018355359,10.035242290749,57.4));
#13529 = CARTESIAN_POINT('',(-42.33849486049,9.871512481645,56.8));
#13530 = CARTESIAN_POINT('',(-42.33849486049,9.871512481645,57.4));
#13531 = CARTESIAN_POINT('',(-42.28085903083,9.670521292217,56.8));
#13532 = CARTESIAN_POINT('',(-42.28085903083,9.670521292217,57.4));
#13533 = ADVANCED_FACE('',(#13534),#13556,.F.);
#13534 = FACE_BOUND('',#13535,.F.);
#13535 = EDGE_LOOP('',(#13536,#13537,#13544,#13551));
#13536 = ORIENTED_EDGE('',*,*,#13514,.T.);
#13537 = ORIENTED_EDGE('',*,*,#13538,.T.);
#13538 = EDGE_CURVE('',#13507,#13539,#13541,.T.);
#13539 = VERTEX_POINT('',#13540);
#13540 = CARTESIAN_POINT('',(-42.26984581497,9.670521292217,56.8));
#13541 = B_SPLINE_CURVE_WITH_KNOTS('',1,(#13542,#13543),.UNSPECIFIED.,
  .F.,.F.,(2,2),(0.,1.101321585903E-02),.PIECEWISE_BEZIER_KNOTS.);
#13542 = CARTESIAN_POINT('',(-42.28085903083,9.670521292217,56.8));
#13543 = CARTESIAN_POINT('',(-42.26984581497,9.670521292217,56.8));
#13544 = ORIENTED_EDGE('',*,*,#13545,.F.);
#13545 = EDGE_CURVE('',#13546,#13539,#13548,.T.);
#13546 = VERTEX_POINT('',#13547);
#13547 = CARTESIAN_POINT('',(-42.26984581497,9.670521292217,57.4));
#13548 = B_SPLINE_CURVE_WITH_KNOTS('',1,(#13549,#13550),.UNSPECIFIED.,
  .F.,.F.,(2,2),(0.,0.6),.PIECEWISE_BEZIER_KNOTS.);
#13549 = CARTESIAN_POINT('',(-42.26984581497,9.670521292217,57.4));
#13550 = CARTESIAN_POINT('',(-42.26984581497,9.670521292217,56.8));
#13551 = ORIENTED_EDGE('',*,*,#13552,.F.);
#13552 = EDGE_CURVE('',#13515,#13546,#13553,.T.);
#13553 = B_SPLINE_CURVE_WITH_KNOTS('',1,(#13554,#13555),.UNSPECIFIED.,
  .F.,.F.,(2,2),(0.,1.101321585903E-02),.PIECEWISE_BEZIER_KNOTS.);
#13554 = CARTESIAN_POINT('',(-42.28085903083,9.670521292217,57.4));
#13555 = CARTESIAN_POINT('',(-42.26984581497,9.670521292217,57.4));
#13556 = B_SPLINE_SURFACE_WITH_KNOTS('',1,1,(
    (#13557,#13558)
    ,(#13559,#13560
    )),.UNSPECIFIED.,.F.,.F.,.F.,(2,2),(2,2),(0.,1.101321585903E-02),(
    -0.6,0.),.PIECEWISE_BEZIER_KNOTS.);
#13557 = CARTESIAN_POINT('',(-42.28085903083,9.670521292217,56.8));
#13558 = CARTESIAN_POINT('',(-42.28085903083,9.670521292217,57.4));
#13559 = CARTESIAN_POINT('',(-42.26984581497,9.670521292217,56.8));
#13560 = CARTESIAN_POINT('',(-42.26984581497,9.670521292217,57.4));
#13561 = ADVANCED_FACE('',(#13562),#13586,.F.);
#13562 = FACE_BOUND('',#13563,.F.);
#13563 = EDGE_LOOP('',(#13564,#13565,#13573,#13580));
#13564 = ORIENTED_EDGE('',*,*,#13545,.T.);
#13565 = ORIENTED_EDGE('',*,*,#13566,.T.);
#13566 = EDGE_CURVE('',#13539,#13567,#13569,.T.);
#13567 = VERTEX_POINT('',#13568);
#13568 = CARTESIAN_POINT('',(-42.18008810572,9.841226138032,56.8));
#13569 = B_SPLINE_CURVE_WITH_KNOTS('',2,(#13570,#13571,#13572),
  .UNSPECIFIED.,.F.,.F.,(3,3),(0.,1.),.PIECEWISE_BEZIER_KNOTS.);
#13570 = CARTESIAN_POINT('',(-42.26984581497,9.670521292217,56.8));
#13571 = CARTESIAN_POINT('',(-42.24231277533,9.75862701909,56.8));
#13572 = CARTESIAN_POINT('',(-42.18008810572,9.841226138032,56.8));
#13573 = ORIENTED_EDGE('',*,*,#13574,.F.);
#13574 = EDGE_CURVE('',#13575,#13567,#13577,.T.);
#13575 = VERTEX_POINT('',#13576);
#13576 = CARTESIAN_POINT('',(-42.18008810572,9.841226138032,57.4));
#13577 = B_SPLINE_CURVE_WITH_KNOTS('',1,(#13578,#13579),.UNSPECIFIED.,
  .F.,.F.,(2,2),(0.,0.6),.PIECEWISE_BEZIER_KNOTS.);
#13578 = CARTESIAN_POINT('',(-42.18008810572,9.841226138032,57.4));
#13579 = CARTESIAN_POINT('',(-42.18008810572,9.841226138032,56.8));
#13580 = ORIENTED_EDGE('',*,*,#13581,.F.);
#13581 = EDGE_CURVE('',#13546,#13575,#13582,.T.);
#13582 = B_SPLINE_CURVE_WITH_KNOTS('',2,(#13583,#13584,#13585),
  .UNSPECIFIED.,.F.,.F.,(3,3),(0.,1.),.PIECEWISE_BEZIER_KNOTS.);
#13583 = CARTESIAN_POINT('',(-42.26984581497,9.670521292217,57.4));
#13584 = CARTESIAN_POINT('',(-42.24231277533,9.75862701909,57.4));
#13585 = CARTESIAN_POINT('',(-42.18008810572,9.841226138032,57.4));
#13586 = B_SPLINE_SURFACE_WITH_KNOTS('',2,1,(
    (#13587,#13588)
    ,(#13589,#13590)
    ,(#13591,#13592
    )),.UNSPECIFIED.,.F.,.F.,.F.,(3,3),(2,2),(0.,1.),(-0.6,0.),
  .PIECEWISE_BEZIER_KNOTS.);
#13587 = CARTESIAN_POINT('',(-42.26984581497,9.670521292217,56.8));
#13588 = CARTESIAN_POINT('',(-42.26984581497,9.670521292217,57.4));
#13589 = CARTESIAN_POINT('',(-42.24231277533,9.75862701909,56.8));
#13590 = CARTESIAN_POINT('',(-42.24231277533,9.75862701909,57.4));
#13591 = CARTESIAN_POINT('',(-42.18008810572,9.841226138032,56.8));
#13592 = CARTESIAN_POINT('',(-42.18008810572,9.841226138032,57.4));
#13593 = ADVANCED_FACE('',(#13594),#13618,.F.);
#13594 = FACE_BOUND('',#13595,.F.);
#13595 = EDGE_LOOP('',(#13596,#13597,#13605,#13612));
#13596 = ORIENTED_EDGE('',*,*,#13574,.T.);
#13597 = ORIENTED_EDGE('',*,*,#13598,.T.);
#13598 = EDGE_CURVE('',#13567,#13599,#13601,.T.);
#13599 = VERTEX_POINT('',#13600);
#13600 = CARTESIAN_POINT('',(-42.03526431718,10.000917767988,56.8));
#13601 = B_SPLINE_CURVE_WITH_KNOTS('',2,(#13602,#13603,#13604),
  .UNSPECIFIED.,.F.,.F.,(3,3),(0.,1.),.PIECEWISE_BEZIER_KNOTS.);
#13602 = CARTESIAN_POINT('',(-42.18008810572,9.841226138032,56.8));
#13603 = CARTESIAN_POINT('',(-42.11804698972,9.923825256975,56.8));
#13604 = CARTESIAN_POINT('',(-42.03526431718,10.000917767988,56.8));
#13605 = ORIENTED_EDGE('',*,*,#13606,.F.);
#13606 = EDGE_CURVE('',#13607,#13599,#13609,.T.);
#13607 = VERTEX_POINT('',#13608);
#13608 = CARTESIAN_POINT('',(-42.03526431718,10.000917767988,57.4));
#13609 = B_SPLINE_CURVE_WITH_KNOTS('',1,(#13610,#13611),.UNSPECIFIED.,
  .F.,.F.,(2,2),(0.,0.6),.PIECEWISE_BEZIER_KNOTS.);
#13610 = CARTESIAN_POINT('',(-42.03526431718,10.000917767988,57.4));
#13611 = CARTESIAN_POINT('',(-42.03526431718,10.000917767988,56.8));
#13612 = ORIENTED_EDGE('',*,*,#13613,.F.);
#13613 = EDGE_CURVE('',#13575,#13607,#13614,.T.);
#13614 = B_SPLINE_CURVE_WITH_KNOTS('',2,(#13615,#13616,#13617),
  .UNSPECIFIED.,.F.,.F.,(3,3),(0.,1.),.PIECEWISE_BEZIER_KNOTS.);
#13615 = CARTESIAN_POINT('',(-42.18008810572,9.841226138032,57.4));
#13616 = CARTESIAN_POINT('',(-42.11804698972,9.923825256975,57.4));
#13617 = CARTESIAN_POINT('',(-42.03526431718,10.000917767988,57.4));
#13618 = B_SPLINE_SURFACE_WITH_KNOTS('',2,1,(
    (#13619,#13620)
    ,(#13621,#13622)
    ,(#13623,#13624
    )),.UNSPECIFIED.,.F.,.F.,.F.,(3,3),(2,2),(0.,1.),(-0.6,0.),
  .PIECEWISE_BEZIER_KNOTS.);
#13619 = CARTESIAN_POINT('',(-42.18008810572,9.841226138032,56.8));
#13620 = CARTESIAN_POINT('',(-42.18008810572,9.841226138032,57.4));
#13621 = CARTESIAN_POINT('',(-42.11804698972,9.923825256975,56.8));
#13622 = CARTESIAN_POINT('',(-42.11804698972,9.923825256975,57.4));
#13623 = CARTESIAN_POINT('',(-42.03526431718,10.000917767988,56.8));
#13624 = CARTESIAN_POINT('',(-42.03526431718,10.000917767988,57.4));
#13625 = ADVANCED_FACE('',(#13626),#13650,.F.);
#13626 = FACE_BOUND('',#13627,.F.);
#13627 = EDGE_LOOP('',(#13628,#13629,#13637,#13644));
#13628 = ORIENTED_EDGE('',*,*,#13606,.T.);
#13629 = ORIENTED_EDGE('',*,*,#13630,.T.);
#13630 = EDGE_CURVE('',#13599,#13631,#13633,.T.);
#13631 = VERTEX_POINT('',#13632);
#13632 = CARTESIAN_POINT('',(-41.85740088105,10.148127753304,56.8));
#13633 = B_SPLINE_CURVE_WITH_KNOTS('',2,(#13634,#13635,#13636),
  .UNSPECIFIED.,.F.,.F.,(3,3),(0.,1.),.PIECEWISE_BEZIER_KNOTS.);
#13634 = CARTESIAN_POINT('',(-42.03526431718,10.000917767988,56.8));
#13635 = CARTESIAN_POINT('',(-41.95266519823,10.078010279001,56.8));
#13636 = CARTESIAN_POINT('',(-41.85740088105,10.148127753304,56.8));
#13637 = ORIENTED_EDGE('',*,*,#13638,.F.);
#13638 = EDGE_CURVE('',#13639,#13631,#13641,.T.);
#13639 = VERTEX_POINT('',#13640);
#13640 = CARTESIAN_POINT('',(-41.85740088105,10.148127753304,57.4));
#13641 = B_SPLINE_CURVE_WITH_KNOTS('',1,(#13642,#13643),.UNSPECIFIED.,
  .F.,.F.,(2,2),(0.,0.6),.PIECEWISE_BEZIER_KNOTS.);
#13642 = CARTESIAN_POINT('',(-41.85740088105,10.148127753304,57.4));
#13643 = CARTESIAN_POINT('',(-41.85740088105,10.148127753304,56.8));
#13644 = ORIENTED_EDGE('',*,*,#13645,.F.);
#13645 = EDGE_CURVE('',#13607,#13639,#13646,.T.);
#13646 = B_SPLINE_CURVE_WITH_KNOTS('',2,(#13647,#13648,#13649),
  .UNSPECIFIED.,.F.,.F.,(3,3),(0.,1.),.PIECEWISE_BEZIER_KNOTS.);
#13647 = CARTESIAN_POINT('',(-42.03526431718,10.000917767988,57.4));
#13648 = CARTESIAN_POINT('',(-41.95266519823,10.078010279001,57.4));
#13649 = CARTESIAN_POINT('',(-41.85740088105,10.148127753304,57.4));
#13650 = B_SPLINE_SURFACE_WITH_KNOTS('',2,1,(
    (#13651,#13652)
    ,(#13653,#13654)
    ,(#13655,#13656
    )),.UNSPECIFIED.,.F.,.F.,.F.,(3,3),(2,2),(0.,1.),(-0.6,0.),
  .PIECEWISE_BEZIER_KNOTS.);
#13651 = CARTESIAN_POINT('',(-42.03526431718,10.000917767988,56.8));
#13652 = CARTESIAN_POINT('',(-42.03526431718,10.000917767988,57.4));
#13653 = CARTESIAN_POINT('',(-41.95266519823,10.078010279001,56.8));
#13654 = CARTESIAN_POINT('',(-41.95266519823,10.078010279001,57.4));
#13655 = CARTESIAN_POINT('',(-41.85740088105,10.148127753304,56.8));
#13656 = CARTESIAN_POINT('',(-41.85740088105,10.148127753304,57.4));
#13657 = ADVANCED_FACE('',(#13658),#13682,.F.);
#13658 = FACE_BOUND('',#13659,.F.);
#13659 = EDGE_LOOP('',(#13660,#13661,#13669,#13676));
#13660 = ORIENTED_EDGE('',*,*,#13638,.T.);
#13661 = ORIENTED_EDGE('',*,*,#13662,.T.);
#13662 = EDGE_CURVE('',#13631,#13663,#13665,.T.);
#13663 = VERTEX_POINT('',#13664);
#13664 = CARTESIAN_POINT('',(-41.67127753304,10.276248164464,56.8));
#13665 = B_SPLINE_CURVE_WITH_KNOTS('',2,(#13666,#13667,#13668),
  .UNSPECIFIED.,.F.,.F.,(3,3),(0.,1.),.PIECEWISE_BEZIER_KNOTS.);
#13666 = CARTESIAN_POINT('',(-41.85740088105,10.148127753304,56.8));
#13667 = CARTESIAN_POINT('',(-41.76232011747,10.218428781204,56.8));
#13668 = CARTESIAN_POINT('',(-41.67127753304,10.276248164464,56.8));
#13669 = ORIENTED_EDGE('',*,*,#13670,.F.);
#13670 = EDGE_CURVE('',#13671,#13663,#13673,.T.);
#13671 = VERTEX_POINT('',#13672);
#13672 = CARTESIAN_POINT('',(-41.67127753304,10.276248164464,57.4));
#13673 = B_SPLINE_CURVE_WITH_KNOTS('',1,(#13674,#13675),.UNSPECIFIED.,
  .F.,.F.,(2,2),(0.,0.6),.PIECEWISE_BEZIER_KNOTS.);
#13674 = CARTESIAN_POINT('',(-41.67127753304,10.276248164464,57.4));
#13675 = CARTESIAN_POINT('',(-41.67127753304,10.276248164464,56.8));
#13676 = ORIENTED_EDGE('',*,*,#13677,.F.);
#13677 = EDGE_CURVE('',#13639,#13671,#13678,.T.);
#13678 = B_SPLINE_CURVE_WITH_KNOTS('',2,(#13679,#13680,#13681),
  .UNSPECIFIED.,.F.,.F.,(3,3),(0.,1.),.PIECEWISE_BEZIER_KNOTS.);
#13679 = CARTESIAN_POINT('',(-41.85740088105,10.148127753304,57.4));
#13680 = CARTESIAN_POINT('',(-41.76232011747,10.218428781204,57.4));
#13681 = CARTESIAN_POINT('',(-41.67127753304,10.276248164464,57.4));
#13682 = B_SPLINE_SURFACE_WITH_KNOTS('',2,1,(
    (#13683,#13684)
    ,(#13685,#13686)
    ,(#13687,#13688
    )),.UNSPECIFIED.,.F.,.F.,.F.,(3,3),(2,2),(0.,1.),(-0.6,0.),
  .PIECEWISE_BEZIER_KNOTS.);
#13683 = CARTESIAN_POINT('',(-41.85740088105,10.148127753304,56.8));
#13684 = CARTESIAN_POINT('',(-41.85740088105,10.148127753304,57.4));
#13685 = CARTESIAN_POINT('',(-41.76232011747,10.218428781204,56.8));
#13686 = CARTESIAN_POINT('',(-41.76232011747,10.218428781204,57.4));
#13687 = CARTESIAN_POINT('',(-41.67127753304,10.276248164464,56.8));
#13688 = CARTESIAN_POINT('',(-41.67127753304,10.276248164464,57.4));
#13689 = ADVANCED_FACE('',(#13690),#13704,.F.);
#13690 = FACE_BOUND('',#13691,.F.);
#13691 = EDGE_LOOP('',(#13692,#13693,#13698,#13699));
#13692 = ORIENTED_EDGE('',*,*,#13670,.T.);
#13693 = ORIENTED_EDGE('',*,*,#13694,.T.);
#13694 = EDGE_CURVE('',#13663,#13048,#13695,.T.);
#13695 = B_SPLINE_CURVE_WITH_KNOTS('',1,(#13696,#13697),.UNSPECIFIED.,
  .F.,.F.,(2,2),(0.,1.38733749452),.PIECEWISE_BEZIER_KNOTS.);
#13696 = CARTESIAN_POINT('',(-41.67127753304,10.276248164464,56.8));
#13697 = CARTESIAN_POINT('',(-40.50167400881,11.022393538913,56.8));
#13698 = ORIENTED_EDGE('',*,*,#13045,.F.);
#13699 = ORIENTED_EDGE('',*,*,#13700,.F.);
#13700 = EDGE_CURVE('',#13671,#13046,#13701,.T.);
#13701 = B_SPLINE_CURVE_WITH_KNOTS('',1,(#13702,#13703),.UNSPECIFIED.,
  .F.,.F.,(2,2),(0.,1.38733749452),.PIECEWISE_BEZIER_KNOTS.);
#13702 = CARTESIAN_POINT('',(-41.67127753304,10.276248164464,57.4));
#13703 = CARTESIAN_POINT('',(-40.50167400881,11.022393538913,57.4));
#13704 = B_SPLINE_SURFACE_WITH_KNOTS('',1,1,(
    (#13705,#13706)
    ,(#13707,#13708
    )),.UNSPECIFIED.,.F.,.F.,.F.,(2,2),(2,2),(0.,1.38733749452),(-0.6,0.
    ),.PIECEWISE_BEZIER_KNOTS.);
#13705 = CARTESIAN_POINT('',(-41.67127753304,10.276248164464,56.8));
#13706 = CARTESIAN_POINT('',(-41.67127753304,10.276248164464,57.4));
#13707 = CARTESIAN_POINT('',(-40.50167400881,11.022393538913,56.8));
#13708 = CARTESIAN_POINT('',(-40.50167400881,11.022393538913,57.4));
#13709 = ADVANCED_FACE('',(#13710),#13740,.F.);
#13710 = FACE_BOUND('',#13711,.F.);
#13711 = EDGE_LOOP('',(#13712,#13721,#13728,#13735));
#13712 = ORIENTED_EDGE('',*,*,#13713,.T.);
#13713 = EDGE_CURVE('',#13714,#13716,#13718,.T.);
#13714 = VERTEX_POINT('',#13715);
#13715 = CARTESIAN_POINT('',(-43.78251101321,8.599486049927,57.4));
#13716 = VERTEX_POINT('',#13717);
#13717 = CARTESIAN_POINT('',(-43.78251101321,8.599486049927,56.8));
#13718 = B_SPLINE_CURVE_WITH_KNOTS('',1,(#13719,#13720),.UNSPECIFIED.,
  .F.,.F.,(2,2),(0.,0.6),.PIECEWISE_BEZIER_KNOTS.);
#13719 = CARTESIAN_POINT('',(-43.78251101321,8.599486049927,57.4));
#13720 = CARTESIAN_POINT('',(-43.78251101321,8.599486049927,56.8));
#13721 = ORIENTED_EDGE('',*,*,#13722,.T.);
#13722 = EDGE_CURVE('',#13716,#13723,#13725,.T.);
#13723 = VERTEX_POINT('',#13724);
#13724 = CARTESIAN_POINT('',(-42.68889867841,8.599486049927,56.8));
#13725 = B_SPLINE_CURVE_WITH_KNOTS('',1,(#13726,#13727),.UNSPECIFIED.,
  .F.,.F.,(2,2),(0.,1.093612334802),.PIECEWISE_BEZIER_KNOTS.);
#13726 = CARTESIAN_POINT('',(-43.78251101321,8.599486049927,56.8));
#13727 = CARTESIAN_POINT('',(-42.68889867841,8.599486049927,56.8));
#13728 = ORIENTED_EDGE('',*,*,#13729,.F.);
#13729 = EDGE_CURVE('',#13730,#13723,#13732,.T.);
#13730 = VERTEX_POINT('',#13731);
#13731 = CARTESIAN_POINT('',(-42.68889867841,8.599486049927,57.4));
#13732 = B_SPLINE_CURVE_WITH_KNOTS('',1,(#13733,#13734),.UNSPECIFIED.,
  .F.,.F.,(2,2),(0.,0.6),.PIECEWISE_BEZIER_KNOTS.);
#13733 = CARTESIAN_POINT('',(-42.68889867841,8.599486049927,57.4));
#13734 = CARTESIAN_POINT('',(-42.68889867841,8.599486049927,56.8));
#13735 = ORIENTED_EDGE('',*,*,#13736,.F.);
#13736 = EDGE_CURVE('',#13714,#13730,#13737,.T.);
#13737 = B_SPLINE_CURVE_WITH_KNOTS('',1,(#13738,#13739),.UNSPECIFIED.,
  .F.,.F.,(2,2),(0.,1.093612334802),.PIECEWISE_BEZIER_KNOTS.);
#13738 = CARTESIAN_POINT('',(-43.78251101321,8.599486049927,57.4));
#13739 = CARTESIAN_POINT('',(-42.68889867841,8.599486049927,57.4));
#13740 = B_SPLINE_SURFACE_WITH_KNOTS('',1,1,(
    (#13741,#13742)
    ,(#13743,#13744
    )),.UNSPECIFIED.,.F.,.F.,.F.,(2,2),(2,2),(0.,1.093612334802),(-0.6,
    0.),.PIECEWISE_BEZIER_KNOTS.);
#13741 = CARTESIAN_POINT('',(-43.78251101321,8.599486049927,56.8));
#13742 = CARTESIAN_POINT('',(-43.78251101321,8.599486049927,57.4));
#13743 = CARTESIAN_POINT('',(-42.68889867841,8.599486049927,56.8));
#13744 = CARTESIAN_POINT('',(-42.68889867841,8.599486049927,57.4));
#13745 = ADVANCED_FACE('',(#13746),#13768,.F.);
#13746 = FACE_BOUND('',#13747,.F.);
#13747 = EDGE_LOOP('',(#13748,#13749,#13756,#13763));
#13748 = ORIENTED_EDGE('',*,*,#13729,.T.);
#13749 = ORIENTED_EDGE('',*,*,#13750,.T.);
#13750 = EDGE_CURVE('',#13723,#13751,#13753,.T.);
#13751 = VERTEX_POINT('',#13752);
#13752 = CARTESIAN_POINT('',(-42.68889867841,8.984948604993,56.8));
#13753 = B_SPLINE_CURVE_WITH_KNOTS('',1,(#13754,#13755),.UNSPECIFIED.,
  .F.,.F.,(2,2),(0.,0.385462555066),.PIECEWISE_BEZIER_KNOTS.);
#13754 = CARTESIAN_POINT('',(-42.68889867841,8.599486049927,56.8));
#13755 = CARTESIAN_POINT('',(-42.68889867841,8.984948604993,56.8));
#13756 = ORIENTED_EDGE('',*,*,#13757,.F.);
#13757 = EDGE_CURVE('',#13758,#13751,#13760,.T.);
#13758 = VERTEX_POINT('',#13759);
#13759 = CARTESIAN_POINT('',(-42.68889867841,8.984948604993,57.4));
#13760 = B_SPLINE_CURVE_WITH_KNOTS('',1,(#13761,#13762),.UNSPECIFIED.,
  .F.,.F.,(2,2),(0.,0.6),.PIECEWISE_BEZIER_KNOTS.);
#13761 = CARTESIAN_POINT('',(-42.68889867841,8.984948604993,57.4));
#13762 = CARTESIAN_POINT('',(-42.68889867841,8.984948604993,56.8));
#13763 = ORIENTED_EDGE('',*,*,#13764,.F.);
#13764 = EDGE_CURVE('',#13730,#13758,#13765,.T.);
#13765 = B_SPLINE_CURVE_WITH_KNOTS('',1,(#13766,#13767),.UNSPECIFIED.,
  .F.,.F.,(2,2),(0.,0.385462555066),.PIECEWISE_BEZIER_KNOTS.);
#13766 = CARTESIAN_POINT('',(-42.68889867841,8.599486049927,57.4));
#13767 = CARTESIAN_POINT('',(-42.68889867841,8.984948604993,57.4));
#13768 = B_SPLINE_SURFACE_WITH_KNOTS('',1,1,(
    (#13769,#13770)
    ,(#13771,#13772
    )),.UNSPECIFIED.,.F.,.F.,.F.,(2,2),(2,2),(0.,0.385462555066),(-0.6,
    0.),.PIECEWISE_BEZIER_KNOTS.);
#13769 = CARTESIAN_POINT('',(-42.68889867841,8.599486049927,56.8));
#13770 = CARTESIAN_POINT('',(-42.68889867841,8.599486049927,57.4));
#13771 = CARTESIAN_POINT('',(-42.68889867841,8.984948604993,56.8));
#13772 = CARTESIAN_POINT('',(-42.68889867841,8.984948604993,57.4));
#13773 = ADVANCED_FACE('',(#13774),#13798,.F.);
#13774 = FACE_BOUND('',#13775,.F.);
#13775 = EDGE_LOOP('',(#13776,#13777,#13785,#13792));
#13776 = ORIENTED_EDGE('',*,*,#13757,.T.);
#13777 = ORIENTED_EDGE('',*,*,#13778,.T.);
#13778 = EDGE_CURVE('',#13751,#13779,#13781,.T.);
#13779 = VERTEX_POINT('',#13780);
#13780 = CARTESIAN_POINT('',(-42.8533627019,9.444750367107,56.8));
#13781 = B_SPLINE_CURVE_WITH_KNOTS('',2,(#13782,#13783,#13784),
  .UNSPECIFIED.,.F.,.F.,(3,3),(0.,1.),.PIECEWISE_BEZIER_KNOTS.);
#13782 = CARTESIAN_POINT('',(-42.68889867841,8.984948604993,56.8));
#13783 = CARTESIAN_POINT('',(-42.68889867841,9.271292217327,56.8));
#13784 = CARTESIAN_POINT('',(-42.8533627019,9.444750367107,56.8));
#13785 = ORIENTED_EDGE('',*,*,#13786,.F.);
#13786 = EDGE_CURVE('',#13787,#13779,#13789,.T.);
#13787 = VERTEX_POINT('',#13788);
#13788 = CARTESIAN_POINT('',(-42.8533627019,9.444750367107,57.4));
#13789 = B_SPLINE_CURVE_WITH_KNOTS('',1,(#13790,#13791),.UNSPECIFIED.,
  .F.,.F.,(2,2),(0.,0.6),.PIECEWISE_BEZIER_KNOTS.);
#13790 = CARTESIAN_POINT('',(-42.8533627019,9.444750367107,57.4));
#13791 = CARTESIAN_POINT('',(-42.8533627019,9.444750367107,56.8));
#13792 = ORIENTED_EDGE('',*,*,#13793,.F.);
#13793 = EDGE_CURVE('',#13758,#13787,#13794,.T.);
#13794 = B_SPLINE_CURVE_WITH_KNOTS('',2,(#13795,#13796,#13797),
  .UNSPECIFIED.,.F.,.F.,(3,3),(0.,1.),.PIECEWISE_BEZIER_KNOTS.);
#13795 = CARTESIAN_POINT('',(-42.68889867841,8.984948604993,57.4));
#13796 = CARTESIAN_POINT('',(-42.68889867841,9.271292217327,57.4));
#13797 = CARTESIAN_POINT('',(-42.8533627019,9.444750367107,57.4));
#13798 = B_SPLINE_SURFACE_WITH_KNOTS('',2,1,(
    (#13799,#13800)
    ,(#13801,#13802)
    ,(#13803,#13804
    )),.UNSPECIFIED.,.F.,.F.,.F.,(3,3),(2,2),(0.,1.),(-0.6,0.),
  .PIECEWISE_BEZIER_KNOTS.);
#13799 = CARTESIAN_POINT('',(-42.68889867841,8.984948604993,56.8));
#13800 = CARTESIAN_POINT('',(-42.68889867841,8.984948604993,57.4));
#13801 = CARTESIAN_POINT('',(-42.68889867841,9.271292217327,56.8));
#13802 = CARTESIAN_POINT('',(-42.68889867841,9.271292217327,57.4));
#13803 = CARTESIAN_POINT('',(-42.8533627019,9.444750367107,56.8));
#13804 = CARTESIAN_POINT('',(-42.8533627019,9.444750367107,57.4));
#13805 = ADVANCED_FACE('',(#13806),#13830,.F.);
#13806 = FACE_BOUND('',#13807,.F.);
#13807 = EDGE_LOOP('',(#13808,#13809,#13817,#13824));
#13808 = ORIENTED_EDGE('',*,*,#13786,.T.);
#13809 = ORIENTED_EDGE('',*,*,#13810,.T.);
#13810 = EDGE_CURVE('',#13779,#13811,#13813,.T.);
#13811 = VERTEX_POINT('',#13812);
#13812 = CARTESIAN_POINT('',(-43.26727606461,9.620961820852,56.8));
#13813 = B_SPLINE_CURVE_WITH_KNOTS('',2,(#13814,#13815,#13816),
  .UNSPECIFIED.,.F.,.F.,(3,3),(0.,1.),.PIECEWISE_BEZIER_KNOTS.);
#13814 = CARTESIAN_POINT('',(-42.8533627019,9.444750367107,56.8));
#13815 = CARTESIAN_POINT('',(-43.02058002936,9.620961820852,56.8));
#13816 = CARTESIAN_POINT('',(-43.26727606461,9.620961820852,56.8));
#13817 = ORIENTED_EDGE('',*,*,#13818,.F.);
#13818 = EDGE_CURVE('',#13819,#13811,#13821,.T.);
#13819 = VERTEX_POINT('',#13820);
#13820 = CARTESIAN_POINT('',(-43.26727606461,9.620961820852,57.4));
#13821 = B_SPLINE_CURVE_WITH_KNOTS('',1,(#13822,#13823),.UNSPECIFIED.,
  .F.,.F.,(2,2),(0.,0.6),.PIECEWISE_BEZIER_KNOTS.);
#13822 = CARTESIAN_POINT('',(-43.26727606461,9.620961820852,57.4));
#13823 = CARTESIAN_POINT('',(-43.26727606461,9.620961820852,56.8));
#13824 = ORIENTED_EDGE('',*,*,#13825,.F.);
#13825 = EDGE_CURVE('',#13787,#13819,#13826,.T.);
#13826 = B_SPLINE_CURVE_WITH_KNOTS('',2,(#13827,#13828,#13829),
  .UNSPECIFIED.,.F.,.F.,(3,3),(0.,1.),.PIECEWISE_BEZIER_KNOTS.);
#13827 = CARTESIAN_POINT('',(-42.8533627019,9.444750367107,57.4));
#13828 = CARTESIAN_POINT('',(-43.02058002936,9.620961820852,57.4));
#13829 = CARTESIAN_POINT('',(-43.26727606461,9.620961820852,57.4));
#13830 = B_SPLINE_SURFACE_WITH_KNOTS('',2,1,(
    (#13831,#13832)
    ,(#13833,#13834)
    ,(#13835,#13836
    )),.UNSPECIFIED.,.F.,.F.,.F.,(3,3),(2,2),(0.,1.),(-0.6,0.),
  .PIECEWISE_BEZIER_KNOTS.);
#13831 = CARTESIAN_POINT('',(-42.8533627019,9.444750367107,56.8));
#13832 = CARTESIAN_POINT('',(-42.8533627019,9.444750367107,57.4));
#13833 = CARTESIAN_POINT('',(-43.02058002936,9.620961820852,56.8));
#13834 = CARTESIAN_POINT('',(-43.02058002936,9.620961820852,57.4));
#13835 = CARTESIAN_POINT('',(-43.26727606461,9.620961820852,56.8));
#13836 = CARTESIAN_POINT('',(-43.26727606461,9.620961820852,57.4));
#13837 = ADVANCED_FACE('',(#13838),#13862,.F.);
#13838 = FACE_BOUND('',#13839,.F.);
#13839 = EDGE_LOOP('',(#13840,#13841,#13849,#13856));
#13840 = ORIENTED_EDGE('',*,*,#13818,.T.);
#13841 = ORIENTED_EDGE('',*,*,#13842,.T.);
#13842 = EDGE_CURVE('',#13811,#13843,#13845,.T.);
#13843 = VERTEX_POINT('',#13844);
#13844 = CARTESIAN_POINT('',(-43.78251101321,9.001468428781,56.8));
#13845 = B_SPLINE_CURVE_WITH_KNOTS('',2,(#13846,#13847,#13848),
  .UNSPECIFIED.,.F.,.F.,(3,3),(0.,1.),.PIECEWISE_BEZIER_KNOTS.);
#13846 = CARTESIAN_POINT('',(-43.26727606461,9.620961820852,56.8));
#13847 = CARTESIAN_POINT('',(-43.78251101321,9.620961820852,56.8));
#13848 = CARTESIAN_POINT('',(-43.78251101321,9.001468428781,56.8));
#13849 = ORIENTED_EDGE('',*,*,#13850,.F.);
#13850 = EDGE_CURVE('',#13851,#13843,#13853,.T.);
#13851 = VERTEX_POINT('',#13852);
#13852 = CARTESIAN_POINT('',(-43.78251101321,9.001468428781,57.4));
#13853 = B_SPLINE_CURVE_WITH_KNOTS('',1,(#13854,#13855),.UNSPECIFIED.,
  .F.,.F.,(2,2),(0.,0.6),.PIECEWISE_BEZIER_KNOTS.);
#13854 = CARTESIAN_POINT('',(-43.78251101321,9.001468428781,57.4));
#13855 = CARTESIAN_POINT('',(-43.78251101321,9.001468428781,56.8));
#13856 = ORIENTED_EDGE('',*,*,#13857,.F.);
#13857 = EDGE_CURVE('',#13819,#13851,#13858,.T.);
#13858 = B_SPLINE_CURVE_WITH_KNOTS('',2,(#13859,#13860,#13861),
  .UNSPECIFIED.,.F.,.F.,(3,3),(0.,1.),.PIECEWISE_BEZIER_KNOTS.);
#13859 = CARTESIAN_POINT('',(-43.26727606461,9.620961820852,57.4));
#13860 = CARTESIAN_POINT('',(-43.78251101321,9.620961820852,57.4));
#13861 = CARTESIAN_POINT('',(-43.78251101321,9.001468428781,57.4));
#13862 = B_SPLINE_SURFACE_WITH_KNOTS('',2,1,(
    (#13863,#13864)
    ,(#13865,#13866)
    ,(#13867,#13868
    )),.UNSPECIFIED.,.F.,.F.,.F.,(3,3),(2,2),(0.,1.),(-0.6,0.),
  .PIECEWISE_BEZIER_KNOTS.);
#13863 = CARTESIAN_POINT('',(-43.26727606461,9.620961820852,56.8));
#13864 = CARTESIAN_POINT('',(-43.26727606461,9.620961820852,57.4));
#13865 = CARTESIAN_POINT('',(-43.78251101321,9.620961820852,56.8));
#13866 = CARTESIAN_POINT('',(-43.78251101321,9.620961820852,57.4));
#13867 = CARTESIAN_POINT('',(-43.78251101321,9.001468428781,56.8));
#13868 = CARTESIAN_POINT('',(-43.78251101321,9.001468428781,57.4));
#13869 = ADVANCED_FACE('',(#13870),#13884,.F.);
#13870 = FACE_BOUND('',#13871,.F.);
#13871 = EDGE_LOOP('',(#13872,#13873,#13878,#13879));
#13872 = ORIENTED_EDGE('',*,*,#13850,.T.);
#13873 = ORIENTED_EDGE('',*,*,#13874,.T.);
#13874 = EDGE_CURVE('',#13843,#13716,#13875,.T.);
#13875 = B_SPLINE_CURVE_WITH_KNOTS('',1,(#13876,#13877),.UNSPECIFIED.,
  .F.,.F.,(2,2),(0.,0.401982378855),.PIECEWISE_BEZIER_KNOTS.);
#13876 = CARTESIAN_POINT('',(-43.78251101321,9.001468428781,56.8));
#13877 = CARTESIAN_POINT('',(-43.78251101321,8.599486049927,56.8));
#13878 = ORIENTED_EDGE('',*,*,#13713,.F.);
#13879 = ORIENTED_EDGE('',*,*,#13880,.F.);
#13880 = EDGE_CURVE('',#13851,#13714,#13881,.T.);
#13881 = B_SPLINE_CURVE_WITH_KNOTS('',1,(#13882,#13883),.UNSPECIFIED.,
  .F.,.F.,(2,2),(0.,0.401982378855),.PIECEWISE_BEZIER_KNOTS.);
#13882 = CARTESIAN_POINT('',(-43.78251101321,9.001468428781,57.4));
#13883 = CARTESIAN_POINT('',(-43.78251101321,8.599486049927,57.4));
#13884 = B_SPLINE_SURFACE_WITH_KNOTS('',1,1,(
    (#13885,#13886)
    ,(#13887,#13888
    )),.UNSPECIFIED.,.F.,.F.,.F.,(2,2),(2,2),(0.,0.401982378855),(-0.6,
    0.),.PIECEWISE_BEZIER_KNOTS.);
#13885 = CARTESIAN_POINT('',(-43.78251101321,9.001468428781,56.8));
#13886 = CARTESIAN_POINT('',(-43.78251101321,9.001468428781,57.4));
#13887 = CARTESIAN_POINT('',(-43.78251101321,8.599486049927,56.8));
#13888 = CARTESIAN_POINT('',(-43.78251101321,8.599486049927,57.4));
#13889 = ADVANCED_FACE('',(#13890,#13914),#13922,.T.);
#13890 = FACE_BOUND('',#13891,.F.);
#13891 = EDGE_LOOP('',(#13892,#13893,#13894,#13895,#13896,#13897,#13898,
    #13899,#13900,#13901,#13902,#13903,#13904,#13905,#13906,#13907,
    #13908,#13909,#13910,#13911,#13912,#13913));
#13892 = ORIENTED_EDGE('',*,*,#13068,.T.);
#13893 = ORIENTED_EDGE('',*,*,#13096,.T.);
#13894 = ORIENTED_EDGE('',*,*,#13125,.T.);
#13895 = ORIENTED_EDGE('',*,*,#13157,.T.);
#13896 = ORIENTED_EDGE('',*,*,#13189,.T.);
#13897 = ORIENTED_EDGE('',*,*,#13221,.T.);
#13898 = ORIENTED_EDGE('',*,*,#13252,.T.);
#13899 = ORIENTED_EDGE('',*,*,#13280,.T.);
#13900 = ORIENTED_EDGE('',*,*,#13308,.T.);
#13901 = ORIENTED_EDGE('',*,*,#13336,.T.);
#13902 = ORIENTED_EDGE('',*,*,#13364,.T.);
#13903 = ORIENTED_EDGE('',*,*,#13393,.T.);
#13904 = ORIENTED_EDGE('',*,*,#13425,.T.);
#13905 = ORIENTED_EDGE('',*,*,#13457,.T.);
#13906 = ORIENTED_EDGE('',*,*,#13489,.T.);
#13907 = ORIENTED_EDGE('',*,*,#13521,.T.);
#13908 = ORIENTED_EDGE('',*,*,#13552,.T.);
#13909 = ORIENTED_EDGE('',*,*,#13581,.T.);
#13910 = ORIENTED_EDGE('',*,*,#13613,.T.);
#13911 = ORIENTED_EDGE('',*,*,#13645,.T.);
#13912 = ORIENTED_EDGE('',*,*,#13677,.T.);
#13913 = ORIENTED_EDGE('',*,*,#13700,.T.);
#13914 = FACE_BOUND('',#13915,.F.);
#13915 = EDGE_LOOP('',(#13916,#13917,#13918,#13919,#13920,#13921));
#13916 = ORIENTED_EDGE('',*,*,#13736,.T.);
#13917 = ORIENTED_EDGE('',*,*,#13764,.T.);
#13918 = ORIENTED_EDGE('',*,*,#13793,.T.);
#13919 = ORIENTED_EDGE('',*,*,#13825,.T.);
#13920 = ORIENTED_EDGE('',*,*,#13857,.T.);
#13921 = ORIENTED_EDGE('',*,*,#13880,.T.);
#13922 = B_SPLINE_SURFACE_WITH_KNOTS('',1,1,(
    (#13923,#13924)
    ,(#13925,#13926
    )),.UNSPECIFIED.,.F.,.F.,.F.,(2,2),(2,2),(-1.399304936856,
    1.912919732748),(-1.919833240437,2.02730332344),
  .PIECEWISE_BEZIER_KNOTS.);
#13923 = CARTESIAN_POINT('',(-40.50167400881,7.71016886931,57.4));
#13924 = CARTESIAN_POINT('',(-44.44881057268,7.71016886931,57.4));
#13925 = CARTESIAN_POINT('',(-40.50167400881,11.022393538913,57.4));
#13926 = CARTESIAN_POINT('',(-44.44881057268,11.022393538913,57.4));
#13927 = ADVANCED_FACE('',(#13928,#13952),#13960,.F.);
#13928 = FACE_BOUND('',#13929,.T.);
#13929 = EDGE_LOOP('',(#13930,#13931,#13932,#13933,#13934,#13935,#13936,
    #13937,#13938,#13939,#13940,#13941,#13942,#13943,#13944,#13945,
    #13946,#13947,#13948,#13949,#13950,#13951));
#13930 = ORIENTED_EDGE('',*,*,#13054,.T.);
#13931 = ORIENTED_EDGE('',*,*,#13082,.T.);
#13932 = ORIENTED_EDGE('',*,*,#13110,.T.);
#13933 = ORIENTED_EDGE('',*,*,#13142,.T.);
#13934 = ORIENTED_EDGE('',*,*,#13174,.T.);
#13935 = ORIENTED_EDGE('',*,*,#13206,.T.);
#13936 = ORIENTED_EDGE('',*,*,#13238,.T.);
#13937 = ORIENTED_EDGE('',*,*,#13266,.T.);
#13938 = ORIENTED_EDGE('',*,*,#13294,.T.);
#13939 = ORIENTED_EDGE('',*,*,#13322,.T.);
#13940 = ORIENTED_EDGE('',*,*,#13350,.T.);
#13941 = ORIENTED_EDGE('',*,*,#13378,.T.);
#13942 = ORIENTED_EDGE('',*,*,#13410,.T.);
#13943 = ORIENTED_EDGE('',*,*,#13442,.T.);
#13944 = ORIENTED_EDGE('',*,*,#13474,.T.);
#13945 = ORIENTED_EDGE('',*,*,#13506,.T.);
#13946 = ORIENTED_EDGE('',*,*,#13538,.T.);
#13947 = ORIENTED_EDGE('',*,*,#13566,.T.);
#13948 = ORIENTED_EDGE('',*,*,#13598,.T.);
#13949 = ORIENTED_EDGE('',*,*,#13630,.T.);
#13950 = ORIENTED_EDGE('',*,*,#13662,.T.);
#13951 = ORIENTED_EDGE('',*,*,#13694,.T.);
#13952 = FACE_BOUND('',#13953,.T.);
#13953 = EDGE_LOOP('',(#13954,#13955,#13956,#13957,#13958,#13959));
#13954 = ORIENTED_EDGE('',*,*,#13722,.T.);
#13955 = ORIENTED_EDGE('',*,*,#13750,.T.);
#13956 = ORIENTED_EDGE('',*,*,#13778,.T.);
#13957 = ORIENTED_EDGE('',*,*,#13810,.T.);
#13958 = ORIENTED_EDGE('',*,*,#13842,.T.);
#13959 = ORIENTED_EDGE('',*,*,#13874,.T.);
#13960 = B_SPLINE_SURFACE_WITH_KNOTS('',1,1,(
    (#13961,#13962)
    ,(#13963,#13964
    )),.UNSPECIFIED.,.F.,.F.,.F.,(2,2),(2,2),(-1.399304936856,
    1.912919732748),(-1.919833240437,2.02730332344),
  .PIECEWISE_BEZIER_KNOTS.);
#13961 = CARTESIAN_POINT('',(-40.50167400881,7.71016886931,56.8));
#13962 = CARTESIAN_POINT('',(-44.44881057268,7.71016886931,56.8));
#13963 = CARTESIAN_POINT('',(-40.50167400881,11.022393538913,56.8));
#13964 = CARTESIAN_POINT('',(-44.44881057268,11.022393538913,56.8));
#13965 = MANIFOLD_SOLID_BREP('',#13966);
#13966 = CLOSED_SHELL('',(#13967,#14003,#14031,#14063,#14091,#14123,
    #14151,#14179,#14207,#14235,#14263,#14295,#14323,#14355,#14383,
    #14411,#14431,#14455));
#13967 = ADVANCED_FACE('',(#13968),#13998,.F.);
#13968 = FACE_BOUND('',#13969,.F.);
#13969 = EDGE_LOOP('',(#13970,#13979,#13986,#13993));
#13970 = ORIENTED_EDGE('',*,*,#13971,.T.);
#13971 = EDGE_CURVE('',#13972,#13974,#13976,.T.);
#13972 = VERTEX_POINT('',#13973);
#13973 = CARTESIAN_POINT('',(-40.50167400881,14.938876651982,57.4));
#13974 = VERTEX_POINT('',#13975);
#13975 = CARTESIAN_POINT('',(-40.50167400881,14.938876651982,56.8));
#13976 = B_SPLINE_CURVE_WITH_KNOTS('',1,(#13977,#13978),.UNSPECIFIED.,
  .F.,.F.,(2,2),(0.,0.6),.PIECEWISE_BEZIER_KNOTS.);
#13977 = CARTESIAN_POINT('',(-40.50167400881,14.938876651982,57.4));
#13978 = CARTESIAN_POINT('',(-40.50167400881,14.938876651982,56.8));
#13979 = ORIENTED_EDGE('',*,*,#13980,.T.);
#13980 = EDGE_CURVE('',#13974,#13981,#13983,.T.);
#13981 = VERTEX_POINT('',#13982);
#13982 = CARTESIAN_POINT('',(-40.50167400881,14.041299559471,56.8));
#13983 = B_SPLINE_CURVE_WITH_KNOTS('',1,(#13984,#13985),.UNSPECIFIED.,
  .F.,.F.,(2,2),(0.,0.897577092511),.PIECEWISE_BEZIER_KNOTS.);
#13984 = CARTESIAN_POINT('',(-40.50167400881,14.938876651982,56.8));
#13985 = CARTESIAN_POINT('',(-40.50167400881,14.041299559471,56.8));
#13986 = ORIENTED_EDGE('',*,*,#13987,.F.);
#13987 = EDGE_CURVE('',#13988,#13981,#13990,.T.);
#13988 = VERTEX_POINT('',#13989);
#13989 = CARTESIAN_POINT('',(-40.50167400881,14.041299559471,57.4));
#13990 = B_SPLINE_CURVE_WITH_KNOTS('',1,(#13991,#13992),.UNSPECIFIED.,
  .F.,.F.,(2,2),(0.,0.6),.PIECEWISE_BEZIER_KNOTS.);
#13991 = CARTESIAN_POINT('',(-40.50167400881,14.041299559471,57.4));
#13992 = CARTESIAN_POINT('',(-40.50167400881,14.041299559471,56.8));
#13993 = ORIENTED_EDGE('',*,*,#13994,.F.);
#13994 = EDGE_CURVE('',#13972,#13988,#13995,.T.);
#13995 = B_SPLINE_CURVE_WITH_KNOTS('',1,(#13996,#13997),.UNSPECIFIED.,
  .F.,.F.,(2,2),(0.,0.897577092511),.PIECEWISE_BEZIER_KNOTS.);
#13996 = CARTESIAN_POINT('',(-40.50167400881,14.938876651982,57.4));
#13997 = CARTESIAN_POINT('',(-40.50167400881,14.041299559471,57.4));
#13998 = B_SPLINE_SURFACE_WITH_KNOTS('',1,1,(
    (#13999,#14000)
    ,(#14001,#14002
    )),.UNSPECIFIED.,.F.,.F.,.F.,(2,2),(2,2),(0.,0.897577092511),(-0.6,
    0.),.PIECEWISE_BEZIER_KNOTS.);
#13999 = CARTESIAN_POINT('',(-40.50167400881,14.938876651982,56.8));
#14000 = CARTESIAN_POINT('',(-40.50167400881,14.938876651982,57.4));
#14001 = CARTESIAN_POINT('',(-40.50167400881,14.041299559471,56.8));
#14002 = CARTESIAN_POINT('',(-40.50167400881,14.041299559471,57.4));
#14003 = ADVANCED_FACE('',(#14004),#14026,.F.);
#14004 = FACE_BOUND('',#14005,.F.);
#14005 = EDGE_LOOP('',(#14006,#14007,#14014,#14021));
#14006 = ORIENTED_EDGE('',*,*,#13987,.T.);
#14007 = ORIENTED_EDGE('',*,*,#14008,.T.);
#14008 = EDGE_CURVE('',#13981,#14009,#14011,.T.);
#14009 = VERTEX_POINT('',#14010);
#14010 = CARTESIAN_POINT('',(-42.98166666666,12.4140969163,56.8));
#14011 = B_SPLINE_CURVE_WITH_KNOTS('',1,(#14012,#14013),.UNSPECIFIED.,
  .F.,.F.,(2,2),(0.,2.966167902356),.PIECEWISE_BEZIER_KNOTS.);
#14012 = CARTESIAN_POINT('',(-40.50167400881,14.041299559471,56.8));
#14013 = CARTESIAN_POINT('',(-42.98166666666,12.4140969163,56.8));
#14014 = ORIENTED_EDGE('',*,*,#14015,.F.);
#14015 = EDGE_CURVE('',#14016,#14009,#14018,.T.);
#14016 = VERTEX_POINT('',#14017);
#14017 = CARTESIAN_POINT('',(-42.98166666666,12.4140969163,57.4));
#14018 = B_SPLINE_CURVE_WITH_KNOTS('',1,(#14019,#14020),.UNSPECIFIED.,
  .F.,.F.,(2,2),(0.,0.6),.PIECEWISE_BEZIER_KNOTS.);
#14019 = CARTESIAN_POINT('',(-42.98166666666,12.4140969163,57.4));
#14020 = CARTESIAN_POINT('',(-42.98166666666,12.4140969163,56.8));
#14021 = ORIENTED_EDGE('',*,*,#14022,.F.);
#14022 = EDGE_CURVE('',#13988,#14016,#14023,.T.);
#14023 = B_SPLINE_CURVE_WITH_KNOTS('',1,(#14024,#14025),.UNSPECIFIED.,
  .F.,.F.,(2,2),(0.,2.966167902356),.PIECEWISE_BEZIER_KNOTS.);
#14024 = CARTESIAN_POINT('',(-40.50167400881,14.041299559471,57.4));
#14025 = CARTESIAN_POINT('',(-42.98166666666,12.4140969163,57.4));
#14026 = B_SPLINE_SURFACE_WITH_KNOTS('',1,1,(
    (#14027,#14028)
    ,(#14029,#14030
    )),.UNSPECIFIED.,.F.,.F.,.F.,(2,2),(2,2),(0.,2.966167902356),(-0.6,
    0.),.PIECEWISE_BEZIER_KNOTS.);
#14027 = CARTESIAN_POINT('',(-40.50167400881,14.041299559471,56.8));
#14028 = CARTESIAN_POINT('',(-40.50167400881,14.041299559471,57.4));
#14029 = CARTESIAN_POINT('',(-42.98166666666,12.4140969163,56.8));
#14030 = CARTESIAN_POINT('',(-42.98166666666,12.4140969163,57.4));
#14031 = ADVANCED_FACE('',(#14032),#14056,.F.);
#14032 = FACE_BOUND('',#14033,.F.);
#14033 = EDGE_LOOP('',(#14034,#14035,#14043,#14050));
#14034 = ORIENTED_EDGE('',*,*,#14015,.T.);
#14035 = ORIENTED_EDGE('',*,*,#14036,.T.);
#14036 = EDGE_CURVE('',#14009,#14037,#14039,.T.);
#14037 = VERTEX_POINT('',#14038);
#14038 = CARTESIAN_POINT('',(-43.30930983847,12.215859030837,56.8));
#14039 = B_SPLINE_CURVE_WITH_KNOTS('',2,(#14040,#14041,#14042),
  .UNSPECIFIED.,.F.,.F.,(3,3),(0.,1.),.PIECEWISE_BEZIER_KNOTS.);
#14040 = CARTESIAN_POINT('',(-42.98166666666,12.4140969163,56.8));
#14041 = CARTESIAN_POINT('',(-43.19917767988,12.270925110132,56.8));
#14042 = CARTESIAN_POINT('',(-43.30930983847,12.215859030837,56.8));
#14043 = ORIENTED_EDGE('',*,*,#14044,.F.);
#14044 = EDGE_CURVE('',#14045,#14037,#14047,.T.);
#14045 = VERTEX_POINT('',#14046);
#14046 = CARTESIAN_POINT('',(-43.30930983847,12.215859030837,57.4));
#14047 = B_SPLINE_CURVE_WITH_KNOTS('',1,(#14048,#14049),.UNSPECIFIED.,
  .F.,.F.,(2,2),(0.,0.6),.PIECEWISE_BEZIER_KNOTS.);
#14048 = CARTESIAN_POINT('',(-43.30930983847,12.215859030837,57.4));
#14049 = CARTESIAN_POINT('',(-43.30930983847,12.215859030837,56.8));
#14050 = ORIENTED_EDGE('',*,*,#14051,.F.);
#14051 = EDGE_CURVE('',#14016,#14045,#14052,.T.);
#14052 = B_SPLINE_CURVE_WITH_KNOTS('',2,(#14053,#14054,#14055),
  .UNSPECIFIED.,.F.,.F.,(3,3),(0.,1.),.PIECEWISE_BEZIER_KNOTS.);
#14053 = CARTESIAN_POINT('',(-42.98166666666,12.4140969163,57.4));
#14054 = CARTESIAN_POINT('',(-43.19917767988,12.270925110132,57.4));
#14055 = CARTESIAN_POINT('',(-43.30930983847,12.215859030837,57.4));
#14056 = B_SPLINE_SURFACE_WITH_KNOTS('',2,1,(
    (#14057,#14058)
    ,(#14059,#14060)
    ,(#14061,#14062
    )),.UNSPECIFIED.,.F.,.F.,.F.,(3,3),(2,2),(0.,1.),(-0.6,0.),
  .PIECEWISE_BEZIER_KNOTS.);
#14057 = CARTESIAN_POINT('',(-42.98166666666,12.4140969163,56.8));
#14058 = CARTESIAN_POINT('',(-42.98166666666,12.4140969163,57.4));
#14059 = CARTESIAN_POINT('',(-43.19917767988,12.270925110132,56.8));
#14060 = CARTESIAN_POINT('',(-43.19917767988,12.270925110132,57.4));
#14061 = CARTESIAN_POINT('',(-43.30930983847,12.215859030837,56.8));
#14062 = CARTESIAN_POINT('',(-43.30930983847,12.215859030837,57.4));
#14063 = ADVANCED_FACE('',(#14064),#14086,.F.);
#14064 = FACE_BOUND('',#14065,.F.);
#14065 = EDGE_LOOP('',(#14066,#14067,#14074,#14081));
#14066 = ORIENTED_EDGE('',*,*,#14044,.T.);
#14067 = ORIENTED_EDGE('',*,*,#14068,.T.);
#14068 = EDGE_CURVE('',#14037,#14069,#14071,.T.);
#14069 = VERTEX_POINT('',#14070);
#14070 = CARTESIAN_POINT('',(-43.30930983847,12.204845814978,56.8));
#14071 = B_SPLINE_CURVE_WITH_KNOTS('',1,(#14072,#14073),.UNSPECIFIED.,
  .F.,.F.,(2,2),(0.,1.101321585903E-02),.PIECEWISE_BEZIER_KNOTS.);
#14072 = CARTESIAN_POINT('',(-43.30930983847,12.215859030837,56.8));
#14073 = CARTESIAN_POINT('',(-43.30930983847,12.204845814978,56.8));
#14074 = ORIENTED_EDGE('',*,*,#14075,.F.);
#14075 = EDGE_CURVE('',#14076,#14069,#14078,.T.);
#14076 = VERTEX_POINT('',#14077);
#14077 = CARTESIAN_POINT('',(-43.30930983847,12.204845814978,57.4));
#14078 = B_SPLINE_CURVE_WITH_KNOTS('',1,(#14079,#14080),.UNSPECIFIED.,
  .F.,.F.,(2,2),(0.,0.6),.PIECEWISE_BEZIER_KNOTS.);
#14079 = CARTESIAN_POINT('',(-43.30930983847,12.204845814978,57.4));
#14080 = CARTESIAN_POINT('',(-43.30930983847,12.204845814978,56.8));
#14081 = ORIENTED_EDGE('',*,*,#14082,.F.);
#14082 = EDGE_CURVE('',#14045,#14076,#14083,.T.);
#14083 = B_SPLINE_CURVE_WITH_KNOTS('',1,(#14084,#14085),.UNSPECIFIED.,
  .F.,.F.,(2,2),(0.,1.101321585903E-02),.PIECEWISE_BEZIER_KNOTS.);
#14084 = CARTESIAN_POINT('',(-43.30930983847,12.215859030837,57.4));
#14085 = CARTESIAN_POINT('',(-43.30930983847,12.204845814978,57.4));
#14086 = B_SPLINE_SURFACE_WITH_KNOTS('',1,1,(
    (#14087,#14088)
    ,(#14089,#14090
    )),.UNSPECIFIED.,.F.,.F.,.F.,(2,2),(2,2),(0.,1.101321585903E-02),(
    -0.6,0.),.PIECEWISE_BEZIER_KNOTS.);
#14087 = CARTESIAN_POINT('',(-43.30930983847,12.215859030837,56.8));
#14088 = CARTESIAN_POINT('',(-43.30930983847,12.215859030837,57.4));
#14089 = CARTESIAN_POINT('',(-43.30930983847,12.204845814978,56.8));
#14090 = CARTESIAN_POINT('',(-43.30930983847,12.204845814978,57.4));
#14091 = ADVANCED_FACE('',(#14092),#14116,.F.);
#14092 = FACE_BOUND('',#14093,.F.);
#14093 = EDGE_LOOP('',(#14094,#14095,#14103,#14110));
#14094 = ORIENTED_EDGE('',*,*,#14075,.T.);
#14095 = ORIENTED_EDGE('',*,*,#14096,.T.);
#14096 = EDGE_CURVE('',#14069,#14097,#14099,.T.);
#14097 = VERTEX_POINT('',#14098);
#14098 = CARTESIAN_POINT('',(-42.67072687224,12.226872246696,56.8));
#14099 = B_SPLINE_CURVE_WITH_KNOTS('',2,(#14100,#14101,#14102),
  .UNSPECIFIED.,.F.,.F.,(3,3),(0.,1.),.PIECEWISE_BEZIER_KNOTS.);
#14100 = CARTESIAN_POINT('',(-43.30930983847,12.204845814978,56.8));
#14101 = CARTESIAN_POINT('',(-43.10005873715,12.226872246696,56.8));
#14102 = CARTESIAN_POINT('',(-42.67072687224,12.226872246696,56.8));
#14103 = ORIENTED_EDGE('',*,*,#14104,.F.);
#14104 = EDGE_CURVE('',#14105,#14097,#14107,.T.);
#14105 = VERTEX_POINT('',#14106);
#14106 = CARTESIAN_POINT('',(-42.67072687224,12.226872246696,57.4));
#14107 = B_SPLINE_CURVE_WITH_KNOTS('',1,(#14108,#14109),.UNSPECIFIED.,
  .F.,.F.,(2,2),(0.,0.6),.PIECEWISE_BEZIER_KNOTS.);
#14108 = CARTESIAN_POINT('',(-42.67072687224,12.226872246696,57.4));
#14109 = CARTESIAN_POINT('',(-42.67072687224,12.226872246696,56.8));
#14110 = ORIENTED_EDGE('',*,*,#14111,.F.);
#14111 = EDGE_CURVE('',#14076,#14105,#14112,.T.);
#14112 = B_SPLINE_CURVE_WITH_KNOTS('',2,(#14113,#14114,#14115),
  .UNSPECIFIED.,.F.,.F.,(3,3),(0.,1.),.PIECEWISE_BEZIER_KNOTS.);
#14113 = CARTESIAN_POINT('',(-43.30930983847,12.204845814978,57.4));
#14114 = CARTESIAN_POINT('',(-43.10005873715,12.226872246696,57.4));
#14115 = CARTESIAN_POINT('',(-42.67072687224,12.226872246696,57.4));
#14116 = B_SPLINE_SURFACE_WITH_KNOTS('',2,1,(
    (#14117,#14118)
    ,(#14119,#14120)
    ,(#14121,#14122
    )),.UNSPECIFIED.,.F.,.F.,.F.,(3,3),(2,2),(0.,1.),(-0.6,0.),
  .PIECEWISE_BEZIER_KNOTS.);
#14117 = CARTESIAN_POINT('',(-43.30930983847,12.204845814978,56.8));
#14118 = CARTESIAN_POINT('',(-43.30930983847,12.204845814978,57.4));
#14119 = CARTESIAN_POINT('',(-43.10005873715,12.226872246696,56.8));
#14120 = CARTESIAN_POINT('',(-43.10005873715,12.226872246696,57.4));
#14121 = CARTESIAN_POINT('',(-42.67072687224,12.226872246696,56.8));
#14122 = CARTESIAN_POINT('',(-42.67072687224,12.226872246696,57.4));
#14123 = ADVANCED_FACE('',(#14124),#14146,.F.);
#14124 = FACE_BOUND('',#14125,.F.);
#14125 = EDGE_LOOP('',(#14126,#14127,#14134,#14141));
#14126 = ORIENTED_EDGE('',*,*,#14104,.T.);
#14127 = ORIENTED_EDGE('',*,*,#14128,.T.);
#14128 = EDGE_CURVE('',#14097,#14129,#14131,.T.);
#14129 = VERTEX_POINT('',#14130);
#14130 = CARTESIAN_POINT('',(-40.50167400881,12.226872246696,56.8));
#14131 = B_SPLINE_CURVE_WITH_KNOTS('',1,(#14132,#14133),.UNSPECIFIED.,
  .F.,.F.,(2,2),(0.,2.169052863436),.PIECEWISE_BEZIER_KNOTS.);
#14132 = CARTESIAN_POINT('',(-42.67072687224,12.226872246696,56.8));
#14133 = CARTESIAN_POINT('',(-40.50167400881,12.226872246696,56.8));
#14134 = ORIENTED_EDGE('',*,*,#14135,.F.);
#14135 = EDGE_CURVE('',#14136,#14129,#14138,.T.);
#14136 = VERTEX_POINT('',#14137);
#14137 = CARTESIAN_POINT('',(-40.50167400881,12.226872246696,57.4));
#14138 = B_SPLINE_CURVE_WITH_KNOTS('',1,(#14139,#14140),.UNSPECIFIED.,
  .F.,.F.,(2,2),(0.,0.6),.PIECEWISE_BEZIER_KNOTS.);
#14139 = CARTESIAN_POINT('',(-40.50167400881,12.226872246696,57.4));
#14140 = CARTESIAN_POINT('',(-40.50167400881,12.226872246696,56.8));
#14141 = ORIENTED_EDGE('',*,*,#14142,.F.);
#14142 = EDGE_CURVE('',#14105,#14136,#14143,.T.);
#14143 = B_SPLINE_CURVE_WITH_KNOTS('',1,(#14144,#14145),.UNSPECIFIED.,
  .F.,.F.,(2,2),(0.,2.169052863436),.PIECEWISE_BEZIER_KNOTS.);
#14144 = CARTESIAN_POINT('',(-42.67072687224,12.226872246696,57.4));
#14145 = CARTESIAN_POINT('',(-40.50167400881,12.226872246696,57.4));
#14146 = B_SPLINE_SURFACE_WITH_KNOTS('',1,1,(
    (#14147,#14148)
    ,(#14149,#14150
    )),.UNSPECIFIED.,.F.,.F.,.F.,(2,2),(2,2),(0.,2.169052863436),(-0.6,
    0.),.PIECEWISE_BEZIER_KNOTS.);
#14147 = CARTESIAN_POINT('',(-42.67072687224,12.226872246696,56.8));
#14148 = CARTESIAN_POINT('',(-42.67072687224,12.226872246696,57.4));
#14149 = CARTESIAN_POINT('',(-40.50167400881,12.226872246696,56.8));
#14150 = CARTESIAN_POINT('',(-40.50167400881,12.226872246696,57.4));
#14151 = ADVANCED_FACE('',(#14152),#14174,.F.);
#14152 = FACE_BOUND('',#14153,.F.);
#14153 = EDGE_LOOP('',(#14154,#14155,#14162,#14169));
#14154 = ORIENTED_EDGE('',*,*,#14135,.T.);
#14155 = ORIENTED_EDGE('',*,*,#14156,.T.);
#14156 = EDGE_CURVE('',#14129,#14157,#14159,.T.);
#14157 = VERTEX_POINT('',#14158);
#14158 = CARTESIAN_POINT('',(-40.50167400881,11.387114537445,56.8));
#14159 = B_SPLINE_CURVE_WITH_KNOTS('',1,(#14160,#14161),.UNSPECIFIED.,
  .F.,.F.,(2,2),(0.,0.839757709251),.PIECEWISE_BEZIER_KNOTS.);
#14160 = CARTESIAN_POINT('',(-40.50167400881,12.226872246696,56.8));
#14161 = CARTESIAN_POINT('',(-40.50167400881,11.387114537445,56.8));
#14162 = ORIENTED_EDGE('',*,*,#14163,.F.);
#14163 = EDGE_CURVE('',#14164,#14157,#14166,.T.);
#14164 = VERTEX_POINT('',#14165);
#14165 = CARTESIAN_POINT('',(-40.50167400881,11.387114537445,57.4));
#14166 = B_SPLINE_CURVE_WITH_KNOTS('',1,(#14167,#14168),.UNSPECIFIED.,
  .F.,.F.,(2,2),(0.,0.6),.PIECEWISE_BEZIER_KNOTS.);
#14167 = CARTESIAN_POINT('',(-40.50167400881,11.387114537445,57.4));
#14168 = CARTESIAN_POINT('',(-40.50167400881,11.387114537445,56.8));
#14169 = ORIENTED_EDGE('',*,*,#14170,.F.);
#14170 = EDGE_CURVE('',#14136,#14164,#14171,.T.);
#14171 = B_SPLINE_CURVE_WITH_KNOTS('',1,(#14172,#14173),.UNSPECIFIED.,
  .F.,.F.,(2,2),(0.,0.839757709251),.PIECEWISE_BEZIER_KNOTS.);
#14172 = CARTESIAN_POINT('',(-40.50167400881,12.226872246696,57.4));
#14173 = CARTESIAN_POINT('',(-40.50167400881,11.387114537445,57.4));
#14174 = B_SPLINE_SURFACE_WITH_KNOTS('',1,1,(
    (#14175,#14176)
    ,(#14177,#14178
    )),.UNSPECIFIED.,.F.,.F.,.F.,(2,2),(2,2),(0.,0.839757709251),(-0.6,
    0.),.PIECEWISE_BEZIER_KNOTS.);
#14175 = CARTESIAN_POINT('',(-40.50167400881,12.226872246696,56.8));
#14176 = CARTESIAN_POINT('',(-40.50167400881,12.226872246696,57.4));
#14177 = CARTESIAN_POINT('',(-40.50167400881,11.387114537445,56.8));
#14178 = CARTESIAN_POINT('',(-40.50167400881,11.387114537445,57.4));
#14179 = ADVANCED_FACE('',(#14180),#14202,.F.);
#14180 = FACE_BOUND('',#14181,.F.);
#14181 = EDGE_LOOP('',(#14182,#14183,#14190,#14197));
#14182 = ORIENTED_EDGE('',*,*,#14163,.T.);
#14183 = ORIENTED_EDGE('',*,*,#14184,.T.);
#14184 = EDGE_CURVE('',#14157,#14185,#14187,.T.);
#14185 = VERTEX_POINT('',#14186);
#14186 = CARTESIAN_POINT('',(-44.44881057268,11.387114537445,56.8));
#14187 = B_SPLINE_CURVE_WITH_KNOTS('',1,(#14188,#14189),.UNSPECIFIED.,
  .F.,.F.,(2,2),(0.,3.947136563877),.PIECEWISE_BEZIER_KNOTS.);
#14188 = CARTESIAN_POINT('',(-40.50167400881,11.387114537445,56.8));
#14189 = CARTESIAN_POINT('',(-44.44881057268,11.387114537445,56.8));
#14190 = ORIENTED_EDGE('',*,*,#14191,.F.);
#14191 = EDGE_CURVE('',#14192,#14185,#14194,.T.);
#14192 = VERTEX_POINT('',#14193);
#14193 = CARTESIAN_POINT('',(-44.44881057268,11.387114537445,57.4));
#14194 = B_SPLINE_CURVE_WITH_KNOTS('',1,(#14195,#14196),.UNSPECIFIED.,
  .F.,.F.,(2,2),(0.,0.6),.PIECEWISE_BEZIER_KNOTS.);
#14195 = CARTESIAN_POINT('',(-44.44881057268,11.387114537445,57.4));
#14196 = CARTESIAN_POINT('',(-44.44881057268,11.387114537445,56.8));
#14197 = ORIENTED_EDGE('',*,*,#14198,.F.);
#14198 = EDGE_CURVE('',#14164,#14192,#14199,.T.);
#14199 = B_SPLINE_CURVE_WITH_KNOTS('',1,(#14200,#14201),.UNSPECIFIED.,
  .F.,.F.,(2,2),(0.,3.947136563877),.PIECEWISE_BEZIER_KNOTS.);
#14200 = CARTESIAN_POINT('',(-40.50167400881,11.387114537445,57.4));
#14201 = CARTESIAN_POINT('',(-44.44881057268,11.387114537445,57.4));
#14202 = B_SPLINE_SURFACE_WITH_KNOTS('',1,1,(
    (#14203,#14204)
    ,(#14205,#14206
    )),.UNSPECIFIED.,.F.,.F.,.F.,(2,2),(2,2),(0.,3.947136563877),(-0.6,
    0.),.PIECEWISE_BEZIER_KNOTS.);
#14203 = CARTESIAN_POINT('',(-40.50167400881,11.387114537445,56.8));
#14204 = CARTESIAN_POINT('',(-40.50167400881,11.387114537445,57.4));
#14205 = CARTESIAN_POINT('',(-44.44881057268,11.387114537445,56.8));
#14206 = CARTESIAN_POINT('',(-44.44881057268,11.387114537445,57.4));
#14207 = ADVANCED_FACE('',(#14208),#14230,.F.);
#14208 = FACE_BOUND('',#14209,.F.);
#14209 = EDGE_LOOP('',(#14210,#14211,#14218,#14225));
#14210 = ORIENTED_EDGE('',*,*,#14191,.T.);
#14211 = ORIENTED_EDGE('',*,*,#14212,.T.);
#14212 = EDGE_CURVE('',#14185,#14213,#14215,.T.);
#14213 = VERTEX_POINT('',#14214);
#14214 = CARTESIAN_POINT('',(-44.44881057268,12.345264317181,56.8));
#14215 = B_SPLINE_CURVE_WITH_KNOTS('',1,(#14216,#14217),.UNSPECIFIED.,
  .F.,.F.,(2,2),(0.,0.958149779736),.PIECEWISE_BEZIER_KNOTS.);
#14216 = CARTESIAN_POINT('',(-44.44881057268,11.387114537445,56.8));
#14217 = CARTESIAN_POINT('',(-44.44881057268,12.345264317181,56.8));
#14218 = ORIENTED_EDGE('',*,*,#14219,.F.);
#14219 = EDGE_CURVE('',#14220,#14213,#14222,.T.);
#14220 = VERTEX_POINT('',#14221);
#14221 = CARTESIAN_POINT('',(-44.44881057268,12.345264317181,57.4));
#14222 = B_SPLINE_CURVE_WITH_KNOTS('',1,(#14223,#14224),.UNSPECIFIED.,
  .F.,.F.,(2,2),(0.,0.6),.PIECEWISE_BEZIER_KNOTS.);
#14223 = CARTESIAN_POINT('',(-44.44881057268,12.345264317181,57.4));
#14224 = CARTESIAN_POINT('',(-44.44881057268,12.345264317181,56.8));
#14225 = ORIENTED_EDGE('',*,*,#14226,.F.);
#14226 = EDGE_CURVE('',#14192,#14220,#14227,.T.);
#14227 = B_SPLINE_CURVE_WITH_KNOTS('',1,(#14228,#14229),.UNSPECIFIED.,
  .F.,.F.,(2,2),(0.,0.958149779736),.PIECEWISE_BEZIER_KNOTS.);
#14228 = CARTESIAN_POINT('',(-44.44881057268,11.387114537445,57.4));
#14229 = CARTESIAN_POINT('',(-44.44881057268,12.345264317181,57.4));
#14230 = B_SPLINE_SURFACE_WITH_KNOTS('',1,1,(
    (#14231,#14232)
    ,(#14233,#14234
    )),.UNSPECIFIED.,.F.,.F.,.F.,(2,2),(2,2),(0.,0.958149779736),(-0.6,
    0.),.PIECEWISE_BEZIER_KNOTS.);
#14231 = CARTESIAN_POINT('',(-44.44881057268,11.387114537445,56.8));
#14232 = CARTESIAN_POINT('',(-44.44881057268,11.387114537445,57.4));
#14233 = CARTESIAN_POINT('',(-44.44881057268,12.345264317181,56.8));
#14234 = CARTESIAN_POINT('',(-44.44881057268,12.345264317181,57.4));
#14235 = ADVANCED_FACE('',(#14236),#14258,.F.);
#14236 = FACE_BOUND('',#14237,.F.);
#14237 = EDGE_LOOP('',(#14238,#14239,#14246,#14253));
#14238 = ORIENTED_EDGE('',*,*,#14219,.T.);
#14239 = ORIENTED_EDGE('',*,*,#14240,.T.);
#14240 = EDGE_CURVE('',#14213,#14241,#14243,.T.);
#14241 = VERTEX_POINT('',#14242);
#14242 = CARTESIAN_POINT('',(-42.04591042584,13.911894273128,56.8));
#14243 = B_SPLINE_CURVE_WITH_KNOTS('',1,(#14244,#14245),.UNSPECIFIED.,
  .F.,.F.,(2,2),(0.,2.868494123154),.PIECEWISE_BEZIER_KNOTS.);
#14244 = CARTESIAN_POINT('',(-44.44881057268,12.345264317181,56.8));
#14245 = CARTESIAN_POINT('',(-42.04591042584,13.911894273128,56.8));
#14246 = ORIENTED_EDGE('',*,*,#14247,.F.);
#14247 = EDGE_CURVE('',#14248,#14241,#14250,.T.);
#14248 = VERTEX_POINT('',#14249);
#14249 = CARTESIAN_POINT('',(-42.04591042584,13.911894273128,57.4));
#14250 = B_SPLINE_CURVE_WITH_KNOTS('',1,(#14251,#14252),.UNSPECIFIED.,
  .F.,.F.,(2,2),(0.,0.6),.PIECEWISE_BEZIER_KNOTS.);
#14251 = CARTESIAN_POINT('',(-42.04591042584,13.911894273128,57.4));
#14252 = CARTESIAN_POINT('',(-42.04591042584,13.911894273128,56.8));
#14253 = ORIENTED_EDGE('',*,*,#14254,.F.);
#14254 = EDGE_CURVE('',#14220,#14248,#14255,.T.);
#14255 = B_SPLINE_CURVE_WITH_KNOTS('',1,(#14256,#14257),.UNSPECIFIED.,
  .F.,.F.,(2,2),(0.,2.868494123154),.PIECEWISE_BEZIER_KNOTS.);
#14256 = CARTESIAN_POINT('',(-44.44881057268,12.345264317181,57.4));
#14257 = CARTESIAN_POINT('',(-42.04591042584,13.911894273128,57.4));
#14258 = B_SPLINE_SURFACE_WITH_KNOTS('',1,1,(
    (#14259,#14260)
    ,(#14261,#14262
    )),.UNSPECIFIED.,.F.,.F.,.F.,(2,2),(2,2),(0.,2.868494123154),(-0.6,
    0.),.PIECEWISE_BEZIER_KNOTS.);
#14259 = CARTESIAN_POINT('',(-44.44881057268,12.345264317181,56.8));
#14260 = CARTESIAN_POINT('',(-44.44881057268,12.345264317181,57.4));
#14261 = CARTESIAN_POINT('',(-42.04591042584,13.911894273128,56.8));
#14262 = CARTESIAN_POINT('',(-42.04591042584,13.911894273128,57.4));
#14263 = ADVANCED_FACE('',(#14264),#14288,.F.);
#14264 = FACE_BOUND('',#14265,.F.);
#14265 = EDGE_LOOP('',(#14266,#14267,#14275,#14282));
#14266 = ORIENTED_EDGE('',*,*,#14247,.T.);
#14267 = ORIENTED_EDGE('',*,*,#14268,.T.);
#14268 = EDGE_CURVE('',#14241,#14269,#14271,.T.);
#14269 = VERTEX_POINT('',#14270);
#14270 = CARTESIAN_POINT('',(-41.72377386196,14.11013215859,56.8));
#14271 = B_SPLINE_CURVE_WITH_KNOTS('',2,(#14272,#14273,#14274),
  .UNSPECIFIED.,.F.,.F.,(3,3),(0.,1.),.PIECEWISE_BEZIER_KNOTS.);
#14272 = CARTESIAN_POINT('',(-42.04591042584,13.911894273128,56.8));
#14273 = CARTESIAN_POINT('',(-41.88346549192,14.019273127753,56.8));
#14274 = CARTESIAN_POINT('',(-41.72377386196,14.11013215859,56.8));
#14275 = ORIENTED_EDGE('',*,*,#14276,.F.);
#14276 = EDGE_CURVE('',#14277,#14269,#14279,.T.);
#14277 = VERTEX_POINT('',#14278);
#14278 = CARTESIAN_POINT('',(-41.72377386196,14.11013215859,57.4));
#14279 = B_SPLINE_CURVE_WITH_KNOTS('',1,(#14280,#14281),.UNSPECIFIED.,
  .F.,.F.,(2,2),(0.,0.6),.PIECEWISE_BEZIER_KNOTS.);
#14280 = CARTESIAN_POINT('',(-41.72377386196,14.11013215859,57.4));
#14281 = CARTESIAN_POINT('',(-41.72377386196,14.11013215859,56.8));
#14282 = ORIENTED_EDGE('',*,*,#14283,.F.);
#14283 = EDGE_CURVE('',#14248,#14277,#14284,.T.);
#14284 = B_SPLINE_CURVE_WITH_KNOTS('',2,(#14285,#14286,#14287),
  .UNSPECIFIED.,.F.,.F.,(3,3),(0.,1.),.PIECEWISE_BEZIER_KNOTS.);
#14285 = CARTESIAN_POINT('',(-42.04591042584,13.911894273128,57.4));
#14286 = CARTESIAN_POINT('',(-41.88346549192,14.019273127753,57.4));
#14287 = CARTESIAN_POINT('',(-41.72377386196,14.11013215859,57.4));
#14288 = B_SPLINE_SURFACE_WITH_KNOTS('',2,1,(
    (#14289,#14290)
    ,(#14291,#14292)
    ,(#14293,#14294
    )),.UNSPECIFIED.,.F.,.F.,.F.,(3,3),(2,2),(0.,1.),(-0.6,0.),
  .PIECEWISE_BEZIER_KNOTS.);
#14289 = CARTESIAN_POINT('',(-42.04591042584,13.911894273128,56.8));
#14290 = CARTESIAN_POINT('',(-42.04591042584,13.911894273128,57.4));
#14291 = CARTESIAN_POINT('',(-41.88346549192,14.019273127753,56.8));
#14292 = CARTESIAN_POINT('',(-41.88346549192,14.019273127753,57.4));
#14293 = CARTESIAN_POINT('',(-41.72377386196,14.11013215859,56.8));
#14294 = CARTESIAN_POINT('',(-41.72377386196,14.11013215859,57.4));
#14295 = ADVANCED_FACE('',(#14296),#14318,.F.);
#14296 = FACE_BOUND('',#14297,.F.);
#14297 = EDGE_LOOP('',(#14298,#14299,#14306,#14313));
#14298 = ORIENTED_EDGE('',*,*,#14276,.T.);
#14299 = ORIENTED_EDGE('',*,*,#14300,.T.);
#14300 = EDGE_CURVE('',#14269,#14301,#14303,.T.);
#14301 = VERTEX_POINT('',#14302);
#14302 = CARTESIAN_POINT('',(-41.72377386196,14.121145374449,56.8));
#14303 = B_SPLINE_CURVE_WITH_KNOTS('',1,(#14304,#14305),.UNSPECIFIED.,
  .F.,.F.,(2,2),(0.,1.101321585903E-02),.PIECEWISE_BEZIER_KNOTS.);
#14304 = CARTESIAN_POINT('',(-41.72377386196,14.11013215859,56.8));
#14305 = CARTESIAN_POINT('',(-41.72377386196,14.121145374449,56.8));
#14306 = ORIENTED_EDGE('',*,*,#14307,.F.);
#14307 = EDGE_CURVE('',#14308,#14301,#14310,.T.);
#14308 = VERTEX_POINT('',#14309);
#14309 = CARTESIAN_POINT('',(-41.72377386196,14.121145374449,57.4));
#14310 = B_SPLINE_CURVE_WITH_KNOTS('',1,(#14311,#14312),.UNSPECIFIED.,
  .F.,.F.,(2,2),(0.,0.6),.PIECEWISE_BEZIER_KNOTS.);
#14311 = CARTESIAN_POINT('',(-41.72377386196,14.121145374449,57.4));
#14312 = CARTESIAN_POINT('',(-41.72377386196,14.121145374449,56.8));
#14313 = ORIENTED_EDGE('',*,*,#14314,.F.);
#14314 = EDGE_CURVE('',#14277,#14308,#14315,.T.);
#14315 = B_SPLINE_CURVE_WITH_KNOTS('',1,(#14316,#14317),.UNSPECIFIED.,
  .F.,.F.,(2,2),(0.,1.101321585903E-02),.PIECEWISE_BEZIER_KNOTS.);
#14316 = CARTESIAN_POINT('',(-41.72377386196,14.11013215859,57.4));
#14317 = CARTESIAN_POINT('',(-41.72377386196,14.121145374449,57.4));
#14318 = B_SPLINE_SURFACE_WITH_KNOTS('',1,1,(
    (#14319,#14320)
    ,(#14321,#14322
    )),.UNSPECIFIED.,.F.,.F.,.F.,(2,2),(2,2),(0.,1.101321585903E-02),(
    -0.6,0.),.PIECEWISE_BEZIER_KNOTS.);
#14319 = CARTESIAN_POINT('',(-41.72377386196,14.11013215859,56.8));
#14320 = CARTESIAN_POINT('',(-41.72377386196,14.11013215859,57.4));
#14321 = CARTESIAN_POINT('',(-41.72377386196,14.121145374449,56.8));
#14322 = CARTESIAN_POINT('',(-41.72377386196,14.121145374449,57.4));
#14323 = ADVANCED_FACE('',(#14324),#14348,.F.);
#14324 = FACE_BOUND('',#14325,.F.);
#14325 = EDGE_LOOP('',(#14326,#14327,#14335,#14342));
#14326 = ORIENTED_EDGE('',*,*,#14307,.T.);
#14327 = ORIENTED_EDGE('',*,*,#14328,.T.);
#14328 = EDGE_CURVE('',#14301,#14329,#14331,.T.);
#14329 = VERTEX_POINT('',#14330);
#14330 = CARTESIAN_POINT('',(-42.26599118942,14.099118942731,56.8));
#14331 = B_SPLINE_CURVE_WITH_KNOTS('',2,(#14332,#14333,#14334),
  .UNSPECIFIED.,.F.,.F.,(3,3),(0.,1.),.PIECEWISE_BEZIER_KNOTS.);
#14332 = CARTESIAN_POINT('',(-41.72377386196,14.121145374449,56.8));
#14333 = CARTESIAN_POINT('',(-41.8614390602,14.099118942731,56.8));
#14334 = CARTESIAN_POINT('',(-42.26599118942,14.099118942731,56.8));
#14335 = ORIENTED_EDGE('',*,*,#14336,.F.);
#14336 = EDGE_CURVE('',#14337,#14329,#14339,.T.);
#14337 = VERTEX_POINT('',#14338);
#14338 = CARTESIAN_POINT('',(-42.26599118942,14.099118942731,57.4));
#14339 = B_SPLINE_CURVE_WITH_KNOTS('',1,(#14340,#14341),.UNSPECIFIED.,
  .F.,.F.,(2,2),(0.,0.6),.PIECEWISE_BEZIER_KNOTS.);
#14340 = CARTESIAN_POINT('',(-42.26599118942,14.099118942731,57.4));
#14341 = CARTESIAN_POINT('',(-42.26599118942,14.099118942731,56.8));
#14342 = ORIENTED_EDGE('',*,*,#14343,.F.);
#14343 = EDGE_CURVE('',#14308,#14337,#14344,.T.);
#14344 = B_SPLINE_CURVE_WITH_KNOTS('',2,(#14345,#14346,#14347),
  .UNSPECIFIED.,.F.,.F.,(3,3),(0.,1.),.PIECEWISE_BEZIER_KNOTS.);
#14345 = CARTESIAN_POINT('',(-41.72377386196,14.121145374449,57.4));
#14346 = CARTESIAN_POINT('',(-41.8614390602,14.099118942731,57.4));
#14347 = CARTESIAN_POINT('',(-42.26599118942,14.099118942731,57.4));
#14348 = B_SPLINE_SURFACE_WITH_KNOTS('',2,1,(
    (#14349,#14350)
    ,(#14351,#14352)
    ,(#14353,#14354
    )),.UNSPECIFIED.,.F.,.F.,.F.,(3,3),(2,2),(0.,1.),(-0.6,0.),
  .PIECEWISE_BEZIER_KNOTS.);
#14349 = CARTESIAN_POINT('',(-41.72377386196,14.121145374449,56.8));
#14350 = CARTESIAN_POINT('',(-41.72377386196,14.121145374449,57.4));
#14351 = CARTESIAN_POINT('',(-41.8614390602,14.099118942731,56.8));
#14352 = CARTESIAN_POINT('',(-41.8614390602,14.099118942731,57.4));
#14353 = CARTESIAN_POINT('',(-42.26599118942,14.099118942731,56.8));
#14354 = CARTESIAN_POINT('',(-42.26599118942,14.099118942731,57.4));
#14355 = ADVANCED_FACE('',(#14356),#14378,.F.);
#14356 = FACE_BOUND('',#14357,.F.);
#14357 = EDGE_LOOP('',(#14358,#14359,#14366,#14373));
#14358 = ORIENTED_EDGE('',*,*,#14336,.T.);
#14359 = ORIENTED_EDGE('',*,*,#14360,.T.);
#14360 = EDGE_CURVE('',#14329,#14361,#14363,.T.);
#14361 = VERTEX_POINT('',#14362);
#14362 = CARTESIAN_POINT('',(-44.44881057268,14.099118942731,56.8));
#14363 = B_SPLINE_CURVE_WITH_KNOTS('',1,(#14364,#14365),.UNSPECIFIED.,
  .F.,.F.,(2,2),(0.,2.18281938326),.PIECEWISE_BEZIER_KNOTS.);
#14364 = CARTESIAN_POINT('',(-42.26599118942,14.099118942731,56.8));
#14365 = CARTESIAN_POINT('',(-44.44881057268,14.099118942731,56.8));
#14366 = ORIENTED_EDGE('',*,*,#14367,.F.);
#14367 = EDGE_CURVE('',#14368,#14361,#14370,.T.);
#14368 = VERTEX_POINT('',#14369);
#14369 = CARTESIAN_POINT('',(-44.44881057268,14.099118942731,57.4));
#14370 = B_SPLINE_CURVE_WITH_KNOTS('',1,(#14371,#14372),.UNSPECIFIED.,
  .F.,.F.,(2,2),(0.,0.6),.PIECEWISE_BEZIER_KNOTS.);
#14371 = CARTESIAN_POINT('',(-44.44881057268,14.099118942731,57.4));
#14372 = CARTESIAN_POINT('',(-44.44881057268,14.099118942731,56.8));
#14373 = ORIENTED_EDGE('',*,*,#14374,.F.);
#14374 = EDGE_CURVE('',#14337,#14368,#14375,.T.);
#14375 = B_SPLINE_CURVE_WITH_KNOTS('',1,(#14376,#14377),.UNSPECIFIED.,
  .F.,.F.,(2,2),(0.,2.18281938326),.PIECEWISE_BEZIER_KNOTS.);
#14376 = CARTESIAN_POINT('',(-42.26599118942,14.099118942731,57.4));
#14377 = CARTESIAN_POINT('',(-44.44881057268,14.099118942731,57.4));
#14378 = B_SPLINE_SURFACE_WITH_KNOTS('',1,1,(
    (#14379,#14380)
    ,(#14381,#14382
    )),.UNSPECIFIED.,.F.,.F.,.F.,(2,2),(2,2),(0.,2.18281938326),(-0.6,0.
    ),.PIECEWISE_BEZIER_KNOTS.);
#14379 = CARTESIAN_POINT('',(-42.26599118942,14.099118942731,56.8));
#14380 = CARTESIAN_POINT('',(-42.26599118942,14.099118942731,57.4));
#14381 = CARTESIAN_POINT('',(-44.44881057268,14.099118942731,56.8));
#14382 = CARTESIAN_POINT('',(-44.44881057268,14.099118942731,57.4));
#14383 = ADVANCED_FACE('',(#14384),#14406,.F.);
#14384 = FACE_BOUND('',#14385,.F.);
#14385 = EDGE_LOOP('',(#14386,#14387,#14394,#14401));
#14386 = ORIENTED_EDGE('',*,*,#14367,.T.);
#14387 = ORIENTED_EDGE('',*,*,#14388,.T.);
#14388 = EDGE_CURVE('',#14361,#14389,#14391,.T.);
#14389 = VERTEX_POINT('',#14390);
#14390 = CARTESIAN_POINT('',(-44.44881057268,14.938876651982,56.8));
#14391 = B_SPLINE_CURVE_WITH_KNOTS('',1,(#14392,#14393),.UNSPECIFIED.,
  .F.,.F.,(2,2),(0.,0.839757709251),.PIECEWISE_BEZIER_KNOTS.);
#14392 = CARTESIAN_POINT('',(-44.44881057268,14.099118942731,56.8));
#14393 = CARTESIAN_POINT('',(-44.44881057268,14.938876651982,56.8));
#14394 = ORIENTED_EDGE('',*,*,#14395,.F.);
#14395 = EDGE_CURVE('',#14396,#14389,#14398,.T.);
#14396 = VERTEX_POINT('',#14397);
#14397 = CARTESIAN_POINT('',(-44.44881057268,14.938876651982,57.4));
#14398 = B_SPLINE_CURVE_WITH_KNOTS('',1,(#14399,#14400),.UNSPECIFIED.,
  .F.,.F.,(2,2),(0.,0.6),.PIECEWISE_BEZIER_KNOTS.);
#14399 = CARTESIAN_POINT('',(-44.44881057268,14.938876651982,57.4));
#14400 = CARTESIAN_POINT('',(-44.44881057268,14.938876651982,56.8));
#14401 = ORIENTED_EDGE('',*,*,#14402,.F.);
#14402 = EDGE_CURVE('',#14368,#14396,#14403,.T.);
#14403 = B_SPLINE_CURVE_WITH_KNOTS('',1,(#14404,#14405),.UNSPECIFIED.,
  .F.,.F.,(2,2),(0.,0.839757709251),.PIECEWISE_BEZIER_KNOTS.);
#14404 = CARTESIAN_POINT('',(-44.44881057268,14.099118942731,57.4));
#14405 = CARTESIAN_POINT('',(-44.44881057268,14.938876651982,57.4));
#14406 = B_SPLINE_SURFACE_WITH_KNOTS('',1,1,(
    (#14407,#14408)
    ,(#14409,#14410
    )),.UNSPECIFIED.,.F.,.F.,.F.,(2,2),(2,2),(0.,0.839757709251),(-0.6,
    0.),.PIECEWISE_BEZIER_KNOTS.);
#14407 = CARTESIAN_POINT('',(-44.44881057268,14.099118942731,56.8));
#14408 = CARTESIAN_POINT('',(-44.44881057268,14.099118942731,57.4));
#14409 = CARTESIAN_POINT('',(-44.44881057268,14.938876651982,56.8));
#14410 = CARTESIAN_POINT('',(-44.44881057268,14.938876651982,57.4));
#14411 = ADVANCED_FACE('',(#14412),#14426,.F.);
#14412 = FACE_BOUND('',#14413,.F.);
#14413 = EDGE_LOOP('',(#14414,#14415,#14420,#14421));
#14414 = ORIENTED_EDGE('',*,*,#14395,.T.);
#14415 = ORIENTED_EDGE('',*,*,#14416,.T.);
#14416 = EDGE_CURVE('',#14389,#13974,#14417,.T.);
#14417 = B_SPLINE_CURVE_WITH_KNOTS('',1,(#14418,#14419),.UNSPECIFIED.,
  .F.,.F.,(2,2),(0.,3.947136563877),.PIECEWISE_BEZIER_KNOTS.);
#14418 = CARTESIAN_POINT('',(-44.44881057268,14.938876651982,56.8));
#14419 = CARTESIAN_POINT('',(-40.50167400881,14.938876651982,56.8));
#14420 = ORIENTED_EDGE('',*,*,#13971,.F.);
#14421 = ORIENTED_EDGE('',*,*,#14422,.F.);
#14422 = EDGE_CURVE('',#14396,#13972,#14423,.T.);
#14423 = B_SPLINE_CURVE_WITH_KNOTS('',1,(#14424,#14425),.UNSPECIFIED.,
  .F.,.F.,(2,2),(0.,3.947136563877),.PIECEWISE_BEZIER_KNOTS.);
#14424 = CARTESIAN_POINT('',(-44.44881057268,14.938876651982,57.4));
#14425 = CARTESIAN_POINT('',(-40.50167400881,14.938876651982,57.4));
#14426 = B_SPLINE_SURFACE_WITH_KNOTS('',1,1,(
    (#14427,#14428)
    ,(#14429,#14430
    )),.UNSPECIFIED.,.F.,.F.,.F.,(2,2),(2,2),(0.,3.947136563877),(-0.6,
    0.),.PIECEWISE_BEZIER_KNOTS.);
#14427 = CARTESIAN_POINT('',(-44.44881057268,14.938876651982,56.8));
#14428 = CARTESIAN_POINT('',(-44.44881057268,14.938876651982,57.4));
#14429 = CARTESIAN_POINT('',(-40.50167400881,14.938876651982,56.8));
#14430 = CARTESIAN_POINT('',(-40.50167400881,14.938876651982,57.4));
#14431 = ADVANCED_FACE('',(#14432),#14450,.T.);
#14432 = FACE_BOUND('',#14433,.F.);
#14433 = EDGE_LOOP('',(#14434,#14435,#14436,#14437,#14438,#14439,#14440,
    #14441,#14442,#14443,#14444,#14445,#14446,#14447,#14448,#14449));
#14434 = ORIENTED_EDGE('',*,*,#13994,.T.);
#14435 = ORIENTED_EDGE('',*,*,#14022,.T.);
#14436 = ORIENTED_EDGE('',*,*,#14051,.T.);
#14437 = ORIENTED_EDGE('',*,*,#14082,.T.);
#14438 = ORIENTED_EDGE('',*,*,#14111,.T.);
#14439 = ORIENTED_EDGE('',*,*,#14142,.T.);
#14440 = ORIENTED_EDGE('',*,*,#14170,.T.);
#14441 = ORIENTED_EDGE('',*,*,#14198,.T.);
#14442 = ORIENTED_EDGE('',*,*,#14226,.T.);
#14443 = ORIENTED_EDGE('',*,*,#14254,.T.);
#14444 = ORIENTED_EDGE('',*,*,#14283,.T.);
#14445 = ORIENTED_EDGE('',*,*,#14314,.T.);
#14446 = ORIENTED_EDGE('',*,*,#14343,.T.);
#14447 = ORIENTED_EDGE('',*,*,#14374,.T.);
#14448 = ORIENTED_EDGE('',*,*,#14402,.T.);
#14449 = ORIENTED_EDGE('',*,*,#14422,.T.);
#14450 = B_SPLINE_SURFACE_WITH_KNOTS('',1,1,(
    (#14451,#14452)
    ,(#14453,#14454
    )),.UNSPECIFIED.,.F.,.F.,.F.,(2,2),(2,2),(-1.774158110896,
    1.777604003642),(-1.984509821365,1.962626742511),
  .PIECEWISE_BEZIER_KNOTS.);
#14451 = CARTESIAN_POINT('',(-40.50167400881,11.387114537445,57.4));
#14452 = CARTESIAN_POINT('',(-44.44881057268,11.387114537445,57.4));
#14453 = CARTESIAN_POINT('',(-40.50167400881,14.938876651982,57.4));
#14454 = CARTESIAN_POINT('',(-44.44881057268,14.938876651982,57.4));
#14455 = ADVANCED_FACE('',(#14456),#14474,.F.);
#14456 = FACE_BOUND('',#14457,.T.);
#14457 = EDGE_LOOP('',(#14458,#14459,#14460,#14461,#14462,#14463,#14464,
    #14465,#14466,#14467,#14468,#14469,#14470,#14471,#14472,#14473));
#14458 = ORIENTED_EDGE('',*,*,#13980,.T.);
#14459 = ORIENTED_EDGE('',*,*,#14008,.T.);
#14460 = ORIENTED_EDGE('',*,*,#14036,.T.);
#14461 = ORIENTED_EDGE('',*,*,#14068,.T.);
#14462 = ORIENTED_EDGE('',*,*,#14096,.T.);
#14463 = ORIENTED_EDGE('',*,*,#14128,.T.);
#14464 = ORIENTED_EDGE('',*,*,#14156,.T.);
#14465 = ORIENTED_EDGE('',*,*,#14184,.T.);
#14466 = ORIENTED_EDGE('',*,*,#14212,.T.);
#14467 = ORIENTED_EDGE('',*,*,#14240,.T.);
#14468 = ORIENTED_EDGE('',*,*,#14268,.T.);
#14469 = ORIENTED_EDGE('',*,*,#14300,.T.);
#14470 = ORIENTED_EDGE('',*,*,#14328,.T.);
#14471 = ORIENTED_EDGE('',*,*,#14360,.T.);
#14472 = ORIENTED_EDGE('',*,*,#14388,.T.);
#14473 = ORIENTED_EDGE('',*,*,#14416,.T.);
#14474 = B_SPLINE_SURFACE_WITH_KNOTS('',1,1,(
    (#14475,#14476)
    ,(#14477,#14478
    )),.UNSPECIFIED.,.F.,.F.,.F.,(2,2),(2,2),(-1.774158110896,
    1.777604003642),(-1.984509821365,1.962626742511),
  .PIECEWISE_BEZIER_KNOTS.);
#14475 = CARTESIAN_POINT('',(-40.50167400881,11.387114537445,56.8));
#14476 = CARTESIAN_POINT('',(-44.44881057268,11.387114537445,56.8));
#14477 = CARTESIAN_POINT('',(-40.50167400881,14.938876651982,56.8));
#14478 = CARTESIAN_POINT('',(-44.44881057268,14.938876651982,56.8));
#14479 = ( GEOMETRIC_REPRESENTATION_CONTEXT(3) 
GLOBAL_UNCERTAINTY_ASSIGNED_CONTEXT((#14483)) 
GLOBAL_UNIT_ASSIGNED_CONTEXT((#14480,#14481,#14482)) 
REPRESENTATION_CONTEXT('Context #1',
  '3D Context with UNIT and UNCERTAINTY') );
#14480 = ( LENGTH_UNIT() NAMED_UNIT(*) SI_UNIT(.MILLI.,.METRE.) );
#14481 = ( NAMED_UNIT(*) PLANE_ANGLE_UNIT() SI_UNIT($,.RADIAN.) );
#14482 = ( NAMED_UNIT(*) SI_UNIT($,.STERADIAN.) SOLID_ANGLE_UNIT() );
#14483 = UNCERTAINTY_MEASURE_WITH_UNIT(LENGTH_MEASURE(1.E-07),#14480,
  'distance_accuracy_value','confusion accuracy');
#14484 = PRODUCT_RELATED_PRODUCT_CATEGORY('part',$,(#7));
ENDSEC;
END-ISO-10303-21;
